smiles,original_smiles,molecular_formula,num_atoms,fragment_formula
CC(=O)Nc1ccc(OCC(F)CF)cc1,CC(=O)Nc1ccc(O)cc1,C11H13F2NO2,29,C3H6F2
O=C(C[SH]1(O)=CNO1)Nc1ccc(O)cc1,CC(=O)Nc1ccc(O)cc1,C9H12N2O4S,28,CH5NO2S
CC(=O)Nc1ccc(OCN(N)N=N)cc1,CC(=O)Nc1ccc(O)cc1,C9H13N5O2,29,CH6N4
CC(=O)Nc1ccc(O)c(C2CSOCS2)c1,CC(=O)Nc1ccc(O)cc1,C11H13NO3S2,30,C3H6OS2
CC(=O)Nc1ccc(OS23=C4C=2C3C4Cl)cc1,CC(=O)Nc1ccc(O)cc1,C12H10ClNO2S,27,C4H3ClS
CC(=O)Nc1ccc(O)c(C(C)(Cl)C(Cl)Cl)c1,CC(=O)Nc1ccc(O)cc1,C11H12Cl3NO2,29,C3H5Cl3
CC(=O)Nc1ccc(O)c(C(CF)C(C)F)c1,CC(=O)Nc1ccc(O)cc1,C12H15F2NO2,32,C4H8F2
C=C(Oc1ccc(NC(C)=O)cc1)N1C=C1,CC(=O)Nc1ccc(O)cc1,C12H12N2O2,28,C4H5N
CC(=O)Nc1ccc(OC2(Cl)NC(Cl)O2)cc1,CC(=O)Nc1ccc(O)cc1,C10H10Cl2N2O3,27,C2H3Cl2NO
O=C(COOSF)Nc1ccc(O)cc1,CC(=O)Nc1ccc(O)cc1,C8H8FNO4S,23,HFO2S
CC(=O)Nc1ccc(O)cc1C(Cl)(Cl)C=O,CC(=O)Nc1ccc(O)cc1,C10H9Cl2NO3,25,C2H2Cl2O
CC(=O)Nc1ccc(O)cc1C12OSN1N2O,CC(=O)Nc1ccc(O)cc1,C9H9N3O4S,26,CH2N2O2S
CC(=O)Nc1ccc(O)cc1C(Cl)C1CC1,CC(=O)Nc1ccc(O)cc1,C12H14ClNO2,30,C4H7Cl
CC(=O)Nc1ccc(O)c(C=C(Cl)CCl)c1,CC(=O)Nc1ccc(O)cc1,C11H11Cl2NO2,27,C3H4Cl2
C=C=COc1cc(O)ccc1NC(C)=O,CC(=O)Nc1ccc(O)cc1,C11H11NO3,26,C3H4O
CC(=O)Nc1ccc(O)cc1SCOO[O-],CC(=O)Nc1ccc(O)cc1,C9H10NO5S-,26,CH3O3S-
CCSc1cc(O)ccc1NC(C)=O,CC(=O)Nc1ccc(O)cc1,C10H13NO2S,27,C2H6S
CC(=O)Nc1ccc(OC2(CO)OC2[O-])cc1,CC(=O)Nc1ccc(O)cc1,C11H12NO5-,29,C3H5O3-
CC(=O)Nc1ccc(O)c(OBCCO)c1,CC(=O)Nc1ccc(O)cc1,C10H14BNO4,30,C2H7BO2
CC(=O)Nc1ccc(OOC(=CCl)OCl)cc1,CC(=O)Nc1ccc(O)cc1,C10H9Cl2NO4,26,C2H2Cl2O2
O=C(CC1=C=[SH2]1S)Nc1ccc(O)cc1,CC(=O)Nc1ccc(O)cc1,C10H11NO2S2,26,C2H4S2
CC(=O)Nc1ccc(O)c(C(F)(F)F)c1,CC(=O)Nc1ccc(O)cc1,C9H8F3NO2,23,CHF3
CCC(Br)C(C)c1cc(O)ccc1NC(C)=O,CC(=O)Nc1ccc(O)cc1,C13H18BrNO2,35,C5H11Br
C=NC#Cc1cc(O)ccc1NC(C)=O,CC(=O)Nc1ccc(O)cc1,C11H10N2O2,25,C3H3N
CC(=O)N(c1ccc(O)cc1)c1csn2[nH]n12,CC(=O)Nc1ccc(O)cc1,C10H10N4O2S,27,C2H3N3S
CC(=O)Nc1ccc(O)c(CF)c1,CC(=O)Nc1ccc(O)cc1,C9H10FNO2,23,CH3F
N#Cn1[nH]n1CC(=O)Nc1ccc(O)cc1,CC(=O)Nc1ccc(O)cc1,C9H9N5O2,25,CH2N4
C=NNON(C(C)=O)c1ccc(O)cc1,CC(=O)Nc1ccc(O)cc1,C9H11N3O3,26,CH4N2O
O=C(Cc1ccoc1Cl)Nc1ccc(O)cc1,CC(=O)Nc1ccc(O)cc1,C12H10ClNO3,27,C4H3ClO
CCCOc1cc(NC(C)=O)ccc1O,CC(=O)Nc1ccc(O)cc1,C11H15NO3,30,C3H8O
CC(=O)Nc1ccc(O)cc1C1OC1C(Cl)Cl,CC(=O)Nc1ccc(O)cc1,C11H11Cl2NO3,28,C3H4Cl2O
CC(=O)Nc1ccc(O)c(C2(O)Cn3[nH]n32)c1,CC(=O)Nc1ccc(O)cc1,C10H12N4O3,29,C2H5N3O
C=C(F)C(F)(F)Oc1ccc(NC(C)=O)cc1,CC(=O)Nc1ccc(O)cc1,C11H10F3NO2,27,C3H3F3
O=C(CC12C=C(C1)N2O)Nc1ccc(O)cc1,CC(=O)Nc1ccc(O)cc1,C12H12N2O3,29,C4H5NO
CC(=O)Nc1ccc(O)cc1SC1OCCS1,CC(=O)Nc1ccc(O)cc1,C11H13NO3S2,30,C3H6OS2
CC(=O)Nc1ccc(O)c(N2N=N2)c1,CC(=O)Nc1ccc(O)cc1,C8H8N4O2,22,HN3
CC(=O)N(c1ccc(O)cc1)N1N2C3SN2N31,CC(=O)Nc1ccc(O)cc1,C9H9N5O2S,26,CH2N4S
C=C(c1cc(O)ccc1NC(C)=O)C(O)O[O-],CC(=O)Nc1ccc(O)cc1,C11H12NO5-,29,C3H5O3-
CCC(C)(CBr)CC(=O)Nc1ccc(O)cc1,CC(=O)Nc1ccc(O)cc1,C13H18BrNO2,35,C5H11Br
CC(=O)Nc1ccc(ON2COC2)cc1,CC(=O)Nc1ccc(O)cc1,C10H12N2O3,27,C2H5NO
CC(=O)Nc1ccc(O[SH]234C5=C2[SH2]32C5N24)cc1,CC(=O)Nc1ccc(O)cc1,C11H12N2O2S2,29,C3H5NS2
BC(OCO)N(C(C)=O)c1ccc(O)cc1,CC(=O)Nc1ccc(O)cc1,C10H14BNO4,30,C2H7BO2
CSCN(C(C)=O)c1ccc(O)cc1,CC(=O)Nc1ccc(O)cc1,C10H13NO2S,27,C2H6S
CC(=O)Nc1ccc(O)c(NC=NOC=N)c1,CC(=O)Nc1ccc(O)cc1,C10H12N4O3,29,C2H5N3O
CC(=O)Nc1ccc(O)c(C2(F)NOC2F)c1,CC(=O)Nc1ccc(O)cc1,C10H10F2N2O3,27,C2H3F2NO
CC(=O)Nc1ccc(O)c(C(Cl)C(=O)Cl)c1,CC(=O)Nc1ccc(O)cc1,C10H9Cl2NO3,25,C2H2Cl2O
CC(=O)Nc1ccc(O)c(C(F)Cl)c1,CC(=O)Nc1ccc(O)cc1,C9H9ClFNO2,23,CH2ClF
CC(=O)Nc1ccc(O)c(C(F)(CF)NF)c1,CC(=O)Nc1ccc(O)cc1,C10H11F3N2O2,28,C2H4F3N
CC(=O)Nc1ccc(O)cc1C=NC(O)(Cl)Cl,CC(=O)Nc1ccc(O)cc1,C10H10Cl2N2O3,27,C2H3Cl2NO
CC(=O)Nc1ccc(O)cc1C(C)I,CC(=O)Nc1ccc(O)cc1,C10H12INO2,26,C2H5I
O=C(CC#CI)Nc1ccc(O)cc1,CC(=O)Nc1ccc(O)cc1,C10H8INO2,22,C2HI
CC(=O)Nc1ccc(O)cc1CC=O,CC(=O)Nc1ccc(O)cc1,C10H11NO3,25,C2H4O
CC(=O)N(c1ccc(O)cc1)C1C=C2CCC21,CC(=O)Nc1ccc(O)cc1,C14H15NO2,32,C6H8
CC(=O)Nc1ccc(O)cc1C(CF)CCO,CC(=O)Nc1ccc(O)cc1,C12H16FNO3,33,C4H9FO
CC(=O)Nc1ccc(O)c(C(C)N(C)N)c1,CC(=O)Nc1ccc(O)cc1,C11H17N3O2,33,C3H10N2
CC(=O)Nc1ccc(O)cc1C1OOC1Cl,CC(=O)Nc1ccc(O)cc1,C10H10ClNO4,26,C2H3ClO2
CC(=O)Nc1ccc(O)cc1C(Cl)(Cl)OCCl,CC(=O)Nc1ccc(O)cc1,C10H10Cl3NO3,27,C2H3Cl3O
CC(=O)Nc1ccc(O)cc1C=NOO,CC(=O)Nc1ccc(O)cc1,C9H10N2O4,25,CH3NO2
CC(=O)Nc1ccc(OC(CO)C2CO2)cc1,CC(=O)Nc1ccc(O)cc1,C12H15NO4,32,C4H8O2
CC(=O)Nc1ccc(O)c(SOC(F)OF)c1,CC(=O)Nc1ccc(O)cc1,C9H9F2NO4S,26,CH2F2O2S
CC(=O)Nc1ccc(O)cc1N1C2C3=NN2C31,CC(=O)Nc1ccc(O)cc1,C11H10N4O2,27,C3H3N3
CC(=O)N(c1ccc(O)cc1)C1NCOOO1,CC(=O)Nc1ccc(O)cc1,C10H12N2O5,29,C2H5NO3
O=C(CC(O)CBr)Nc1ccc(O)cc1,CC(=O)Nc1ccc(O)cc1,C10H12BrNO3,27,C2H5BrO
CC(=O)Nc1ccc(O)c(SC(C)C)c1,CC(=O)Nc1ccc(O)cc1,C11H15NO2S,30,C3H8S
CC(=O)Nc1ccc(O)c(C(Cl)=C2N=CS2)c1,CC(=O)Nc1ccc(O)cc1,C11H9ClN2O2S,26,C3H2ClNS
O=C(COC1=CC=C1Br)Nc1ccc(O)cc1,CC(=O)Nc1ccc(O)cc1,C12H10BrNO3,27,C4H3BrO
CC(=O)Nc1ccc(O)c(C[PH2]2OCO2)c1,CC(=O)Nc1ccc(O)cc1,C10H14NO4P,30,C2H7O2P
CC(=O)N(c1ccc(O)cc1)C1CC2=NN21,CC(=O)Nc1ccc(O)cc1,C11H11N3O2,27,C3H4N2
C=COc1ccc(NC(C)=O)cc1,CC(=O)Nc1ccc(O)cc1,C10H11NO2,24,C2H4
CC(=O)Nc1ccc(O)cc1N=O,CC(=O)Nc1ccc(O)cc1,C8H8N2O3,21,HNO
CSCCC(S)c1cc(NC(C)=O)ccc1O,CC(=O)Nc1ccc(O)cc1,C12H17NO2S2,34,C4H10S2
CC(=O)Nc1ccc(O)c(P(Cl)Cl)c1,CC(=O)Nc1ccc(O)cc1,C8H8Cl2NO2P,22,HCl2P
CC(=O)N(c1ccc(O)cc1)[PH]1([O-])OOO1,CC(=O)Nc1ccc(O)cc1,C8H9NO6P-,25,H2O4P-
O=C(CC1OO1)Nc1ccc(O)cc1,CC(=O)Nc1ccc(O)cc1,C9H9NO4,23,CH2O2
CC(=O)Nc1ccc(O)c(C2(C)CCON2)c1,CC(=O)Nc1ccc(O)cc1,C12H16N2O3,33,C4H9NO
CC(=O)Nc1ccc(O)cc1[N+]#N,CC(=O)Nc1ccc(O)cc1,C8H8N3O2+,21,HN2+
CC(=O)N(c1ccc(O)cc1)C1(Cl)OO1,CC(=O)Nc1ccc(O)cc1,C9H8ClNO4,23,CHClO2
CC(=O)Nc1ccc(O)cc1C1C[PH2](CO)O1,CC(=O)Nc1ccc(O)cc1,C11H16NO4P,33,C3H9O2P
CCc1cc(NC(C)=O)ccc1O,CC(=O)Nc1ccc(O)cc1,C10H13NO2,26,C2H6
CC(=O)N(c1ccc(O)cc1)C1Nn2n3n1n23,CC(=O)Nc1ccc(O)cc1,C9H10N6O2,27,CH3N5
CC(=O)Nc1ccc(OC2(O)C3CC32O)cc1,CC(=O)Nc1ccc(O)cc1,C12H13NO4,30,C4H6O2
CC(=O)Nc1ccc(OC(N)O)cc1,CC(=O)Nc1ccc(O)cc1,C9H12N2O3,26,CH5NO
CC(=O)Nc1ccc(O)cc1C1CC2C=CC21,CC(=O)Nc1ccc(O)cc1,C14H15NO2,32,C6H8
CC(=O)Nc1ccc(O)cc1O[PH3]OC(=O)O,CC(=O)Nc1ccc(O)cc1,C9H12NO6P,29,CH5O4P
BNOC(O)CC(=O)Nc1ccc(O)cc1,CC(=O)Nc1ccc(O)cc1,C9H13BN2O4,29,CH6BNO2
CC(=O)Nc1ccc(O[SH]23=C[SH]24=[SH]3=C=C4)cc1,CC(=O)Nc1ccc(O)cc1,C11H13NO2S3,30,C3H6S3
CC(=O)N(C=S(C)(=O)O)c1ccc(O)cc1,CC(=O)Nc1ccc(O)cc1,C10H13NO4S,29,C2H6O2S
CC(=O)Nc1ccc(O[SH3]2C=CSC=N2)cc1,CC(=O)Nc1ccc(O)cc1,C11H14N2O2S2,31,C3H7NS2
CC(=O)Nc1ccc(O)c(C2=COC23CS3)c1,CC(=O)Nc1ccc(O)cc1,C12H11NO3S,28,C4H4OS
O=C(COC12SC13ON23)Nc1ccc(O)cc1,CC(=O)Nc1ccc(O)cc1,C10H8N2O4S,25,C2HNO2S
O=C(Cn1ccnc1)Nc1ccc(O)cc1,CC(=O)Nc1ccc(O)cc1,C11H11N3O2,27,C3H4N2
O=C(F)CC(=O)Nc1ccc(O)cc1,CC(=O)Nc1ccc(O)cc1,C9H8FNO3,22,CHFO
C=NNC=CCOc1ccc(NC(C)=O)cc1,CC(=O)Nc1ccc(O)cc1,C12H15N3O2,32,C4H8N2
O=C(CN1OCO1)Nc1ccc(O)cc1,CC(=O)Nc1ccc(O)cc1,C9H10N2O4,25,CH3NO2
O=C(CC1=CC1I)Nc1ccc(O)cc1,CC(=O)Nc1ccc(O)cc1,C11H10INO2,25,C3H3I
CC(=O)Nc1ccc(O)cc1C(C)(Cl)CO,CC(=O)Nc1ccc(O)cc1,C11H14ClNO3,30,C3H7ClO
O=C(CC1(Cl)OC1Cl)Nc1ccc(O)cc1,CC(=O)Nc1ccc(O)cc1,C10H9Cl2NO3,25,C2H2Cl2O
CC(=O)Nc1ccc(OC(C)SC(O)S)cc1,CC(=O)Nc1ccc(O)cc1,C11H15NO3S2,32,C3H8OS2
CC(=O)N([O-])N(C(C)=O)c1ccc(O)cc1,CC(=O)Nc1ccc(O)cc1,C10H11N2O4-,27,C2H4NO2-
CC(=O)Nc1ccc(O)c(CC2N=C[SH3]2C)c1,CC(=O)Nc1ccc(O)cc1,C12H18N2O2S,35,C4H11NS
CC(=O)N(SOO[O-])c1ccc(O)cc1,CC(=O)Nc1ccc(O)cc1,C8H8NO5S-,23,HO3S-
O=C(CC1NNN1CS)Nc1ccc(O)cc1,CC(=O)Nc1ccc(O)cc1,C10H14N4O2S,31,C2H7N3S
CC(=O)Nc1ccc(OCC(Cl)C[SiH2]Cl)cc1,CC(=O)Nc1ccc(O)cc1,C11H15Cl2NO2Si,32,C3H8Cl2Si
CC(=O)Nc1ccc(O)cc1OC=COCl,CC(=O)Nc1ccc(O)cc1,C10H10ClNO4,26,C2H3ClO2
CC(=O)N(OC1=C([O-])O1)c1ccc(O)cc1,CC(=O)Nc1ccc(O)cc1,C10H8NO5-,24,C2HO3-
CC(=O)Nc1ccc(O)cc1C(Cl)CCCl,CC(=O)Nc1ccc(O)cc1,C11H13Cl2NO2,29,C3H6Cl2
CC(=O)Nc1ccc(O)cc1C=CC1=CO1,CC(=O)Nc1ccc(O)cc1,C12H11NO3,27,C4H4O
CC(=O)Nc1ccc(OC2CSC2)cc1,CC(=O)Nc1ccc(O)cc1,C11H13NO2S,28,C3H6S
CN(C=NC=N)CC(=O)Nc1ccc(O)cc1,CC(=O)Nc1ccc(O)cc1,C11H14N4O2,31,C3H7N3
CC(=O)Nc1ccc(OC(Cl)CCl)cc1,CC(=O)Nc1ccc(O)cc1,C10H11Cl2NO2,26,C2H4Cl2
CC(=O)N(c1ccc(O)cc1)C(Cl)C(Cl)Cl,CC(=O)Nc1ccc(O)cc1,C10H10Cl3NO2,26,C2H3Cl3
CC(=O)Nc1ccc(O)cc1C1NC(O)C1[O-],CC(=O)Nc1ccc(O)cc1,C11H13N2O4-,30,C3H6NO2-
CC(=O)Nc1ccc(OC(C)(O)Cl)cc1,CC(=O)Nc1ccc(O)cc1,C10H12ClNO3,27,C2H5ClO
CCCSc1cc(NC(C)=O)ccc1O,CC(=O)Nc1ccc(O)cc1,C11H15NO2S,30,C3H8S
O=C(CC12CC1C[SH3]2O)Nc1ccc(O)cc1,CC(=O)Nc1ccc(O)cc1,C12H17NO3S,34,C4H10OS
CC(=O)Nc1ccc(O)cc1C(S)OSO,CC(=O)Nc1ccc(O)cc1,C9H11NO4S2,27,CH4O2S2
CC(=O)Nc1ccc(ON(C=O)CBr)cc1,CC(=O)Nc1ccc(O)cc1,C10H11BrN2O3,27,C2H4BrNO
O=C(Cc1ncon1)Nc1ccc(O)cc1,CC(=O)Nc1ccc(O)cc1,C10H9N3O3,25,C2H2N2O
O=C(CC1CO1)Nc1ccc(O)cc1,CC(=O)Nc1ccc(O)cc1,C10H11NO3,25,C2H4O
CC(=O)Nc1ccc(O)c(Cc2cncs2)c1,CC(=O)Nc1ccc(O)cc1,C12H12N2O2S,29,C4H5NS
CC(=O)Nc1ccc(O)c(C(Cl)=CCl)c1,CC(=O)Nc1ccc(O)cc1,C10H9Cl2NO2,24,C2H2Cl2
CC(=O)Nc1ccc(O)cc1OO[PH](=O)[O-],CC(=O)Nc1ccc(O)cc1,C8H9NO6P-,25,H2O4P-
CC(=O)Nc1ccc(O)c([NH+]2CNN2)c1,CC(=O)Nc1ccc(O)cc1,C9H13N4O2+,28,CH6N3+
CC(=O)Nc1ccc(O)cc1C(N)C1OC1F,CC(=O)Nc1ccc(O)cc1,C11H13FN2O3,30,C3H6FNO
CC(=O)Nc1ccc(O)c(C2(Cl)OO2)c1,CC(=O)Nc1ccc(O)cc1,C9H8ClNO4,23,CHClO2
CC(=O)Nc1ccc(O[SH3](C)CC2=CS2)cc1,CC(=O)Nc1ccc(O)cc1,C12H17NO2S2,34,C4H10S2
CC(=O)N(c1ccc(O)cc1)C(N)C(S)N=O,CC(=O)Nc1ccc(O)cc1,C10H13N3O3S,30,C2H6N2OS
C=C(CC(=O)Nc1ccc(O)cc1)NC,CC(=O)Nc1ccc(O)cc1,C11H14N2O2,29,C3H7N
CC(O)NCC(=O)Nc1ccc(O)cc1,CC(=O)Nc1ccc(O)cc1,C10H14N2O3,29,C2H7NO
CC(=O)Nc1ccc(O)cc1NN,CC(=O)Nc1ccc(O)cc1,C8H11N3O2,24,H4N2
O=C(CC1(F)COCO1)Nc1ccc(O)cc1,CC(=O)Nc1ccc(O)cc1,C11H12FNO4,29,C3H5FO2
CC(=O)N(c1ccc(O)cc1)C(F)C=O,CC(=O)Nc1ccc(O)cc1,C10H10FNO3,25,C2H3FO
O=C(CSC1CS1)Nc1ccc(O)cc1,CC(=O)Nc1ccc(O)cc1,C10H11NO2S2,26,C2H4S2
C=NSC=CSCC(=O)Nc1ccc(O)cc1,CC(=O)Nc1ccc(O)cc1,C11H12N2O2S2,29,C3H5NS2
C=CNN(O)N(C(C)=O)c1ccc(O)cc1,CC(=O)Nc1ccc(O)cc1,C10H13N3O3,29,C2H6N2O
O=CC(Cl)CC(=O)Nc1ccc(O)cc1,CC(=O)Nc1ccc(O)cc1,C10H10ClNO3,25,C2H3ClO
CC(=O)Nc1ccc(O)cc1C1([O-])OC1=O,CC(=O)Nc1ccc(O)cc1,C10H8NO5-,24,C2HO3-
CC(=O)N(c1ccc(O)cc1)C(S)CO,CC(=O)Nc1ccc(O)cc1,C10H13NO3S,28,C2H6OS
CC(=O)Nc1ccc(O)cc1C12C=C(O1)O2,CC(=O)Nc1ccc(O)cc1,C11H9NO4,25,C3H2O2
CC(=O)Nc1ccc(O)cc1CC(O)C(C)O,CC(=O)Nc1ccc(O)cc1,C12H17NO4,34,C4H10O2
CC(=O)N(C(=O)[O-])c1ccc(O)cc1,CC(=O)Nc1ccc(O)cc1,C9H8NO4-,22,CHO2-
CC(=O)Nc1ccc(O)c(OC(C)Br)c1,CC(=O)Nc1ccc(O)cc1,C10H12BrNO3,27,C2H5BrO
CC(=O)Nc1ccc(OC(=O)[O-])cc1,CC(=O)Nc1ccc(O)cc1,C9H8NO4-,22,CHO2-
CCC[NH2+]Cc1cc(NC(C)=O)ccc1O,CC(=O)Nc1ccc(O)cc1,C12H19N2O2+,35,C4H12N+
CC(=O)Nc1ccc(O)c(CCC(F)F)c1,CC(=O)Nc1ccc(O)cc1,C11H13F2NO2,29,C3H6F2
CC(=O)Nc1ccc(O)c(CC=O)c1,CC(=O)Nc1ccc(O)cc1,C10H11NO3,25,C2H4O
CC(=O)Nc1ccc(OC(C)(O)Br)cc1,CC(=O)Nc1ccc(O)cc1,C10H12BrNO3,27,C2H5BrO
CC(=O)Nc1ccc(OPOOO)cc1,CC(=O)Nc1ccc(O)cc1,C8H10NO5P,25,H3O3P
CSOc1ccc(NC(C)=O)cc1,CC(=O)Nc1ccc(O)cc1,C9H11NO2S,24,CH4S
CC(=O)Nc1ccc(O)cc1N1C2C(Br)C21O,CC(=O)Nc1ccc(O)cc1,C11H11BrN2O3,28,C3H4BrNO
C#CCSN(O)c1cc(NC(C)=O)ccc1O,CC(=O)Nc1ccc(O)cc1,C11H12N2O3S,29,C3H5NOS
CC(=O)Nc1ccc(OC=N)cc1,CC(=O)Nc1ccc(O)cc1,C9H10N2O2,23,CH3N
O=C(COSOO[Na])Nc1ccc(O)cc1,CC(=O)Nc1ccc(O)cc1,C8H8NNaO5S,24,HNaO3S
CC(=O)Nc1ccc(O)c(C2C3SC24OC34)c1,CC(=O)Nc1ccc(O)cc1,C12H11NO3S,28,C4H4OS
C=C(OC)c1cc(O)ccc1NC(C)=O,CC(=O)Nc1ccc(O)cc1,C11H13NO3,28,C3H6O
O=C(CPOCO)Nc1ccc(O)cc1,CC(=O)Nc1ccc(O)cc1,C9H12NO4P,27,CH5O2P
CC(=O)Nc1ccc(O)cc1C([O-])[PH](=O)O[O-],CC(=O)Nc1ccc(O)cc1,C9H10NO6P-2,27,CH3O4P-2
CC(=O)N(CF)c1ccc(O)cc1,CC(=O)Nc1ccc(O)cc1,C9H10FNO2,23,CH3F
CC(=O)N(c1ccc(O)cc1)C(N)[NH+]=N,CC(=O)Nc1ccc(O)cc1,C9H13N4O2+,28,CH6N3+
COC(C)(Cl)Nc1cc(NC(C)=O)ccc1O,CC(=O)Nc1ccc(O)cc1,C11H15ClN2O3,32,C3H8ClNO
C=COc1ccc(NC(C)=O)cc1,CC(=O)Nc1ccc(O)cc1,C10H11NO2,24,C2H4
C=C(O)N1C=C1Oc1ccc(NC(C)=O)cc1,CC(=O)Nc1ccc(O)cc1,C12H12N2O3,29,C4H5NO
CC(=O)Nc1ccc(ON2N=N2)cc1,CC(=O)Nc1ccc(O)cc1,C8H8N4O2,22,HN3
CC(=O)Nc1ccc(O)c(C2CC3OC3C2)c1,CC(=O)Nc1ccc(O)cc1,C13H15NO3,32,C5H8O
CC(=O)Nc1ccc(O)c(C2([O-])CO2)c1,CC(=O)Nc1ccc(O)cc1,C10H10NO4-,25,C2H3O2-
CC(=O)N(CCI)c1ccc(O)cc1,CC(=O)Nc1ccc(O)cc1,C10H12INO2,26,C2H5I
CC(=O)N(c1ccc(O)cc1)C1N2CC12N,CC(=O)Nc1ccc(O)cc1,C11H13N3O2,29,C3H6N2
CC(=O)N(c1ccc(O)cc1)C1C#CO1,CC(=O)Nc1ccc(O)cc1,C11H9NO3,24,C3H2O
CC(=O)Nc1ccc(O)cc1C1=CCO1,CC(=O)Nc1ccc(O)cc1,C11H11NO3,26,C3H4O
CC(=O)Nc1ccc(OC2=C3CC3(Br)O2)cc1,CC(=O)Nc1ccc(O)cc1,C12H10BrNO3,27,C4H3BrO
CC(=O)Nc1ccc(O)c(N2NC3C4SC342)c1,CC(=O)Nc1ccc(O)cc1,C11H11N3O2S,28,C3H4N2S
CC(=O)Nc1ccc(OB(O)O)cc1,CC(=O)Nc1ccc(O)cc1,C8H10BNO4,24,H3BO2
BOOc1cc(NC(C)=O)ccc1O,CC(=O)Nc1ccc(O)cc1,C8H10BNO4,24,H3BO2
O=C(CC12CC3OC1N32)Nc1ccc(O)cc1,CC(=O)Nc1ccc(O)cc1,C12H12N2O3,29,C4H5NO
CC(=O)Nc1ccc(O)c(N2C(Cl)C2(O)Cl)c1,CC(=O)Nc1ccc(O)cc1,C10H10Cl2N2O3,27,C2H3Cl2NO
CC(=O)N(C1=N[SH]12=C=C2F)c1ccc(O)cc1,CC(=O)Nc1ccc(O)cc1,C11H9FN2O2S,26,C3H2FNS
CC(Cl)(Cl)CC(=O)Nc1ccc(O)cc1,CC(=O)Nc1ccc(O)cc1,C10H11Cl2NO2,26,C2H4Cl2
CC(=O)N(c1ccc(O)cc1)[PH2]1OC=COO1,CC(=O)Nc1ccc(O)cc1,C10H12NO5P,29,C2H5O3P
CC(=O)Nc1ccc(O)cc1SNCCC=N,CC(=O)Nc1ccc(O)cc1,C11H15N3O2S,32,C3H8N2S
CC(=O)Nc1ccc(OC2n3n(C=N)n32)cc1,CC(=O)Nc1ccc(O)cc1,C10H11N5O2,28,C2H4N4
CCC(Br)Cc1cc(O)ccc1NC(C)=O,CC(=O)Nc1ccc(O)cc1,C12H16BrNO2,32,C4H9Br
CCN=Cc1cc(NC(C)=O)ccc1O,CC(=O)Nc1ccc(O)cc1,C11H14N2O2,29,C3H7N
CC(=O)N(c1ccc(O)cc1)C1C2OC13ON23,CC(=O)Nc1ccc(O)cc1,C11H10N2O4,27,C3H3NO2
CC(=O)Nc1ccc(O)cc1C(F)SF,CC(=O)Nc1ccc(O)cc1,C9H9F2NO2S,24,CH2F2S
CC(=O)Nc1ccc(O)cc1C(N)C1N=N1,CC(=O)Nc1ccc(O)cc1,C10H12N4O2,28,C2H5N3
CC(=O)Nc1ccc(O)c(CCCCCl)c1,CC(=O)Nc1ccc(O)cc1,C12H16ClNO2,32,C4H9Cl
CCNC(=O)c1cc(O)ccc1NC(C)=O,CC(=O)Nc1ccc(O)cc1,C11H14N2O3,30,C3H7NO
CC(=O)Nc1ccc(O)cc1N=O,CC(=O)Nc1ccc(O)cc1,C8H8N2O3,21,HNO
CC(=O)Nc1ccc(O)c(O[Na])c1,CC(=O)Nc1ccc(O)cc1,C8H8NNaO3,21,HNaO
CC(=O)Nc1ccc(O)cc1OC(C)O,CC(=O)Nc1ccc(O)cc1,C10H13NO4,28,C2H6O2
CC(=O)Nc1ccc(O)c(OCN)c1,CC(=O)Nc1ccc(O)cc1,C9H12N2O3,26,CH5NO
CC(=O)Nc1ccc(O)c(C2=C(O)C2[O-])c1,CC(=O)Nc1ccc(O)cc1,C11H10NO4-,26,C3H3O2-
CC(=O)Nc1ccc(O[NH+]2CN2)cc1,CC(=O)Nc1ccc(O)cc1,C9H12N3O2+,26,CH5N2+
CC(=O)Nc1ccc(O)cc1-n1oo1,CC(=O)Nc1ccc(O)cc1,C8H8N2O4,22,HNO2
CCC(C)Oc1ccc(NC(C)=O)cc1,CC(=O)Nc1ccc(O)cc1,C12H17NO2,32,C4H10
CN(CN)CC(=O)Nc1ccc(O)cc1,CC(=O)Nc1ccc(O)cc1,C10H15N3O2,30,C2H8N2
CC(=O)N(c1ccc(O)cc1)C(F)(F)OC=N,CC(=O)Nc1ccc(O)cc1,C10H10F2N2O3,27,C2H3F2NO
CC(=O)Nc1ccc(O)c(COC=CBr)c1,CC(=O)Nc1ccc(O)cc1,C11H12BrNO3,28,C3H5BrO
O=C1COO[PH2](C(O)O)Oc2ccc(cc2)N1,CC(=O)Nc1ccc(O)cc1,C9H12NO6P,29,CH5O4P
O=C(CC1=[SH2]2CN12)Nc1ccc(O)cc1,CC(=O)Nc1ccc(O)cc1,C10H12N2O2S,27,C2H5NS
CC(=O)N(c1ccc(O)cc1)C(C)[Si](C)(Cl)Cl,CC(=O)Nc1ccc(O)cc1,C11H15Cl2NO2Si,32,C3H8Cl2Si
CCC(c1cc(NC(C)=O)ccc1O)C(C)Cl,CC(=O)Nc1ccc(O)cc1,C13H18ClNO2,35,C5H11Cl
CC(=O)Nc1ccc(OCC(F)(F)F)cc1,CC(=O)Nc1ccc(O)cc1,C10H10F3NO2,26,C2H3F3
CC(=O)Nc1ccc(O[SH3]2C=NCCO2)cc1,CC(=O)Nc1ccc(O)cc1,C11H16N2O3S,33,C3H9NOS
CC(=O)Nc1ccc(OC(CF)C(C)F)cc1,CC(=O)Nc1ccc(O)cc1,C12H15F2NO2,32,C4H8F2
CC(=O)Nc1ccc(O)cc1O[PH](=O)O[O-],CC(=O)Nc1ccc(O)cc1,C8H9NO6P-,25,H2O4P-
CC(=O)Nc1ccc(OC2(Cl)ONC2Cl)cc1,CC(=O)Nc1ccc(O)cc1,C10H10Cl2N2O3,27,C2H3Cl2NO
CC(=O)Nc1ccc(O)cc1C1SC23C#[SH]2C13,CC(=O)Nc1ccc(O)cc1,C12H11NO2S2,28,C4H4S2
CC(=O)Nc1ccc(Oc2con3on23)cc1,CC(=O)Nc1ccc(O)cc1,C10H9N3O4,26,C2H2N2O2
O=C(CC1COC1)Nc1ccc(O)cc1,CC(=O)Nc1ccc(O)cc1,C11H13NO3,28,C3H6O
CC(=O)Nc1ccc(O)c(N2CC(Br)CO2)c1,CC(=O)Nc1ccc(O)cc1,C11H13BrN2O3,30,C3H6BrNO
CC(=O)N(CN1C=NCC1)c1ccc(O)cc1,CC(=O)Nc1ccc(O)cc1,C12H15N3O2,32,C4H8N2
O=C(CC1C(O)OC1Cl)Nc1ccc(O)cc1,CC(=O)Nc1ccc(O)cc1,C11H12ClNO4,29,C3H5ClO2
C#P(OOOO)c1cc(NC(C)=O)ccc1O,CC(=O)Nc1ccc(O)cc1,C9H10NO6P,27,CH3O4P
C=CN(O)NCCC(=O)Nc1ccc(O)cc1,CC(=O)Nc1ccc(O)cc1,C11H15N3O3,32,C3H8N2O
CC(=O)Nc1ccc(O)c(C2(C)OC2(N)F)c1,CC(=O)Nc1ccc(O)cc1,C11H13FN2O3,30,C3H6FNO
CC(=O)Nc1ccc(O)c(C2OC(=N)N2C)c1,CC(=O)Nc1ccc(O)cc1,C11H13N3O3,30,C3H6N2O
CC(=O)Nc1ccc(O)cc1[SH]123C#[SH]1C2C3,CC(=O)Nc1ccc(O)cc1,C11H13NO2S2,29,C3H6S2
CC(=O)N(c1ccc(O)cc1)[SH]12=C=C1COC2,CC(=O)Nc1ccc(O)cc1,C12H13NO3S,30,C4H6OS
CC(=O)Nc1ccc(O)c(OO)c1,CC(=O)Nc1ccc(O)cc1,C8H9NO4,22,H2O2
CC(=O)Nc1ccc(O)c(OCO[PH](=O)O)c1,CC(=O)Nc1ccc(O)cc1,C9H12NO6P,29,CH5O4P
CC(=O)N(c1ccc(O)cc1)C1(C(C)N)C=[SH3]1,CC(=O)Nc1ccc(O)cc1,C12H18N2O2S,35,C4H11NS
CC(=O)Nc1ccc(O)cc1C(C)(C)CF,CC(=O)Nc1ccc(O)cc1,C12H16FNO2,32,C4H9F
CC(=O)Nc1ccc(O)cc1C12ON1N2C=N,CC(=O)Nc1ccc(O)cc1,C10H10N4O3,27,C2H3N3O
C=CSC(=N)N(C(C)=O)c1ccc(O)cc1,CC(=O)Nc1ccc(O)cc1,C11H12N2O2S,28,C3H5NS
CC(=O)Nc1ccc(O)cc1[PH]1(O)OCN1C,CC(=O)Nc1ccc(O)cc1,C10H15N2O4P,32,C2H8NO2P
CC(=O)Nc1ccc(O[SH3]2OC(=N)O2)cc1,CC(=O)Nc1ccc(O)cc1,C9H12N2O4S,28,CH5NO2S
CC(=O)N(c1ccc(O)cc1)[PH2](O)NC1OO1,CC(=O)Nc1ccc(O)cc1,C9H13N2O5P,30,CH6NO3P
CC(=O)Nc1ccc(OC(Cl)=CCl)cc1,CC(=O)Nc1ccc(O)cc1,C10H9Cl2NO2,24,C2H2Cl2
CC(=O)Nc1ccc(O)c(NC#N)c1,CC(=O)Nc1ccc(O)cc1,C9H9N3O2,23,CH2N2
CC(=O)Nc1ccc(O)cc1C1OCOC1F,CC(=O)Nc1ccc(O)cc1,C11H12FNO4,29,C3H5FO2
CC(=O)Nc1ccc(O)cc1C(F)F,CC(=O)Nc1ccc(O)cc1,C9H9F2NO2,23,CH2F2
CC(=O)Nc1ccc(O)c(SCNC(C)C)c1,CC(=O)Nc1ccc(O)cc1,C12H18N2O2S,35,C4H11NS
C=CN1C=NC1N(C(C)=O)c1ccc(O)cc1,CC(=O)Nc1ccc(O)cc1,C12H13N3O2,30,C4H6N2
CC(=O)Nc1ccc(O)cc1OOOS,CC(=O)Nc1ccc(O)cc1,C8H9NO5S,24,H2O3S
O=C(CC(Cl)OSCO)Nc1ccc(O)cc1,CC(=O)Nc1ccc(O)cc1,C10H12ClNO4S,29,C2H5ClO2S
CC(=O)Nc1ccc(O)c(C=C2SC=CS2)c1,CC(=O)Nc1ccc(O)cc1,C12H11NO2S2,28,C4H4S2
CC(F)C(N)CC(=O)Nc1ccc(O)cc1,CC(=O)Nc1ccc(O)cc1,C11H15FN2O2,31,C3H8FN
N#CNNCC(=O)Nc1ccc(O)cc1,CC(=O)Nc1ccc(O)cc1,C9H10N4O2,25,CH3N3
CC(=O)Nc1ccc(O)cc1CC1=NCN1C,CC(=O)Nc1ccc(O)cc1,C12H15N3O2,32,C4H8N2
CC(=O)Nc1ccc(O)c(C(F)(F)C(O)F)c1,CC(=O)Nc1ccc(O)cc1,C10H10F3NO3,27,C2H3F3O
CC(=O)Nc1ccc(O)cc1OCNNSO,CC(=O)Nc1ccc(O)cc1,C9H13N3O4S,30,CH6N2O2S
CC[SiH2]COc1cc(NC(C)=O)ccc1O,CC(=O)Nc1ccc(O)cc1,C11H17NO3Si,33,C3H10OSi
CC(=O)Nc1ccc(ONN=C(O)O)cc1,CC(=O)Nc1ccc(O)cc1,C9H11N3O4,27,CH4N2O2
CC(=O)Nc1ccc(O[PH2]2OCC23OO3)cc1,CC(=O)Nc1ccc(O)cc1,C10H12NO5P,29,C2H5O3P
CC[SiH2]C(Cl)CC(=O)Nc1ccc(O)cc1,CC(=O)Nc1ccc(O)cc1,C11H16ClNO2Si,32,C3H9ClSi
CC(F)CC(N)CC(=O)Nc1ccc(O)cc1,CC(=O)Nc1ccc(O)cc1,C12H17FN2O2,34,C4H10FN
C=[SH]1=C=C1C(N)CC(=O)Nc1ccc(O)cc1,CC(=O)Nc1ccc(O)cc1,C12H14N2O2S,31,C4H7NS
O=C(CC(Cl)Cl)Nc1ccc(O)cc1,CC(=O)Nc1ccc(O)cc1,C9H9Cl2NO2,23,CH2Cl2
CC(=O)Nc1ccc(O)cc1C1C=C2CC2O1,CC(=O)Nc1ccc(O)cc1,C13H13NO3,30,C5H6O
C=CN=C=C[SH4]Oc1ccc(NC(C)=O)cc1,CC(=O)Nc1ccc(O)cc1,C12H16N2O2S,33,C4H9NS
CC(=O)Nc1ccc(OC2NN3CN2N3)cc1,CC(=O)Nc1ccc(O)cc1,C10H13N5O2,30,C2H6N4
CC(=O)Nc1ccc(O[PH3]OC(O)=NO)cc1,CC(=O)Nc1ccc(O)cc1,C9H13N2O5P,30,CH6NO3P
CC(=O)Nc1ccc(OC2(CBr)CO2)cc1,CC(=O)Nc1ccc(O)cc1,C11H12BrNO3,28,C3H5BrO
CC(=O)Nc1ccc(O)cc1C(F)=CF,CC(=O)Nc1ccc(O)cc1,C10H9F2NO2,24,C2H2F2
C=C(C(Cl)OC)N(C(C)=O)c1ccc(O)cc1,CC(=O)Nc1ccc(O)cc1,C12H14ClNO3,31,C4H7ClO
CC(=O)Nc1ccc(OCCCCl)cc1,CC(=O)Nc1ccc(O)cc1,C11H14ClNO2,29,C3H7Cl
CC(=O)Nc1ccc(OP(=O)([O-])[O-])cc1,CC(=O)Nc1ccc(O)cc1,C8H8NO5P-2,23,HO3P-2
C=NC(C)Oc1cc(NC(C)=O)ccc1O,CC(=O)Nc1ccc(O)cc1,C11H14N2O3,30,C3H7NO
CC(=O)N(C1=[SH3]C=C1C)c1ccc(O)cc1,CC(=O)Nc1ccc(O)cc1,C12H15NO2S,31,C4H8S
C=NCC(=O)Nc1ccc(O)cc1,CC(=O)Nc1ccc(O)cc1,C9H10N2O2,23,CH3N
CC(=O)Nc1ccc(O)cc1OCn1[nH][nH]1,CC(=O)Nc1ccc(O)cc1,C9H12N4O3,28,CH5N3O
O=C(CSC(F)F)Nc1ccc(O)cc1,CC(=O)Nc1ccc(O)cc1,C9H9F2NO2S,24,CH2F2S
CCC1(N(C(C)=O)c2ccc(O)cc2)C=CC1,CC(=O)Nc1ccc(O)cc1,C14H17NO2,34,C6H10
CC(=O)N(c1ccc(O)cc1)C([O-])C(N)=O,CC(=O)Nc1ccc(O)cc1,C10H11N2O4-,27,C2H4NO2-
CON(C(C)=O)c1ccc(O)cc1,CC(=O)Nc1ccc(O)cc1,C9H11NO3,24,CH4O
CCN(C)Cc1cc(NC(C)=O)ccc1O,CC(=O)Nc1ccc(O)cc1,C12H18N2O2,34,C4H11N
CC(=O)Nc1ccc(O)cc1NOOOS,CC(=O)Nc1ccc(O)cc1,C8H10N2O5S,26,H3NO3S
CC(=O)N(C(=O)CCC[O-])c1ccc(O)cc1,CC(=O)Nc1ccc(O)cc1,C12H14NO4-,31,C4H7O2-
CC(=O)Nc1ccc(O)c(CONC(C)O)c1,CC(=O)Nc1ccc(O)cc1,C11H16N2O4,33,C3H9NO2
CC(=O)Nc1ccc(O)cc1SN=NC=N,CC(=O)Nc1ccc(O)cc1,C9H10N4O2S,26,CH3N3S
CC(=O)N(c1ccc(O)cc1)C1OCN1CF,CC(=O)Nc1ccc(O)cc1,C11H13FN2O3,30,C3H6FNO
CC(=O)Nc1ccc(OC([SiH3])CCCCl)cc1,CC(=O)Nc1ccc(O)cc1,C12H18ClNO2Si,35,C4H11ClSi
CC(=O)Nc1ccc(O)cc1P([O-])(O)=C([O-])O,CC(=O)Nc1ccc(O)cc1,C9H10NO6P-2,27,CH3O4P-2
CC(=O)Nc1ccc(O)cc1C(F)=CC(F)F,CC(=O)Nc1ccc(O)cc1,C11H10F3NO2,27,C3H3F3
CC(=O)Nc1ccc(O)cc1C1C2=[SH2]1N2,CC(=O)Nc1ccc(O)cc1,C10H12N2O2S,27,C2H5NS
CC(=O)N(CN)c1ccc(O)cc1,CC(=O)Nc1ccc(O)cc1,C9H12N2O2,25,CH5N
CC(=O)Nc1ccc(O)cc1Sc1n[nH][nH]1,CC(=O)Nc1ccc(O)cc1,C9H10N4O2S,26,CH3N3S
CONOc1ccc(NC(C)=O)cc1,CC(=O)Nc1ccc(O)cc1,C9H12N2O3,26,CH5NO
C=CSCc1cc(O)ccc1NC(C)=O,CC(=O)Nc1ccc(O)cc1,C11H13NO2S,28,C3H6S
CC(=O)Nc1ccc(OC2COC(C)O2)cc1,CC(=O)Nc1ccc(O)cc1,C12H15NO4,32,C4H8O2
CC(=O)Nc1ccc(O)c(N(C)C(O)=CBr)c1,CC(=O)Nc1ccc(O)cc1,C11H13BrN2O3,30,C3H6BrNO
CC(=O)Nc1ccc(O)cc1[SH]12=CN1S2,CC(=O)Nc1ccc(O)cc1,C9H10N2O2S2,25,CH3NS2
CC(=O)N(C(=N)C(O)(Cl)Cl)c1ccc(O)cc1,CC(=O)Nc1ccc(O)cc1,C10H10Cl2N2O3,27,C2H3Cl2NO
CC(=O)Nc1ccc(O)cc1C=C(C)C(N)F,CC(=O)Nc1ccc(O)cc1,C12H15FN2O2,32,C4H8FN
CC(=O)Nc1ccc(O)cc1PC([O-])OO[O-],CC(=O)Nc1ccc(O)cc1,C9H10NO6P-2,27,CH3O4P-2
C=CSc1cc(O)ccc1NC(C)=O,CC(=O)Nc1ccc(O)cc1,C10H11NO2S,25,C2H4S
CC(=O)Nc1ccc(O)c(C2CSC2)c1,CC(=O)Nc1ccc(O)cc1,C11H13NO2S,28,C3H6S
CC(=O)N(c1ccc(O)cc1)C12C3=C1C32C,CC(=O)Nc1ccc(O)cc1,C13H11NO2,27,C5H4
CC(=O)Nc1ccc(OC(Cl)(Cl)C(=O)O)cc1,CC(=O)Nc1ccc(O)cc1,C10H9Cl2NO4,26,C2H2Cl2O2
O=C(F)CCC(=O)Nc1ccc(O)cc1,CC(=O)Nc1ccc(O)cc1,C10H10FNO3,25,C2H3FO
CC(=O)Nc1ccc(O)cc1C(=CCCl)OCl,CC(=O)Nc1ccc(O)cc1,C11H11Cl2NO3,28,C3H4Cl2O
CC(=O)Nc1ccc(O)c(OC(C)C)c1,CC(=O)Nc1ccc(O)cc1,C11H15NO3,30,C3H8O
CC(=O)Nc1ccc(OC23C=C4N2N43)cc1,CC(=O)Nc1ccc(O)cc1,C11H9N3O2,25,C3H2N2
CC(=O)Nc1ccc(O)cc1CCN,CC(=O)Nc1ccc(O)cc1,C10H14N2O2,28,C2H7N
CC(=O)N(C1=COC(O)O1)c1ccc(O)cc1,CC(=O)Nc1ccc(O)cc1,C11H11NO5,28,C3H4O3
CC(=O)Nc1ccc(O)cc1C[PH2]1OOOS1,CC(=O)Nc1ccc(O)cc1,C9H12NO5PS,29,CH5O3PS
CC(=O)Nc1ccc(O)cc1C(C)C(F)F,CC(=O)Nc1ccc(O)cc1,C11H13F2NO2,29,C3H6F2
CC(=O)Nc1ccc(O)c(CCCBr)c1,CC(=O)Nc1ccc(O)cc1,C11H14BrNO2,29,C3H7Br
CC(=O)Nc1ccc(OOSOO[Na])cc1,CC(=O)Nc1ccc(O)cc1,C8H8NNaO5S,24,HNaO3S
C=C(CC(=O)Nc1ccc(O)cc1)N=N,CC(=O)Nc1ccc(O)cc1,C10H11N3O2,26,C2H4N2
C=CNCC(=O)Nc1ccc(O)cc1,CC(=O)Nc1ccc(O)cc1,C10H12N2O2,26,C2H5N
CC(=O)N(c1ccc(O)cc1)C1C=NC2=CC21,CC(=O)Nc1ccc(O)cc1,C13H12N2O2,29,C5H5N
CC(=O)N(Nc1nnsn1)c1ccc(O)cc1,CC(=O)Nc1ccc(O)cc1,C9H9N5O2S,26,CH2N4S
CCCCOc1cc(NC(C)=O)ccc1O,CC(=O)Nc1ccc(O)cc1,C12H17NO3,33,C4H10O
O=C(CCC(O)CF)Nc1ccc(O)cc1,CC(=O)Nc1ccc(O)cc1,C11H14FNO3,30,C3H7FO
CC(=O)N(CBr)c1ccc(O)cc1,CC(=O)Nc1ccc(O)cc1,C9H10BrNO2,23,CH3Br
C=CC(C)NOc1cc(O)ccc1NC(C)=O,CC(=O)Nc1ccc(O)cc1,C12H16N2O3,33,C4H9NO
CCC([SiH3])(CO)Oc1ccc(NC(C)=O)cc1,CC(=O)Nc1ccc(O)cc1,C12H19NO3Si,36,C4H12OSi
CC(=O)Nc1ccc(O)cc1C(F)(F)F,CC(=O)Nc1ccc(O)cc1,C9H8F3NO2,23,CHF3
C[NH2+]CCC(=O)Nc1ccc(O)cc1,CC(=O)Nc1ccc(O)cc1,C10H15N2O2+,29,C2H8N+
CC(=O)Nc1ccc(O)cc1CC(C)N,CC(=O)Nc1ccc(O)cc1,C11H16N2O2,31,C3H9N
O=C(CC12C3C1[SH2]32S)Nc1ccc(O)cc1,CC(=O)Nc1ccc(O)cc1,C11H13NO2S2,29,C3H6S2
C=CC(=C)c1cc(NC(C)=O)ccc1O,CC(=O)Nc1ccc(O)cc1,C12H13NO2,28,C4H6
O=C(CC(F)CC(O)F)Nc1ccc(O)cc1,CC(=O)Nc1ccc(O)cc1,C11H13F2NO3,30,C3H6F2O
N=CON(O)CC(=O)Nc1ccc(O)cc1,CC(=O)Nc1ccc(O)cc1,C9H11N3O4,27,CH4N2O2
CC(=O)Nc1ccc(OCNC(F)F)cc1,CC(=O)Nc1ccc(O)cc1,C10H12F2N2O2,28,C2H5F2N
CC(=O)N(CN(S)C=S)c1ccc(O)cc1,CC(=O)Nc1ccc(O)cc1,C10H12N2O2S2,28,C2H5NS2
CC(=O)N(c1ccc(O)cc1)C(Br)OC=O,CC(=O)Nc1ccc(O)cc1,C10H10BrNO4,26,C2H3BrO2
CC(=O)Nc1ccc(OC(C)C[SiH3])cc1,CC(=O)Nc1ccc(O)cc1,C11H17NO2Si,32,C3H10Si
CC(=O)Nc1ccc(O)cc1C1CO1,CC(=O)Nc1ccc(O)cc1,C10H11NO3,25,C2H4O
CC[NH2+]COc1ccc(NC(C)=O)cc1,CC(=O)Nc1ccc(O)cc1,C11H17N2O2+,32,C3H10N+
CC(=O)N(CCCCF)c1ccc(O)cc1,CC(=O)Nc1ccc(O)cc1,C12H16FNO2,32,C4H9F
O=C(CC12SC34C[SH2]13N24)Nc1ccc(O)cc1,CC(=O)Nc1ccc(O)cc1,C11H12N2O2S2,29,C3H5NS2
CC(=O)N(c1ccc(O)cc1)C(F)(F)SF,CC(=O)Nc1ccc(O)cc1,C9H8F3NO2S,24,CHF3S
CC(=O)N(c1ccc(O)cc1)C(F)CF,CC(=O)Nc1ccc(O)cc1,C10H11F2NO2,26,C2H4F2
CC(=O)Nc1ccc(O)c(C2(NBr)C3=CC32)c1,CC(=O)Nc1ccc(O)cc1,C12H11BrN2O2,28,C4H4BrN
CC1(C)NC1CCC(=O)Nc1ccc(O)cc1,CC(=O)Nc1ccc(O)cc1,C13H18N2O2,35,C5H11N
CC(=O)Nc1ccc(O)cc1C1(O)C=N1,CC(=O)Nc1ccc(O)cc1,C10H10N2O3,25,C2H3NO
CC(=O)Nc1ccc(O)cc1Sc1nnco1,CC(=O)Nc1ccc(O)cc1,C10H9N3O3S,26,C2H2N2OS
CC(=O)Nc1ccc(O)c(C2OO2)c1,CC(=O)Nc1ccc(O)cc1,C9H9NO4,23,CH2O2
O=C(CCCO)Nc1ccc(O)cc1,CC(=O)Nc1ccc(O)cc1,C10H13NO3,27,C2H6O
CC(=O)Nc1ccc(O)c(C2SCS2)c1,CC(=O)Nc1ccc(O)cc1,C10H11NO2S2,26,C2H4S2
CC(=O)Nc1ccc(O)c(OC=CCCO)c1,CC(=O)Nc1ccc(O)cc1,C12H15NO4,32,C4H8O2
O=C(CN=CNO)Nc1ccc(O)cc1,CC(=O)Nc1ccc(O)cc1,C9H11N3O3,26,CH4N2O
CC(=O)Nc1ccc(O)c(C2(C=O)N=N2)c1,CC(=O)Nc1ccc(O)cc1,C10H9N3O3,25,C2H2N2O
CC(=O)Nc1ccc(OC2OC2OF)cc1,CC(=O)Nc1ccc(O)cc1,C10H10FNO4,26,C2H3FO2
CC(=O)Nc1ccc(OC(C)(F)C=O)cc1,CC(=O)Nc1ccc(O)cc1,C11H12FNO3,28,C3H5FO
C=NC(F)(OC)c1cc(O)ccc1NC(C)=O,CC(=O)Nc1ccc(O)cc1,C11H13FN2O3,30,C3H6FNO
CC(=O)Nc1ccc(O[SH2]2(OC=N)CC2)cc1,CC(=O)Nc1ccc(O)cc1,C11H16N2O3S,33,C3H9NOS
CC(=O)Nc1ccc(O)cc1C1COCC1Br,CC(=O)Nc1ccc(O)cc1,C12H14BrNO3,31,C4H7BrO
C=NN(N)CC(=O)Nc1ccc(O)cc1,CC(=O)Nc1ccc(O)cc1,C9H12N4O2,27,CH5N3
CC(=O)Nc1ccc(O)cc1N1c2nccn21,CC(=O)Nc1ccc(O)cc1,C11H10N4O2,27,C3H3N3
CC(=O)Nc1ccc(O)cc1C1CC1(Cl)Cl,CC(=O)Nc1ccc(O)cc1,C11H11Cl2NO2,27,C3H4Cl2
CC(=O)Nc1ccc(O)c(C2(O)NO2)c1,CC(=O)Nc1ccc(O)cc1,C9H10N2O4,25,CH3NO2
CC(=O)N(C(=S)S)c1ccc(O)cc1,CC(=O)Nc1ccc(O)cc1,C9H9NO2S2,23,CH2S2
CC(CC(=O)Nc1ccc(O)cc1)=NCCO,CC(=O)Nc1ccc(O)cc1,C12H16N2O3,33,C4H9NO
CC(=O)Nc1ccc(OC2(O)C=C(O)O2)cc1,CC(=O)Nc1ccc(O)cc1,C11H11NO5,28,C3H4O3
CC(=O)Nc1ccc(ON2CCOC2Br)cc1,CC(=O)Nc1ccc(O)cc1,C11H13BrN2O3,30,C3H6BrNO
CC(=O)Nc1ccc(O)c(OCC(O)SO)c1,CC(=O)Nc1ccc(O)cc1,C10H13NO5S,30,C2H6O3S
C=COC([O-])Oc1cc(O)ccc1NC(C)=O,CC(=O)Nc1ccc(O)cc1,C11H12NO5-,29,C3H5O3-
CC(=O)Nc1ccc(ON2C3=NC2O3)cc1,CC(=O)Nc1ccc(O)cc1,C10H9N3O3,25,C2H2N2O
C=CC(Cl)Oc1ccc(NC(C)=O)cc1,CC(=O)Nc1ccc(O)cc1,C11H12ClNO2,27,C3H5Cl
CC(=O)Nc1ccc(O)cc1C1(Br)C2C3NC321,CC(=O)Nc1ccc(O)cc1,C12H11BrN2O2,28,C4H4BrN
CC(=O)Nc1ccc(O)c(C2(F)OC2(F)F)c1,CC(=O)Nc1ccc(O)cc1,C10H8F3NO3,25,C2HF3O
CC(=O)N(C=C(F)OF)c1ccc(O)cc1,CC(=O)Nc1ccc(O)cc1,C10H9F2NO3,25,C2H2F2O
CNCN=C(O)c1cc(NC(C)=O)ccc1O,CC(=O)Nc1ccc(O)cc1,C11H15N3O3,32,C3H8N2O
O=[AsH2]OOCC(=O)Nc1ccc(O)cc1,CC(=O)Nc1ccc(O)cc1,C8H10AsNO5,25,H3AsO3
O=C(CC(F)=CF)Nc1ccc(O)cc1,CC(=O)Nc1ccc(O)cc1,C10H9F2NO2,24,C2H2F2
CC(=O)Nc1ccc(O)c(OCCC(O)[SiH3])c1,CC(=O)Nc1ccc(O)cc1,C11H17NO4Si,34,C3H10O2Si
CC(=O)Nc1ccc(O)cc1SOOO[Na],CC(=O)Nc1ccc(O)cc1,C8H8NNaO5S,24,HNaO3S
CCC(F)NOc1ccc(NC(C)=O)cc1,CC(=O)Nc1ccc(O)cc1,C11H15FN2O2,31,C3H8FN
CC(O)(CS)CC(=O)Nc1ccc(O)cc1,CC(=O)Nc1ccc(O)cc1,C11H15NO3S,31,C3H8OS
C=NC1(Oc2ccc(NC(C)=O)cc2)OC1Br,CC(=O)Nc1ccc(O)cc1,C11H11BrN2O3,28,C3H4BrNO
CC(=O)N(Oc1cnco1)c1ccc(O)cc1,CC(=O)Nc1ccc(O)cc1,C11H10N2O4,27,C3H3NO2
CC(=O)N(OCCC(C)O)c1ccc(O)cc1,CC(=O)Nc1ccc(O)cc1,C12H17NO4,34,C4H10O2
O=C(CC1(COCl)CO1)Nc1ccc(O)cc1,CC(=O)Nc1ccc(O)cc1,C11H12ClNO4,29,C3H5ClO2
CC1N=C(CC(=O)Nc2ccc(O)cc2)CS1,CC(=O)Nc1ccc(O)cc1,C12H14N2O2S,31,C4H7NS
CC(=O)Nc1ccc(OCCl)cc1,CC(=O)Nc1ccc(O)cc1,C9H10ClNO2,23,CH3Cl
CC(=O)Nc1ccc(O[SH]2(=O)OOO2)cc1,CC(=O)Nc1ccc(O)cc1,C8H9NO6S,25,H2O4S
CC(=O)N(CF)c1ccc(O)cc1,CC(=O)Nc1ccc(O)cc1,C9H10FNO2,23,CH3F
CC1CCC(CC(=O)Nc2ccc(O)cc2)C1,CC(=O)Nc1ccc(O)cc1,C14H19NO2,36,C6H12
CC(=O)Nc1ccc(O)cc1C1OC(=N)O1,CC(=O)Nc1ccc(O)cc1,C10H10N2O4,26,C2H3NO2
CO[PH](=O)OOc1cc(NC(C)=O)ccc1O,CC(=O)Nc1ccc(O)cc1,C9H12NO6P,29,CH5O4P
CCNc1cc(NC(C)=O)ccc1O,CC(=O)Nc1ccc(O)cc1,C10H14N2O2,28,C2H7N
CC(=O)Nc1ccc(O)c(CCI)c1,CC(=O)Nc1ccc(O)cc1,C10H12INO2,26,C2H5I
CCC(OCBr)c1cc(NC(C)=O)ccc1O,CC(=O)Nc1ccc(O)cc1,C12H16BrNO3,33,C4H9BrO
CC(=O)Nc1ccc(ON2C(O)C2Cl)cc1,CC(=O)Nc1ccc(O)cc1,C10H11ClN2O3,27,C2H4ClNO
CC(=O)Nc1ccc(O)cc1C(Cl)CCl,CC(=O)Nc1ccc(O)cc1,C10H11Cl2NO2,26,C2H4Cl2
CC(=O)Nc1ccc(OC(=N)O)cc1,CC(=O)Nc1ccc(O)cc1,C9H10N2O3,24,CH3NO
CCO[SiH2]Cc1cc(NC(C)=O)ccc1O,CC(=O)Nc1ccc(O)cc1,C11H17NO3Si,33,C3H10OSi
CC(=O)Nc1ccc(On2n3n(C=S)n23)cc1,CC(=O)Nc1ccc(O)cc1,C9H9N5O2S,26,CH2N4S
N=CNC(=N)NCC(=O)Nc1ccc(O)cc1,CC(=O)Nc1ccc(O)cc1,C10H13N5O2,30,C2H6N4
CC(=O)Nc1ccc(OC23C4SC2(Cl)N43)cc1,CC(=O)Nc1ccc(O)cc1,C11H9ClN2O2S,26,C3H2ClNS
C=C(CCC(=O)Nc1ccc(O)cc1)SC,CC(=O)Nc1ccc(O)cc1,C12H15NO2S,31,C4H8S
CC(=O)N(c1ccc(O)cc1)N1C2SOCN21,CC(=O)Nc1ccc(O)cc1,C10H11N3O3S,28,C2H4N2OS
CC(=O)Nc1ccc(ONC(C)Br)cc1,CC(=O)Nc1ccc(O)cc1,C10H13BrN2O2,28,C2H6BrN
CC(=O)N(c1ccc(O)cc1)C(F)OF,CC(=O)Nc1ccc(O)cc1,C9H9F2NO3,24,CH2F2O
CC(=O)Nc1ccc(ON2C=CC2=S)cc1,CC(=O)Nc1ccc(O)cc1,C11H10N2O2S,26,C3H3NS
CC(=O)Nc1ccc(O)cc1C(O)[PH2]=CO,CC(=O)Nc1ccc(O)cc1,C10H14NO4P,30,C2H7O2P
CC(=O)Nc1ccc(O[SH2]2=COON2)cc1,CC(=O)Nc1ccc(O)cc1,C9H12N2O4S,28,CH5NO2S
CN=CN=C(O)Oc1ccc(NC(C)=O)cc1,CC(=O)Nc1ccc(O)cc1,C11H13N3O3,30,C3H6N2O
CC(=O)Nc1ccc(O)c(C(O)N[PH](=O)O)c1,CC(=O)Nc1ccc(O)cc1,C9H13N2O5P,30,CH6NO3P
CC(=O)N(CN)c1ccc(O)cc1,CC(=O)Nc1ccc(O)cc1,C9H12N2O2,25,CH5N
C=C(OC(O)F)c1cc(O)ccc1NC(C)=O,CC(=O)Nc1ccc(O)cc1,C11H12FNO4,29,C3H5FO2
CC(=O)Nc1ccc(O)c(C2(S)CNNN2)c1,CC(=O)Nc1ccc(O)cc1,C10H14N4O2S,31,C2H7N3S
CC(=O)Nc1ccc(O)cc1C1=[SH2]=CO1,CC(=O)Nc1ccc(O)cc1,C10H11NO3S,26,C2H4OS
CC(=O)Nc1ccc(O)cc1N(F)C(F)C=O,CC(=O)Nc1ccc(O)cc1,C10H10F2N2O3,27,C2H3F2NO
C=CCNc1cc(O)ccc1NC(C)=O,CC(=O)Nc1ccc(O)cc1,C11H14N2O2,29,C3H7N
CC(=O)Nc1ccc(OC(Br)(Br)Br)cc1,CC(=O)Nc1ccc(O)cc1,C9H8Br3NO2,23,CHBr3
CC(=O)Nc1ccc(OOCO)cc1,CC(=O)Nc1ccc(O)cc1,C9H11NO4,25,CH4O2
CC(=O)Nc1ccc(O)cc1-c1ccco1,CC(=O)Nc1ccc(O)cc1,C12H11NO3,27,C4H4O
CC(=O)Nc1ccc(OC2(S)NC(C)O2)cc1,CC(=O)Nc1ccc(O)cc1,C11H14N2O3S,31,C3H7NOS
CC(=O)Nc1ccc(O)c(CCC(O)CCl)c1,CC(=O)Nc1ccc(O)cc1,C12H16ClNO3,33,C4H9ClO
O=C(CCCl)Nc1ccc(O)cc1,CC(=O)Nc1ccc(O)cc1,C9H10ClNO2,23,CH3Cl
CC(=O)Nc1ccc(OS23(=N)C4=C2N43)cc1,CC(=O)Nc1ccc(O)cc1,C10H9N3O2S,25,C2H2N2S
CC(=O)Nc1ccc(O)c([Se]C#N)c1,CC(=O)Nc1ccc(O)cc1,C9H8N2O2Se,22,CHNSe
CC(=O)Nc1ccc(O)cc1C(C)NCN,CC(=O)Nc1ccc(O)cc1,C11H17N3O2,33,C3H10N2
CC(=O)Nc1ccc(OCCBr)cc1,CC(=O)Nc1ccc(O)cc1,C10H12BrNO2,26,C2H5Br
O=C(Cc1cocn1)Nc1ccc(O)c(Br)c1,CC(=O)Nc1ccc(O)cc1,C11H9BrN2O3,26,C3H2BrNO
CC(=O)Nc1ccc(O)c(CCC2OC2[O-])c1,CC(=O)Nc1ccc(O)cc1,C12H14NO4-,31,C4H7O2-
O=CC=C(CC(=O)Nc1ccc(O)cc1)O[O-],CC(=O)Nc1ccc(O)cc1,C11H10NO5-,27,C3H3O3-
CCCOCSOc1ccc(NC(C)=O)cc1,CC(=O)Nc1ccc(O)cc1,C12H17NO3S,34,C4H10OS
CC(=O)Nc1ccc(O)cc1[SH2]1=CNC1,CC(=O)Nc1ccc(O)cc1,C10H14N2O2S,29,C2H7NS
CC(=O)Nc1ccc(ON2C(S)N2C)cc1,CC(=O)Nc1ccc(O)cc1,C10H13N3O2S,29,C2H6N2S
CC(=O)Nc1ccc(ON(C)C=S)cc1,CC(=O)Nc1ccc(O)cc1,C10H12N2O2S,27,C2H5NS
O=C(CC1(C2C=[SH3]2)OS1)Nc1ccc(O)cc1,CC(=O)Nc1ccc(O)cc1,C11H13NO3S2,30,C3H6OS2
CC[NH+](CN(C(C)=O)c1ccc(O)cc1)OC,CC(=O)Nc1ccc(O)cc1,C12H19N2O3+,36,C4H12NO+
O=C(CC(Br)Br)Nc1ccc(O)cc1,CC(=O)Nc1ccc(O)cc1,C9H9Br2NO2,23,CH2Br2
CC(=O)Nc1ccc(O)c(COBO)c1,CC(=O)Nc1ccc(O)cc1,C9H12BNO4,27,CH5BO2
CSC=CCC(=O)Nc1ccc(O)cc1,CC(=O)Nc1ccc(O)cc1,C11H13NO2S,28,C3H6S
CC(=O)N(c1ccc(O)cc1)[SH]12=C3C(C1)SN32,CC(=O)Nc1ccc(O)cc1,C11H12N2O2S2,29,C3H5NS2
CC(=O)Nc1ccc(O)cc1N(O)C(C)OS,CC(=O)Nc1ccc(O)cc1,C10H14N2O4S,31,C2H7NO2S
CC(=O)Nc1ccc(On2[nH]n2C#N)cc1,CC(=O)Nc1ccc(O)cc1,C9H9N5O2,25,CH2N4
CC(=O)Nc1ccc(OC(C)O)cc1,CC(=O)Nc1ccc(O)cc1,C10H13NO3,27,C2H6O
CC(=O)Nc1ccc(OC2CON3CN23)cc1,CC(=O)Nc1ccc(O)cc1,C11H13N3O3,30,C3H6N2O
C=CCCC(Br)N(C(C)=O)c1ccc(O)cc1,CC(=O)Nc1ccc(O)cc1,C13H16BrNO2,33,C5H9Br
CNCC(CS)c1cc(O)ccc1NC(C)=O,CC(=O)Nc1ccc(O)cc1,C12H18N2O2S,35,C4H11NS
CC(=O)Nc1ccc(Oc2n[nH]c(O)n2)cc1,CC(=O)Nc1ccc(O)cc1,C10H10N4O3,27,C2H3N3O
C=C(Cl)N(C(C)=O)c1ccc(O)cc1,CC(=O)Nc1ccc(O)cc1,C10H10ClNO2,24,C2H3Cl
CC[SiH2]C(O)c1cc(NC(C)=O)ccc1O,CC(=O)Nc1ccc(O)cc1,C11H17NO3Si,33,C3H10OSi
CC(=O)Nc1ccc(OCOC2CS2)cc1,CC(=O)Nc1ccc(O)cc1,C11H13NO3S,29,C3H6OS
CC(=O)N(c1ccc(O)cc1)C1OCN1CF,CC(=O)Nc1ccc(O)cc1,C11H13FN2O3,30,C3H6FNO
C=NCC(N=C)Oc1ccc(NC(C)=O)cc1,CC(=O)Nc1ccc(O)cc1,C12H15N3O2,32,C4H8N2
CC(=O)Nc1ccc(O)cc1C12N=CN1O2,CC(=O)Nc1ccc(O)cc1,C10H9N3O3,25,C2H2N2O
CC(=O)N(c1ccc(O)cc1)C(N=O)C(N)=O,CC(=O)Nc1ccc(O)cc1,C10H11N3O4,28,C2H4N2O2
CC=C(Cl)c1cc(O)ccc1NC(C)=O,CC(=O)Nc1ccc(O)cc1,C11H12ClNO2,27,C3H5Cl
CNNOc1ccc(NC(C)=O)cc1,CC(=O)Nc1ccc(O)cc1,C9H13N3O2,27,CH6N2
CC(=O)Nc1ccc(O)c(C(=O)[O-])c1,CC(=O)Nc1ccc(O)cc1,C9H8NO4-,22,CHO2-
CC(=O)Nc1ccc(O)cc1OC#N,CC(=O)Nc1ccc(O)cc1,C9H8N2O3,22,CHNO
CC(=O)Nc1ccc(O)c(C=CSCO)c1,CC(=O)Nc1ccc(O)cc1,C11H13NO3S,29,C3H6OS
CC(=O)Nc1ccc(OC23C4SC42N3F)cc1,CC(=O)Nc1ccc(O)cc1,C11H9FN2O2S,26,C3H2FNS
CC(=O)N(c1ccc(O)cc1)P12(COO1)OO2,CC(=O)Nc1ccc(O)cc1,C9H10NO6P,27,CH3O4P
C=CC(=C)C(=C)c1cc(NC(C)=O)ccc1O,CC(=O)Nc1ccc(O)cc1,C14H15NO2,32,C6H8
CC(O)(COCl)CC(=O)Nc1ccc(O)cc1,CC(=O)Nc1ccc(O)cc1,C11H14ClNO4,31,C3H7ClO2
CC(=O)Nc1ccc(O)cc1C(O)N(C)C,CC(=O)Nc1ccc(O)cc1,C11H16N2O3,32,C3H9NO
CC(=O)Nc1ccc(O)c(OOC(F)SF)c1,CC(=O)Nc1ccc(O)cc1,C9H9F2NO4S,26,CH2F2O2S
C=[PH2]OOON(C(C)=O)c1ccc(O)cc1,CC(=O)Nc1ccc(O)cc1,C9H12NO5P,28,CH5O3P
CC(=O)Nc1ccc(O)cc1C1(Br)OCO1,CC(=O)Nc1ccc(O)cc1,C10H10BrNO4,26,C2H3BrO2
CC[S+](C)c1cc(O)ccc1NC(C)=O,CC(=O)Nc1ccc(O)cc1,C11H16NO2S+,31,C3H9S+
CC(=O)N(C(=O)C(=N)O)c1ccc(O)cc1,CC(=O)Nc1ccc(O)cc1,C10H10N2O4,26,C2H3NO2
CC(=O)Nc1ccc(Oc2sccc2S)cc1,CC(=O)Nc1ccc(O)cc1,C12H11NO2S2,28,C4H4S2
CC(=O)N(CCC(C)([SiH3])Cl)c1ccc(O)cc1,CC(=O)Nc1ccc(O)cc1,C12H18ClNO2Si,35,C4H11ClSi
CC(=O)Nc1ccc(OCC2(S)n3[nH]n32)cc1,CC(=O)Nc1ccc(O)cc1,C10H12N4O2S,29,C2H5N3S
C=C(COc1ccc(NC(C)=O)cc1)OBr,CC(=O)Nc1ccc(O)cc1,C11H12BrNO3,28,C3H5BrO
CC(=O)Nc1ccc(O)cc1OOS,CC(=O)Nc1ccc(O)cc1,C8H9NO4S,23,H2O2S
O=C(CC1=COC(Cl)O1)Nc1ccc(O)cc1,CC(=O)Nc1ccc(O)cc1,C11H10ClNO4,27,C3H3ClO2
CC(=O)Nc1ccc(O[SH2]2(C)CC=NC2)cc1,CC(=O)Nc1ccc(O)cc1,C12H18N2O2S,35,C4H11NS
CCNc1cc(O)ccc1NC(C)=O,CC(=O)Nc1ccc(O)cc1,C10H14N2O2,28,C2H7N
O=C(CCC(F)(F)F)Nc1ccc(O)cc1,CC(=O)Nc1ccc(O)cc1,C10H10F3NO2,26,C2H3F3
CC(=O)Nc1ccc(O)cc1C(F)C(F)F,CC(=O)Nc1ccc(O)cc1,C10H10F3NO2,26,C2H3F3
C[PH](=O)OCC(=O)Nc1ccc(O)cc1,CC(=O)Nc1ccc(O)cc1,C9H12NO4P,27,CH5O2P
CC(=O)Nc1ccc(O[PH]2([O-])OOO2)cc1,CC(=O)Nc1ccc(O)cc1,C8H9NO6P-,25,H2O4P-
CC(=O)Nc1ccc(ON2C=COOC2)cc1,CC(=O)Nc1ccc(O)cc1,C11H12N2O4,29,C3H5NO2
CC(=O)Nc1ccc(O[NH2+]OC=CCO)cc1,CC(=O)Nc1ccc(O)cc1,C11H15N2O4+,32,C3H8NO2+
CC(=O)Nc1ccc(O)cc1N1CCCNC1,CC(=O)Nc1ccc(O)cc1,C12H17N3O2,34,C4H10N2
O=C(CNC=S)Nc1ccc(O)cc1,CC(=O)Nc1ccc(O)cc1,C9H10N2O2S,24,CH3NS
C=CCCSc1cc(NC(C)=O)ccc1O,CC(=O)Nc1ccc(O)cc1,C12H15NO2S,31,C4H8S
CC(=O)Nc1ccc(O)cc1SN=NOC=O,CC(=O)Nc1ccc(O)cc1,C9H9N3O4S,26,CH2N2O2S
CNCC(=O)Nc1ccc(O)cc1,CC(=O)Nc1ccc(O)cc1,C9H12N2O2,25,CH5N
CC(=O)Nc1ccc(O)cc1C1C2=C3C2C31,CC(=O)Nc1ccc(O)cc1,C13H11NO2,27,C5H4
CC(=O)Nc1ccc(O)cc1C#N,CC(=O)Nc1ccc(O)cc1,C9H8N2O2,21,CHN
CC(=O)Nc1ccc(O)cc1C(Cl)(Cl)Cl,CC(=O)Nc1ccc(O)cc1,C9H8Cl3NO2,23,CHCl3
O=C(CN1C=C2OC1O2)Nc1ccc(O)cc1,CC(=O)Nc1ccc(O)cc1,C11H10N2O4,27,C3H3NO2
CC(=O)Nc1ccc(O)cc1N1N=N1,CC(=O)Nc1ccc(O)cc1,C8H8N4O2,22,HN3
CC[SH]1(N)(CC(=O)Nc2ccc(O)cc2)C=C1,CC(=O)Nc1ccc(O)cc1,C12H18N2O2S,35,C4H11NS
CC(=O)Nc1ccc(O[SH2]2=CCO2)cc1,CC(=O)Nc1ccc(O)cc1,C10H13NO3S,28,C2H6OS
CC(=O)Nc1ccc(O)c(C2(N)C(=O)N2N)c1,CC(=O)Nc1ccc(O)cc1,C10H12N4O3,29,C2H5N3O
CC(=O)Nc1ccc(On2ccsc2=O)cc1,CC(=O)Nc1ccc(O)cc1,C11H10N2O3S,27,C3H3NOS
CC(=O)Nc1ccc(OS234=NN=C2N3N4)cc1,CC(=O)Nc1ccc(O)cc1,C9H9N5O2S,26,CH2N4S
CC(=O)Nc1ccc(O)c(C2(O)OO2)c1,CC(=O)Nc1ccc(O)cc1,C9H9NO5,24,CH2O3
CC(=O)Nc1ccc(O)c(C(O)C2OCO2)c1,CC(=O)Nc1ccc(O)cc1,C11H13NO5,30,C3H6O3
CC(=O)Nc1ccc(O)cc1C(CO)CF,CC(=O)Nc1ccc(O)cc1,C11H14FNO3,30,C3H7FO
CC(=O)N(CCNCCl)c1ccc(O)cc1,CC(=O)Nc1ccc(O)cc1,C11H15ClN2O2,31,C3H8ClN
O=C(CC(F)F)Nc1ccc(O)cc1,CC(=O)Nc1ccc(O)cc1,C9H9F2NO2,23,CH2F2
O=C(CC(Br)CBr)Nc1ccc(O)cc1,CC(=O)Nc1ccc(O)cc1,C10H11Br2NO2,26,C2H4Br2
CC(=O)Nc1ccc(OC2(CCl)CO2)cc1,CC(=O)Nc1ccc(O)cc1,C11H12ClNO3,28,C3H5ClO
CC(=O)Nc1ccc(OC(Br)C(Br)Br)cc1,CC(=O)Nc1ccc(O)cc1,C10H10Br3NO2,26,C2H3Br3
CC(=O)Nc1ccc(O)cc1C=C(F)F,CC(=O)Nc1ccc(O)cc1,C10H9F2NO2,24,C2H2F2
O=C(COOSF)Nc1ccc(O)cc1,CC(=O)Nc1ccc(O)cc1,C8H8FNO4S,23,HFO2S
CC(=O)N(c1ccc(O)cc1)N1C2=CC1O2,CC(=O)Nc1ccc(O)cc1,C11H10N2O3,26,C3H3NO
CC(=O)Nc1ccc(OCSN=S)cc1,CC(=O)Nc1ccc(O)cc1,C9H10N2O2S2,25,CH3NS2
C#CC1CC1c1cc(O)ccc1NC(C)=O,CC(=O)Nc1ccc(O)cc1,C13H13NO2,29,C5H6
O=C(CN(O)OSO)Nc1ccc(O)cc1,CC(=O)Nc1ccc(O)cc1,C8H10N2O5S,26,H3NO3S
CC(CC(=O)Nc1ccc(O)cc1)C(C)(C)F,CC(=O)Nc1ccc(O)cc1,C13H18FNO2,35,C5H11F
CC(=O)Nc1ccc(O)cc1C(CF)CF,CC(=O)Nc1ccc(O)cc1,C11H13F2NO2,29,C3H6F2
CC(=O)Nc1ccc(O[SH2]2(Cl)OC3OC32)cc1,CC(=O)Nc1ccc(O)cc1,C10H12ClNO4S,29,C2H5ClO2S
CC(=O)Nc1ccc(OCOC=N)cc1,CC(=O)Nc1ccc(O)cc1,C10H12N2O3,27,C2H5NO
CC(=O)Nc1ccc(O)c(C2CC2I)c1,CC(=O)Nc1ccc(O)cc1,C11H12INO2,27,C3H5I
CC(=O)Nc1ccc(O)cc1OC12OC3C1C32,CC(=O)Nc1ccc(O)cc1,C12H11NO4,28,C4H4O2
CNC(C)Sc1cc(NC(C)=O)ccc1O,CC(=O)Nc1ccc(O)cc1,C11H16N2O2S,32,C3H9NS
CC(=O)Nc1ccc(O)cc1C1SS1,CC(=O)Nc1ccc(O)cc1,C9H9NO2S2,23,CH2S2
CCC(Cl)C(Cl)c1cc(NC(C)=O)ccc1O,CC(=O)Nc1ccc(O)cc1,C12H15Cl2NO2,32,C4H8Cl2
CC(=O)Nc1ccc(O)c(C2=C=NC=N2)c1,CC(=O)Nc1ccc(O)cc1,C11H9N3O2,25,C3H2N2
C=COC(=CBr)c1cc(O)ccc1NC(C)=O,CC(=O)Nc1ccc(O)cc1,C12H12BrNO3,29,C4H5BrO
CC(=O)N(CN(CO)CO)c1ccc(O)cc1,CC(=O)Nc1ccc(O)cc1,C11H16N2O4,33,C3H9NO2
CC(=O)Nc1ccc(O)c(C2CC=C3CC32)c1,CC(=O)Nc1ccc(O)cc1,C14H15NO2,32,C6H8
O=C(Cc1csc(Cl)c1)Nc1ccc(O)cc1,CC(=O)Nc1ccc(O)cc1,C12H10ClNO2S,27,C4H3ClS
CC(=O)Nc1ccc(O)c(C(Cl)C(Cl)Cl)c1,CC(=O)Nc1ccc(O)cc1,C10H10Cl3NO2,26,C2H3Cl3
CC(=O)Nc1ccc(O)cc1OCCCBr,CC(=O)Nc1ccc(O)cc1,C11H14BrNO3,30,C3H7BrO
CC(=O)Nc1ccc(OOCSO)cc1,CC(=O)Nc1ccc(O)cc1,C9H11NO4S,26,CH4O2S
CC(=O)N(COF)c1ccc(O)cc1,CC(=O)Nc1ccc(O)cc1,C9H10FNO3,24,CH3FO
N#CN(C=O)NCC(=O)Nc1ccc(O)cc1,CC(=O)Nc1ccc(O)cc1,C10H10N4O3,27,C2H3N3O
CC(=O)Nc1ccc(OOOSO[O-])cc1,CC(=O)Nc1ccc(O)cc1,C8H8NO6S-,24,HO4S-
CC(=O)N(c1ccc(O)cc1)C12C3C4C1C432,CC(=O)Nc1ccc(O)cc1,C13H11NO2,27,C5H4
CC(=O)Nc1ccc(OC(F)CF)cc1,CC(=O)Nc1ccc(O)cc1,C10H11F2NO2,26,C2H4F2
CC(=O)Nc1ccc(O)cc1-c1sccc1Cl,CC(=O)Nc1ccc(O)cc1,C12H10ClNO2S,27,C4H3ClS
CC(=O)Nc1ccc(OC=CBr)cc1,CC(=O)Nc1ccc(O)cc1,C10H10BrNO2,24,C2H3Br
CC(=O)Nc1ccc(O)c(NN2COC=N2)c1,CC(=O)Nc1ccc(O)cc1,C10H12N4O3,29,C2H5N3O
O=C(CC1C=CCC1O)Nc1ccc(O)cc1,CC(=O)Nc1ccc(O)cc1,C13H15NO3,32,C5H8O
C=C(C)Oc1cc(NC(C)=O)ccc1O,CC(=O)Nc1ccc(O)cc1,C11H13NO3,28,C3H6O
CC(=O)Nc1ccc(O)c(S2(I)=CC#CC=2)c1,CC(=O)Nc1ccc(O)cc1,C12H10INO2S,27,C4H3IS
CC(=O)Nc1ccc(O)c(C(O)(F)C(F)F)c1,CC(=O)Nc1ccc(O)cc1,C10H10F3NO3,27,C2H3F3O
CC(=O)N(c1ccc(O)cc1)P1(O)(O)C=C1O,CC(=O)Nc1ccc(O)cc1,C10H12NO5P,29,C2H5O3P
CC(=O)Nc1ccc(O)c(N(C)C(N)=NO)c1,CC(=O)Nc1ccc(O)cc1,C10H14N4O3,31,C2H7N3O
CC(=O)Nc1ccc(O)c(C2=NN3NN2N3)c1,CC(=O)Nc1ccc(O)cc1,C9H10N6O2,27,CH3N5
CC(=O)Nc1ccc(O)c(SCO)c1,CC(=O)Nc1ccc(O)cc1,C9H11NO3S,25,CH4OS
CNCOc1cc(NC(C)=O)ccc1O,CC(=O)Nc1ccc(O)cc1,C10H14N2O3,29,C2H7NO
CC(=O)Nc1ccc(O)cc1CCC1CC1,CC(=O)Nc1ccc(O)cc1,C13H17NO2,33,C5H10
C=CC(S)SOc1cc(O)ccc1NC(C)=O,CC(=O)Nc1ccc(O)cc1,C11H13NO3S2,30,C3H6OS2
CC(=O)Nc1ccc(OC[SH3]2OC(=N)O2)cc1,CC(=O)Nc1ccc(O)cc1,C10H14N2O4S,31,C2H7NO2S
CC(=O)N(c1ccc(O)cc1)N1N=N1,CC(=O)Nc1ccc(O)cc1,C8H8N4O2,22,HN3
CC(=O)Nc1ccc(OC(F)(F)C(=N)O)cc1,CC(=O)Nc1ccc(O)cc1,C10H10F2N2O3,27,C2H3F2NO
CC(=O)Nc1ccc(O)cc1CC(F)C(F)F,CC(=O)Nc1ccc(O)cc1,C11H12F3NO2,29,C3H5F3
O=C(CNc1nc1=O)Nc1ccc(O)cc1,CC(=O)Nc1ccc(O)cc1,C10H9N3O3,25,C2H2N2O
CC(=O)Nc1ccc(OOOOS[O-])cc1,CC(=O)Nc1ccc(O)cc1,C8H8NO6S-,24,HO4S-
CC(=O)Nc1ccc(O)cc1CN(C)C(C)O,CC(=O)Nc1ccc(O)cc1,C12H18N2O3,35,C4H11NO
CC(=O)Nc1ccc(OC2=CC3(Br)CN23)cc1,CC(=O)Nc1ccc(O)cc1,C12H11BrN2O2,28,C4H4BrN
CC(=O)Nc1ccc(O)c(OC(C)Cl)c1,CC(=O)Nc1ccc(O)cc1,C10H12ClNO3,27,C2H5ClO
O=C(CSOOO[Na])Nc1ccc(O)cc1,CC(=O)Nc1ccc(O)cc1,C8H8NNaO5S,24,HNaO3S
CC(=O)Nc1ccc(O)cc1[SH2]12CC=C1C2C,CC(=O)Nc1ccc(O)cc1,C13H17NO2S,34,C5H10S
BC(O)Oc1cc(O)ccc1NC(C)=O,CC(=O)Nc1ccc(O)cc1,C9H12BNO4,27,CH5BO2
CC(=O)Nc1ccc(O)cc1C1(Br)C2=C1OC2,CC(=O)Nc1ccc(O)cc1,C12H10BrNO3,27,C4H3BrO
COCOCc1cc(O)ccc1NC(C)=O,CC(=O)Nc1ccc(O)cc1,C11H15NO4,31,C3H8O2
CC(=O)Nc1ccc(O[PH](=O)O[O-])cc1,CC(=O)Nc1ccc(O)cc1,C8H9NO5P-,24,H2O3P-
CC(=O)Nc1ccc(OC23OC2(O)O3)cc1,CC(=O)Nc1ccc(O)cc1,C10H9NO5,25,C2H2O3
CC(=O)Nc1ccc(OC2=C(O)C2)cc1,CC(=O)Nc1ccc(O)cc1,C11H11NO3,26,C3H4O
COCC[NH+](C)CC(=O)Nc1ccc(O)cc1,CC(=O)Nc1ccc(O)cc1,C12H19N2O3+,36,C4H12NO+
CC(=O)N(c1ccc(O)cc1)C12N=C(O1)SO2,CC(=O)Nc1ccc(O)cc1,C10H8N2O4S,25,C2HNO2S
CC(=O)N(c1ccc(O)cc1)c1n[nH]c(=O)o1,CC(=O)Nc1ccc(O)cc1,C10H9N3O4,26,C2H2N2O2
CC(=O)Nc1ccc(O)c(C(C)(F)CF)c1,CC(=O)Nc1ccc(O)cc1,C11H13F2NO2,29,C3H6F2
CC(=O)Nc1ccc(O)c(NO)c1,CC(=O)Nc1ccc(O)cc1,C8H10N2O3,23,H3NO
O=C(CC(OF)=C(F)Cl)Nc1ccc(O)cc1,CC(=O)Nc1ccc(O)cc1,C10H8ClF2NO3,25,C2HClF2O
CC(=O)Nc1ccc(O[SH](=O)=O)cc1,CC(=O)Nc1ccc(O)cc1,C8H9NO4S,23,H2O2S
CC(=O)Nc1ccc(O)c(C(Cl)=C(C)Cl)c1,CC(=O)Nc1ccc(O)cc1,C11H11Cl2NO2,27,C3H4Cl2
CCCC([SiH2]O)N(C(C)=O)c1ccc(O)cc1,CC(=O)Nc1ccc(O)cc1,C12H19NO3Si,36,C4H12OSi
CC(=O)Nc1ccc(O)c(NC2=C=C2)c1,CC(=O)Nc1ccc(O)cc1,C11H10N2O2,25,C3H3N
O=C(COCCCOCl)Nc1ccc(O)cc1,CC(=O)Nc1ccc(O)cc1,C11H14ClNO4,31,C3H7ClO2
CC(=O)Nc1ccc(O[SH]23(Cl)OC2O3)cc1,CC(=O)Nc1ccc(O)cc1,C9H10ClNO4S,26,CH3ClO2S
CC(=O)Nc1ccc(O)c(C2=[SH2]=C2)c1,CC(=O)Nc1ccc(O)cc1,C10H11NO2S,25,C2H4S
COC=CC[PH3]Oc1ccc(NC(C)=O)cc1,CC(=O)Nc1ccc(O)cc1,C12H18NO3P,35,C4H11OP
CC(=O)Nc1ccc(On2sn2C=CN)cc1,CC(=O)Nc1ccc(O)cc1,C10H12N4O2S,29,C2H5N3S
CC(=O)Nc1ccc(OC(C)(Cl)C(O)Cl)cc1,CC(=O)Nc1ccc(O)cc1,C11H13Cl2NO3,30,C3H6Cl2O
CC(=O)Nc1ccc(O)c(C(=O)OC(Cl)Br)c1,CC(=O)Nc1ccc(O)cc1,C10H9BrClNO4,26,C2H2BrClO2
CC(=O)Nc1ccc(OC2=CCOC=C2)cc1,CC(=O)Nc1ccc(O)cc1,C13H13NO3,30,C5H6O
CCN(C(C)=O)c1ccc(O)cc1,CC(=O)Nc1ccc(O)cc1,C10H13NO2,26,C2H6
CCCCC(=O)Nc1ccc(O)c(Cl)c1,CC(=O)Nc1ccc(O)cc1,C11H14ClNO2,29,C3H7Cl
C#Cc1cc(NC(C)=O)ccc1O,CC(=O)Nc1ccc(O)cc1,C10H9NO2,22,C2H2
CC(=O)Nc1ccc(O)c(C(O)(S)OCl)c1,CC(=O)Nc1ccc(O)cc1,C9H10ClNO4S,26,CH3ClO2S
CC(=O)Nc1ccc(O)cc1N1C2=COC1O2,CC(=O)Nc1ccc(O)cc1,C11H10N2O4,27,C3H3NO2
CC(=O)Nc1ccc(O)cc1CCCCBr,CC(=O)Nc1ccc(O)cc1,C12H16BrNO2,32,C4H9Br
CC(=O)Nc1ccc(O)c(C2C3CC2(O)C3)c1,CC(=O)Nc1ccc(O)cc1,C13H15NO3,32,C5H8O
CC(=O)N(c1ccc(O)cc1)[NH+]1NCN1,CC(=O)Nc1ccc(O)cc1,C9H13N4O2+,28,CH6N3+
CC(=O)Nc1ccc(O[As](=O)(O)O)cc1,CC(=O)Nc1ccc(O)cc1,C8H10AsNO5,25,H3AsO3
CC(=O)Nc1ccc(O)cc1OOC(=N)O,CC(=O)Nc1ccc(O)cc1,C9H10N2O5,26,CH3NO3
CC(=O)Nc1ccc(O)cc1C12C34NN5C31[SH2]542,CC(=O)Nc1ccc(O)cc1,C11H11N3O2S,28,C3H4N2S
C#[SH]1C2C1N2Oc1ccc(NC(C)=O)cc1,CC(=O)Nc1ccc(O)cc1,C11H12N2O2S,28,C3H5NS
CC(=O)Nc1ccc(O)c(-c2c3sn2C3F)c1,CC(=O)Nc1ccc(O)cc1,C11H9FN2O2S,26,C3H2FNS
CCC([SH2+])c1cc(O)ccc1NC(C)=O,CC(=O)Nc1ccc(O)cc1,C11H16NO2S+,31,C3H9S+
CC(=O)N(c1ccc(O)cc1)C1CC1(N)CF,CC(=O)Nc1ccc(O)cc1,C12H15FN2O2,32,C4H8FN
CC(=O)Nc1ccc(O)cc1C1=NC1O,CC(=O)Nc1ccc(O)cc1,C10H10N2O3,25,C2H3NO
CC(=O)N(c1ccc(O)cc1)C(C)(Cl)C(O)O,CC(=O)Nc1ccc(O)cc1,C11H14ClNO4,31,C3H7ClO2
CC(=O)Nc1ccc(O)cc1C1=C2C1N2NCl,CC(=O)Nc1ccc(O)cc1,C11H10ClN3O2,27,C3H3ClN2
CC(=O)Nc1ccc(O)cc1[SH2]1=CC23C4N2C413,CC(=O)Nc1ccc(O)cc1,C12H12N2O2S,29,C4H5NS
CC(=O)Nc1ccc(O)cc1C(Cl)(C=O)NCl,CC(=O)Nc1ccc(O)cc1,C10H10Cl2N2O3,27,C2H3Cl2NO
CC(=O)Nc1ccc(O)cc1C1=CC1I,CC(=O)Nc1ccc(O)cc1,C11H10INO2,25,C3H3I
CC(=O)Nc1ccc(O)c(OC(S)CO[O-])c1,CC(=O)Nc1ccc(O)cc1,C10H12NO5S-,29,C2H5O3S-
CCN(O)c1cc(O)ccc1NC(C)=O,CC(=O)Nc1ccc(O)cc1,C10H14N2O3,29,C2H7NO
CC(=O)Nc1ccc(O)cc1NC=CCN,CC(=O)Nc1ccc(O)cc1,C11H15N3O2,31,C3H8N2
COC(CF)Oc1ccc(NC(C)=O)cc1,CC(=O)Nc1ccc(O)cc1,C11H14FNO3,30,C3H7FO
CC(=O)Nc1ccc(OC=NCC(C)F)cc1,CC(=O)Nc1ccc(O)cc1,C12H15FN2O2,32,C4H8FN
CC(=O)Nc1ccc(O)cc1C(O)(F)CCF,CC(=O)Nc1ccc(O)cc1,C11H13F2NO3,30,C3H6F2O
CC(=O)Nc1ccc(ON2SC2NCN)cc1,CC(=O)Nc1ccc(O)cc1,C10H14N4O2S,31,C2H7N3S
C=NCSCCCC(=O)Nc1ccc(O)cc1,CC(=O)Nc1ccc(O)cc1,C12H16N2O2S,33,C4H9NS
CC(=O)Nc1ccc(O)cc1NC1(C)CN1,CC(=O)Nc1ccc(O)cc1,C11H15N3O2,31,C3H8N2
CC(=O)Nc1ccc(OC2n3n(C)n32)cc1,CC(=O)Nc1ccc(O)cc1,C10H12N4O2,28,C2H5N3
C=NC1n2n(Oc3ccc(NC(C)=O)cc3)n21,CC(=O)Nc1ccc(O)cc1,C10H11N5O2,28,C2H4N4
CC(=O)Nc1ccc(O)cc1C(Br)(Br)Br,CC(=O)Nc1ccc(O)cc1,C9H8Br3NO2,23,CHBr3
CC(=O)Nc1ccc(O)cc1C1=C(O)C=N1,CC(=O)Nc1ccc(O)cc1,C11H10N2O3,26,C3H3NO
CC(=O)Nc1ccc(O)c(C[SiH](Cl)Cl)c1,CC(=O)Nc1ccc(O)cc1,C9H11Cl2NO2Si,26,CH4Cl2Si
CC(=O)Nc1ccc(O)c(C23N=CC2N3Cl)c1,CC(=O)Nc1ccc(O)cc1,C11H10ClN3O2,27,C3H3ClN2
CC(=O)Nc1ccc(O)c(C(=O)C(Cl)Cl)c1,CC(=O)Nc1ccc(O)cc1,C10H9Cl2NO3,25,C2H2Cl2O
COCC(=O)Nc1ccc(O)cc1,CC(=O)Nc1ccc(O)cc1,C9H11NO3,24,CH4O
C=CC(=C)c1cc(O)ccc1NC(C)=O,CC(=O)Nc1ccc(O)cc1,C12H13NO2,28,C4H6
C=C(CS)c1cc(O)ccc1NC(C)=O,CC(=O)Nc1ccc(O)cc1,C11H13NO2S,28,C3H6S
COCCC(C)c1cc(O)ccc1NC(C)=O,CC(=O)Nc1ccc(O)cc1,C13H19NO3,36,C5H12O
CC(=O)Nc1ccc(OC2OC=C(Cl)O2)cc1,CC(=O)Nc1ccc(O)cc1,C11H10ClNO4,27,C3H3ClO2
CCC(F)(CO)N(C(C)=O)c1ccc(O)cc1,CC(=O)Nc1ccc(O)cc1,C12H16FNO3,33,C4H9FO
CC(=O)Nc1ccc(OC2CC2F)cc1,CC(=O)Nc1ccc(O)cc1,C11H12FNO2,27,C3H5F
CC(=O)Nc1ccc(OC(O)CS)cc1,CC(=O)Nc1ccc(O)cc1,C10H13NO3S,28,C2H6OS
CC(=O)Nc1ccc(O)cc1C1(Cl)CC1(C)Cl,CC(=O)Nc1ccc(O)cc1,C12H13Cl2NO2,30,C4H6Cl2
CNC(C)(Cl)c1cc(NC(C)=O)ccc1O,CC(=O)Nc1ccc(O)cc1,C11H15ClN2O2,31,C3H8ClN
CC(CCO)CC(=O)Nc1ccc(O)cc1,CC(=O)Nc1ccc(O)cc1,C12H17NO3,33,C4H10O
CCC(N)c1cc(NC(C)=O)ccc1O,CC(=O)Nc1ccc(O)cc1,C11H16N2O2,31,C3H9N
O=C(CC=CNOS)Nc1ccc(O)cc1,CC(=O)Nc1ccc(O)cc1,C10H12N2O3S,28,C2H5NOS
CC(=O)Nc1ccc(O)cc1-n1oo1,CC(=O)Nc1ccc(O)cc1,C8H8N2O4,22,HNO2
CC(=O)Nc1ccc(O)c(C(=NF)OCF)c1,CC(=O)Nc1ccc(O)cc1,C10H10F2N2O3,27,C2H3F2NO
CC(=O)Nc1ccc(O)cc1C(C)F,CC(=O)Nc1ccc(O)cc1,C10H12FNO2,26,C2H5F
CC(=O)Nc1ccc(O)cc1C(O)(S)OO,CC(=O)Nc1ccc(O)cc1,C9H11NO5S,27,CH4O3S
CC(=O)Nc1ccc(O)c(C2c3nn2o3)c1,CC(=O)Nc1ccc(O)cc1,C10H9N3O3,25,C2H2N2O
CC(=O)Nc1ccc(OC2(Br)NC3N=C32)cc1,CC(=O)Nc1ccc(O)cc1,C11H10BrN3O2,27,C3H3BrN2
CON(C)Oc1cc(NC(C)=O)ccc1O,CC(=O)Nc1ccc(O)cc1,C10H14N2O4,30,C2H7NO2
CC(=O)Nc1ccc(ON2N3C4=CC423)cc1,CC(=O)Nc1ccc(O)cc1,C11H9N3O2,25,C3H2N2
CC(=O)Nc1ccc(O)cc1CCCl,CC(=O)Nc1ccc(O)cc1,C10H12ClNO2,26,C2H5Cl
CC(=O)Nc1ccc(O)c(C(=O)O)c1,CC(=O)Nc1ccc(O)cc1,C9H9NO4,23,CH2O2
O=C(COC1C=CO1)Nc1ccc(O)cc1,CC(=O)Nc1ccc(O)cc1,C11H11NO4,27,C3H4O2
CC(=O)Nc1ccc(O)c(C(F)N2CC2)c1,CC(=O)Nc1ccc(O)cc1,C11H13FN2O2,29,C3H6FN
CC(=O)Nc1ccc(O)cc1C1(CS)CC1C,CC(=O)Nc1ccc(O)cc1,C13H17NO2S,34,C5H10S
CC(=O)N(C=CCl)c1ccc(O)cc1,CC(=O)Nc1ccc(O)cc1,C10H10ClNO2,24,C2H3Cl
O=C(CC#CI)Nc1ccc(O)cc1,CC(=O)Nc1ccc(O)cc1,C10H8INO2,22,C2HI
O=C(CC1C(F)C1(F)F)Nc1ccc(O)cc1,CC(=O)Nc1ccc(O)cc1,C11H10F3NO2,27,C3H3F3
CC(=O)Nc1ccc(O)cc1C1(O)OC1Cl,CC(=O)Nc1ccc(O)cc1,C10H10ClNO4,26,C2H3ClO2
CC(=O)N(CC(O)F)c1ccc(O)cc1,CC(=O)Nc1ccc(O)cc1,C10H12FNO3,27,C2H5FO
C=COC=C(Br)N(C(C)=O)c1ccc(O)cc1,CC(=O)Nc1ccc(O)cc1,C12H12BrNO3,29,C4H5BrO
CC(=O)N(c1ccc(O)cc1)C1(I)NCO1,CC(=O)Nc1ccc(O)cc1,C10H11IN2O3,27,C2H4INO
CCC(OO)ON(C(C)=O)c1ccc(O)cc1,CC(=O)Nc1ccc(O)cc1,C11H15NO5,32,C3H8O3
C=C(C)OOOOc1ccc(NC(C)=O)cc1,CC(=O)Nc1ccc(O)cc1,C11H13NO5,30,C3H6O3
CC(CO)C[NH2+]CC(=O)Nc1ccc(O)cc1,CC(=O)Nc1ccc(O)cc1,C12H19N2O3+,36,C4H12NO+
C=NOOCSCC(=O)Nc1ccc(O)cc1,CC(=O)Nc1ccc(O)cc1,C10H12N2O4S,29,C2H5NO2S
CC(=O)Nc1ccc(O)c(CC([SiH3])Cl)c1,CC(=O)Nc1ccc(O)cc1,C10H14ClNO2Si,29,C2H7ClSi
CC(=O)N(c1ccc(O)cc1)C1(O)NC=CO1,CC(=O)Nc1ccc(O)cc1,C11H12N2O4,29,C3H5NO2
CC(=O)Nc1ccc(OC(Cl)=NOCCl)cc1,CC(=O)Nc1ccc(O)cc1,C10H10Cl2N2O3,27,C2H3Cl2NO
CC(=O)Nc1ccc(O)c(CC2=C([O-])O2)c1,CC(=O)Nc1ccc(O)cc1,C11H10NO4-,26,C3H3O2-
CC(=O)Nc1ccc(OC(Br)CCBr)cc1,CC(=O)Nc1ccc(O)cc1,C11H13Br2NO2,29,C3H6Br2
C=CC=C1SC1N(C(C)=O)c1ccc(O)cc1,CC(=O)Nc1ccc(O)cc1,C13H13NO2S,30,C5H6S
O=C(CC(F)NC(F)F)Nc1ccc(O)cc1,CC(=O)Nc1ccc(O)cc1,C10H11F3N2O2,28,C2H4F3N
CC(=O)Nc1ccc(O)c(C2OCC2ON)c1,CC(=O)Nc1ccc(O)cc1,C11H14N2O4,31,C3H7NO2
CC(=O)N(CBr)c1ccc(O)cc1,CC(=O)Nc1ccc(O)cc1,C9H10BrNO2,23,CH3Br
CC(=O)Nc1ccc(O)cc1C(C)On1[nH][nH]1,CC(=O)Nc1ccc(O)cc1,C10H14N4O3,31,C2H7N3O
CC(=O)N(C(C)=O)c1ccc(O)cc1,CC(=O)Nc1ccc(O)cc1,C10H11NO3,25,C2H4O
CC(=O)Nc1ccc(O)c(C2OOC2[O-])c1,CC(=O)Nc1ccc(O)cc1,C10H10NO5-,26,C2H3O3-
C=COCOCC(=O)Nc1ccc(O)cc1,CC(=O)Nc1ccc(O)cc1,C11H13NO4,29,C3H6O2
CC(=O)Nc1ccc(O)c(OC(F)CC=N)c1,CC(=O)Nc1ccc(O)cc1,C11H13FN2O3,30,C3H6FNO
C[SiH2]CN(C(C)=O)c1ccc(O)cc1,CC(=O)Nc1ccc(O)cc1,C10H15NO2Si,29,C2H8Si
CC(=O)Nc1ccc(OC23N4C=CN2N43)cc1,CC(=O)Nc1ccc(O)cc1,C11H10N4O2,27,C3H3N3
CC[SiH](C)Cc1cc(O)ccc1NC(C)=O,CC(=O)Nc1ccc(O)cc1,C12H19NO2Si,35,C4H12Si
CCC(O)(NN)c1cc(NC(C)=O)ccc1O,CC(=O)Nc1ccc(O)cc1,C11H17N3O3,34,C3H10N2O
CC(=O)Nc1ccc(O)cc1C1CCC1C,CC(=O)Nc1ccc(O)cc1,C13H17NO2,33,C5H10
CC(=O)Nc1ccc(O)cc1C(C)CO,CC(=O)Nc1ccc(O)cc1,C11H15NO3,30,C3H8O
CC(=O)N(c1ccc(O)cc1)C(Br)C(Br)Br,CC(=O)Nc1ccc(O)cc1,C10H10Br3NO2,26,C2H3Br3
CC(=O)Nc1ccc(O)cc1S123=C(SC1=C2)S3,CC(=O)Nc1ccc(O)cc1,C11H9NO2S3,26,C3H2S3
CC(=O)Nc1ccc(O)c(C2=C(O[O-])O2)c1,CC(=O)Nc1ccc(O)cc1,C10H8NO5-,24,C2HO3-
CC(=O)N(C=C(Cl)Cl)c1ccc(O)cc1,CC(=O)Nc1ccc(O)cc1,C10H9Cl2NO2,24,C2H2Cl2
C[NH2+]N(C(C)=O)c1ccc(O)cc1,CC(=O)Nc1ccc(O)cc1,C9H13N2O2+,26,CH6N+
NCN1CN1CC(=O)Nc1ccc(O)cc1,CC(=O)Nc1ccc(O)cc1,C10H14N4O2,30,C2H7N3
CC(=O)Nc1ccc(O)c(C2NCNN2)c1,CC(=O)Nc1ccc(O)cc1,C10H14N4O2,30,C2H7N3
CC(=O)N(C(=O)C(=O)[PH3]O)c1ccc(O)cc1,CC(=O)Nc1ccc(O)cc1,C10H12NO5P,29,C2H5O3P
CC(=O)Nc1ccc(O)c(OCN)c1,CC(=O)Nc1ccc(O)cc1,C9H12N2O3,26,CH5NO
CC(=O)Nc1ccc(O)c(C23NN4C2C43)c1,CC(=O)Nc1ccc(O)cc1,C11H11N3O2,27,C3H4N2
CC(=O)Nc1ccc(O)c(SC(F)F)c1,CC(=O)Nc1ccc(O)cc1,C9H9F2NO2S,24,CH2F2S
CC(=O)N(c1ccc(O)cc1)C1NN(C=N)N1,CC(=O)Nc1ccc(O)cc1,C10H13N5O2,30,C2H6N4
C=NNc1cc(NC(C)=O)ccc1O,CC(=O)Nc1ccc(O)cc1,C9H11N3O2,25,CH4N2
CC(=O)Nc1ccc(O)cc1C1=C(C([O-])O)O1,CC(=O)Nc1ccc(O)cc1,C11H10NO5-,27,C3H3O3-
CN[SiH](C)C(C)c1cc(NC(C)=O)ccc1O,CC(=O)Nc1ccc(O)cc1,C12H20N2O2Si,37,C4H13NSi
CC(=O)Nc1ccc(O[SH]2(=O)COOO2)cc1,CC(=O)Nc1ccc(O)cc1,C9H11NO6S,28,CH4O4S
CC(=O)N(c1ccc(O)cc1)N1CCC12CC2,CC(=O)Nc1ccc(O)cc1,C13H16N2O2,33,C5H9N
CC(=O)Nc1ccc(O)cc1N1CC(C=S)O1,CC(=O)Nc1ccc(O)cc1,C11H12N2O3S,29,C3H5NOS
CC(=O)Nc1ccc(O)c([SiH2]C(Cl)Cl)c1,CC(=O)Nc1ccc(O)cc1,C9H11Cl2NO2Si,26,CH4Cl2Si
CC(=O)Nc1ccc(O)c(C(N)C(C)(O)O)c1,CC(=O)Nc1ccc(O)cc1,C11H16N2O4,33,C3H9NO2
CC(=O)Nc1ccc(O)c(NC(C)(C)F)c1,CC(=O)Nc1ccc(O)cc1,C11H15FN2O2,31,C3H8FN
CC(=O)Nc1ccc(O)cc1C(O)C1(Br)C=N1,CC(=O)Nc1ccc(O)cc1,C11H11BrN2O3,28,C3H4BrNO
CC(=NCl)OCC(=O)Nc1ccc(O)cc1,CC(=O)Nc1ccc(O)cc1,C10H11ClN2O3,27,C2H4ClNO
O=C(CC(CF)C(F)F)Nc1ccc(O)cc1,CC(=O)Nc1ccc(O)cc1,C11H12F3NO2,29,C3H5F3
COC(CBr)c1cc(NC(C)=O)ccc1O,CC(=O)Nc1ccc(O)cc1,C11H14BrNO3,30,C3H7BrO
CC(=O)Nc1ccc(OC(S)=NNN)cc1,CC(=O)Nc1ccc(O)cc1,C9H12N4O2S,28,CH5N3S
CC(=O)Nc1ccc(OCC2n3n(C)n32)cc1,CC(=O)Nc1ccc(O)cc1,C11H14N4O2,31,C3H7N3
C=C(CC(=O)Nc1ccc(O)cc1)CC(C)C,CC(=O)Nc1ccc(O)cc1,C14H19NO2,36,C6H12
CC(=O)Nc1ccc(O)cc1OC#N,CC(=O)Nc1ccc(O)cc1,C9H8N2O3,22,CHNO
CC(=O)Nc1ccc(O)cc1ON1C2CC21Br,CC(=O)Nc1ccc(O)cc1,C11H11BrN2O3,28,C3H4BrNO
C=CC(c1cc(O)ccc1NC(C)=O)C(O)Br,CC(=O)Nc1ccc(O)cc1,C12H14BrNO3,31,C4H7BrO
CC(=O)Nc1ccc(O)cc1C1OC1(Cl)Cl,CC(=O)Nc1ccc(O)cc1,C10H9Cl2NO3,25,C2H2Cl2O
CC(=O)Nc1ccc(O[SH]23=C=NN4C2N43)cc1,CC(=O)Nc1ccc(O)cc1,C10H10N4O2S,27,C2H3N3S
C=C(OCF)ON(C(C)=O)c1ccc(O)cc1,CC(=O)Nc1ccc(O)cc1,C11H12FNO4,29,C3H5FO2
CC(CC(=O)Nc1ccc(O)cc1)C(O)C[SiH3],CC(=O)Nc1ccc(O)cc1,C12H19NO3Si,36,C4H12OSi
CC(=O)Nc1ccc(O)cc1OOSCl,CC(=O)Nc1ccc(O)cc1,C8H8ClNO4S,23,HClO2S
CC(=O)N(c1ccc(O)cc1)C(Cl)Cl,CC(=O)Nc1ccc(O)cc1,C9H9Cl2NO2,23,CH2Cl2
CNN=Cc1cc(NC(C)=O)ccc1O,CC(=O)Nc1ccc(O)cc1,C10H13N3O2,28,C2H6N2
CC(=O)Nc1ccc(OC(Cl)(Cl)Cl)cc1,CC(=O)Nc1ccc(O)cc1,C9H8Cl3NO2,23,CHCl3
CC(=O)N(c1ccc(O)cc1)C1OO1,CC(=O)Nc1ccc(O)cc1,C9H9NO4,23,CH2O2
C=NC([O-])(O)c1cc(O)ccc1NC(C)=O,CC(=O)Nc1ccc(O)cc1,C10H11N2O4-,27,C2H4NO2-
CC(=O)Nc1ccc(OS2#CN=2)cc1,CC(=O)Nc1ccc(O)cc1,C9H8N2O2S,22,CHNS
CC(=O)Nc1ccc(O)c(N2NCNO2)c1,CC(=O)Nc1ccc(O)cc1,C9H12N4O3,28,CH5N3O
CC(=O)Nc1ccc(OSOCNO)cc1,CC(=O)Nc1ccc(O)cc1,C9H12N2O4S,28,CH5NO2S
CC(=O)Nc1ccc(OC(Br)Br)cc1,CC(=O)Nc1ccc(O)cc1,C9H9Br2NO2,23,CH2Br2
CCC(NC)SN(C(C)=O)c1ccc(O)cc1,CC(=O)Nc1ccc(O)cc1,C12H18N2O2S,35,C4H11NS
CC(=O)Nc1ccc(O[SH](=O)(O)NC=N)cc1,CC(=O)Nc1ccc(O)cc1,C9H13N3O4S,30,CH6N2O2S
C[NH2+]COc1ccc(NC(C)=O)cc1,CC(=O)Nc1ccc(O)cc1,C10H15N2O2+,29,C2H8N+
CCC([SH2+])Cc1cc(NC(C)=O)ccc1O,CC(=O)Nc1ccc(O)cc1,C12H18NO2S+,34,C4H11S+
CC(=O)Nc1ccc(O)c(NCNC(C)O)c1,CC(=O)Nc1ccc(O)cc1,C11H17N3O3,34,C3H10N2O
CC(F)CC(=O)Nc1ccc(O)cc1,CC(=O)Nc1ccc(O)cc1,C10H12FNO2,26,C2H5F
O=C(CCCCONCl)Nc1ccc(O)cc1,CC(=O)Nc1ccc(O)cc1,C11H15ClN2O3,32,C3H8ClNO
CC(=O)Nc1ccc(O)cc1C(Cl)[SiH2]Cl,CC(=O)Nc1ccc(O)cc1,C9H11Cl2NO2Si,26,CH4Cl2Si
C=NC(Br)OCc1cc(O)ccc1NC(C)=O,CC(=O)Nc1ccc(O)cc1,C11H13BrN2O3,30,C3H6BrNO
O=C(CCSC=C(O)O)Nc1ccc(O)cc1,CC(=O)Nc1ccc(O)cc1,C11H13NO4S,30,C3H6O2S
CC(=O)Nc1ccc(O)c(ON=N)c1,CC(=O)Nc1ccc(O)cc1,C8H9N3O3,23,H2N2O
CC(=O)N(CN)c1ccc(O)cc1,CC(=O)Nc1ccc(O)cc1,C9H12N2O2,25,CH5N
CC(=O)Nc1ccc(O)cc1CCF,CC(=O)Nc1ccc(O)cc1,C10H12FNO2,26,C2H5F
CC(=O)Nc1ccc(O)cc1C1=COCC1S,CC(=O)Nc1ccc(O)cc1,C12H13NO3S,30,C4H6OS
CC(=O)N(c1ccc(O)cc1)C1([O-])OC(C)O1,CC(=O)Nc1ccc(O)cc1,C11H12NO5-,29,C3H5O3-
CC(=O)N(CCCC=O)c1ccc(O)cc1,CC(=O)Nc1ccc(O)cc1,C12H15NO3,31,C4H8O
C=C(C)C[NH+](C)c1cc(NC(C)=O)ccc1O,CC(=O)Nc1ccc(O)cc1,C13H19N2O2+,36,C5H12N+
CC(=O)Nc1ccc(O[SH4]C=CN=CN)cc1,CC(=O)Nc1ccc(O)cc1,C11H17N3O2S,34,C3H10N2S
CC(=O)N(C[PH2]1NCOO1)c1ccc(O)cc1,CC(=O)Nc1ccc(O)cc1,C10H15N2O4P,32,C2H8NO2P
CC(=O)Nc1ccc(ON2C3=NC2O3)cc1,CC(=O)Nc1ccc(O)cc1,C10H9N3O3,25,C2H2N2O
COC=NSOc1cc(NC(C)=O)ccc1O,CC(=O)Nc1ccc(O)cc1,C10H12N2O4S,29,C2H5NO2S
COCC[SiH2]CN(C(C)=O)c1ccc(O)cc1,CC(=O)Nc1ccc(O)cc1,C12H19NO3Si,36,C4H12OSi
CCCc1cc(NC(C)=O)ccc1O,CC(=O)Nc1ccc(O)cc1,C11H15NO2,29,C3H8
CCC(CC(=O)Nc1ccc(O)cc1)C(=N)F,CC(=O)Nc1ccc(O)cc1,C12H15FN2O2,32,C4H8FN
CC(=O)Nc1ccc(O)cc1C(F)CN(F)F,CC(=O)Nc1ccc(O)cc1,C10H11F3N2O2,28,C2H4F3N
CC(=O)Nc1ccc(O[SH3]2C3=CN2CS3)cc1,CC(=O)Nc1ccc(O)cc1,C11H14N2O2S2,31,C3H7NS2
O=C(CN1OOO1)Nc1ccc(O)cc1,CC(=O)Nc1ccc(O)cc1,C8H8N2O5,23,HNO3
CC(=O)Nc1ccc(OS(F)(F)(F)(F)F)cc1,CC(=O)Nc1ccc(O)cc1,C8H8F5NO2S,25,HF5S
BOOCC(=O)Nc1ccc(O)cc1,CC(=O)Nc1ccc(O)cc1,C8H10BNO4,24,H3BO2
CC(=O)Nc1ccc(O)c(OSOO)c1,CC(=O)Nc1ccc(O)cc1,C8H9NO5S,24,H2O3S
CC(=O)Nc1ccc(O)cc1C1NCNS1,CC(=O)Nc1ccc(O)cc1,C10H13N3O2S,29,C2H6N2S
CC(=O)Nc1ccc(O)cc1C12CCC(C1)C2,CC(=O)Nc1ccc(O)cc1,C14H17NO2,34,C6H10
CC(=O)Nc1ccc(O)cc1N1C=NC1,CC(=O)Nc1ccc(O)cc1,C10H11N3O2,26,C2H4N2
CC(=O)N(c1ccc(O)cc1)N(O)C=O,CC(=O)Nc1ccc(O)cc1,C9H10N2O4,25,CH3NO2
CC(=O)N(OSOO[Na])c1ccc(O)cc1,CC(=O)Nc1ccc(O)cc1,C8H8NNaO5S,24,HNaO3S
O=C(CN[SH2]12NC3C1C32)Nc1ccc(O)cc1,CC(=O)Nc1ccc(O)cc1,C11H15N3O2S,32,C3H8N2S
CC(=O)N(c1ccc(O)cc1)C1SC2OCC21,CC(=O)Nc1ccc(O)cc1,C12H13NO3S,30,C4H6OS
CCC(C)(CO)c1cc(NC(C)=O)ccc1O,CC(=O)Nc1ccc(O)cc1,C13H19NO3,36,C5H12O
CC[NH2+]CN(C(C)=O)c1ccc(O)cc1,CC(=O)Nc1ccc(O)cc1,C11H17N2O2+,32,C3H10N+
O=C(CC1CC=[IH2]1)Nc1ccc(O)cc1,CC(=O)Nc1ccc(O)cc1,C11H14INO2,29,C3H7I
CC(=O)Nc1ccc(O)c(C(Cl)N(N)C=O)c1,CC(=O)Nc1ccc(O)cc1,C10H12ClN3O3,29,C2H5ClN2O
CC(=O)Nc1ccc(Oc2cccs2)cc1,CC(=O)Nc1ccc(O)cc1,C12H11NO2S,27,C4H4S
CC(=O)Nc1ccc(O)cc1C=CN(C)F,CC(=O)Nc1ccc(O)cc1,C11H13FN2O2,29,C3H6FN
CC(=O)Nc1ccc(O)c(C2=CC2CN)c1,CC(=O)Nc1ccc(O)cc1,C12H14N2O2,30,C4H7N
CC(=O)Nc1ccc(O)c(C2(N)CNO2)c1,CC(=O)Nc1ccc(O)cc1,C10H13N3O3,29,C2H6N2O
O=C(Cn1[nH]n1CO)Nc1ccc(O)cc1,CC(=O)Nc1ccc(O)cc1,C9H12N4O3,28,CH5N3O
C=CSc1cc(O)ccc1NC(C)=O,CC(=O)Nc1ccc(O)cc1,C10H11NO2S,25,C2H4S
CC(=O)Nc1ccc(O)cc1[N+]12C3C4C3C1C42,CC(=O)Nc1ccc(O)cc1,C13H13N2O2+,30,C5H6N+
C=C(I)c1cc(NC(C)=O)ccc1O,CC(=O)Nc1ccc(O)cc1,C10H10INO2,24,C2H3I
CC(=O)Nc1ccc(OC#COOCCl)cc1,CC(=O)Nc1ccc(O)cc1,C11H10ClNO4,27,C3H3ClO2
O=C(CO[SH](=O)=O)Nc1ccc(O)cc1,CC(=O)Nc1ccc(O)cc1,C8H9NO5S,24,H2O3S
O=C(CC12C[SH2]1(CO)O2)Nc1ccc(O)cc1,CC(=O)Nc1ccc(O)cc1,C11H15NO4S,32,C3H8O2S
CC(=O)Nc1ccc(O)c(C(F)(F)F)c1,CC(=O)Nc1ccc(O)cc1,C9H8F3NO2,23,CHF3
CC(=O)Nc1ccc(OC2OCN2OO)cc1,CC(=O)Nc1ccc(O)cc1,C10H12N2O5,29,C2H5NO3
CC(=O)Nc1ccc(O)cc1C(F)(F)S,CC(=O)Nc1ccc(O)cc1,C9H9F2NO2S,24,CH2F2S
CC(=O)N(c1ccc(O)cc1)C(C)C(C)(O)Br,CC(=O)Nc1ccc(O)cc1,C12H16BrNO3,33,C4H9BrO
C[NH2+]C(C)C(C)c1cc(O)ccc1NC(C)=O,CC(=O)Nc1ccc(O)cc1,C13H21N2O2+,38,C5H14N+
CC(=O)Nc1ccc(OCC2=CS2)cc1,CC(=O)Nc1ccc(O)cc1,C11H11NO2S,26,C3H4S
CC(=O)Nc1ccc(O)cc1NC12CCC1C2,CC(=O)Nc1ccc(O)cc1,C13H16N2O2,33,C5H9N
CC(=O)Nc1ccc(O)cc1C=CO,CC(=O)Nc1ccc(O)cc1,C10H11NO3,25,C2H4O
CC(=O)Nc1ccc(O)cc1C#CI,CC(=O)Nc1ccc(O)cc1,C10H8INO2,22,C2HI
CC(=O)N(c1ccc(O)cc1)C12CNC13SC32,CC(=O)Nc1ccc(O)cc1,C12H12N2O2S,29,C4H5NS
CC(=O)Nc1ccc(O)cc1C1(Cl)OCO1,CC(=O)Nc1ccc(O)cc1,C10H10ClNO4,26,C2H3ClO2
CC(Cl)(Cl)C(Cl)CC(=O)Nc1ccc(O)cc1,CC(=O)Nc1ccc(O)cc1,C11H12Cl3NO2,29,C3H5Cl3
CC(=O)Nc1ccc(O)c(N2NC[NH2+]2)c1,CC(=O)Nc1ccc(O)cc1,C9H13N4O2+,28,CH6N3+
CC(=O)Nc1ccc(O)c(C2(F)CC2)c1,CC(=O)Nc1ccc(O)cc1,C11H12FNO2,27,C3H5F
CC(=O)Nc1ccc(OONOS)cc1,CC(=O)Nc1ccc(O)cc1,C8H10N2O4S,25,H3NO2S
C=[SH]1(N(C(C)=O)c2ccc(O)cc2)CCS1,CC(=O)Nc1ccc(O)cc1,C11H15NO2S2,31,C3H8S2
CC(=O)Nc1ccc(O[SH2]23C4SC25C3N45)cc1,CC(=O)Nc1ccc(O)cc1,C11H12N2O2S2,29,C3H5NS2
O=C(CN1C23OC4=[SH]12N43)Nc1ccc(O)cc1,CC(=O)Nc1ccc(O)cc1,C10H9N3O3S,26,C2H2N2OS
CC(=O)Nc1ccc(OC23ON4C2ON43)cc1,CC(=O)Nc1ccc(O)cc1,C10H9N3O4,26,C2H2N2O2
CC(=O)Nc1ccc(O)cc1C1C(F)N1C,CC(=O)Nc1ccc(O)cc1,C11H13FN2O2,29,C3H6FN
CC(=O)Nc1ccc(OC=C(I)OCN)cc1,CC(=O)Nc1ccc(O)cc1,C11H13IN2O3,30,C3H6INO
CC(=O)Nc1ccc(O[PH](=O)O[O-])cc1,CC(=O)Nc1ccc(O)cc1,C8H9NO5P-,24,H2O3P-
O=C(CC1=C(NO)O1)Nc1ccc(O)cc1,CC(=O)Nc1ccc(O)cc1,C10H10N2O4,26,C2H3NO2
CC(=O)Nc1ccc(O)cc1OCCO,CC(=O)Nc1ccc(O)cc1,C10H13NO4,28,C2H6O2
CC(=O)Nc1ccc(O)cc1N1N2C3=S214SC34,CC(=O)Nc1ccc(O)cc1,C10H9N3O2S2,26,C2H2N2S2
CC(=O)Nc1ccc(O)c(SCOC2CS2)c1,CC(=O)Nc1ccc(O)cc1,C11H13NO3S2,30,C3H6OS2
C=c1oc(=Cc2cc(NC(C)=O)ccc2O)o1,CC(=O)Nc1ccc(O)cc1,C12H11NO4,28,C4H4O2
CCOc1ccc(NC(C)=O)cc1,CC(=O)Nc1ccc(O)cc1,C10H13NO2,26,C2H6
CC(=O)Nc1ccc(O)c(OC(C)SCO)c1,CC(=O)Nc1ccc(O)cc1,C11H15NO4S,32,C3H8O2S
O=C(CC1SCC(O)S1)Nc1ccc(O)cc1,CC(=O)Nc1ccc(O)cc1,C11H13NO3S2,30,C3H6OS2
O=C(CCCCS)Nc1ccc(O)cc1,CC(=O)Nc1ccc(O)cc1,C11H15NO2S,30,C3H8S
CC(=O)Nc1ccc(O)cc1OCF,CC(=O)Nc1ccc(O)cc1,C9H10FNO3,24,CH3FO
CC(=O)Nc1ccc(O)c(N2NN(C)N2)c1,CC(=O)Nc1ccc(O)cc1,C9H13N5O2,29,CH6N4
CC(=O)Nc1ccc(O)cc1CC1CO1,CC(=O)Nc1ccc(O)cc1,C11H13NO3,28,C3H6O
CC(=O)Nc1ccc(O)cc1C1=C2C3CC123,CC(=O)Nc1ccc(O)cc1,C13H11NO2,27,C5H4
O=C(CC(F)(F)CF)Nc1ccc(O)c(F)c1,CC(=O)Nc1ccc(O)cc1,C10H9F4NO2,26,C2H2F4
CC(=O)N(c1ccc(O)cc1)C(N)CN,CC(=O)Nc1ccc(O)cc1,C10H15N3O2,30,C2H8N2
CC(=O)Nc1ccc(OC(C)C(F)OF)cc1,CC(=O)Nc1ccc(O)cc1,C11H13F2NO3,30,C3H6F2O
C=C1C=CC=C1CC(=O)Nc1ccc(O)cc1,CC(=O)Nc1ccc(O)cc1,C14H13NO2,30,C6H6
CCC1N=C(N(C(C)=O)c2ccc(O)cc2)N1,CC(=O)Nc1ccc(O)cc1,C12H15N3O2,32,C4H8N2
NC(CNCO)CC(=O)Nc1ccc(O)cc1,CC(=O)Nc1ccc(O)cc1,C11H17N3O3,34,C3H10N2O
CC(=O)Nc1ccc(O)cc1CC(C)[O-],CC(=O)Nc1ccc(O)cc1,C11H14NO3-,29,C3H7O-
CCOC(=N)Sc1cc(NC(C)=O)ccc1O,CC(=O)Nc1ccc(O)cc1,C11H14N2O3S,31,C3H7NOS
CC(=O)Nc1ccc(O)c(OCO[PH2]=O)c1,CC(=O)Nc1ccc(O)cc1,C9H12NO5P,28,CH5O3P
CC(=O)N(c1ccc(O)cc1)C12OC1=C2O,CC(=O)Nc1ccc(O)cc1,C11H9NO4,25,C3H2O2
CC(=O)Nc1ccc(O)c(C(C)(O)OCCl)c1,CC(=O)Nc1ccc(O)cc1,C11H14ClNO4,31,C3H7ClO2
CC(=O)Nc1ccc(O)c(C(Br)(Br)Br)c1,CC(=O)Nc1ccc(O)cc1,C9H8Br3NO2,23,CHBr3
CC(=O)Nc1ccc(O)cc1CCl,CC(=O)Nc1ccc(O)cc1,C9H10ClNO2,23,CH3Cl
O=C(CC1(Cl)OC1(Cl)Cl)Nc1ccc(O)cc1,CC(=O)Nc1ccc(O)cc1,C10H8Cl3NO3,25,C2HCl3O
CC(=O)Nc1ccc(O)cc1C(C)NCO,CC(=O)Nc1ccc(O)cc1,C11H16N2O3,32,C3H9NO
CC(=O)N(c1ccc(O)cc1)C12NSCC1O2,CC(=O)Nc1ccc(O)cc1,C11H12N2O3S,29,C3H5NOS
CC(=O)Nc1ccc(O)c(C(F)C(F)SF)c1,CC(=O)Nc1ccc(O)cc1,C10H10F3NO2S,27,C2H3F3S
C=C(CC(F)F)c1cc(NC(C)=O)ccc1O,CC(=O)Nc1ccc(O)cc1,C12H13F2NO2,30,C4H6F2
CC(=O)Nc1ccc(OO[PH](=O)OO)cc1,CC(=O)Nc1ccc(O)cc1,C8H10NO6P,26,H3O4P
CC(=O)Nc1ccc(OC2(Br)CO2)cc1,CC(=O)Nc1ccc(O)cc1,C10H10BrNO3,25,C2H3BrO
O=C(COSOF)Nc1ccc(O)cc1,CC(=O)Nc1ccc(O)cc1,C8H8FNO4S,23,HFO2S
C=C(OF)Oc1ccc(NC(C)=O)cc1,CC(=O)Nc1ccc(O)cc1,C10H10FNO3,25,C2H3FO
CC(=O)Nc1ccc(OC2C[PH](C)(C)O2)cc1,CC(=O)Nc1ccc(O)cc1,C12H18NO3P,35,C4H11OP
CC(=O)Nc1ccc(O)c(C(Cl)(CO)CCl)c1,CC(=O)Nc1ccc(O)cc1,C11H13Cl2NO3,30,C3H6Cl2O
C=C(Oc1ccc(NC(C)=O)cc1)C(Cl)Cl,CC(=O)Nc1ccc(O)cc1,C11H11Cl2NO2,27,C3H4Cl2
CC(=O)N(C=CCS)c1ccc(O)cc1,CC(=O)Nc1ccc(O)cc1,C11H13NO2S,28,C3H6S
CC(=O)Nc1ccc(OCCC(N)F)cc1,CC(=O)Nc1ccc(O)cc1,C11H15FN2O2,31,C3H8FN
CC(=O)Nc1ccc(O)cc1C1C2=C1C2(S)Br,CC(=O)Nc1ccc(O)cc1,C12H10BrNO2S,27,C4H3BrS
C[NH2+]C(O)C(C)c1cc(O)ccc1NC(C)=O,CC(=O)Nc1ccc(O)cc1,C12H19N2O3+,36,C4H12NO+
C=C(CC(=O)Nc1ccc(O)cc1)N=CC,CC(=O)Nc1ccc(O)cc1,C12H14N2O2,30,C4H7N
CC(=O)Nc1ccc(OC([O-])OC=O)cc1,CC(=O)Nc1ccc(O)cc1,C10H10NO5-,26,C2H3O3-
CC(=O)Nc1ccc(O)c(C(Cl)=CCl)c1,CC(=O)Nc1ccc(O)cc1,C10H9Cl2NO2,24,C2H2Cl2
CC(=O)Nc1ccc(O)cc1N1COC1Br,CC(=O)Nc1ccc(O)cc1,C10H11BrN2O3,27,C2H4BrNO
CC(=O)Nc1ccc(O)c([PH]2(S)COOC2)c1,CC(=O)Nc1ccc(O)cc1,C10H14NO4PS,31,C2H7O2PS
CC(=O)Nc1ccc(O)c([N+]#N)c1,CC(=O)Nc1ccc(O)cc1,C8H8N3O2+,21,HN2+
CC(=O)N(SN(C)OON)c1ccc(O)cc1,CC(=O)Nc1ccc(O)cc1,C9H13N3O4S,30,CH6N2O2S
CC(=O)Nc1ccc(O)c(SCO)c1,CC(=O)Nc1ccc(O)cc1,C9H11NO3S,25,CH4OS
CC(=O)Nc1ccc(O)c(N2N=N2)c1,CC(=O)Nc1ccc(O)cc1,C8H8N4O2,22,HN3
CC(=O)Nc1ccc(O)c(C2=C3CC2O3)c1,CC(=O)Nc1ccc(O)cc1,C12H11NO3,27,C4H4O
CC(=O)Nc1ccc(O)c(C(OO)=C(F)F)c1,CC(=O)Nc1ccc(O)cc1,C10H9F2NO4,26,C2H2F2O2
CC(=O)Nc1ccc(O)c(C(CCl)C(C)Cl)c1,CC(=O)Nc1ccc(O)cc1,C12H15Cl2NO2,32,C4H8Cl2
CCC(Cl)[SiH](Cl)c1cc(NC(C)=O)ccc1O,CC(=O)Nc1ccc(O)cc1,C11H15Cl2NO2Si,32,C3H8Cl2Si
CC(=O)Nc1ccc(O)c(N(CO)OS)c1,CC(=O)Nc1ccc(O)cc1,C9H12N2O4S,28,CH5NO2S
O=C(CC1CSC=[SH2]=N1)Nc1ccc(O)cc1,CC(=O)Nc1ccc(O)cc1,C11H14N2O2S2,31,C3H7NS2
CCNCC(N)c1cc(NC(C)=O)ccc1O,CC(=O)Nc1ccc(O)cc1,C12H19N3O2,36,C4H12N2
CC(=O)Nc1ccc(OOSOOO)cc1,CC(=O)Nc1ccc(O)cc1,C8H9NO6S,25,H2O4S
CC(=O)N(c1ccc(O)cc1)C12NC3C(S1)C32,CC(=O)Nc1ccc(O)cc1,C12H12N2O2S,29,C4H5NS
CN=CNC=NOc1ccc(NC(C)=O)cc1,CC(=O)Nc1ccc(O)cc1,C11H14N4O2,31,C3H7N3
CC(=O)N(c1ccc(O)cc1)C(F)F,CC(=O)Nc1ccc(O)cc1,C9H9F2NO2,23,CH2F2
CC(=O)Nc1ccc(O)c(C(F)(F)SF)c1,CC(=O)Nc1ccc(O)cc1,C9H8F3NO2S,24,CHF3S
CC(=O)Nc1ccc(OC(Cl)(Cl)CCCl)cc1,CC(=O)Nc1ccc(O)cc1,C11H12Cl3NO2,29,C3H5Cl3
CC(=O)Nc1ccc(O[SH]23=COC2C3)cc1,CC(=O)Nc1ccc(O)cc1,C11H13NO3S,29,C3H6OS
C=NOc1ccc(NC(C)=O)cc1,CC(=O)Nc1ccc(O)cc1,C9H10N2O2,23,CH3N
CC(=O)Nc1ccc2c(c1)C=C1O[SH2](=[SH3]1)O2,CC(=O)Nc1ccc(O)cc1,C10H13NO3S2,29,C2H6OS2
CC(=O)Nc1ccc(O)c(C23CC2N3)c1,CC(=O)Nc1ccc(O)cc1,C11H12N2O2,27,C3H5N
CC(=O)Nc1ccc(O)c(CC(F)COF)c1,CC(=O)Nc1ccc(O)cc1,C11H13F2NO3,30,C3H6F2O
CC(=O)Nc1ccc(O[SH]23=CN2C3)cc1,CC(=O)Nc1ccc(O)cc1,C10H12N2O2S,27,C2H5NS
CC(=O)Nc1ccc(OC(Cl)CC2=C=N2)cc1,CC(=O)Nc1ccc(O)cc1,C12H11ClN2O2,28,C4H4ClN
CC(=O)Nc1ccc(O)cc1C(O)=CCCl,CC(=O)Nc1ccc(O)cc1,C11H12ClNO3,28,C3H5ClO
CC(=O)Nc1ccc(OC(=O)OC(=N)O)cc1,CC(=O)Nc1ccc(O)cc1,C10H10N2O5,27,C2H3NO3
CC(F)(CF)CC(=O)Nc1ccc(O)c(F)c1,CC(=O)Nc1ccc(O)cc1,C11H12F3NO2,29,C3H5F3
CC(=O)Nc1ccc(O)c(C2(I)C=C2)c1,CC(=O)Nc1ccc(O)cc1,C11H10INO2,25,C3H3I
O=C(CN1C2=CC21)Nc1ccc(O)cc1,CC(=O)Nc1ccc(O)cc1,C11H10N2O2,25,C3H3N
CC(=O)N(c1ccc(O)cc1)C(C)Cl,CC(=O)Nc1ccc(O)cc1,C10H12ClNO2,26,C2H5Cl
CC(=O)Nc1ccc(O)c(CC(F)(F)CF)c1,CC(=O)Nc1ccc(O)cc1,C11H12F3NO2,29,C3H5F3
CC(=O)Nc1ccc(OS(F)(F)(F)(F)F)cc1,CC(=O)Nc1ccc(O)cc1,C8H8F5NO2S,25,HF5S
CC(=O)Nc1ccc(OC23CCC2(C)C3)cc1,CC(=O)Nc1ccc(O)cc1,C14H17NO2,34,C6H10
C[SiH2]C(C)(C)CC(=O)Nc1ccc(O)cc1,CC(=O)Nc1ccc(O)cc1,C12H19NO2Si,35,C4H12Si
N#CSCC(=O)Nc1ccc(O)cc1,CC(=O)Nc1ccc(O)cc1,C9H8N2O2S,22,CHNS
O=C(F)CC(=O)Nc1ccc(O)cc1,CC(=O)Nc1ccc(O)cc1,C9H8FNO3,22,CHFO
Cc1ncnn1CC(=O)Nc1ccc(O)cc1,CC(=O)Nc1ccc(O)cc1,C11H12N4O2,29,C3H5N3
O=C(CN1CCCC1)Nc1ccc(O)cc1,CC(=O)Nc1ccc(O)cc1,C12H16N2O2,32,C4H9N
CC(=O)Nc1ccc(O)c(C2CS2)c1,CC(=O)Nc1ccc(O)cc1,C10H11NO2S,25,C2H4S
CC(=O)Nc1ccc(O)cc1OSOCl,CC(=O)Nc1ccc(O)cc1,C8H8ClNO4S,23,HClO2S
CC(=O)Nc1ccc(O[SH](=O)([O-])C=O)cc1,CC(=O)Nc1ccc(O)cc1,C9H10NO5S-,26,CH3O3S-
CC(=O)Nc1ccc(O)cc1SCSCO,CC(=O)Nc1ccc(O)cc1,C10H13NO3S2,29,C2H6OS2
C=C(CC)c1cc(NC(C)=O)ccc1O,CC(=O)Nc1ccc(O)cc1,C12H15NO2,30,C4H8
CC(=O)Nc1ccc(O)c(SC2=NC2)c1,CC(=O)Nc1ccc(O)cc1,C10H10N2O2S,25,C2H3NS
CC(=O)N(CI)c1ccc(O)cc1,CC(=O)Nc1ccc(O)cc1,C9H10INO2,23,CH3I
CC(=O)Nc1ccc(OOCO)cc1,CC(=O)Nc1ccc(O)cc1,C9H11NO4,25,CH4O2
CC(=O)N(CC1NC1C)c1ccc(O)cc1,CC(=O)Nc1ccc(O)cc1,C12H16N2O2,32,C4H9N
CC(=O)N(c1ccc(O)cc1)C(Br)C=NO,CC(=O)Nc1ccc(O)cc1,C10H11BrN2O3,27,C2H4BrNO
O=C(CN1OOO1)Nc1ccc(O)cc1,CC(=O)Nc1ccc(O)cc1,C8H8N2O5,23,HNO3
C#S1(Oc2ccc(NC(C)=O)cc2)CC2=C1S2,CC(=O)Nc1ccc(O)cc1,C12H11NO2S2,28,C4H4S2
CC(=O)Nc1ccc(ONC2=CO2)cc1,CC(=O)Nc1ccc(O)cc1,C10H10N2O3,25,C2H3NO
C=C(O[O-])Oc1cc(NC(C)=O)ccc1O,CC(=O)Nc1ccc(O)cc1,C10H10NO5-,26,C2H3O3-
CC(=O)Nc1ccc(O)cc1C1OCN=NO1,CC(=O)Nc1ccc(O)cc1,C10H11N3O4,28,C2H4N2O2
CC(=O)N(OC(F)C(C)F)c1ccc(O)cc1,CC(=O)Nc1ccc(O)cc1,C11H13F2NO3,30,C3H6F2O
CC(=O)Nc1ccc(O[SH2](=O)C=O)cc1,CC(=O)Nc1ccc(O)cc1,C9H11NO4S,26,CH4O2S
CC(=O)Nc1ccc(O)cc1CCC(C)(C)[NH3+],CC(=O)Nc1ccc(O)cc1,C13H21N2O2+,38,C5H14N+
CC(=O)Nc1ccc(On2ncsoo2)cc1,CC(=O)Nc1ccc(O)cc1,C9H9N3O4S,26,CH2N2O2S
C=NCC(F)CCC(=O)Nc1ccc(O)cc1,CC(=O)Nc1ccc(O)cc1,C12H15FN2O2,32,C4H8FN
C=CC(c1cc(NC(C)=O)ccc1O)C([O-])O,CC(=O)Nc1ccc(O)cc1,C12H14NO4-,31,C4H7O2-
CC(=O)Nc1ccc(O)c(OCC(N)CCl)c1,CC(=O)Nc1ccc(O)cc1,C11H15ClN2O3,32,C3H8ClNO
O=CC(Cl)NCC(=O)Nc1ccc(O)cc1,CC(=O)Nc1ccc(O)cc1,C10H11ClN2O3,27,C2H4ClNO
O=C(C[PH]1(O)CCCO1)Nc1ccc(O)cc1,CC(=O)Nc1ccc(O)cc1,C11H16NO4P,33,C3H9O2P
CC(=O)Nc1ccc(O)cc1C(F)C(C)C,CC(=O)Nc1ccc(O)cc1,C12H16FNO2,32,C4H9F
CC(=O)Nc1ccc(O)cc1C#[SH](F)F,CC(=O)Nc1ccc(O)cc1,C9H9F2NO2S,24,CH2F2S
O=C(CC1=C=C(S)SS1)Nc1ccc(O)cc1,CC(=O)Nc1ccc(O)cc1,C11H9NO2S3,26,C3H2S3
CC(=O)N(C[SiH](O)C(C)C)c1ccc(O)cc1,CC(=O)Nc1ccc(O)cc1,C12H19NO3Si,36,C4H12OSi
CC(=O)Nc1ccc(O[SH]23=NN2C=C3O)cc1,CC(=O)Nc1ccc(O)cc1,C10H11N3O3S,28,C2H4N2OS
CCC(F)(CO)c1cc(NC(C)=O)ccc1O,CC(=O)Nc1ccc(O)cc1,C12H16FNO3,33,C4H9FO
CC(=O)Nc1ccc(O)c(CCNCl)c1,CC(=O)Nc1ccc(O)cc1,C10H13ClN2O2,28,C2H6ClN
CCC(C)[SiH2]c1cc(O)ccc1NC(C)=O,CC(=O)Nc1ccc(O)cc1,C12H19NO2Si,35,C4H12Si
CC(=O)N(c1cccs1)c1ccc(O)cc1Cl,CC(=O)Nc1ccc(O)cc1,C12H10ClNO2S,27,C4H3ClS
CCCCCCCC(=O)Nc1ccc(O)cc1,CC(=O)Nc1ccc(O)cc1,C14H21NO2,38,C6H14
O=C(CC(O)(F)F)Nc1ccc(O)cc1,CC(=O)Nc1ccc(O)cc1,C9H9F2NO3,24,CH2F2O
C=CN(C(C)=O)c1ccc(O)cc1,CC(=O)Nc1ccc(O)cc1,C10H11NO2,24,C2H4
CC(=O)Nc1ccc(O)c(S2(C(O)O)=CN=2)c1,CC(=O)Nc1ccc(O)cc1,C10H12N2O4S,29,C2H5NO2S
CC[NH+](C)CCOc1ccc(NC(C)=O)cc1,CC(=O)Nc1ccc(O)cc1,C13H21N2O2+,38,C5H14N+
CC(=O)Nc1ccc(O)cc1C=NNN,CC(=O)Nc1ccc(O)cc1,C9H12N4O2,27,CH5N3
O=C(CN1C=COC=C1)Nc1ccc(O)cc1,CC(=O)Nc1ccc(O)cc1,C12H12N2O3,29,C4H5NO
CC(=O)Nc1ccc(O)cc1C1OSOC1C,CC(=O)Nc1ccc(O)cc1,C11H13NO4S,30,C3H6O2S
CC(=O)Nc1ccc(O)c(Oc2ncsn2)c1,CC(=O)Nc1ccc(O)cc1,C10H9N3O3S,26,C2H2N2OS
C=COC=Cc1cc(NC(C)=O)ccc1O,CC(=O)Nc1ccc(O)cc1,C12H13NO3,29,C4H6O
CC(=O)N(c1ccc(O)cc1)C1OCOO1,CC(=O)Nc1ccc(O)cc1,C10H11NO5,27,C2H4O3
CC(=O)Nc1ccc(O)c(SCC=O)c1,CC(=O)Nc1ccc(O)cc1,C10H11NO3S,26,C2H4OS
CC(=O)Nc1ccc(OC(C)C(C)C)cc1,CC(=O)Nc1ccc(O)cc1,C13H19NO2,35,C5H12
CC(=O)Nc1ccc(O)c([S+](C)C)c1,CC(=O)Nc1ccc(O)cc1,C10H14NO2S+,28,C2H7S+
CC(=O)Nc1ccc(O)c(C2C3C4OC423)c1,CC(=O)Nc1ccc(O)cc1,C12H11NO3,27,C4H4O
CC(=O)Nc1ccc(O)cc1C1=CC12OO2,CC(=O)Nc1ccc(O)cc1,C11H9NO4,25,C3H2O2
CC(=O)Nc1ccc(O[SH3]2C=C(O)O2)cc1,CC(=O)Nc1ccc(O)cc1,C10H13NO4S,29,C2H6O2S
CC(=O)N(C=C1C=C(I)S1)c1ccc(O)cc1,CC(=O)Nc1ccc(O)cc1,C12H10INO2S,27,C4H3IS
CC(=O)Nc1ccc(OC2(CS)NN2N)cc1,CC(=O)Nc1ccc(O)cc1,C10H14N4O2S,31,C2H7N3S
NCC(F)CC(=O)Nc1ccc(O)cc1,CC(=O)Nc1ccc(O)cc1,C10H13FN2O2,28,C2H6FN
CC(=O)N(CCCBr)c1ccc(O)cc1,CC(=O)Nc1ccc(O)cc1,C11H14BrNO2,29,C3H7Br
CC(=O)Nc1ccc(OC(C)O[NH3+])cc1,CC(=O)Nc1ccc(O)cc1,C10H15N2O3+,30,C2H8NO+
CC(=O)Nc1ccc(O)cc1C12N3C4=[SH2]1C432,CC(=O)Nc1ccc(O)cc1,C11H10N2O2S,26,C3H3NS
CC(=O)Nc1ccc(OOOOSO)cc1,CC(=O)Nc1ccc(O)cc1,C8H9NO6S,25,H2O4S
CC(=O)Nc1ccc(O)cc1CC(C)(C)Cl,CC(=O)Nc1ccc(O)cc1,C12H16ClNO2,32,C4H9Cl
CCN(Cl)N(C(C)=O)c1ccc(O)cc1,CC(=O)Nc1ccc(O)cc1,C10H13ClN2O2,28,C2H6ClN
CC(=O)Nc1ccc(O)c(CCCC(N)Cl)c1,CC(=O)Nc1ccc(O)cc1,C12H17ClN2O2,34,C4H10ClN
CC(=O)Nc1ccc(O)c(OC(=N)NO)c1,CC(=O)Nc1ccc(O)cc1,C9H11N3O4,27,CH4N2O2
C=NC(=C)CC(=O)Nc1ccc(O)cc1,CC(=O)Nc1ccc(O)cc1,C11H12N2O2,27,C3H5N
CC(=O)N(c1ccc(O)cc1)C1OC(F)(F)O1,CC(=O)Nc1ccc(O)cc1,C10H9F2NO4,26,C2H2F2O2
NOCC(=O)Nc1ccc(O)cc1,CC(=O)Nc1ccc(O)cc1,C8H10N2O3,23,H3NO
O=C(O)CC(=O)Nc1ccc(O)cc1,CC(=O)Nc1ccc(O)cc1,C9H9NO4,23,CH2O2
CC(=O)Nc1ccc(O)c(C2([O-])C=CO2)c1,CC(=O)Nc1ccc(O)cc1,C11H10NO4-,26,C3H3O2-
C=C1OC=C(CC(=O)Nc2ccc(O)cc2)O1,CC(=O)Nc1ccc(O)cc1,C12H11NO4,28,C4H4O2
CC(=O)Nc1ccc(O[SH3]2NC(=O)CO2)cc1,CC(=O)Nc1ccc(O)cc1,C10H14N2O4S,31,C2H7NO2S
CC(=O)Nc1ccc(O[PH2]2OC3(CO3)O2)cc1,CC(=O)Nc1ccc(O)cc1,C10H12NO5P,29,C2H5O3P
CCCSc1cc(O)ccc1NC(C)=O,CC(=O)Nc1ccc(O)cc1,C11H15NO2S,30,C3H8S
CC(=O)N(c1ccc(O)cc1)[SH](=O)=CC(N)O,CC(=O)Nc1ccc(O)cc1,C10H14N2O4S,31,C2H7NO2S
CC(=O)Nc1ccc(O)c(OC(O)(O)S)c1,CC(=O)Nc1ccc(O)cc1,C9H11NO5S,27,CH4O3S
CO[PH](=O)c1cc(NC(C)=O)ccc1O,CC(=O)Nc1ccc(O)cc1,C9H12NO4P,27,CH5O2P
CO[PH2](Oc1ccc(NC(C)=O)cc1)SC=O,CC(=O)Nc1ccc(O)cc1,C10H14NO4PS,31,C2H7O2PS
CC(=O)N(c1ccc(O)cc1)C1CCN1,CC(=O)Nc1ccc(O)cc1,C11H14N2O2,29,C3H7N
CC(=O)Nc1ccc(O)c(C2(Br)OC(C)O2)c1,CC(=O)Nc1ccc(O)cc1,C11H12BrNO4,29,C3H5BrO2
CC(=O)Nc1ccc(O)c(-c2nc3cc-3n2)c1,CC(=O)Nc1ccc(O)cc1,C12H9N3O2,26,C4H2N2
CC(=O)Nc1ccc(O)c(C2=N[Se]2)c1,CC(=O)Nc1ccc(O)cc1,C9H8N2O2Se,22,CHNSe
C[NH2+]CC(OC)c1cc(O)ccc1NC(C)=O,CC(=O)Nc1ccc(O)cc1,C12H19N2O3+,36,C4H12NO+
O=C(CCSF)Nc1ccc(O)cc1F,CC(=O)Nc1ccc(O)cc1,C9H9F2NO2S,24,CH2F2S
CC(=O)Nc1ccc(O)cc1CCC1CC1,CC(=O)Nc1ccc(O)cc1,C13H17NO2,33,C5H10
CC(=O)Nc1ccc(O)c(C2(Br)SC3=C2C3)c1,CC(=O)Nc1ccc(O)cc1,C12H10BrNO2S,27,C4H3BrS
CC(=O)Nc1ccc(O)c([SH]2=C3CCC[SH2]=23)c1,CC(=O)Nc1ccc(O)cc1,C12H17NO2S2,34,C4H10S2
CC(=O)Nc1ccc(O)cc1SCOC=O,CC(=O)Nc1ccc(O)cc1,C10H11NO4S,27,C2H4O2S
O=C(CC12C=CO[SH3]1C2)Nc1ccc(O)cc1,CC(=O)Nc1ccc(O)cc1,C12H15NO3S,32,C4H8OS
CC(=O)Nc1ccc(O)c(C23C=C(OC2)O3)c1,CC(=O)Nc1ccc(O)cc1,C12H11NO4,28,C4H4O2
CC(=O)Nc1ccc(OC2(C=O)CO2)cc1,CC(=O)Nc1ccc(O)cc1,C11H11NO4,27,C3H4O2
COC(O)C(Cl)c1cc(O)ccc1NC(C)=O,CC(=O)Nc1ccc(O)cc1,C11H14ClNO4,31,C3H7ClO2
C[SH2]#CCC(=O)Nc1ccc(O)cc1,CC(=O)Nc1ccc(O)cc1,C10H13NO2S,27,C2H6S
CC(=O)Nc1ccc(OC(=O)[O-])cc1,CC(=O)Nc1ccc(O)cc1,C9H8NO4-,22,CHO2-
CC(=O)Nc1ccc(O)c(C2S[SH2]34SC3C24)c1,CC(=O)Nc1ccc(O)cc1,C11H13NO2S3,30,C3H6S3
CC(=O)Nc1ccc(OC(O)CCS)cc1,CC(=O)Nc1ccc(O)cc1,C11H15NO3S,31,C3H8OS
CC(=O)Nc1ccc(OS(F)(F)(F)(F)F)cc1,CC(=O)Nc1ccc(O)cc1,C8H8F5NO2S,25,HF5S
CC(=O)Nc1ccc(O)cc1CC(N)Cl,CC(=O)Nc1ccc(O)cc1,C10H13ClN2O2,28,C2H6ClN
CC(=O)Nc1ccc(O)c(NCNCCS)c1,CC(=O)Nc1ccc(O)cc1,C11H17N3O2S,34,C3H10N2S
CC(=O)Nc1ccc(O)cc1C(F)C(F)SF,CC(=O)Nc1ccc(O)cc1,C10H10F3NO2S,27,C2H3F3S
O=C(CC(Cl)(Cl)CCCl)Nc1ccc(O)cc1,CC(=O)Nc1ccc(O)cc1,C11H12Cl3NO2,29,C3H5Cl3
C=NC(O)=NNCC(=O)Nc1ccc(O)cc1,CC(=O)Nc1ccc(O)cc1,C10H12N4O3,29,C2H5N3O
CC(=O)Nc1ccc(O)c(C2CNC2(C)F)c1,CC(=O)Nc1ccc(O)cc1,C12H15FN2O2,32,C4H8FN
CC(=O)N(COC(O)CS)c1ccc(O)cc1,CC(=O)Nc1ccc(O)cc1,C11H15NO4S,32,C3H8O2S
CC(=O)Nc1ccc(OC=C2SC=CS2)cc1,CC(=O)Nc1ccc(O)cc1,C12H11NO2S2,28,C4H4S2
CC(=O)Nc1ccc(O)cc1C1=C(I)C1,CC(=O)Nc1ccc(O)cc1,C11H10INO2,25,C3H3I
CC(=O)Nc1ccc(O)c(C2=CC3=C2C3)c1,CC(=O)Nc1ccc(O)cc1,C13H11NO2,27,C5H4
CC(=O)Nc1ccc(O)cc1C(=N)OO,CC(=O)Nc1ccc(O)cc1,C9H10N2O4,25,CH3NO2
COOCc1cc(O)ccc1NC(C)=O,CC(=O)Nc1ccc(O)cc1,C10H13NO4,28,C2H6O2
CC(=O)Nc1ccc(ON(C)C(=O)I)cc1,CC(=O)Nc1ccc(O)cc1,C10H11IN2O3,27,C2H4INO
CC(=O)Nc1ccc(O)c(C(CN=O)NO)c1,CC(=O)Nc1ccc(O)cc1,C10H13N3O4,30,C2H6N2O2
CC(=O)N(C1=NC1C=CBr)c1ccc(O)cc1,CC(=O)Nc1ccc(O)cc1,C12H11BrN2O2,28,C4H4BrN
CC(=O)Nc1ccc(OC2(CS)C3NN32)cc1,CC(=O)Nc1ccc(O)cc1,C11H13N3O2S,30,C3H6N2S
CC(=O)Nc1ccc(O)cc1C1CC1(Cl)CCl,CC(=O)Nc1ccc(O)cc1,C12H13Cl2NO2,30,C4H6Cl2
CC(=O)Nc1ccc(OCC(Cl)C(Cl)Cl)cc1,CC(=O)Nc1ccc(O)cc1,C11H12Cl3NO2,29,C3H5Cl3
CC(=O)Nc1ccc(OP(=O)(O)O[O-])cc1,CC(=O)Nc1ccc(O)cc1,C8H9NO6P-,25,H2O4P-
CC(=O)Nc1ccc(ONN)cc1,CC(=O)Nc1ccc(O)cc1,C8H11N3O2,24,H4N2
CC(F)N(C)CC(=O)Nc1ccc(O)cc1,CC(=O)Nc1ccc(O)cc1,C11H15FN2O2,31,C3H8FN
CC(=O)N(c1ccc(O)cc1)C(F)(F)C(F)F,CC(=O)Nc1ccc(O)cc1,C10H9F4NO2,26,C2H2F4
CC(=O)Nc1ccc(O)cc1C(F)OF,CC(=O)Nc1ccc(O)cc1,C9H9F2NO3,24,CH2F2O
CC(=O)Nc1ccc(OCC(Cl)CCl)cc1,CC(=O)Nc1ccc(O)cc1,C11H13Cl2NO2,29,C3H6Cl2
CC(=O)Nc1ccc(O)c(OC2OC3NN32)c1,CC(=O)Nc1ccc(O)cc1,C10H11N3O4,28,C2H4N2O2
O=C(CCCCl)Nc1ccc(O)cc1,CC(=O)Nc1ccc(O)cc1,C10H12ClNO2,26,C2H5Cl
C=C1SC(c2cc(O)ccc2NC(C)=O)=C1Br,CC(=O)Nc1ccc(O)cc1,C12H10BrNO2S,27,C4H3BrS
CC(=O)Nc1ccc(O[SH2]23CCC2=CN3)cc1,CC(=O)Nc1ccc(O)cc1,C12H16N2O2S,33,C4H9NS
CC(=O)Nc1ccc(O)c(NN2C=NC2=S)c1,CC(=O)Nc1ccc(O)cc1,C10H10N4O2S,27,C2H3N3S
CC(=O)N(c1ccc(O)cc1)n1n2n1SC2,CC(=O)Nc1ccc(O)cc1,C9H10N4O2S,26,CH3N3S
C=NCN=Cc1cc(O)ccc1NC(C)=O,CC(=O)Nc1ccc(O)cc1,C11H13N3O2,29,C3H6N2
CC(=O)Nc1ccc(O)cc1CCCCCF,CC(=O)Nc1ccc(O)cc1,C13H18FNO2,35,C5H11F
CC(=O)Nc1ccc(O)cc1OC(C)(S)O[O-],CC(=O)Nc1ccc(O)cc1,C10H12NO5S-,29,C2H5O3S-
CC(=O)Nc1ccc(OCN(F)CF)cc1,CC(=O)Nc1ccc(O)cc1,C10H12F2N2O2,28,C2H5F2N
CC(=O)Nc1ccc(O)cc1C(S)COC=S,CC(=O)Nc1ccc(O)cc1,C11H13NO3S2,30,C3H6OS2
CCC(=NO)Nc1cc(O)ccc1NC(C)=O,CC(=O)Nc1ccc(O)cc1,C11H15N3O3,32,C3H8N2O
CC(=O)Nc1ccc(O)cc1OC1CC2CC21,CC(=O)Nc1ccc(O)cc1,C13H15NO3,32,C5H8O
CC(=O)Nc1ccc(O)c(C2=NO2)c1,CC(=O)Nc1ccc(O)cc1,C9H8N2O3,22,CHNO
COCON=Cc1cc(NC(C)=O)ccc1O,CC(=O)Nc1ccc(O)cc1,C11H14N2O4,31,C3H7NO2
CC(=O)Nc1ccc(O)cc1OC1CC(Br)O1,CC(=O)Nc1ccc(O)cc1,C11H12BrNO4,29,C3H5BrO2
CC(=O)N(c1ccc(O)cc1)[SH2]12C3C14NC342,CC(=O)Nc1ccc(O)cc1,C11H12N2O2S,28,C3H5NS
CC(=O)Nc1ccc(OP(=O)(O)O[O-])cc1,CC(=O)Nc1ccc(O)cc1,C8H9NO6P-,25,H2O4P-
CCCC(C)Oc1ccc(NC(C)=O)cc1,CC(=O)Nc1ccc(O)cc1,C13H19NO2,35,C5H12
CC(=O)Nc1ccc(O)c(C(CCl)C(Cl)Cl)c1,CC(=O)Nc1ccc(O)cc1,C11H12Cl3NO2,29,C3H5Cl3
CC(=O)Nc1ccc(O)cc1C(O)C1N=[SH2]1C,CC(=O)Nc1ccc(O)cc1,C11H16N2O3S,33,C3H9NOS
CC(=O)Nc1ccc(O)c(C=CCl)c1,CC(=O)Nc1ccc(O)cc1,C10H10ClNO2,24,C2H3Cl
CC(=O)Nc1ccc(O)cc1[SH]12=CN1N2,CC(=O)Nc1ccc(O)cc1,C9H11N3O2S,26,CH4N2S
CCC(OF)c1cc(NC(C)=O)ccc1O,CC(=O)Nc1ccc(O)cc1,C11H14FNO3,30,C3H7FO
CC(=O)Nc1ccc(O)cc1SC1CC1C,CC(=O)Nc1ccc(O)cc1,C12H15NO2S,31,C4H8S
CC(=O)Nc1ccc(OC2(Cl)CC2)cc1,CC(=O)Nc1ccc(O)cc1,C11H12ClNO2,27,C3H5Cl
CCC(CC)[SiH2]c1cc(NC(C)=O)ccc1O,CC(=O)Nc1ccc(O)cc1,C13H21NO2Si,38,C5H14Si
CC(=O)N(C[NH+]=N)c1ccc(O)cc1,CC(=O)Nc1ccc(O)cc1,C9H12N3O2+,26,CH5N2+
CC(=O)Nc1ccc(O)c(NC=N)c1,CC(=O)Nc1ccc(O)cc1,C9H11N3O2,25,CH4N2
O=Cn1[nH]n1CC(=O)Nc1ccc(O)cc1,CC(=O)Nc1ccc(O)cc1,C9H10N4O3,26,CH3N3O
CCC(CS)c1cc(O)ccc1NC(C)=O,CC(=O)Nc1ccc(O)cc1,C12H17NO2S,33,C4H10S
C=CNC[SH2](=O)N(C(C)=O)c1ccc(O)cc1,CC(=O)Nc1ccc(O)cc1,C11H16N2O3S,33,C3H9NOS
CC(=O)N(CC(C)(Cl)CCl)c1ccc(O)cc1,CC(=O)Nc1ccc(O)cc1,C12H15Cl2NO2,32,C4H8Cl2
O=C(CC12SC3=[SH]1=NN32)Nc1ccc(O)cc1,CC(=O)Nc1ccc(O)cc1,C10H9N3O2S2,26,C2H2N2S2
C=C(OO)c1cc(O)ccc1NC(C)=O,CC(=O)Nc1ccc(O)cc1,C10H11NO4,26,C2H4O2
CC(=O)Nc1ccc(O[SH4]CC2=CO2)cc1,CC(=O)Nc1ccc(O)cc1,C11H15NO3S,31,C3H8OS
CCC(c1cc(NC(C)=O)ccc1O)C(C)O,CC(=O)Nc1ccc(O)cc1,C13H19NO3,36,C5H12O
C=C(OSNO)c1cc(NC(C)=O)ccc1O,CC(=O)Nc1ccc(O)cc1,C10H12N2O4S,29,C2H5NO2S
CC(=O)Nc1ccc(O)cc1N1C(C)C12C=C2,CC(=O)Nc1ccc(O)cc1,C13H14N2O2,31,C5H7N
CC(=O)Nc1ccc(OC2=C(O)C(Br)=C2)cc1,CC(=O)Nc1ccc(O)cc1,C12H10BrNO3,27,C4H3BrO
CC(=O)N(c1ccc(O)cc1)C1On2[nH]n2O1,CC(=O)Nc1ccc(O)cc1,C9H10N4O4,27,CH3N3O2
CC(=O)Nc1ccc(O)cc1C1=NOC1,CC(=O)Nc1ccc(O)cc1,C10H10N2O3,25,C2H3NO
O=C(CC1OOOC=[PH2]1)Nc1ccc(O)cc1,CC(=O)Nc1ccc(O)cc1,C10H12NO5P,29,C2H5O3P
CC(=O)Nc1ccc(OC23N4C5N2C543)cc1,CC(=O)Nc1ccc(O)cc1,C11H9N3O2,25,C3H2N2
COC(CN)c1cc(O)ccc1NC(C)=O,CC(=O)Nc1ccc(O)cc1,C11H16N2O3,32,C3H9NO
CC(=O)Nc1ccc(O)cc1OCF,CC(=O)Nc1ccc(O)cc1,C9H10FNO3,24,CH3FO
CC(=O)Nc1ccc(OOOO[PH2]=O)cc1,CC(=O)Nc1ccc(O)cc1,C8H10NO6P,26,H3O4P
COCCOc1cc(NC(C)=O)ccc1O,CC(=O)Nc1ccc(O)cc1,C11H15NO4,31,C3H8O2
CC(=O)Nc1ccc(O)cc1C=COCl,CC(=O)Nc1ccc(O)cc1,C10H10ClNO3,25,C2H3ClO
CC(=O)Nc1ccc(O)c(C(O)N(O)C=O)c1,CC(=O)Nc1ccc(O)cc1,C10H12N2O5,29,C2H5NO3
CC(=O)Nc1ccc(OC(F)CCCF)cc1,CC(=O)Nc1ccc(O)cc1,C12H15F2NO2,32,C4H8F2
CC(=O)Nc1ccc(O)c(C[NH3+])c1,CC(=O)Nc1ccc(O)cc1,C9H13N2O2+,26,CH6N+
CC(=O)Nc1ccc(O)cc1C1C23CC4C2C413,CC(=O)Nc1ccc(O)cc1,C14H13NO2,30,C6H6
CC=NC(CN)c1cc(NC(C)=O)ccc1O,CC(=O)Nc1ccc(O)cc1,C12H17N3O2,34,C4H10N2
CC(=O)Nc1ccc(O)c(C(C)I)c1,CC(=O)Nc1ccc(O)cc1,C10H12INO2,26,C2H5I
CC(=O)N(c1ccc(O)cc1)[SiH](C)C(O)CO,CC(=O)Nc1ccc(O)cc1,C11H17NO4Si,34,C3H10O2Si
CC(=O)Nc1ccc(O)c(NOC(C)=NCl)c1,CC(=O)Nc1ccc(O)cc1,C10H12ClN3O3,29,C2H5ClN2O
CC(=O)Nc1ccc(OC(C)C(N)S)cc1,CC(=O)Nc1ccc(O)cc1,C11H16N2O2S,32,C3H9NS
CC(=O)Nc1ccc(O)c(C=C(F)C(F)F)c1,CC(=O)Nc1ccc(O)cc1,C11H10F3NO2,27,C3H3F3
CC(=O)N(c1ccc(O)cc1)C(Br)CBr,CC(=O)Nc1ccc(O)cc1,C10H11Br2NO2,26,C2H4Br2
CC(=O)Nc1ccc(ONc2ncns2)cc1,CC(=O)Nc1ccc(O)cc1,C10H10N4O2S,27,C2H3N3S
CC(=O)Nc1ccc(O)cc1N1N2C=[SH]1=N2,CC(=O)Nc1ccc(O)cc1,C9H10N4O2S,26,CH3N3S
CC(=O)Nc1ccc(O)c(N=CC([O-])O)c1,CC(=O)Nc1ccc(O)cc1,C10H11N2O4-,27,C2H4NO2-
N#CCC(=O)Nc1ccc(O)cc1,CC(=O)Nc1ccc(O)cc1,C9H8N2O2,21,CHN
CC(=O)Nc1ccc(O)c(OCC(C)C)c1,CC(=O)Nc1ccc(O)cc1,C12H17NO3,33,C4H10O
CC(=O)Nc1ccc(ON(C)CCO)cc1,CC(=O)Nc1ccc(O)cc1,C11H16N2O3,32,C3H9NO
CC(=O)N(c1ccc(O)cc1)[SH]123CSC14C2=C43,CC(=O)Nc1ccc(O)cc1,C12H11NO2S2,28,C4H4S2
CC(=O)Nc1ccc(O)c(C(O)(F)C=O)c1,CC(=O)Nc1ccc(O)cc1,C10H10FNO4,26,C2H3FO2
CC(=O)Nc1ccc(O)c(C(Br)OC=O)c1,CC(=O)Nc1ccc(O)cc1,C10H10BrNO4,26,C2H3BrO2
O=C(CNn1ccnn1)Nc1ccc(O)cc1,CC(=O)Nc1ccc(O)cc1,C10H11N5O2,28,C2H4N4
CC(=O)Nc1ccc(O)cc1OC1C2ON12,CC(=O)Nc1ccc(O)cc1,C10H10N2O4,26,C2H3NO2
CC(=O)N(CCCCCO)c1ccc(O)cc1,CC(=O)Nc1ccc(O)cc1,C13H19NO3,36,C5H12O
CC(=O)Nc1ccc(O)cc1C(Br)(Br)Br,CC(=O)Nc1ccc(O)cc1,C9H8Br3NO2,23,CHBr3
CC(=O)Nc1ccc(O)cc1C1CCSC1S,CC(=O)Nc1ccc(O)cc1,C12H15NO2S2,32,C4H8S2
CC(=O)Nc1ccc(O)cc1CBr,CC(=O)Nc1ccc(O)cc1,C9H10BrNO2,23,CH3Br
O=C(CN1N=N1)Nc1ccc(O)cc1,CC(=O)Nc1ccc(O)cc1,C8H8N4O2,22,HN3
O=C(Cn1soc2oc1=2)Nc1ccc(O)cc1,CC(=O)Nc1ccc(O)cc1,C10H8N2O4S,25,C2HNO2S
CC(=O)Nc1ccc(O)cc1C(F)F,CC(=O)Nc1ccc(O)cc1,C9H9F2NO2,23,CH2F2
CC(=O)N(c1ccc(O)cc1)C1(Cl)OO1,CC(=O)Nc1ccc(O)cc1,C9H8ClNO4,23,CHClO2
CC(=O)Nc1ccc(OOOCBN)cc1,CC(=O)Nc1ccc(O)cc1,C9H13BN2O4,29,CH6BNO2
CC(=O)Nc1ccc(O)c(CC(F)F)c1,CC(=O)Nc1ccc(O)cc1,C10H11F2NO2,26,C2H4F2
CC(=O)Nc1ccc(O)c(C(C)(C)[SiH](C)C)c1,CC(=O)Nc1ccc(O)cc1,C13H21NO2Si,38,C5H14Si
C[NH2+]C(C)c1cc(O)ccc1NC(C)=O,CC(=O)Nc1ccc(O)cc1,C11H17N2O2+,32,C3H10N+
CN(F)C(F)CC(=O)Nc1ccc(O)cc1,CC(=O)Nc1ccc(O)cc1,C10H12F2N2O2,28,C2H5F2N
CC(=O)N(c1ccc(O)cc1)C1CCCC1C,CC(=O)Nc1ccc(O)cc1,C14H19NO2,36,C6H12
CC(=O)Nc1ccc(O)c(C(F)C(C)CN)c1,CC(=O)Nc1ccc(O)cc1,C12H17FN2O2,34,C4H10FN
CC(=O)Nc1ccc(O)cc1C(=O)Cl,CC(=O)Nc1ccc(O)cc1,C9H8ClNO3,22,CHClO
CC(=O)Nc1ccc(O)c(C(C)(C)[SiH3])c1,CC(=O)Nc1ccc(O)cc1,C11H17NO2Si,32,C3H10Si
CC(=O)Nc1ccc(O)c(BC(O)O)c1,CC(=O)Nc1ccc(O)cc1,C9H12BNO4,27,CH5BO2
CC(=O)Nc1ccc(O)cc1C12OC(O1)C2[O-],CC(=O)Nc1ccc(O)cc1,C11H10NO5-,27,C3H3O3-
CNO[PH](=O)OCC(=O)Nc1ccc(O)cc1,CC(=O)Nc1ccc(O)cc1,C9H13N2O5P,30,CH6NO3P
CC(=O)N(C=C(C)CCN)c1ccc(O)cc1,CC(=O)Nc1ccc(O)cc1,C13H18N2O2,35,C5H11N
CC(=O)Nc1ccc(O)c(N(C)CCF)c1,CC(=O)Nc1ccc(O)cc1,C11H15FN2O2,31,C3H8FN
CC(=O)Nc1ccc(ONCCCNS)cc1,CC(=O)Nc1ccc(O)cc1,C11H17N3O2S,34,C3H10N2S
CC(=O)Nc1ccc(O)c(SOO)c1,CC(=O)Nc1ccc(O)cc1,C8H9NO4S,23,H2O2S
CC(=O)Nc1ccc(O)c(C(Cl)Cl)c1,CC(=O)Nc1ccc(O)cc1,C9H9Cl2NO2,23,CH2Cl2
CC(=O)Nc1ccc(O)cc1C1=NN2C(Br)C12,CC(=O)Nc1ccc(O)cc1,C11H10BrN3O2,27,C3H3BrN2
CC(=O)Nc1ccc(OC23CCN(C2)O3)cc1,CC(=O)Nc1ccc(O)cc1,C12H14N2O3,31,C4H7NO
CC(=O)Nc1ccc(O)c(C(Br)(Br)Br)c1,CC(=O)Nc1ccc(O)cc1,C9H8Br3NO2,23,CHBr3
CC(=O)Nc1ccc(O)cc1OC(O)=CBr,CC(=O)Nc1ccc(O)cc1,C10H10BrNO4,26,C2H3BrO2
C=C(C#N)c1cc(O)ccc1NC(C)=O,CC(=O)Nc1ccc(O)cc1,C11H10N2O2,25,C3H3N
CC(=O)Nc1ccc(OC2CO2)cc1,CC(=O)Nc1ccc(O)cc1,C10H11NO3,25,C2H4O
O=C(Cn1n2ncsn12)Nc1ccc(O)cc1,CC(=O)Nc1ccc(O)cc1,C9H9N5O2S,26,CH2N4S
CC(=O)Nc1ccc(O)c(C2OC[PH3]2)c1,CC(=O)Nc1ccc(O)cc1,C10H14NO3P,29,C2H7OP
CC(=O)Nc1ccc(O)cc1O[PH2]=O,CC(=O)Nc1ccc(O)cc1,C8H10NO4P,24,H3O2P
CC(=O)N(c1ccc(O)cc1)C(C)C(N)Cl,CC(=O)Nc1ccc(O)cc1,C11H15ClN2O2,31,C3H8ClN
CC(=O)Nc1ccc(O)c(C2=C[SH2]2([O-])OO)c1,CC(=O)Nc1ccc(O)cc1,C10H12NO5S-,29,C2H5O3S-
CC(=O)Nc1ccc(OC(F)C2CO2)cc1,CC(=O)Nc1ccc(O)cc1,C11H12FNO3,28,C3H5FO
CC(=O)N(c1ccc(O)cc1)[PH]1(O)OOCS1,CC(=O)Nc1ccc(O)cc1,C9H12NO5PS,29,CH5O3PS
CC(=O)Nc1ccc(O)cc1C(Cl)CC=CN,CC(=O)Nc1ccc(O)cc1,C12H15ClN2O2,32,C4H8ClN
C=CC(Cl)(CCl)c1cc(NC(C)=O)ccc1O,CC(=O)Nc1ccc(O)cc1,C12H13Cl2NO2,30,C4H6Cl2
CC(=O)Nc1ccc(O)cc1OCOSCl,CC(=O)Nc1ccc(O)cc1,C9H10ClNO4S,26,CH3ClO2S
O=C(CC(O)(Cl)SO)Nc1ccc(O)cc1,CC(=O)Nc1ccc(O)cc1,C9H10ClNO4S,26,CH3ClO2S
CC(=O)Nc1ccc(O)cc1C1[NH2+]OCCO1,CC(=O)Nc1ccc(O)cc1,C11H15N2O4+,32,C3H8NO2+
CC(=O)Nc1ccc(O)cc1OOSCl,CC(=O)Nc1ccc(O)cc1,C8H8ClNO4S,23,HClO2S
O=C(CN1CCSCO1)Nc1ccc(O)cc1,CC(=O)Nc1ccc(O)cc1,C11H14N2O3S,31,C3H7NOS
CC(=O)Nc1ccc(O)cc1[N+]#N,CC(=O)Nc1ccc(O)cc1,C8H8N3O2+,21,HN2+
C=CC(SCC)c1cc(O)ccc1NC(C)=O,CC(=O)Nc1ccc(O)cc1,C13H17NO2S,34,C5H10S
CC(=O)N(c1ccc(O)cc1)C1OC2NC1O2,CC(=O)Nc1ccc(O)cc1,C11H12N2O4,29,C3H5NO2
CC(=O)Nc1ccc(O)cc1C(Cl)(Cl)Cl,CC(=O)Nc1ccc(O)cc1,C9H8Cl3NO2,23,CHCl3
CC(=O)Nc1ccc(O)cc1C1=C2S[SH3]21,CC(=O)Nc1ccc(O)cc1,C10H11NO2S2,26,C2H4S2
CC(=O)Nc1ccc(OC(C)CO)cc1,CC(=O)Nc1ccc(O)cc1,C11H15NO3,30,C3H8O
CC(=O)N(c1ccc(O)cc1)C1C2OOC21[O-],CC(=O)Nc1ccc(O)cc1,C11H10NO5-,27,C3H3O3-
CC(=O)Nc1ccc(O[NH2+]C(C)O)cc1,CC(=O)Nc1ccc(O)cc1,C10H15N2O3+,30,C2H8NO+
CC(=O)Nc1ccc(O)cc1C(Cl)C(Cl)Cl,CC(=O)Nc1ccc(O)cc1,C10H10Cl3NO2,26,C2H3Cl3
COC(CC(=O)Nc1ccc(O)cc1)C(C)F,CC(=O)Nc1ccc(O)cc1,C12H16FNO3,33,C4H9FO
CCCCN(C(C)=O)c1ccc(O)cc1,CC(=O)Nc1ccc(O)cc1,C12H17NO2,32,C4H10
CCCCSc1cc(O)ccc1NC(C)=O,CC(=O)Nc1ccc(O)cc1,C12H17NO2S,33,C4H10S
N#[N+]CC(=O)Nc1ccc(O)cc1,CC(=O)Nc1ccc(O)cc1,C8H8N3O2+,21,HN2+
CC(=O)Nc1ccc(OC2=C3OOC32)cc1,CC(=O)Nc1ccc(O)cc1,C11H9NO4,25,C3H2O2
NNCC(=O)Nc1ccc(O)cc1,CC(=O)Nc1ccc(O)cc1,C8H11N3O2,24,H4N2
CC(=O)N(SC1=CSC1=S)c1ccc(O)cc1,CC(=O)Nc1ccc(O)cc1,C11H9NO2S3,26,C3H2S3
BCNOOc1cc(NC(C)=O)ccc1O,CC(=O)Nc1ccc(O)cc1,C9H13BN2O4,29,CH6BNO2
CC(=O)Nc1ccc(O)cc1C(Br)(Br)CBr,CC(=O)Nc1ccc(O)cc1,C10H10Br3NO2,26,C2H3Br3
CC(=O)Nc1ccc(O)c(CCO)c1,CC(=O)Nc1ccc(O)cc1,C10H13NO3,27,C2H6O
CC(=O)Nc1ccc(O)c(C2(O)C(Cl)C2Cl)c1,CC(=O)Nc1ccc(O)cc1,C11H11Cl2NO3,28,C3H4Cl2O
CC(=O)Nc1ccc(O)c(P(Cl)Cl)c1,CC(=O)Nc1ccc(O)cc1,C8H8Cl2NO2P,22,HCl2P
CC(=O)Nc1ccc(OC(=O)O[PH](=O)O)cc1,CC(=O)Nc1ccc(O)cc1,C9H10NO6P,27,CH3O4P
CC(=O)Nc1ccc(O)cc1OO[PH](=O)O,CC(=O)Nc1ccc(O)cc1,C8H10NO6P,26,H3O4P
CC(=O)Nc1ccc(O)cc1N(Cl)C1=C=[SH]#C1,CC(=O)Nc1ccc(O)cc1,C11H9ClN2O2S,26,C3H2ClNS
C=C(CC(F)F)c1cc(NC(C)=O)ccc1O,CC(=O)Nc1ccc(O)cc1,C12H13F2NO2,30,C4H6F2
CC(=O)Nc1ccc(OS2#CN=2)cc1,CC(=O)Nc1ccc(O)cc1,C9H8N2O2S,22,CHNS
CC(=O)N(c1ccc(O)cc1)N1CN1,CC(=O)Nc1ccc(O)cc1,C9H11N3O2,25,CH4N2
CC(=O)Nc1ccc(O)cc1C1CC1(Cl)Cl,CC(=O)Nc1ccc(O)cc1,C11H11Cl2NO2,27,C3H4Cl2
CC(=O)Nc1ccc(O)c(CCCCBr)c1,CC(=O)Nc1ccc(O)cc1,C12H16BrNO2,32,C4H9Br
CC(=O)Nc1ccc(O[Si](C)(CCl)CCl)cc1,CC(=O)Nc1ccc(O)cc1,C11H15Cl2NO2Si,32,C3H8Cl2Si
CC(=O)Nc1ccc(OC#N)cc1,CC(=O)Nc1ccc(O)cc1,C9H8N2O2,21,CHN
CC(=O)Nc1ccc(O)cc1C1OC23ON2C13,CC(=O)Nc1ccc(O)cc1,C11H10N2O4,27,C3H3NO2
CCc1cc(O)ccc1NC(C)=O,CC(=O)Nc1ccc(O)cc1,C10H13NO2,26,C2H6
CCC(N)(F)c1cc(NC(C)=O)ccc1O,CC(=O)Nc1ccc(O)cc1,C11H15FN2O2,31,C3H8FN
CC(=O)N(c1ccc(O)cc1)C1SC2=C1C2Cl,CC(=O)Nc1ccc(O)cc1,C12H10ClNO2S,27,C4H3ClS
CC(=O)Nc1ccc(O)cc1OCF,CC(=O)Nc1ccc(O)cc1,C9H10FNO3,24,CH3FO
CC(=O)Nc1ccc(O)c(C2(C[O-])COO2)c1,CC(=O)Nc1ccc(O)cc1,C11H12NO5-,29,C3H5O3-
O=C(CC1=C2C3=[SH2]2C13)Nc1ccc(O)cc1,CC(=O)Nc1ccc(O)cc1,C12H11NO2S,27,C4H4S
CC(=O)Nc1ccc(O)cc1C1OO1,CC(=O)Nc1ccc(O)cc1,C9H9NO4,23,CH2O2
CC(=O)N(c1ccc(O)cc1)C(N)ON=N,CC(=O)Nc1ccc(O)cc1,C9H12N4O3,28,CH5N3O
C#COONc1cc(NC(C)=O)ccc1O,CC(=O)Nc1ccc(O)cc1,C10H10N2O4,26,C2H3NO2
C=NC(CC)Oc1ccc(NC(C)=O)cc1,CC(=O)Nc1ccc(O)cc1,C12H16N2O2,32,C4H9N
CC(=O)N(C[SeH])c1ccc(O)cc1,CC(=O)Nc1ccc(O)cc1,C9H11NO2Se,24,CH4Se
CC(=O)Nc1ccc(O)cc1S(=O)(=O)O[O-],CC(=O)Nc1ccc(O)cc1,C8H8NO6S-,24,HO4S-
CC(=O)Nc1ccc(OC(C)(C)[NH3+])cc1,CC(=O)Nc1ccc(O)cc1,C11H17N2O2+,32,C3H10N+
CC(=O)Nc1ccc(O)cc1OC(Br)C=O,CC(=O)Nc1ccc(O)cc1,C10H10BrNO4,26,C2H3BrO2
O=C(CCOCCl)Nc1ccc(O)cc1,CC(=O)Nc1ccc(O)cc1,C10H12ClNO3,27,C2H5ClO
O=C(CC1OC(Br)O1)Nc1ccc(O)cc1,CC(=O)Nc1ccc(O)cc1,C10H10BrNO4,26,C2H3BrO2
CC(=O)Nc1ccc(OC2(O)C=COO2)cc1,CC(=O)Nc1ccc(O)cc1,C11H11NO5,28,C3H4O3
CC(=O)Nc1ccc(O)c(SOON)c1,CC(=O)Nc1ccc(O)cc1,C8H10N2O4S,25,H3NO2S
O=C(CC(F)F)Nc1ccc(O)cc1,CC(=O)Nc1ccc(O)cc1,C9H9F2NO2,23,CH2F2
CC(=O)Nc1ccc(O)cc1OC(O)S,CC(=O)Nc1ccc(O)cc1,C9H11NO4S,26,CH4O2S
O=C(CC(Cl)[SiH2]Cl)Nc1ccc(O)cc1,CC(=O)Nc1ccc(O)cc1,C9H11Cl2NO2Si,26,CH4Cl2Si
CC(=O)N(C(=O)[O-])c1ccc(O)cc1,CC(=O)Nc1ccc(O)cc1,C9H8NO4-,22,CHO2-
C=CC1(c2cc(NC(C)=O)ccc2O)OCO1,CC(=O)Nc1ccc(O)cc1,C12H13NO4,30,C4H6O2
CC(=O)Nc1ccc(O)c(CC(C)CF)c1,CC(=O)Nc1ccc(O)cc1,C12H16FNO2,32,C4H9F
CC(=O)Nc1ccc(O)c(C(NN)C(C)S)c1,CC(=O)Nc1ccc(O)cc1,C11H17N3O2S,34,C3H10N2S
C[SiH](C)CC(=O)Nc1ccc(O)cc1,CC(=O)Nc1ccc(O)cc1,C10H15NO2Si,29,C2H8Si
CC(=O)Nc1ccc(O)cc1C1OC1F,CC(=O)Nc1ccc(O)cc1,C10H10FNO3,25,C2H3FO
CC(=O)Nc1ccc(O[SH2]23CC2C3S)cc1,CC(=O)Nc1ccc(O)cc1,C11H15NO2S2,31,C3H8S2
CC(=O)Nc1ccc(O[SH4]CN2C=C2)cc1,CC(=O)Nc1ccc(O)cc1,C11H16N2O2S,32,C3H9NS
CC(=O)Nc1ccc(O)c(C2SCN2C)c1,CC(=O)Nc1ccc(O)cc1,C11H14N2O2S,30,C3H7NS
CC(=O)Nc1ccc(O)cc1[PH](=O)O,CC(=O)Nc1ccc(O)cc1,C8H10NO4P,24,H3O2P
CC(=O)Nc1ccc(O)cc1C1=NN2CC12,CC(=O)Nc1ccc(O)cc1,C11H11N3O2,27,C3H4N2
C=CN(C#N)c1cc(NC(C)=O)ccc1O,CC(=O)Nc1ccc(O)cc1,C11H11N3O2,27,C3H4N2
CC(=O)Nc1ccc(O)c(C(F)(CF)SF)c1,CC(=O)Nc1ccc(O)cc1,C10H10F3NO2S,27,C2H3F3S
CC(=O)Nc1ccc(O)c(OC2(C)OC2O)c1,CC(=O)Nc1ccc(O)cc1,C11H13NO5,30,C3H6O3
C=C(c1cc(NC(C)=O)ccc1O)C(F)(F)F,CC(=O)Nc1ccc(O)cc1,C11H10F3NO2,27,C3H3F3
CCN(CC(=O)Nc1ccc(O)cc1)ONC,CC(=O)Nc1ccc(O)cc1,C11H17N3O3,34,C3H10N2O
CC(=O)Nc1ccc(ONC2O[PH2](C)O2)cc1,CC(=O)Nc1ccc(O)cc1,C10H15N2O4P,32,C2H8NO2P
O=C(Cc1conc1Br)Nc1ccc(O)cc1,CC(=O)Nc1ccc(O)cc1,C11H9BrN2O3,26,C3H2BrNO
CC(=O)Nc1ccc(O)cc1C([O-])(O)[PH](=O)[O-],CC(=O)Nc1ccc(O)cc1,C9H10NO6P-2,27,CH3O4P-2
O=C(CCCNCOCl)Nc1ccc(O)cc1,CC(=O)Nc1ccc(O)cc1,C11H15ClN2O3,32,C3H8ClNO
CNCSc1cc(NC(C)=O)ccc1O,CC(=O)Nc1ccc(O)cc1,C10H14N2O2S,29,C2H7NS
CC(=O)Nc1ccc(O)cc1C1NC2CC21,CC(=O)Nc1ccc(O)cc1,C12H14N2O2,30,C4H7N
O=C(COOOSO)Nc1ccc(O)cc1,CC(=O)Nc1ccc(O)cc1,C8H9NO6S,25,H2O4S
CC(CC(=O)Nc1ccc(O)cc1)NNCS,CC(=O)Nc1ccc(O)cc1,C11H17N3O2S,34,C3H10N2S
CC(=O)Nc1ccc(O)cc1C(CO)OCO,CC(=O)Nc1ccc(O)cc1,C11H15NO5,32,C3H8O3
COn1[nH]n1Oc1ccc(NC(C)=O)cc1,CC(=O)Nc1ccc(O)cc1,C9H12N4O3,28,CH5N3O
CC(=O)Nc1ccc(O)c(-n2cc3o[nH]n32)c1,CC(=O)Nc1ccc(O)cc1,C10H10N4O3,27,C2H3N3O
CC(=O)Nc1ccc(O[SH](C)(=O)P(=O)=O)cc1,CC(=O)Nc1ccc(O)cc1,C9H12NO5PS,29,CH5O3PS
CC(=O)N(OOC(Cl)=CCl)c1ccc(O)cc1,CC(=O)Nc1ccc(O)cc1,C10H9Cl2NO4,26,C2H2Cl2O2
CCCCc1cc(O)ccc1NC(C)=O,CC(=O)Nc1ccc(O)cc1,C12H17NO2,32,C4H10
CC(=O)Nc1ccc(O)cc1C(Cl)(Cl)Cl,CC(=O)Nc1ccc(O)cc1,C9H8Cl3NO2,23,CHCl3
C=C=NC(=NBr)c1cc(NC(C)=O)ccc1O,CC(=O)Nc1ccc(O)cc1,C11H10BrN3O2,27,C3H3BrN2
CC(=O)N(c1ccc(O)cc1)C12C3N1OC32Br,CC(=O)Nc1ccc(O)cc1,C11H9BrN2O3,26,C3H2BrNO
CC(=O)Nc1ccc(O)cc1C1C2=[SH3]C21CS,CC(=O)Nc1ccc(O)cc1,C12H15NO2S2,32,C4H8S2
CCOC(=CCl)c1cc(O)ccc1NC(C)=O,CC(=O)Nc1ccc(O)cc1,C12H14ClNO3,31,C4H7ClO
CC(=O)Nc1ccc(OC(C)(Br)Br)cc1,CC(=O)Nc1ccc(O)cc1,C10H11Br2NO2,26,C2H4Br2
CC(=O)Nc1ccc(O)c(CBr)c1,CC(=O)Nc1ccc(O)cc1,C9H10BrNO2,23,CH3Br
CC(=O)Nc1ccc(OC#CI)cc1,CC(=O)Nc1ccc(O)cc1,C10H8INO2,22,C2HI
CC(=O)Nc1ccc(O)cc1C[SiH2]C(C)CO,CC(=O)Nc1ccc(O)cc1,C12H19NO3Si,36,C4H12OSi
CC(=O)Nc1ccc(O)c(OC2=C3OC23)c1,CC(=O)Nc1ccc(O)cc1,C11H9NO4,25,C3H2O2
CC(=O)Nc1ccc(O)cc1C12C3SC1(Cl)C32,CC(=O)Nc1ccc(O)cc1,C12H10ClNO2S,27,C4H3ClS
CC(=O)Nc1ccc(O)c(C2N3N4OSC243)c1,CC(=O)Nc1ccc(O)cc1,C10H9N3O3S,26,C2H2N2OS
O=C(COC(F)C(F)F)Nc1ccc(O)cc1,CC(=O)Nc1ccc(O)cc1,C10H10F3NO3,27,C2H3F3O
O=C(CN1N=N1)Nc1ccc(O)cc1,CC(=O)Nc1ccc(O)cc1,C8H8N4O2,22,HN3
CNCC1NN1Oc1ccc(NC(C)=O)cc1,CC(=O)Nc1ccc(O)cc1,C11H16N4O2,33,C3H9N3
CC1C=NCC1CC(=O)Nc1ccc(O)cc1,CC(=O)Nc1ccc(O)cc1,C13H16N2O2,33,C5H9N
COC([O-])C(=O)c1cc(NC(C)=O)ccc1O,CC(=O)Nc1ccc(O)cc1,C11H12NO5-,29,C3H5O3-
CC(=O)Nc1ccc(O)cc1C1([O-])CO1,CC(=O)Nc1ccc(O)cc1,C10H10NO4-,25,C2H3O2-
CC(=O)Nc1ccc(O)c(C2(I)COC2)c1,CC(=O)Nc1ccc(O)cc1,C11H12INO3,28,C3H5IO
CC(=O)N(c1ccc(O)cc1)C12NCOC1O2,CC(=O)Nc1ccc(O)cc1,C11H12N2O4,29,C3H5NO2
CC(=O)Nc1ccc(O)cc1C(F)F,CC(=O)Nc1ccc(O)cc1,C9H9F2NO2,23,CH2F2
CC(=O)Nc1ccc(O)c(C=CF)c1,CC(=O)Nc1ccc(O)cc1,C10H10FNO2,24,C2H3F
CC(=O)Nc1ccc(OC23NOC4N2N43)cc1,CC(=O)Nc1ccc(O)cc1,C10H10N4O3,27,C2H3N3O
CC(=O)Nc1ccc(O)c(NCCOOS)c1,CC(=O)Nc1ccc(O)cc1,C10H14N2O4S,31,C2H7NO2S
CC(=O)N(C#S1=C2NN21)c1ccc(O)cc1,CC(=O)Nc1ccc(O)cc1,C10H9N3O2S,25,C2H2N2S
CC(=O)N(c1ccc(O)cc1)C(F)CC(C)N,CC(=O)Nc1ccc(O)cc1,C12H17FN2O2,34,C4H10FN
C=CN=COc1ccc(NC(C)=O)cc1,CC(=O)Nc1ccc(O)cc1,C11H12N2O2,27,C3H5N
C=C(F)CC(=O)Nc1ccc(O)cc1,CC(=O)Nc1ccc(O)cc1,C10H10FNO2,24,C2H3F
CC(=O)Nc1ccc(O)cc1C=CI,CC(=O)Nc1ccc(O)cc1,C10H10INO2,24,C2H3I
CC(=O)N(c1ccc(O)cc1)C(F)(F)OC=O,CC(=O)Nc1ccc(O)cc1,C10H9F2NO4,26,C2H2F2O2
CC(=O)Nc1ccc(O[AsH](=O)OO)cc1,CC(=O)Nc1ccc(O)cc1,C8H10AsNO5,25,H3AsO3
CC(=O)Nc1ccc(O)c(NN)c1,CC(=O)Nc1ccc(O)cc1,C8H11N3O2,24,H4N2
O=C(Cc1nc(S)cs1)Nc1ccc(O)cc1,CC(=O)Nc1ccc(O)cc1,C11H10N2O2S2,27,C3H3NS2
CCC(NC)Oc1cc(O)ccc1NC(C)=O,CC(=O)Nc1ccc(O)cc1,C12H18N2O3,35,C4H11NO
CC(=O)Nc1ccc(O)cc1CCCC[NH3+],CC(=O)Nc1ccc(O)cc1,C12H19N2O2+,35,C4H12N+
CC(=O)Nc1ccc(O)c(OC=C(C)Br)c1,CC(=O)Nc1ccc(O)cc1,C11H12BrNO3,28,C3H5BrO
[CH+]=[SH](C)(C)Oc1ccc(NC(C)=O)cc1,CC(=O)Nc1ccc(O)cc1,C11H16NO2S+,31,C3H9S+
O=C(CN1C=C2C=CC21)Nc1ccc(O)cc1,CC(=O)Nc1ccc(O)cc1,C13H12N2O2,29,C5H5N
CC(=O)Nc1ccc(O)c(N2NNC23OO3)c1,CC(=O)Nc1ccc(O)cc1,C9H10N4O4,27,CH3N3O2
CC(=O)Nc1ccc(O)cc1C1=[SH2]2OCN12,CC(=O)Nc1ccc(O)cc1,C10H12N2O3S,28,C2H5NOS
CC[SiH2]CC(=O)Nc1ccc(O)cc1,CC(=O)Nc1ccc(O)cc1,C10H15NO2Si,29,C2H8Si
CC(=O)Nc1ccc(O)c(SOOO[O-])c1,CC(=O)Nc1ccc(O)cc1,C8H8NO6S-,24,HO4S-
CC(=O)Nc1ccc(O[SH]23=C4C(=S)N2N43)cc1,CC(=O)Nc1ccc(O)cc1,C10H9N3O2S2,26,C2H2N2S2
CC(=O)Nc1ccc(O)cc1C1OC1Cl,CC(=O)Nc1ccc(O)cc1,C10H10ClNO3,25,C2H3ClO
CCOc1ccc(NC(C)=O)cc1,CC(=O)Nc1ccc(O)cc1,C10H13NO2,26,C2H6
CC(=O)Nc1ccc(OC2(N)CNCN2)cc1,CC(=O)Nc1ccc(O)cc1,C11H16N4O2,33,C3H9N3
CC(=O)Nc1ccc(O)cc1CCCI,CC(=O)Nc1ccc(O)cc1,C11H14INO2,29,C3H7I
CC(=O)Nc1ccc(O)cc1[SiH](C)CCCN,CC(=O)Nc1ccc(O)cc1,C12H20N2O2Si,37,C4H13NSi
O=C(Cc1ccco1)Nc1ccc(O)cc1,CC(=O)Nc1ccc(O)cc1,C12H11NO3,27,C4H4O
CC(=O)Nc1ccc(O)c(OC(S)CS)c1,CC(=O)Nc1ccc(O)cc1,C10H13NO3S2,29,C2H6OS2
CC(=O)Nc1ccc(OC(S)OO)cc1,CC(=O)Nc1ccc(O)cc1,C9H11NO4S,26,CH4O2S
CCCCCNc1cc(O)ccc1NC(C)=O,CC(=O)Nc1ccc(O)cc1,C13H20N2O2,37,C5H13N
CC(=O)Nc1ccc(O)c(C2=C=[SH3]2)c1,CC(=O)Nc1ccc(O)cc1,C10H11NO2S,25,C2H4S
C=NCCC(=C)c1cc(NC(C)=O)ccc1O,CC(=O)Nc1ccc(O)cc1,C13H16N2O2,33,C5H9N
CC(=O)Nc1ccc(O)c(OC(F)C=O)c1,CC(=O)Nc1ccc(O)cc1,C10H10FNO4,26,C2H3FO2
CC(=O)N(c1ccc(O)cc1)C([SiH3])(Cl)Cl,CC(=O)Nc1ccc(O)cc1,C9H11Cl2NO2Si,26,CH4Cl2Si
CC(=O)N(c1ccc(O)cc1)N(C)O,CC(=O)Nc1ccc(O)cc1,C9H12N2O3,26,CH5NO
CC(=O)Nc1ccc(O[As](=O)(O)O)cc1,CC(=O)Nc1ccc(O)cc1,C8H10AsNO5,25,H3AsO3
CC(=O)Nc1ccc(O)cc1C1=CN1S,CC(=O)Nc1ccc(O)cc1,C10H10N2O2S,25,C2H3NS
CC(=O)Nc1ccc(O)c(N2CC2(Cl)OCl)c1,CC(=O)Nc1ccc(O)cc1,C10H10Cl2N2O3,27,C2H3Cl2NO
CC(=O)Nc1ccc(OOC(F)SOF)cc1,CC(=O)Nc1ccc(O)cc1,C9H9F2NO4S,26,CH2F2O2S
CC(=O)Nc1ccc(O)c(C(O)(F)F)c1,CC(=O)Nc1ccc(O)cc1,C9H9F2NO3,24,CH2F2O
CC(=O)Nc1ccc(On2n(C)n2C#N)cc1,CC(=O)Nc1ccc(O)cc1,C10H11N5O2,28,C2H4N4
CC(=O)N(c1ccc(O)cc1)C(N)CCN,CC(=O)Nc1ccc(O)cc1,C11H17N3O2,33,C3H10N2
CC(=O)Nc1ccc(O)c(C(=O)CBr)c1,CC(=O)Nc1ccc(O)cc1,C10H10BrNO3,25,C2H3BrO
C=CSSCCc1cc(NC(C)=O)ccc1O,CC(=O)Nc1ccc(O)cc1,C12H15NO2S2,32,C4H8S2
CC(=O)Nc1ccc(OS(F)(F)(F)(F)F)cc1,CC(=O)Nc1ccc(O)cc1,C8H8F5NO2S,25,HF5S
CCNSC(=N)c1cc(O)ccc1NC(C)=O,CC(=O)Nc1ccc(O)cc1,C11H15N3O2S,32,C3H8N2S
CC(=O)N(c1ccc(O)cc1)C1C2N=CN21,CC(=O)Nc1ccc(O)cc1,C11H11N3O2,27,C3H4N2
CC(=O)Nc1ccc(OC2CC[NH+](C)C2)cc1,CC(=O)Nc1ccc(O)cc1,C13H19N2O2+,36,C5H12N+
CC(=O)Nc1ccc(O)cc1OCP(O)(O)=S,CC(=O)Nc1ccc(O)cc1,C9H12NO5PS,29,CH5O3PS
O=C(Cc1csc(O)n1)Nc1ccc(O)cc1,CC(=O)Nc1ccc(O)cc1,C11H10N2O3S,27,C3H3NOS
CCC(F)(OF)c1cc(O)ccc1NC(C)=O,CC(=O)Nc1ccc(O)cc1,C11H13F2NO3,30,C3H6F2O
CC(=O)N(c1ccc(O)cc1)P(Cl)Cl,CC(=O)Nc1ccc(O)cc1,C8H8Cl2NO2P,22,HCl2P
CC(=O)Nc1ccc(O)cc1CCC[SiH](C)N,CC(=O)Nc1ccc(O)cc1,C12H20N2O2Si,37,C4H13NSi
CC(=O)N(C1=[SH2]2CC12CO)c1ccc(O)cc1,CC(=O)Nc1ccc(O)cc1,C12H15NO3S,32,C4H8OS
CC(=O)Nc1ccc(O)c(SC2N=C(C)S2)c1,CC(=O)Nc1ccc(O)cc1,C11H12N2O2S2,29,C3H5NS2
CCCCC(=O)Nc1ccc(O)c(Cl)c1,CC(=O)Nc1ccc(O)cc1,C11H14ClNO2,29,C3H7Cl
CC(=O)Nc1ccc(O)c(C2(S)CO2)c1,CC(=O)Nc1ccc(O)cc1,C10H11NO3S,26,C2H4OS
CC(=O)Nc1ccc(O)cc1ON,CC(=O)Nc1ccc(O)cc1,C8H10N2O3,23,H3NO
COOCOc1ccc(NC(C)=O)cc1,CC(=O)Nc1ccc(O)cc1,C10H13NO4,28,C2H6O2
CC(=O)Nc1ccc(O)cc1-c1con1C,CC(=O)Nc1ccc(O)cc1,C11H12N2O3,28,C3H5NO
CC(=O)Nc1ccc(O)c(C(C)=O)c1,CC(=O)Nc1ccc(O)cc1,C10H11NO3,25,C2H4O
CC(=O)Nc1ccc(O)c(C(OF)=C(F)Cl)c1,CC(=O)Nc1ccc(O)cc1,C10H8ClF2NO3,25,C2HClF2O
CC(=O)Nc1ccc(O)cc1ONN=O,CC(=O)Nc1ccc(O)cc1,C8H9N3O4,24,H2N2O2
CC(=O)Nc1ccc(O[PH2]2OC3(OO3)O2)cc1,CC(=O)Nc1ccc(O)cc1,C9H10NO6P,27,CH3O4P
CNC1NN1Oc1ccc(NC(C)=O)cc1,CC(=O)Nc1ccc(O)cc1,C10H14N4O2,30,C2H7N3
CSC(O)=Nc1cc(NC(C)=O)ccc1O,CC(=O)Nc1ccc(O)cc1,C10H12N2O3S,28,C2H5NOS
CC(=O)Nc1ccc(O)c(C23OCC(O2)O3)c1,CC(=O)Nc1ccc(O)cc1,C11H11NO5,28,C3H4O3
O=C(CCCC[O-])Nc1ccc(O)cc1,CC(=O)Nc1ccc(O)cc1,C11H14NO3-,29,C3H7O-
C=CC1(Oc2ccc(NC(C)=O)cc2)C=CC1,CC(=O)Nc1ccc(O)cc1,C14H15NO2,32,C6H8
O=C(Cc1ncc(Cl)s1)Nc1ccc(O)cc1,CC(=O)Nc1ccc(O)cc1,C11H9ClN2O2S,26,C3H2ClNS
CC(=O)Nc1ccc(O[PH](=O)[O-])c(OC[O-])c1,CC(=O)Nc1ccc(O)cc1,C9H10NO6P-2,27,CH3O4P-2
CC([NH3+])C[NH+](C)CC(=O)Nc1ccc(O)cc1,CC(=O)Nc1ccc(O)cc1,C12H21N3O2+2,38,C4H14N2+2
O=C(Cc1ccsc1)Nc1ccc(O)cc1,CC(=O)Nc1ccc(O)cc1,C12H11NO2S,27,C4H4S
CNCC(=O)Nc1ccc(O)cc1,CC(=O)Nc1ccc(O)cc1,C9H12N2O2,25,CH5N
CC(=O)N(N=C(C)SO)c1ccc(O)cc1,CC(=O)Nc1ccc(O)cc1,C10H12N2O3S,28,C2H5NOS
O=C(CCSF)Nc1ccc(O)cc1F,CC(=O)Nc1ccc(O)cc1,C9H9F2NO2S,24,CH2F2S
CC(=O)Nc1ccc(O)c(C(Cl)(Br)OC=O)c1,CC(=O)Nc1ccc(O)cc1,C10H9BrClNO4,26,C2H2BrClO2
O=C(COC1=CO1)Nc1ccc(O)cc1,CC(=O)Nc1ccc(O)cc1,C10H9NO4,24,C2H2O2
CC(=O)Nc1ccc(O)c([SH]23=CC2S3)c1,CC(=O)Nc1ccc(O)cc1,C10H11NO2S2,26,C2H4S2
O=C(CCCC(O)CO)Nc1ccc(O)cc1,CC(=O)Nc1ccc(O)cc1,C12H17NO4,34,C4H10O2
O=C(CCC1COCO1)Nc1ccc(O)cc1,CC(=O)Nc1ccc(O)cc1,C12H15NO4,32,C4H8O2
CC(=O)Nc1ccc(OCC2OC=CO2)cc1,CC(=O)Nc1ccc(O)cc1,C12H13NO4,30,C4H6O2
CC(=O)Nc1ccc(O)c(OCCC(O)Cl)c1,CC(=O)Nc1ccc(O)cc1,C11H14ClNO4,31,C3H7ClO2
O=C(Cc1ccoc1)Nc1ccc(O)c(Cl)c1,CC(=O)Nc1ccc(O)cc1,C12H10ClNO3,27,C4H3ClO
C=C(OF)c1cc(NC(C)=O)ccc1O,CC(=O)Nc1ccc(O)cc1,C10H10FNO3,25,C2H3FO
CC([O-])CCC(=O)Nc1ccc(O)cc1,CC(=O)Nc1ccc(O)cc1,C11H14NO3-,29,C3H7O-
CC(=O)Nc1ccc(O)c(C(F)CF)c1,CC(=O)Nc1ccc(O)cc1,C10H11F2NO2,26,C2H4F2
CC(CC(=O)Nc1ccc(O)cc1)C(Cl)OCl,CC(=O)Nc1ccc(O)cc1,C11H13Cl2NO3,30,C3H6Cl2O
CC(=O)Nc1ccc(OC2CCC2(Cl)Cl)cc1,CC(=O)Nc1ccc(O)cc1,C12H13Cl2NO2,30,C4H6Cl2
CC(=O)Nc1ccc(O)c(OCC(N)CO)c1,CC(=O)Nc1ccc(O)cc1,C11H16N2O4,33,C3H9NO2
CN=[NH+]Oc1ccc(NC(C)=O)cc1,CC(=O)Nc1ccc(O)cc1,C9H12N3O2+,26,CH5N2+
CC(=O)Nc1ccc(O)cc1[Si](C)(Cl)C(C)Cl,CC(=O)Nc1ccc(O)cc1,C11H15Cl2NO2Si,32,C3H8Cl2Si
CCCCCc1cc(NC(C)=O)ccc1O,CC(=O)Nc1ccc(O)cc1,C13H19NO2,35,C5H12
CC(C)(Cl)CC(=O)Nc1ccc(O)cc1,CC(=O)Nc1ccc(O)cc1,C11H14ClNO2,29,C3H7Cl
CCOC(=N)c1cc(NC(C)=O)ccc1O,CC(=O)Nc1ccc(O)cc1,C11H14N2O3,30,C3H7NO
CC(=O)Nc1ccc(O)cc1C1CC1C(C)Br,CC(=O)Nc1ccc(O)cc1,C13H16BrNO2,33,C5H9Br
CC(=O)Nc1ccc(O)cc1C1(F)COC1,CC(=O)Nc1ccc(O)cc1,C11H12FNO3,28,C3H5FO
CCONc1cc(NC(C)=O)ccc1O,CC(=O)Nc1ccc(O)cc1,C10H14N2O3,29,C2H7NO
CC(=O)N(SOO)c1ccc(O)cc1,CC(=O)Nc1ccc(O)cc1,C8H9NO4S,23,H2O2S
O=C(CC1=NC12C=N2)Nc1ccc(O)cc1,CC(=O)Nc1ccc(O)cc1,C11H9N3O2,25,C3H2N2
CC(=O)N(CCl)c1ccc(O)cc1,CC(=O)Nc1ccc(O)cc1,C9H10ClNO2,23,CH3Cl
CC(=O)Nc1ccc(O)c(C(C)Cl)c1,CC(=O)Nc1ccc(O)cc1,C10H12ClNO2,26,C2H5Cl
CC(=O)Nc1ccc(O)cc1C=COCl,CC(=O)Nc1ccc(O)cc1,C10H10ClNO3,25,C2H3ClO
CC(=O)Nc1ccc(O)c(ON=O)c1,CC(=O)Nc1ccc(O)cc1,C8H8N2O4,22,HNO2
C=CC(I)CC(=O)Nc1ccc(O)cc1,CC(=O)Nc1ccc(O)cc1,C11H12INO2,27,C3H5I
C=C=C1OC1c1cc(O)ccc1NC(C)=O,CC(=O)Nc1ccc(O)cc1,C12H11NO3,27,C4H4O
O=C(CC12C3CC14C3C24)Nc1ccc(O)cc1,CC(=O)Nc1ccc(O)cc1,C14H13NO2,30,C6H6
CC(=O)Nc1ccc(O)cc1C(C)(O)C(F)F,CC(=O)Nc1ccc(O)cc1,C11H13F2NO3,30,C3H6F2O
CCCNCOc1cc(O)ccc1NC(C)=O,CC(=O)Nc1ccc(O)cc1,C12H18N2O3,35,C4H11NO
CC(C=NOBr)CC(=O)Nc1ccc(O)cc1,CC(=O)Nc1ccc(O)cc1,C11H13BrN2O3,30,C3H6BrNO
CC(=O)Nc1ccc(OC2=CC23CCS3)cc1,CC(=O)Nc1ccc(O)cc1,C13H13NO2S,30,C5H6S
CC(=O)Nc1ccc(O[SH]23=[NH+]C=CC2=C3)cc1,CC(=O)Nc1ccc(O)cc1,C12H13N2O2S+,30,C4H6NS+
CC(=O)Nc1ccc(OC(C)CCl)cc1,CC(=O)Nc1ccc(O)cc1,C11H14ClNO2,29,C3H7Cl
CCSCc1cc(NC(C)=O)ccc1O,CC(=O)Nc1ccc(O)cc1,C11H15NO2S,30,C3H8S
CC(=O)N(c1ccc(O)cc1)C(Cl)[SiH](C)CCl,CC(=O)Nc1ccc(O)cc1,C11H15Cl2NO2Si,32,C3H8Cl2Si
CC(=O)Nc1ccc(O)cc1S12#CC=C(C1)S2,CC(=O)Nc1ccc(O)cc1,C12H11NO2S2,28,C4H4S2
CC(=O)Nc1ccc(O)cc1O[PH](=O)[O-],CC(=O)Nc1ccc(O)cc1,C8H9NO5P-,24,H2O3P-
CC(=O)Nc1ccc(O)c(C2=COC2Cl)c1,CC(=O)Nc1ccc(O)cc1,C11H10ClNO3,26,C3H3ClO
CC(=O)Nc1ccc(O)cc1N(S)OO,CC(=O)Nc1ccc(O)cc1,C8H10N2O4S,25,H3NO2S
CNC=Cc1cc(NC(C)=O)ccc1O,CC(=O)Nc1ccc(O)cc1,C11H14N2O2,29,C3H7N
CC(=O)Nc1ccc(O)c(C=C2OO2)c1,CC(=O)Nc1ccc(O)cc1,C10H9NO4,24,C2H2O2
CC(=O)N(c1ccc(O)cc1)C(F)(F)SF,CC(=O)Nc1ccc(O)cc1,C9H8F3NO2S,24,CHF3S
CC(=O)Nc1ccc(O)cc1C12SN1ON2O,CC(=O)Nc1ccc(O)cc1,C9H9N3O4S,26,CH2N2O2S
CC(=O)Nc1ccc(O)cc1OC=COC=N,CC(=O)Nc1ccc(O)cc1,C11H12N2O4,29,C3H5NO2
C#CC1NN1N(C(C)=O)c1ccc(O)cc1,CC(=O)Nc1ccc(O)cc1,C11H11N3O2,27,C3H4N2
C=CC=CC(=S)Oc1ccc(NC(C)=O)cc1,CC(=O)Nc1ccc(O)cc1,C13H13NO2S,30,C5H6S
CC(=O)Nc1ccc(O)c(C(O)C(C)(F)F)c1,CC(=O)Nc1ccc(O)cc1,C11H13F2NO3,30,C3H6F2O
CC(=O)Nc1ccc(O)cc1CC(=O)OCl,CC(=O)Nc1ccc(O)cc1,C10H10ClNO4,26,C2H3ClO2
CC(=O)N(c1ccc(O)cc1)C(F)Cl,CC(=O)Nc1ccc(O)cc1,C9H9ClFNO2,23,CH2ClF
CC(O)(O)CCC(=O)Nc1ccc(O)cc1,CC(=O)Nc1ccc(O)cc1,C11H15NO4,31,C3H8O2
C=C(CC(=O)Nc1ccc(O)cc1)NC#N,CC(=O)Nc1ccc(O)cc1,C11H11N3O2,27,C3H4N2
CC(=O)Nc1ccc(O)c(N(Cl)Cl)c1,CC(=O)Nc1ccc(O)cc1,C8H8Cl2N2O2,22,HCl2N
O=C(CCNCBr)Nc1ccc(O)cc1,CC(=O)Nc1ccc(O)cc1,C10H13BrN2O2,28,C2H6BrN
CC(=O)Nc1ccc(OC2C3NC24CC34)cc1,CC(=O)Nc1ccc(O)cc1,C13H14N2O2,31,C5H7N
CC(=O)Nc1ccc(O)c([PH2](C)SC(=O)O)c1,CC(=O)Nc1ccc(O)cc1,C10H14NO4PS,31,C2H7O2PS
CC(=O)Nc1ccc(O)c(C=CO[O-])c1,CC(=O)Nc1ccc(O)cc1,C10H10NO4-,25,C2H3O2-
CC(=O)Nc1ccc(O)c(OC=CCN)c1,CC(=O)Nc1ccc(O)cc1,C11H14N2O3,30,C3H7NO
CSCOc1ccc(NC(C)=O)cc1,CC(=O)Nc1ccc(O)cc1,C10H13NO2S,27,C2H6S
CC(=O)Nc1ccc(O)c(C(=O)O)c1,CC(=O)Nc1ccc(O)cc1,C9H9NO4,23,CH2O2
CC(=O)Nc1ccc(OCCSCCS)cc1,CC(=O)Nc1ccc(O)cc1,C12H17NO2S2,34,C4H10S2
CC(=O)Nc1ccc(O)c(OCC[SiH3])c1,CC(=O)Nc1ccc(O)cc1,C10H15NO3Si,30,C2H8OSi
CC[PH](C)=COc1cc(O)ccc1NC(C)=O,CC(=O)Nc1ccc(O)cc1,C12H18NO3P,35,C4H11OP
C[NH2+]CC1CC1CC(=O)Nc1ccc(O)cc1,CC(=O)Nc1ccc(O)cc1,C13H19N2O2+,36,C5H12N+
CC(=O)Nc1ccc(O)cc1C(=O)C(C)(N)Br,CC(=O)Nc1ccc(O)cc1,C11H13BrN2O3,30,C3H6BrNO
CC(=O)N(c1ccc(O)cc1)N1NOO1,CC(=O)Nc1ccc(O)cc1,C8H9N3O4,24,H2N2O2
CCCC(=O)Nc1ccc(O)cc1,CC(=O)Nc1ccc(O)cc1,C10H13NO2,26,C2H6
CNCNCN(C(C)=O)c1ccc(O)cc1,CC(=O)Nc1ccc(O)cc1,C11H17N3O2,33,C3H10N2
COCC(C)(S)c1cc(NC(C)=O)ccc1O,CC(=O)Nc1ccc(O)cc1,C12H17NO3S,34,C4H10OS
O=C(CO[PH](=O)O)Nc1ccc(O)cc1,CC(=O)Nc1ccc(O)cc1,C8H10NO5P,25,H3O3P
CC(=O)Nc1ccc(O)cc1N1C2NN1S2,CC(=O)Nc1ccc(O)cc1,C9H10N4O2S,26,CH3N3S
CC(=O)N(OC=CNBr)c1ccc(O)cc1,CC(=O)Nc1ccc(O)cc1,C10H11BrN2O3,27,C2H4BrNO
C[SH+]Cc1cc(O)ccc1NC(C)=O,CC(=O)Nc1ccc(O)cc1,C10H14NO2S+,28,C2H7S+
CC(=N)Oc1ccc(NC(C)=O)cc1,CC(=O)Nc1ccc(O)cc1,C10H12N2O2,26,C2H5N
CC(=O)Nc1ccc(O)cc1C1OC=NO1,CC(=O)Nc1ccc(O)cc1,C10H10N2O4,26,C2H3NO2
CC(=O)Nc1ccc(O)cc1C1C2COC1C2,CC(=O)Nc1ccc(O)cc1,C13H15NO3,32,C5H8O
CC(=O)Nc1ccc(OP(=O)([O-])O)cc1,CC(=O)Nc1ccc(O)cc1,C8H9NO5P-,24,H2O3P-
O=C(COOOS)Nc1ccc(O)cc1,CC(=O)Nc1ccc(O)cc1,C8H9NO5S,24,H2O3S
CC(=O)Nc1ccc(O)cc1OC(Cl)C(Cl)Cl,CC(=O)Nc1ccc(O)cc1,C10H10Cl3NO3,27,C2H3Cl3O
CC(=O)N(c1ccc(O)cc1)C(Cl)CCCCl,CC(=O)Nc1ccc(O)cc1,C12H15Cl2NO2,32,C4H8Cl2
CC(=O)Nc1ccc(OC(=O)OC(Cl)Br)cc1,CC(=O)Nc1ccc(O)cc1,C10H9BrClNO4,26,C2H2BrClO2
CCC(Br)N(C(C)=O)c1ccc(O)cc1,CC(=O)Nc1ccc(O)cc1,C11H14BrNO2,29,C3H7Br
CC(=O)Nc1ccc(OCC2OS2)cc1,CC(=O)Nc1ccc(O)cc1,C10H11NO3S,26,C2H4OS
CC(=O)Nc1ccc(O)cc1C[SiH2]CCl,CC(=O)Nc1ccc(O)cc1,C10H14ClNO2Si,29,C2H7ClSi
CC(=O)Nc1ccc(O)c([NH2+]CCO)c1,CC(=O)Nc1ccc(O)cc1,C10H15N2O3+,30,C2H8NO+
CC(=O)Nc1ccc(O)cc1C#CI,CC(=O)Nc1ccc(O)cc1,C10H8INO2,22,C2HI
CC(=O)Nc1ccc(OCOCOC=O)cc1,CC(=O)Nc1ccc(O)cc1,C11H13NO5,30,C3H6O3
CC(=O)N(c1ccc(O)cc1)C1(OBr)CO1,CC(=O)Nc1ccc(O)cc1,C10H10BrNO4,26,C2H3BrO2
CC(=O)Nc1ccc(O[PH2]2OOOO2)cc1,CC(=O)Nc1ccc(O)cc1,C8H10NO6P,26,H3O4P
O=C(CC=C1N=CO1)Nc1ccc(O)cc1,CC(=O)Nc1ccc(O)cc1,C11H10N2O3,26,C3H3NO
C=Cc1cc(NC(C)=O)ccc1O,CC(=O)Nc1ccc(O)cc1,C10H11NO2,24,C2H4
CC(=O)N(CCC[O-])c1ccc(O)cc1,CC(=O)Nc1ccc(O)cc1,C11H14NO3-,29,C3H7O-
CC(=O)N(C(Cl)=C(Cl)OCl)c1ccc(O)cc1,CC(=O)Nc1ccc(O)cc1,C10H8Cl3NO3,25,C2HCl3O
CC(=O)N(C=CCF)c1ccc(O)cc1,CC(=O)Nc1ccc(O)cc1,C11H12FNO2,27,C3H5F
C=C(O)c1cc(NC(C)=O)ccc1O,CC(=O)Nc1ccc(O)cc1,C10H11NO3,25,C2H4O
CCC(I)c1cc(O)ccc1NC(C)=O,CC(=O)Nc1ccc(O)cc1,C11H14INO2,29,C3H7I
CCC=COc1ccc(NC(C)=O)cc1,CC(=O)Nc1ccc(O)cc1,C12H15NO2,30,C4H8
CC(=O)N(C=CNN)c1ccc(O)cc1,CC(=O)Nc1ccc(O)cc1,C10H13N3O2,28,C2H6N2
CC(=O)N(C1=NOC=NN1)c1ccc(O)cc1,CC(=O)Nc1ccc(O)cc1,C10H10N4O3,27,C2H3N3O
N#CNN=CSCC(=O)Nc1ccc(O)cc1,CC(=O)Nc1ccc(O)cc1,C10H10N4O2S,27,C2H3N3S
CSSc1cc(O)ccc1NC(C)=O,CC(=O)Nc1ccc(O)cc1,C9H11NO2S2,25,CH4S2
CC(=O)Nc1ccc(OC2OC23N=NS3)cc1,CC(=O)Nc1ccc(O)cc1,C10H9N3O3S,26,C2H2N2OS
CC(=O)Nc1ccc(OOC23C=C2C3Br)cc1,CC(=O)Nc1ccc(O)cc1,C12H10BrNO3,27,C4H3BrO
C=COc1ccc(NC(C)=O)cc1,CC(=O)Nc1ccc(O)cc1,C10H11NO2,24,C2H4
CC(=O)Nc1ccc(O)c(N2C=COC=C2)c1,CC(=O)Nc1ccc(O)cc1,C12H12N2O3,29,C4H5NO
CC(=O)Nc1ccc(O)c(OOOSO)c1,CC(=O)Nc1ccc(O)cc1,C8H9NO6S,25,H2O4S
CC(=O)N(CN1CC1)c1ccc(O)cc1,CC(=O)Nc1ccc(O)cc1,C11H14N2O2,29,C3H7N
CC(=O)Nc1ccc(O[As](=O)(O)O)cc1,CC(=O)Nc1ccc(O)cc1,C8H10AsNO5,25,H3AsO3
CC(=O)N(c1ccc(O)cc1)C1NC1C=S,CC(=O)Nc1ccc(O)cc1,C11H12N2O2S,28,C3H5NS
C=C(c1cc(NC(C)=O)ccc1O)C(O)CCl,CC(=O)Nc1ccc(O)cc1,C12H14ClNO3,31,C4H7ClO
CCC(Cl)CN(C(C)=O)c1ccc(O)cc1,CC(=O)Nc1ccc(O)cc1,C12H16ClNO2,32,C4H9Cl
CC(=O)Nc1ccc(O)cc1C12CC1O2,CC(=O)Nc1ccc(O)cc1,C11H11NO3,26,C3H4O
CC(=O)Nc1ccc(OC(C)(Br)CBr)cc1,CC(=O)Nc1ccc(O)cc1,C11H13Br2NO2,29,C3H6Br2
C=CC(=N)NCc1cc(O)ccc1NC(C)=O,CC(=O)Nc1ccc(O)cc1,C12H15N3O2,32,C4H8N2
CC(=O)Nc1ccc(O)cc1C(C)N(O)C=N,CC(=O)Nc1ccc(O)cc1,C11H15N3O3,32,C3H8N2O
C=CC1CC1Oc1ccc(NC(C)=O)cc1,CC(=O)Nc1ccc(O)cc1,C13H15NO2,31,C5H8
CC(=O)Nc1ccc(O)cc1O[Na],CC(=O)Nc1ccc(O)cc1,C8H8NNaO3,21,HNaO
CC(=O)Nc1ccc(O)cc1OCF,CC(=O)Nc1ccc(O)cc1,C9H10FNO3,24,CH3FO
CC(=O)N(c1ccc(O)cc1)N1C2C3[NH2+]C3C21,CC(=O)Nc1ccc(O)cc1,C12H14N3O2+,31,C4H7N2+
O=C(F)CC(=O)Nc1ccc(O)cc1,CC(=O)Nc1ccc(O)cc1,C9H8FNO3,22,CHFO
CC(=O)N(C=O)c1ccc(O)cc1,CC(=O)Nc1ccc(O)cc1,C9H9NO3,22,CH2O
NC(N)CC(=O)Nc1ccc(O)cc1,CC(=O)Nc1ccc(O)cc1,C9H13N3O2,27,CH6N2
CC(=O)Nc1ccc(O)c(C(C)COOO)c1,CC(=O)Nc1ccc(O)cc1,C11H15NO5,32,C3H8O3
CC(=O)Nc1ccc(O)cc1C(C)(O)SO,CC(=O)Nc1ccc(O)cc1,C10H13NO4S,29,C2H6O2S
CC(=O)Nc1ccc(O)c(COC=O)c1,CC(=O)Nc1ccc(O)cc1,C10H11NO4,26,C2H4O2
CC(=O)Nc1ccc(OOC(=O)Cl)cc1,CC(=O)Nc1ccc(O)cc1,C9H8ClNO4,23,CHClO2
CC(=O)Nc1ccc(OC(F)C(C)F)cc1,CC(=O)Nc1ccc(O)cc1,C11H13F2NO2,29,C3H6F2
CC(=O)Nc1ccc(O)cc1-c1cscc1Cl,CC(=O)Nc1ccc(O)cc1,C12H10ClNO2S,27,C4H3ClS
CC(=O)Nc1ccc(O)cc1C(F)F,CC(=O)Nc1ccc(O)cc1,C9H9F2NO2,23,CH2F2
CC(=O)Nc1ccc(OC2(C(N)S)CC2)cc1,CC(=O)Nc1ccc(O)cc1,C12H16N2O2S,33,C4H9NS
C=C(OCF)N(C(C)=O)c1ccc(O)cc1,CC(=O)Nc1ccc(O)cc1,C11H12FNO3,28,C3H5FO
CC(=O)Nc1ccc(O)cc1C(CCl)CCl,CC(=O)Nc1ccc(O)cc1,C11H13Cl2NO2,29,C3H6Cl2
CC(=O)Nc1ccc(OCCI)cc1,CC(=O)Nc1ccc(O)cc1,C10H12INO2,26,C2H5I
C=C(NBr)Oc1cc(NC(C)=O)ccc1O,CC(=O)Nc1ccc(O)cc1,C10H11BrN2O3,27,C2H4BrNO
CC(=O)Nc1ccc(OCS)cc1,CC(=O)Nc1ccc(O)cc1,C9H11NO2S,24,CH4S
CB(O)COCC(=O)Nc1ccc(O)cc1,CC(=O)Nc1ccc(O)cc1,C10H14BNO4,30,C2H7BO2
CC(=O)Nc1ccc(O)c(C2(F)OC2(F)Cl)c1,CC(=O)Nc1ccc(O)cc1,C10H8ClF2NO3,25,C2HClF2O
CC(=O)Nc1ccc(O)cc1OO[PH](C)=O,CC(=O)Nc1ccc(O)cc1,C9H12NO5P,28,CH5O3P
CC(=N)NNc1cc(NC(C)=O)ccc1O,CC(=O)Nc1ccc(O)cc1,C10H14N4O2,30,C2H7N3
CC(=O)Nc1ccc(OCC(C)(C)NN)cc1,CC(=O)Nc1ccc(O)cc1,C12H19N3O2,36,C4H12N2
CC(=O)Nc1ccc(O)cc1C1(O)C2NC1S2,CC(=O)Nc1ccc(O)cc1,C11H12N2O3S,29,C3H5NOS
CC(=O)Nc1ccc(O)c(-c2nnco2)c1,CC(=O)Nc1ccc(O)cc1,C10H9N3O3,25,C2H2N2O
O=C(C[NH+]1CCOCO1)Nc1ccc(O)cc1,CC(=O)Nc1ccc(O)cc1,C11H15N2O4+,32,C3H8NO2+
C=S(=C)(C)c1cc(NC(C)=O)ccc1O,CC(=O)Nc1ccc(O)cc1,C11H15NO2S,30,C3H8S
CC(=O)Nc1ccc(O)c(N=O)c1,CC(=O)Nc1ccc(O)cc1,C8H8N2O3,21,HNO
CC(=O)N(c1ccc(O)cc1)c1cocc1Br,CC(=O)Nc1ccc(O)cc1,C12H10BrNO3,27,C4H3BrO
CC(=O)Nc1ccc(O)c(CCNCCF)c1,CC(=O)Nc1ccc(O)cc1,C12H17FN2O2,34,C4H10FN
CC(=O)Nc1ccc(O)cc1C1CC[PH2](O)C1,CC(=O)Nc1ccc(O)cc1,C12H18NO3P,35,C4H11OP
C#CCC(=O)Nc1ccc(O)cc1,CC(=O)Nc1ccc(O)cc1,C10H9NO2,22,C2H2
CC(=O)Nc1ccc(O)c(C23CC24CC43)c1,CC(=O)Nc1ccc(O)cc1,C13H13NO2,29,C5H6
CC(=O)Nc1ccc(O)cc1C12COC1C2,CC(=O)Nc1ccc(O)cc1,C12H13NO3,29,C4H6O
CC(=O)N(c1ccc(O)cc1)C1(O)COCO1,CC(=O)Nc1ccc(O)cc1,C11H13NO5,30,C3H6O3
CC(=O)N(c1ccc(O)cc1)C1C2N(O)C12Br,CC(=O)Nc1ccc(O)cc1,C11H11BrN2O3,28,C3H4BrNO
CC(=O)Nc1ccc(ON2C3C45N6C34C265)cc1,CC(=O)Nc1ccc(O)cc1,C12H9N3O2,26,C4H2N2
CC(=O)Nc1ccc(O)c(C(Cl)OC(=O)Br)c1,CC(=O)Nc1ccc(O)cc1,C10H9BrClNO4,26,C2H2BrClO2
CC([SiH3])CCC(=O)Nc1ccc(O)cc1,CC(=O)Nc1ccc(O)cc1,C11H17NO2Si,32,C3H10Si
CC(=O)Nc1ccc(O)cc1N(O)CCCO,CC(=O)Nc1ccc(O)cc1,C11H16N2O4,33,C3H9NO2
CC(=O)Nc1ccc(O)cc1C(Cl)Cl,CC(=O)Nc1ccc(O)cc1,C9H9Cl2NO2,23,CH2Cl2
CCCCc1cc(O)ccc1NC(C)=O,CC(=O)Nc1ccc(O)cc1,C12H17NO2,32,C4H10
CCC(C)(OCl)c1cc(NC(C)=O)ccc1O,CC(=O)Nc1ccc(O)cc1,C12H16ClNO3,33,C4H9ClO
CC(=O)Nc1ccc(O)cc1S123=C4C1C(S2)C43,CC(=O)Nc1ccc(O)cc1,C12H11NO2S2,28,C4H4S2
CC(=O)Nc1ccc2c(c1)OC1O[SH3](O2)C1C,CC(=O)Nc1ccc(O)cc1,C11H15NO4S,32,C3H8O2S
N=c1oc(CC(=O)Nc2ccc(O)cc2)cs1,CC(=O)Nc1ccc(O)cc1,C11H10N2O3S,27,C3H3NOS
CC(=O)Nc1ccc(ONNC=O)cc1,CC(=O)Nc1ccc(O)cc1,C9H11N3O3,26,CH4N2O
CC(=O)Nc1ccc(ON2C3NN32)cc1,CC(=O)Nc1ccc(O)cc1,C9H10N4O2,25,CH3N3
CC(=O)Nc1ccc(O)c(C(F)CNF)c1,CC(=O)Nc1ccc(O)cc1,C10H12F2N2O2,28,C2H5F2N
CC(=O)Nc1ccc(O)cc1P(O)(O)(O)C=O,CC(=O)Nc1ccc(O)cc1,C9H12NO6P,29,CH5O4P
CC(=O)Nc1ccc(ON(C)CC(C)N)cc1,CC(=O)Nc1ccc(O)cc1,C12H19N3O2,36,C4H12N2
CC(=O)Nc1ccc(O[SH2]23C4COC2N43)cc1,CC(=O)Nc1ccc(O)cc1,C11H14N2O3S,31,C3H7NOS
CC(=O)Nc1ccc(OC(S)CC(C)N)cc1,CC(=O)Nc1ccc(O)cc1,C12H18N2O2S,35,C4H11NS
CC(=O)Nc1ccc(O)c(-c2ncon2)c1,CC(=O)Nc1ccc(O)cc1,C10H9N3O3,25,C2H2N2O
CC(=O)Nc1ccc(O)c([SH]23=[SH]C2=C3)c1,CC(=O)Nc1ccc(O)cc1,C10H11NO2S2,26,C2H4S2
CCC(C)(O)c1cc(O)ccc1NC(C)=O,CC(=O)Nc1ccc(O)cc1,C12H17NO3,33,C4H10O
CC(=O)Nc1ccc(O)c(SC(C)S)c1,CC(=O)Nc1ccc(O)cc1,C10H13NO2S2,28,C2H6S2
C=NC(N)(S)c1cc(O)ccc1NC(C)=O,CC(=O)Nc1ccc(O)cc1,C10H13N3O2S,29,C2H6N2S
CC(=O)Nc1ccc(O)c(C2(Cl)CC2)c1,CC(=O)Nc1ccc(O)cc1,C11H12ClNO2,27,C3H5Cl
CC(=O)N(c1ccc(O)cc1)C1NNN1C,CC(=O)Nc1ccc(O)cc1,C10H14N4O2,30,C2H7N3
CC(=O)Nc1ccc(O)cc1-c1ccno1,CC(=O)Nc1ccc(O)cc1,C11H10N2O3,26,C3H3NO
CC(=O)Nc1ccc(O)c(N(C)NC=N)c1,CC(=O)Nc1ccc(O)cc1,C10H14N4O2,30,C2H7N3
CC(=O)Nc1ccc(O[SH2]2=C3OC2(C)O3)cc1,CC(=O)Nc1ccc(O)cc1,C11H13NO4S,30,C3H6O2S
COC(O)c1cc(NC(C)=O)ccc1O,CC(=O)Nc1ccc(O)cc1,C10H13NO4,28,C2H6O2
CC(=O)Nc1ccc(O)cc1CCO[PH](=O)S,CC(=O)Nc1ccc(O)cc1,C10H14NO4PS,31,C2H7O2PS
C[SiH2]CC(C)(C)c1cc(NC(C)=O)ccc1O,CC(=O)Nc1ccc(O)cc1,C13H21NO2Si,38,C5H14Si
CC(=O)Nc1ccc(O)cc1NC(=N)O,CC(=O)Nc1ccc(O)cc1,C9H11N3O3,26,CH4N2O
CC(=O)N(c1ccc(O)cc1)C(F)CCO,CC(=O)Nc1ccc(O)cc1,C11H14FNO3,30,C3H7FO
O=C(CN1CC23SC2C13)Nc1ccc(O)cc1,CC(=O)Nc1ccc(O)cc1,C12H12N2O2S,29,C4H5NS
CC(=O)Nc1ccc(O)cc1CC(C)Br,CC(=O)Nc1ccc(O)cc1,C11H14BrNO2,29,C3H7Br
CC(=O)N(c1ccc(O)cc1)C1CSCS1,CC(=O)Nc1ccc(O)cc1,C11H13NO2S2,29,C3H6S2
CC(=O)Nc1ccc(O)c(CC(C)(C)C)c1,CC(=O)Nc1ccc(O)cc1,C13H19NO2,35,C5H12
CC(=O)Nc1ccc(O)cc1SC1OCO1,CC(=O)Nc1ccc(O)cc1,C10H11NO4S,27,C2H4O2S
CC(=O)Nc1ccc(O[SH3]2C34CO[PH]23O4)cc1,CC(=O)Nc1ccc(O)cc1,C10H14NO4PS,31,C2H7O2PS
CC(=O)Nc1ccc(O)c(OOSOO)c1,CC(=O)Nc1ccc(O)cc1,C8H9NO6S,25,H2O4S
C=NN=NC(S)Oc1ccc(NC(C)=O)cc1,CC(=O)Nc1ccc(O)cc1,C10H12N4O2S,29,C2H5N3S
O=COC(Br)CCC(=O)Nc1ccc(O)cc1,CC(=O)Nc1ccc(O)cc1,C11H12BrNO4,29,C3H5BrO2
CC(=O)Nc1ccc(O[SH3]2OC(=S)O2)cc1,CC(=O)Nc1ccc(O)cc1,C9H11NO4S2,27,CH4O2S2
CC(=O)Nc1ccc(O[SH]2(O)=C(S)O2)cc1,CC(=O)Nc1ccc(O)cc1,C9H11NO4S2,27,CH4O2S2
CC(=O)Nc1ccc(O)c(OCSCCN)c1,CC(=O)Nc1ccc(O)cc1,C11H16N2O3S,33,C3H9NOS
CC(=O)Nc1ccc(O)cc1C(C=O)CCl,CC(=O)Nc1ccc(O)cc1,C11H12ClNO3,28,C3H5ClO
C=Nc1cc(NC(C)=O)ccc1O,CC(=O)Nc1ccc(O)cc1,C9H10N2O2,23,CH3N
CC(=O)Nc1ccc(O)c(C2NCO2)c1,CC(=O)Nc1ccc(O)cc1,C10H12N2O3,27,C2H5NO
CCOc1ccc(NC(C)=O)cc1,CC(=O)Nc1ccc(O)cc1,C10H13NO2,26,C2H6
CC(=O)Nc1ccc(O)cc1C1CC[PH3]C1O,CC(=O)Nc1ccc(O)cc1,C12H18NO3P,35,C4H11OP
CC(=O)N(c1ccc(O)cc1)C1C2C=CC21,CC(=O)Nc1ccc(O)cc1,C13H13NO2,29,C5H6
CC(=O)Nc1ccc(O)cc1CCC(C)O,CC(=O)Nc1ccc(O)cc1,C12H17NO3,33,C4H10O
CC(O)(O)NCC(=O)Nc1ccc(O)cc1,CC(=O)Nc1ccc(O)cc1,C10H14N2O4,30,C2H7NO2
CC(=O)Nc1ccc(OC(=O)OO)cc1,CC(=O)Nc1ccc(O)cc1,C9H9NO5,24,CH2O3
CC(=O)Nc1ccc(OC=CBr)cc1,CC(=O)Nc1ccc(O)cc1,C10H10BrNO2,24,C2H3Br
CC(=O)Nc1ccc(O)cc1[Se]1#CN=1,CC(=O)Nc1ccc(O)cc1,C9H8N2O2Se,22,CHNSe
CC(=O)Nc1ccc(O)cc1C1CC23C4N2C143,CC(=O)Nc1ccc(O)cc1,C13H12N2O2,29,C5H5N
CC(=O)Nc1ccc(O)cc1C(C)CC(Cl)Cl,CC(=O)Nc1ccc(O)cc1,C12H15Cl2NO2,32,C4H8Cl2
CC(=O)Nc1ccc(O)cc1C1(O[O-])O[PH2]1[O-],CC(=O)Nc1ccc(O)cc1,C9H10NO6P-2,27,CH3O4P-2
CC(=O)N(c1ccc(O)cc1)C(C)CCCl,CC(=O)Nc1ccc(O)cc1,C12H16ClNO2,32,C4H9Cl
CC(=O)Nc1ccc(OS2#CC=C(Cl)C=2)cc1,CC(=O)Nc1ccc(O)cc1,C12H10ClNO2S,27,C4H3ClS
CC(=O)N(COC1=C(O)O1)c1ccc(O)cc1,CC(=O)Nc1ccc(O)cc1,C11H11NO5,28,C3H4O3
CC(=O)N(c1ccc(O)cc1)C1CC1Br,CC(=O)Nc1ccc(O)cc1,C11H12BrNO2,27,C3H5Br
CC(=O)Nc1ccc(O)c(C2(F)CO2)c1,CC(=O)Nc1ccc(O)cc1,C10H10FNO3,25,C2H3FO
CC(=O)Nc1ccc(O)c(ON(S)NO)c1,CC(=O)Nc1ccc(O)cc1,C8H11N3O4S,27,H4N2O2S
C=C(CBr)Oc1ccc(NC(C)=O)cc1,CC(=O)Nc1ccc(O)cc1,C11H12BrNO2,27,C3H5Br
CC(=O)Nc1ccc(OC2OCN2I)cc1,CC(=O)Nc1ccc(O)cc1,C10H11IN2O3,27,C2H4INO
CC(=O)Nc1ccc(O[PH4])c(C=CO)c1,CC(=O)Nc1ccc(O)cc1,C10H14NO3P,29,C2H7OP
CC(=O)Nc1ccc(O[SH4]SC23C=C2C3)cc1,CC(=O)Nc1ccc(O)cc1,C12H15NO2S2,32,C4H8S2
CC(=O)N(C(=O)C(C)C)c1ccc(O)cc1,CC(=O)Nc1ccc(O)cc1,C12H15NO3,31,C4H8O
CCC(C)C(N)CC(=O)Nc1ccc(O)cc1,CC(=O)Nc1ccc(O)cc1,C13H20N2O2,37,C5H13N
CC(=O)Nc1ccc(O)c(C(C)CC[SH2+])c1,CC(=O)Nc1ccc(O)cc1,C12H18NO2S+,34,C4H11S+
CC(=O)Nc1ccc2c(c1)C1=S3(=NC(F)C13)O2,CC(=O)Nc1ccc(O)cc1,C11H9FN2O2S,26,C3H2FNS
CCC(c1cc(NC(C)=O)ccc1O)C(C)Cl,CC(=O)Nc1ccc(O)cc1,C13H18ClNO2,35,C5H11Cl
C[Se]CC(=O)Nc1ccc(O)cc1,CC(=O)Nc1ccc(O)cc1,C9H11NO2Se,24,CH4Se
CN(O)[SH](C)#CCC(=O)Nc1ccc(O)cc1,CC(=O)Nc1ccc(O)cc1,C11H16N2O3S,33,C3H9NOS
COCCCN(C(C)=O)c1ccc(O)cc1,CC(=O)Nc1ccc(O)cc1,C12H17NO3,33,C4H10O
CC(=O)N(CN1CNO1)c1ccc(O)cc1,CC(=O)Nc1ccc(O)cc1,C10H13N3O3,29,C2H6N2O
CC(=O)Nc1ccc(OOCF)cc1,CC(=O)Nc1ccc(O)cc1,C9H10FNO3,24,CH3FO
CC(=O)Nc1ccc(O)cc1CCC(Cl)CO,CC(=O)Nc1ccc(O)cc1,C12H16ClNO3,33,C4H9ClO
CC(=O)Nc1ccc(O)c(C2(O)OO2)c1,CC(=O)Nc1ccc(O)cc1,C9H9NO5,24,CH2O3
CC(=O)Nc1ccc(O)c(C23CN2C(Br)O3)c1,CC(=O)Nc1ccc(O)cc1,C11H11BrN2O3,28,C3H4BrNO
C=C(NN)NCC(=O)Nc1ccc(O)cc1,CC(=O)Nc1ccc(O)cc1,C10H14N4O2,30,C2H7N3
CC(=O)Nc1ccc(O)cc1C(Cl)C=O,CC(=O)Nc1ccc(O)cc1,C10H10ClNO3,25,C2H3ClO
CC(=O)Nc1ccc(O[SH2]2=CCC3ON32)cc1,CC(=O)Nc1ccc(O)cc1,C11H14N2O3S,31,C3H7NOS
CC(=O)Nc1ccc(O)c(OCCN)c1,CC(=O)Nc1ccc(O)cc1,C10H14N2O3,29,C2H7NO
CO[PH](=O)OOc1cc(O)ccc1NC(C)=O,CC(=O)Nc1ccc(O)cc1,C9H12NO6P,29,CH5O4P
CC(=O)Nc1ccc(O)cc1C1=COC1Cl,CC(=O)Nc1ccc(O)cc1,C11H10ClNO3,26,C3H3ClO
CC(=O)Nc1ccc(ONCCCl)cc1,CC(=O)Nc1ccc(O)cc1,C10H13ClN2O2,28,C2H6ClN
C=CNSSCc1cc(O)ccc1NC(C)=O,CC(=O)Nc1ccc(O)cc1,C11H14N2O2S2,31,C3H7NS2
CC(=O)Nc1ccc(O)c(OC(C)OCO)c1,CC(=O)Nc1ccc(O)cc1,C11H15NO5,32,C3H8O3
CC(=O)Nc1ccc(O)c(C(F)(F)C(F)F)c1,CC(=O)Nc1ccc(O)cc1,C10H9F4NO2,26,C2H2F4
CC(=O)Nc1ccc(O)c(C(O)=Nn2os2)c1,CC(=O)Nc1ccc(O)cc1,C9H9N3O4S,26,CH2N2O2S
C=C1C=CN1CC(=O)Nc1ccc(O)cc1,CC(=O)Nc1ccc(O)cc1,C12H12N2O2,28,C4H5N
CC(=O)N(C1=COC1=O)c1ccc(O)cc1,CC(=O)Nc1ccc(O)cc1,C11H9NO4,25,C3H2O2
BC(C)(O)Oc1cc(O)ccc1NC(C)=O,CC(=O)Nc1ccc(O)cc1,C10H14BNO4,30,C2H7BO2
CC(=O)Nc1ccc(O)c(C2OOO2)c1,CC(=O)Nc1ccc(O)cc1,C9H9NO5,24,CH2O3
CC(=O)Nc1ccc(OC(C)BC(O)O)cc1,CC(=O)Nc1ccc(O)cc1,C11H16BNO4,33,C3H9BO2
CCC(CC=S)c1cc(NC(C)=O)ccc1O,CC(=O)Nc1ccc(O)cc1,C13H17NO2S,34,C5H10S
C=NO[SH](C)(=O)Oc1ccc(NC(C)=O)cc1,CC(=O)Nc1ccc(O)cc1,C10H14N2O4S,31,C2H7NO2S
CC(=O)Nc1ccc(O)cc1SC(C)=S,CC(=O)Nc1ccc(O)cc1,C10H11NO2S2,26,C2H4S2
CC(=O)Nc1ccc(OC(C)N(C)S)cc1,CC(=O)Nc1ccc(O)cc1,C11H16N2O2S,32,C3H9NS
CC(=O)Nc1ccc(O)c(OOC=C(Cl)Br)c1,CC(=O)Nc1ccc(O)cc1,C10H9BrClNO4,26,C2H2BrClO2
O=C(CC(Br)C1=NCO1)Nc1ccc(O)cc1,CC(=O)Nc1ccc(O)cc1,C11H11BrN2O3,28,C3H4BrNO
CC(=O)Nc1ccc(O)cc1N1C2=COC1S2,CC(=O)Nc1ccc(O)cc1,C11H10N2O3S,27,C3H3NOS
CNCC1CN1c1cc(O)ccc1NC(C)=O,CC(=O)Nc1ccc(O)cc1,C12H17N3O2,34,C4H10N2
CC(=O)Nc1ccc(OOON=O)cc1,CC(=O)Nc1ccc(O)cc1,C8H8N2O5,23,HNO3
CC(=O)Nc1ccc(O[SH]23=NN(C=C2)N3)cc1,CC(=O)Nc1ccc(O)cc1,C10H12N4O2S,29,C2H5N3S
CSCSCOc1ccc(NC(C)=O)cc1,CC(=O)Nc1ccc(O)cc1,C11H15NO2S2,31,C3H8S2
CC(=O)Nc1ccc(O)cc1N1C2ONON21,CC(=O)Nc1ccc(O)cc1,C9H10N4O4,27,CH3N3O2
CCN(C)NCC(=O)Nc1ccc(O)cc1,CC(=O)Nc1ccc(O)cc1,C11H17N3O2,33,C3H10N2
O=C(CC1SS1)Nc1ccc(O)cc1,CC(=O)Nc1ccc(O)cc1,C9H9NO2S2,23,CH2S2
CC(=O)Nc1ccc(OC=CBr)cc1,CC(=O)Nc1ccc(O)cc1,C10H10BrNO2,24,C2H3Br
CC(=O)Nc1ccc(O)cc1[SH2]12C34N5C31C542,CC(=O)Nc1ccc(O)cc1,C11H10N2O2S,26,C3H3NS
CC(=O)N(C1=[SH](O)=C2NC21)c1ccc(O)cc1,CC(=O)Nc1ccc(O)cc1,C11H12N2O3S,29,C3H5NOS
CC(=O)Nc1ccc(O)cc1S1(#CO)C2=CC21,CC(=O)Nc1ccc(O)cc1,C12H11NO3S,28,C4H4OS
CC(=O)Nc1ccc(O[SH2](=N)OC2OO2)cc1,CC(=O)Nc1ccc(O)cc1,C9H12N2O5S,29,CH5NO3S
C#Cc1cc(O)ccc1NC(C)=O,CC(=O)Nc1ccc(O)cc1,C10H9NO2,22,C2H2
CCS[SH2]1=C(CC(=O)Nc2ccc(O)cc2)O1,CC(=O)Nc1ccc(O)cc1,C11H15NO3S2,32,C3H8OS2
COC(Br)c1cc(O)ccc1NC(C)=O,CC(=O)Nc1ccc(O)cc1,C10H12BrNO3,27,C2H5BrO
CC(=O)Nc1ccc(O)cc1-n1oo1,CC(=O)Nc1ccc(O)cc1,C8H8N2O4,22,HNO2
CC(=O)N(c1ccc(O)cc1)C1N=N1,CC(=O)Nc1ccc(O)cc1,C9H9N3O2,23,CH2N2
C#Cc1cc(NC(C)=O)ccc1O,CC(=O)Nc1ccc(O)cc1,C10H9NO2,22,C2H2
CC(=O)Nc1ccc(O)c(C(C)C[SH2+])c1,CC(=O)Nc1ccc(O)cc1,C11H16NO2S+,31,C3H9S+
CC(=O)Nc1ccc(OC(F)(F)C(C)F)cc1,CC(=O)Nc1ccc(O)cc1,C11H12F3NO2,29,C3H5F3
CC(=O)Nc1ccc(O)c(C#CI)c1,CC(=O)Nc1ccc(O)cc1,C10H8INO2,22,C2HI
CC(=O)Nc1ccc(O)c(C(C)CC2CS2)c1,CC(=O)Nc1ccc(O)cc1,C13H17NO2S,34,C5H10S
CC(=O)Nc1ccc(O)c(OCC2CCO2)c1,CC(=O)Nc1ccc(O)cc1,C12H15NO4,32,C4H8O2
CC(=O)Nc1ccc(O)c(SOOCl)c1,CC(=O)Nc1ccc(O)cc1,C8H8ClNO4S,23,HClO2S
CC(=O)Nc1ccc(O[SH4]N=c2nn2)cc1,CC(=O)Nc1ccc(O)cc1,C9H12N4O2S,28,CH5N3S
N=CC(S)(C=N)CC(=O)Nc1ccc(O)cc1,CC(=O)Nc1ccc(O)cc1,C11H13N3O2S,30,C3H6N2S
CC(=O)Nc1ccc(O)c(C23C=C(O2)O3)c1,CC(=O)Nc1ccc(O)cc1,C11H9NO4,25,C3H2O2
CC(=O)Nc1ccc(On2n3c(=N)n23)cc1,CC(=O)Nc1ccc(O)cc1,C9H9N5O2,25,CH2N4
C=NC(=C)CCCC(=O)Nc1ccc(O)cc1,CC(=O)Nc1ccc(O)cc1,C13H16N2O2,33,C5H9N
O=C(CN1C2=CC21)Nc1ccc(O)cc1,CC(=O)Nc1ccc(O)cc1,C11H10N2O2,25,C3H3N
CC(=O)N(c1ccc(O)cc1)C1C[SH2]2=CC12O,CC(=O)Nc1ccc(O)cc1,C12H15NO3S,32,C4H8OS
CC(=O)Nc1ccc(O)cc1C1(Cl)C2C3OC321,CC(=O)Nc1ccc(O)cc1,C12H10ClNO3,27,C4H3ClO
O=C(CC12OC13CC23)Nc1ccc(O)cc1,CC(=O)Nc1ccc(O)cc1,C12H11NO3,27,C4H4O
Nn1c(=O)on1CC(=O)Nc1ccc(O)cc1,CC(=O)Nc1ccc(O)cc1,C9H10N4O4,27,CH3N3O2
CC(=O)Nc1ccc(O)c(C(F)(F)CF)c1,CC(=O)Nc1ccc(O)cc1,C10H10F3NO2,26,C2H3F3
O=C(CCCCl)Nc1ccc(O)c(Cl)c1,CC(=O)Nc1ccc(O)cc1,C10H11Cl2NO2,26,C2H4Cl2
CC(=O)Nc1ccc(O)c(CCI)c1,CC(=O)Nc1ccc(O)cc1,C10H12INO2,26,C2H5I
CC(=O)Nc1ccc(O)cc1[SH2]1=C(S)C1,CC(=O)Nc1ccc(O)cc1,C10H13NO2S2,28,C2H6S2
C=C1N=CCN1CC(=O)Nc1ccc(O)cc1,CC(=O)Nc1ccc(O)cc1,C12H13N3O2,30,C4H6N2
CC(=O)Nc1ccc(O)c(C2=C(ON)SC2)c1,CC(=O)Nc1ccc(O)cc1,C11H12N2O3S,29,C3H5NOS
CC(=O)N(NOCC(C)S)c1ccc(O)cc1,CC(=O)Nc1ccc(O)cc1,C11H16N2O3S,33,C3H9NOS
O=C(CN=NC=C=S)Nc1ccc(O)cc1,CC(=O)Nc1ccc(O)cc1,C10H9N3O2S,25,C2H2N2S
CC[SH2]12CN1N2c1cc(O)ccc1NC(C)=O,CC(=O)Nc1ccc(O)cc1,C11H17N3O2S,34,C3H10N2S
CC(=O)Nc1ccc(O[SH]23=C4C=C2N43)cc1,CC(=O)Nc1ccc(O)cc1,C11H10N2O2S,26,C3H3NS
CC(=O)Nc1ccc(O)cc1OOSOO,CC(=O)Nc1ccc(O)cc1,C8H9NO6S,25,H2O4S
C=NCC1NN1CC(=O)Nc1ccc(O)cc1,CC(=O)Nc1ccc(O)cc1,C11H14N4O2,31,C3H7N3
CC(=O)N(OC[SH3]1C=CC1)c1ccc(O)cc1,CC(=O)Nc1ccc(O)cc1,C12H17NO3S,34,C4H10OS
CC(=O)N(c1ccc(O)cc1)C12CN1C=N2,CC(=O)Nc1ccc(O)cc1,C11H11N3O2,27,C3H4N2
CC(=O)Nc1ccc(O)cc1C1(C)NC1CN,CC(=O)Nc1ccc(O)cc1,C12H17N3O2,34,C4H10N2
O=C(CO[AsH](=O)O)Nc1ccc(O)cc1,CC(=O)Nc1ccc(O)cc1,C8H10AsNO5,25,H3AsO3
O=C(CC1SCS1)Nc1ccc(O)cc1,CC(=O)Nc1ccc(O)cc1,C10H11NO2S2,26,C2H4S2
CC(=O)N(c1ccc(O)cc1)C1(Cl)CC1C,CC(=O)Nc1ccc(O)cc1,C12H14ClNO2,30,C4H7Cl
CC(=O)Nc1ccc(O)c(OC(C)(C)O)c1,CC(=O)Nc1ccc(O)cc1,C11H15NO4,31,C3H8O2
CCCCC(Cl)c1cc(NC(C)=O)ccc1O,CC(=O)Nc1ccc(O)cc1,C13H18ClNO2,35,C5H11Cl
COCOc1cc(O)ccc1NC(C)=O,CC(=O)Nc1ccc(O)cc1,C10H13NO4,28,C2H6O2
CC(=O)Nc1ccc(O)cc1C(Cl)C(C)Cl,CC(=O)Nc1ccc(O)cc1,C11H13Cl2NO2,29,C3H6Cl2
O=C(CCC1=COC1Br)Nc1ccc(O)cc1,CC(=O)Nc1ccc(O)cc1,C12H12BrNO3,29,C4H5BrO
CC(=O)Nc1ccc(OC(C)Br)cc1,CC(=O)Nc1ccc(O)cc1,C10H12BrNO2,26,C2H5Br
COC(O)(OC)N(C(C)=O)c1ccc(O)cc1,CC(=O)Nc1ccc(O)cc1,C11H15NO5,32,C3H8O3
CC(=O)N(c1ccc(O)cc1)[SH2]1=CC1SO,CC(=O)Nc1ccc(O)cc1,C10H13NO3S2,29,C2H6OS2
CC(=O)Nc1ccc(O)cc1C(C)F,CC(=O)Nc1ccc(O)cc1,C10H12FNO2,26,C2H5F
O=C(CC(F)OF)Nc1ccc(O)cc1,CC(=O)Nc1ccc(O)cc1,C9H9F2NO3,24,CH2F2O
CC(=O)Nc1ccc(O)c(Nc2coo2)c1,CC(=O)Nc1ccc(O)cc1,C10H10N2O4,26,C2H3NO2
CC(=O)Nc1ccc(OCc2ncco2)cc1,CC(=O)Nc1ccc(O)cc1,C12H12N2O3,29,C4H5NO
CCC(CBr)Cc1cc(O)ccc1NC(C)=O,CC(=O)Nc1ccc(O)cc1,C13H18BrNO2,35,C5H11Br
CCC1OC1c1cc(O)ccc1NC(C)=O,CC(=O)Nc1ccc(O)cc1,C12H15NO3,31,C4H8O
CC(=O)N(c1ccc(O)cc1)C12CC1NN2,CC(=O)Nc1ccc(O)cc1,C11H13N3O2,29,C3H6N2
C=NCOC(I)c1cc(NC(C)=O)ccc1O,CC(=O)Nc1ccc(O)cc1,C11H13IN2O3,30,C3H6INO
CC(=O)Nc1ccc(OCNCC(Cl)Cl)cc1,CC(=O)Nc1ccc(O)cc1,C11H14Cl2N2O2,31,C3H7Cl2N
CC(=O)Nc1ccc(O)cc1OC(F)C(F)F,CC(=O)Nc1ccc(O)cc1,C10H10F3NO3,27,C2H3F3O
CC(=O)Nc1ccc(OC(O)OOOS)cc1,CC(=O)Nc1ccc(O)cc1,C9H11NO6S,28,CH4O4S
CC(=O)N(C=C(C)Br)c1ccc(O)cc1,CC(=O)Nc1ccc(O)cc1,C11H12BrNO2,27,C3H5Br
CC(=O)Nc1ccc(O)c(C23C#S24C(Br)N34)c1,CC(=O)Nc1ccc(O)cc1,C11H9BrN2O2S,26,C3H2BrNS
CC(=O)N(c1ccc(O)cc1)C1(F)OC1F,CC(=O)Nc1ccc(O)cc1,C10H9F2NO3,25,C2H2F2O
CC(=O)Nc1ccc(O)cc1OC([O-])CC=O,CC(=O)Nc1ccc(O)cc1,C11H12NO5-,29,C3H5O3-
CC(=O)Nc1ccc(O)cc1[NH+]1C2=C3C(C)C321,CC(=O)Nc1ccc(O)cc1,C13H13N2O2+,30,C5H6N+
CC(=O)Nc1ccc(O)cc1C(O)=NC#CBr,CC(=O)Nc1ccc(O)cc1,C11H9BrN2O3,26,C3H2BrNO
C[SiH2]CCOCCC(=O)Nc1ccc(O)cc1,CC(=O)Nc1ccc(O)cc1,C12H19NO3Si,36,C4H12OSi
CC(=O)Nc1ccc(O)cc1C#N,CC(=O)Nc1ccc(O)cc1,C9H8N2O2,21,CHN
CC(=O)Nc1ccc(O)c(C(Br)(Br)Br)c1,CC(=O)Nc1ccc(O)cc1,C9H8Br3NO2,23,CHBr3
CC(=O)Nc1ccc(ON2C3C4N3C42N)cc1,CC(=O)Nc1ccc(O)cc1,C11H12N4O2,29,C3H5N3
O=C(C[PH2]1COOOS1)Nc1ccc(O)cc1,CC(=O)Nc1ccc(O)cc1,C9H12NO5PS,29,CH5O3PS
CC(=O)Nc1ccc(O[SH2](=N)OC=NO)cc1,CC(=O)Nc1ccc(O)cc1,C9H13N3O4S,30,CH6N2O2S
CC(=O)Nc1ccc(O[SH]2([O-])=COO2)cc1,CC(=O)Nc1ccc(O)cc1,C9H10NO5S-,26,CH3O3S-
O=C(CSC1C2C(O)C12)Nc1ccc(O)cc1,CC(=O)Nc1ccc(O)cc1,C12H13NO3S,30,C4H6OS
CC(=O)Nc1ccc(OC23OC(=NS2)O3)cc1,CC(=O)Nc1ccc(O)cc1,C10H8N2O4S,25,C2HNO2S
C=C(F)c1cc(NC(C)=O)ccc1O,CC(=O)Nc1ccc(O)cc1,C10H10FNO2,24,C2H3F
CC(=O)Nc1ccc(O)c(OBCCO)c1,CC(=O)Nc1ccc(O)cc1,C10H14BNO4,30,C2H7BO2
CCC(C[NH3+])CC(=O)Nc1ccc(O)cc1,CC(=O)Nc1ccc(O)cc1,C12H19N2O2+,35,C4H12N+
N=CCC(=O)Nc1ccc(O)cc1,CC(=O)Nc1ccc(O)cc1,C9H10N2O2,23,CH3N
CC(=O)Nc1ccc(O)c(OCF)c1,CC(=O)Nc1ccc(O)cc1,C9H10FNO3,24,CH3FO
CC(=O)Nc1ccc(O)cc1CC1CON1[O-],CC(=O)Nc1ccc(O)cc1,C11H13N2O4-,30,C3H6NO2-
CC(=O)Nc1ccc(O)c(OCOO[PH2]=O)c1,CC(=O)Nc1ccc(O)cc1,C9H12NO6P,29,CH5O4P
CC(=O)Nc1ccc(OCC([SiH3])(Cl)CCl)cc1,CC(=O)Nc1ccc(O)cc1,C11H15Cl2NO2Si,32,C3H8Cl2Si
CC(=O)Nc1ccc(O)c([SiH](C)C2C3CC32)c1,CC(=O)Nc1ccc(O)cc1,C13H17NO2Si,34,C5H10Si
O=C(CN1CNC1OS)Nc1ccc(O)cc1,CC(=O)Nc1ccc(O)cc1,C10H13N3O3S,30,C2H6N2OS
CC(=O)Nc1ccc(O)c(C=O)c1,CC(=O)Nc1ccc(O)cc1,C9H9NO3,22,CH2O
CC(=O)Nc1ccc(O)cc1N(Cl)CC=O,CC(=O)Nc1ccc(O)cc1,C10H11ClN2O3,27,C2H4ClNO
CC(=O)Nc1ccc(O)cc1O[PH]1([O-])OO1,CC(=O)Nc1ccc(O)cc1,C8H9NO6P-,25,H2O4P-
CC(=O)N(OOS)c1ccc(O)cc1,CC(=O)Nc1ccc(O)cc1,C8H9NO4S,23,H2O2S
CC(=O)Nc1ccc(O)c(OOC(F)SF)c1,CC(=O)Nc1ccc(O)cc1,C9H9F2NO4S,26,CH2F2O2S
CC(=O)Nc1ccc(O)cc1N1COC(O)O1,CC(=O)Nc1ccc(O)cc1,C10H12N2O5,29,C2H5NO3
CCC(=O)c1cc(O)ccc1NC(C)=O,CC(=O)Nc1ccc(O)cc1,C11H13NO3,28,C3H6O
CC(=O)Nc1ccc(O)c(SCCN)c1,CC(=O)Nc1ccc(O)cc1,C10H14N2O2S,29,C2H7NS
CC(=O)Nc1ccc(O)c(CO)c1,CC(=O)Nc1ccc(O)cc1,C9H11NO3,24,CH4O
COC(O)SCCC(=O)Nc1ccc(O)cc1,CC(=O)Nc1ccc(O)cc1,C11H15NO4S,32,C3H8O2S
CC(=O)Nc1ccc(O)c(C(Cl)C(C)C=O)c1,CC(=O)Nc1ccc(O)cc1,C12H14ClNO3,31,C4H7ClO
CC(=O)Nc1ccc(O)cc1OCF,CC(=O)Nc1ccc(O)cc1,C9H10FNO3,24,CH3FO
CC(=O)Nc1ccc(O)cc1N=[SH]12c3nn1n32,CC(=O)Nc1ccc(O)cc1,C9H9N5O2S,26,CH2N4S
CC(=O)N(C(=O)F)c1ccc(O)cc1,CC(=O)Nc1ccc(O)cc1,C9H8FNO3,22,CHFO
CC(=O)Nc1ccc(OCN2NC2(C)S)cc1,CC(=O)Nc1ccc(O)cc1,C11H15N3O2S,32,C3H8N2S
C=CC(C)(C)CC(=O)Nc1ccc(O)cc1,CC(=O)Nc1ccc(O)cc1,C13H17NO2,33,C5H10
CC(=O)Nc1ccc(O)c(-c2cc(Br)on2)c1,CC(=O)Nc1ccc(O)cc1,C11H9BrN2O3,26,C3H2BrNO
C[NH2+]c1cc(O)ccc1NC(C)=O,CC(=O)Nc1ccc(O)cc1,C9H13N2O2+,26,CH6N+
CONc1cc(O)ccc1NC(C)=O,CC(=O)Nc1ccc(O)cc1,C9H12N2O3,26,CH5NO
O=C(CCCCCCO)Nc1ccc(O)cc1,CC(=O)Nc1ccc(O)cc1,C13H19NO3,36,C5H12O
CC(=O)Nc1ccc(OS234=NC=C2C3N4)cc1,CC(=O)Nc1ccc(O)cc1,C11H11N3O2S,28,C3H4N2S
CC(=O)Nc1ccc(O[SH3]2C3=NC2S3)cc1,CC(=O)Nc1ccc(O)cc1,C10H12N2O2S2,28,C2H5NS2
CC(=O)Nc1ccc(O)cc1SOOCl,CC(=O)Nc1ccc(O)cc1,C8H8ClNO4S,23,HClO2S
CC(=O)Nc1ccc(O)cc1N(C)NN=CS,CC(=O)Nc1ccc(O)cc1,C10H14N4O2S,31,C2H7N3S
COC(Cl)OCOc1ccc(NC(C)=O)cc1,CC(=O)Nc1ccc(O)cc1,C11H14ClNO4,31,C3H7ClO2
C=C([O-])OCCc1cc(O)ccc1NC(C)=O,CC(=O)Nc1ccc(O)cc1,C12H14NO4-,31,C4H7O2-
CC(=O)Nc1ccc(O)cc1C1CCNO1,CC(=O)Nc1ccc(O)cc1,C11H14N2O3,30,C3H7NO
C=[SH2]1COC1N(C(C)=O)c1ccc(O)cc1,CC(=O)Nc1ccc(O)cc1,C11H15NO3S,31,C3H8OS
CON=Cc1cc(NC(C)=O)ccc1O,CC(=O)Nc1ccc(O)cc1,C10H12N2O3,27,C2H5NO
C=C=NOCCOc1ccc(NC(C)=O)cc1,CC(=O)Nc1ccc(O)cc1,C12H14N2O3,31,C4H7NO
CC(=O)N(ON1NCCO1)c1ccc(O)cc1,CC(=O)Nc1ccc(O)cc1,C10H13N3O4,30,C2H6N2O2
CC(=O)Nc1ccc(O)c(N2SC2ON=O)c1,CC(=O)Nc1ccc(O)cc1,C9H9N3O4S,26,CH2N2O2S
CC(=O)Nc1ccc(OC(Br)Br)cc1,CC(=O)Nc1ccc(O)cc1,C9H9Br2NO2,23,CH2Br2
CC(=O)N(c1ccc(O)cc1)N1OC12OC=[SH3]2,CC(=O)Nc1ccc(O)cc1,C10H12N2O4S,29,C2H5NO2S
CNCOC(N)Oc1ccc(NC(C)=O)cc1,CC(=O)Nc1ccc(O)cc1,C11H17N3O3,34,C3H10N2O
C=C(c1cc(O)ccc1NC(C)=O)N(Cl)C#N,CC(=O)Nc1ccc(O)cc1,C11H10ClN3O2,27,C3H3ClN2
CC(=O)N(c1ccc(O)cc1)C12ON=C(O1)S2,CC(=O)Nc1ccc(O)cc1,C10H8N2O4S,25,C2HNO2S
CC(=O)Nc1ccc(O)cc1C(Br)=C1N=CS1,CC(=O)Nc1ccc(O)cc1,C11H9BrN2O2S,26,C3H2BrNS
COCC(=O)Nc1ccc(O)cc1,CC(=O)Nc1ccc(O)cc1,C9H11NO3,24,CH4O
CC(=O)Nc1ccc(O)c(P([O-])O[O-])c1,CC(=O)Nc1ccc(O)cc1,C8H8NO5P-2,23,HO3P-2
C=C=COc1cc(NC(C)=O)ccc1O,CC(=O)Nc1ccc(O)cc1,C11H11NO3,26,C3H4O
CC(=O)Nc1ccc(O)c(C2CC2(Cl)CCl)c1,CC(=O)Nc1ccc(O)cc1,C12H13Cl2NO2,30,C4H6Cl2
O=C(CNCCF)Nc1ccc(O)cc1,CC(=O)Nc1ccc(O)cc1,C10H13FN2O2,28,C2H6FN
CC(=O)Nc1ccc(O)cc1CC(F)F,CC(=O)Nc1ccc(O)cc1,C10H11F2NO2,26,C2H4F2
CC(=O)Nc1ccc(O)c(C=CCl)c1,CC(=O)Nc1ccc(O)cc1,C10H10ClNO2,24,C2H3Cl
CC(=O)Nc1ccc(O)c(C(C)C(C)I)c1,CC(=O)Nc1ccc(O)cc1,C12H16INO2,32,C4H9I
CNC(C)Oc1ccc(NC(C)=O)cc1,CC(=O)Nc1ccc(O)cc1,C11H16N2O2,31,C3H9N
CC(=O)Nc1ccc(OC(C)S)cc1,CC(=O)Nc1ccc(O)cc1,C10H13NO2S,27,C2H6S
CC(=O)Nc1ccc(O)cc1C1(O)N=NON1,CC(=O)Nc1ccc(O)cc1,C9H10N4O4,27,CH3N3O2
CCC(C)CCc1cc(NC(C)=O)ccc1O,CC(=O)Nc1ccc(O)cc1,C14H21NO2,38,C6H14
C=C(OBr)Oc1ccc(NC(C)=O)cc1,CC(=O)Nc1ccc(O)cc1,C10H10BrNO3,25,C2H3BrO
CCO[NH2+]CCc1cc(O)ccc1NC(C)=O,CC(=O)Nc1ccc(O)cc1,C12H19N2O3+,36,C4H12NO+
C=C(N=CS)c1cc(O)ccc1NC(C)=O,CC(=O)Nc1ccc(O)cc1,C11H12N2O2S,28,C3H5NS
CC(=O)N(c1ccc(O)cc1)C(O)C1COO1,CC(=O)Nc1ccc(O)cc1,C11H13NO5,30,C3H6O3
CC(=O)Nc1ccc(O)cc1C1(Br)C2=NN1C2,CC(=O)Nc1ccc(O)cc1,C11H10BrN3O2,27,C3H3BrN2
CC(=O)Nc1ccc(O)cc1C1OC(Br)O1,CC(=O)Nc1ccc(O)cc1,C10H10BrNO4,26,C2H3BrO2
O=C(CC(Br)C(Br)Br)Nc1ccc(O)cc1,CC(=O)Nc1ccc(O)cc1,C10H10Br3NO2,26,C2H3Br3
CC(=O)Nc1ccc(O[SH3]2CC2OC=S)cc1,CC(=O)Nc1ccc(O)cc1,C11H15NO3S2,32,C3H8OS2
CCOc1cc(O)ccc1NC(C)=O,CC(=O)Nc1ccc(O)cc1,C10H13NO3,27,C2H6O
CC(=O)Nc1ccc(OC2(Cl)CC2Cl)cc1,CC(=O)Nc1ccc(O)cc1,C11H11Cl2NO2,27,C3H4Cl2
BCC(C)(OO)N(C(C)=O)c1ccc(O)cc1,CC(=O)Nc1ccc(O)cc1,C11H16BNO4,33,C3H9BO2
CC(=O)Nc1ccc(O)c(C2CCCC2C)c1,CC(=O)Nc1ccc(O)cc1,C14H19NO2,36,C6H12
CC(=O)Nc1ccc(OP(=O)([O-])O[O-])cc1,CC(=O)Nc1ccc(O)cc1,C8H8NO6P-2,24,HO4P-2
C=CC(C)=CCC(=O)Nc1ccc(O)cc1,CC(=O)Nc1ccc(O)cc1,C13H15NO2,31,C5H8
O=C(CNO)Nc1ccc(O)cc1,CC(=O)Nc1ccc(O)cc1,C8H10N2O3,23,H3NO
CC(=O)Nc1ccc(O)c(OSOO[Na])c1,CC(=O)Nc1ccc(O)cc1,C8H8NNaO5S,24,HNaO3S
CC(=O)Nc1ccc(O)c(O[Na])c1,CC(=O)Nc1ccc(O)cc1,C8H8NNaO3,21,HNaO
CC(=O)N(c1ccc(O)cc1)S12=C3NC1OC=23,CC(=O)Nc1ccc(O)cc1,C11H10N2O3S,27,C3H3NOS
CC(=O)Nc1ccc(O)cc1C12C=C(Br)N1C2,CC(=O)Nc1ccc(O)cc1,C12H11BrN2O2,28,C4H4BrN
CNCOc1cc(NC(C)=O)ccc1O,CC(=O)Nc1ccc(O)cc1,C10H14N2O3,29,C2H7NO
O=C(CN1C=NNO1)Nc1ccc(O)cc1,CC(=O)Nc1ccc(O)cc1,C9H10N4O3,26,CH3N3O
CC(=O)Nc1ccc(O[SH4]c2nnco2)cc1,CC(=O)Nc1ccc(O)cc1,C10H13N3O3S,30,C2H6N2OS
CC(=O)Nc1ccc(O)c(NC(C)O)c1,CC(=O)Nc1ccc(O)cc1,C10H14N2O3,29,C2H7NO
CC(=O)N(c1ccc(O)cc1)C(C)[SH2+],CC(=O)Nc1ccc(O)cc1,C10H14NO2S+,28,C2H7S+
CC(=O)Nc1ccc(O)cc1OC(=O)O[PH2]=O,CC(=O)Nc1ccc(O)cc1,C9H10NO6P,27,CH3O4P
O=C(CC(=CCl)OCl)Nc1ccc(O)cc1,CC(=O)Nc1ccc(O)cc1,C10H9Cl2NO3,25,C2H2Cl2O
CC(=O)Nc1ccc(O)c(C2C3C(O)C23C)c1,CC(=O)Nc1ccc(O)cc1,C13H15NO3,32,C5H8O
CC(=O)Nc1ccc(OC(O)CCNO)cc1,CC(=O)Nc1ccc(O)cc1,C11H16N2O4,33,C3H9NO2
CC(=O)Nc1ccc(OCNCC(C)F)cc1,CC(=O)Nc1ccc(O)cc1,C12H17FN2O2,34,C4H10FN
CC(=O)N(C[SeH])c1ccc(O)cc1,CC(=O)Nc1ccc(O)cc1,C9H11NO2Se,24,CH4Se
CC(=O)N(c1ccc(O)cc1)N(N)C(C)C,CC(=O)Nc1ccc(O)cc1,C11H17N3O2,33,C3H10N2
CC(=O)Nc1ccc(O[SH](=N)=C=S)cc1,CC(=O)Nc1ccc(O)cc1,C9H10N2O2S2,25,CH3NS2
CCCC([SH2]#N)c1cc(O)ccc1NC(C)=O,CC(=O)Nc1ccc(O)cc1,C12H18N2O2S,35,C4H11NS
CC(=O)Nc1ccc(OCCCl)cc1,CC(=O)Nc1ccc(O)cc1,C10H12ClNO2,26,C2H5Cl
CC(=O)Nc1ccc(O[SH]2(=O)NC23CO3)cc1,CC(=O)Nc1ccc(O)cc1,C10H12N2O4S,29,C2H5NO2S
CC(Cl)NC(C)CC(=O)Nc1ccc(O)cc1,CC(=O)Nc1ccc(O)cc1,C12H17ClN2O2,34,C4H10ClN
CC(=O)Nc1ccc(O)c(C(F)(F)Cl)c1,CC(=O)Nc1ccc(O)cc1,C9H8ClF2NO2,23,CHClF2
C=NOOc1cc(NC(C)=O)ccc1O,CC(=O)Nc1ccc(O)cc1,C9H10N2O4,25,CH3NO2
CC(=O)Nc1ccc(ONN=O)cc1,CC(=O)Nc1ccc(O)cc1,C8H9N3O3,23,H2N2O
CC(=O)Nc1ccc(O)c(SS23#S4=C2C4=C3)c1,CC(=O)Nc1ccc(O)cc1,C11H9NO2S3,26,C3H2S3
C=C1C=C1c1cc(NC(C)=O)ccc1O,CC(=O)Nc1ccc(O)cc1,C12H11NO2,26,C4H4
O=C(CC(F)(F)Cl)Nc1ccc(O)cc1,CC(=O)Nc1ccc(O)cc1,C9H8ClF2NO2,23,CHClF2
CC(=O)N(C1=COC(O)O1)c1ccc(O)cc1,CC(=O)Nc1ccc(O)cc1,C11H11NO5,28,C3H4O3
CC(=O)Nc1ccc(O)c(CCCCl)c1,CC(=O)Nc1ccc(O)cc1,C11H14ClNO2,29,C3H7Cl
CCC(C(O)Cl)N(C(C)=O)c1ccc(O)cc1,CC(=O)Nc1ccc(O)cc1,C12H16ClNO3,33,C4H9ClO
CC(=O)Nc1ccc(O)cc1N1CN=CNO1,CC(=O)Nc1ccc(O)cc1,C10H12N4O3,29,C2H5N3O
C=CC(N)CC(=O)Nc1ccc(O)cc1,CC(=O)Nc1ccc(O)cc1,C11H14N2O2,29,C3H7N
C=C1OOC1c1cc(O)ccc1NC(C)=O,CC(=O)Nc1ccc(O)cc1,C11H11NO4,27,C3H4O2
CC(=O)Nc1ccc(O)cc1C(CO)CNCl,CC(=O)Nc1ccc(O)cc1,C11H15ClN2O3,32,C3H8ClNO
CC(=O)Nc1ccc(O)c(OCCOC=O)c1,CC(=O)Nc1ccc(O)cc1,C11H13NO5,30,C3H6O3
CC(=O)Nc1ccc(O)cc1C(Br)CBr,CC(=O)Nc1ccc(O)cc1,C10H11Br2NO2,26,C2H4Br2
COc1cc(O)ccc1NC(C)=O,CC(=O)Nc1ccc(O)cc1,C9H11NO3,24,CH4O
CC(=O)Nc1ccc(ON=O)cc1,CC(=O)Nc1ccc(O)cc1,C8H8N2O3,21,HNO
CC(=O)N(c1ccc(O)cc1)C(CS)C(C)S,CC(=O)Nc1ccc(O)cc1,C12H17NO2S2,34,C4H10S2
CC(=O)Nc1ccc(O)cc1CN(C)C1CC1,CC(=O)Nc1ccc(O)cc1,C13H18N2O2,35,C5H11N
CC(=O)Nc1ccc(O[PH]2([O-])OOO2)cc1,CC(=O)Nc1ccc(O)cc1,C8H9NO6P-,25,H2O4P-
O=C(CN1C23OC1(O2)S3)Nc1ccc(O)cc1,CC(=O)Nc1ccc(O)cc1,C10H8N2O4S,25,C2HNO2S
CC(=O)Nc1ccc(ONN)cc1,CC(=O)Nc1ccc(O)cc1,C8H11N3O2,24,H4N2
O=C(CNSONO)Nc1ccc(O)cc1,CC(=O)Nc1ccc(O)cc1,C8H11N3O4S,27,H4N2O2S
CC[SiH2]CCc1cc(O)ccc1NC(C)=O,CC(=O)Nc1ccc(O)cc1,C12H19NO2Si,35,C4H12Si
O=C(CC1=NC=C=N1)Nc1ccc(O)cc1,CC(=O)Nc1ccc(O)cc1,C11H9N3O2,25,C3H2N2
C=N[SH2]OCCOc1ccc(NC(C)=O)cc1,CC(=O)Nc1ccc(O)cc1,C11H16N2O3S,33,C3H9NOS
CCC(O)C[SiH2]c1cc(O)ccc1NC(C)=O,CC(=O)Nc1ccc(O)cc1,C12H19NO3Si,36,C4H12OSi
C#Cc1cc(NC(C)=O)ccc1O,CC(=O)Nc1ccc(O)cc1,C10H9NO2,22,C2H2
CC(=O)Nc1ccc(O[PH]2(OO)COO2)cc1,CC(=O)Nc1ccc(O)cc1,C9H12NO6P,29,CH5O4P
O=C(CO[PH]1(O)OO1)Nc1ccc(O)cc1,CC(=O)Nc1ccc(O)cc1,C8H10NO6P,26,H3O4P
CC(=O)Nc1ccc(OCN2C=CC2)cc1,CC(=O)Nc1ccc(O)cc1,C12H14N2O2,30,C4H7N
CC(=O)Nc1ccc(O[SH3]=C=O)cc1,CC(=O)Nc1ccc(O)cc1,C9H11NO3S,25,CH4OS
CC(=O)Nc1ccc(OC23OC2([O-])O3)cc1,CC(=O)Nc1ccc(O)cc1,C10H8NO5-,24,C2HO3-
CC(=O)Nc1ccc(O)c(C2=CSC=CC2)c1,CC(=O)Nc1ccc(O)cc1,C13H13NO2S,30,C5H6S
C=[N+](N)CC(=O)Nc1ccc(O)cc1,CC(=O)Nc1ccc(O)cc1,C9H12N3O2+,26,CH5N2+
C=C(CBr)N(C(C)=O)c1ccc(O)cc1,CC(=O)Nc1ccc(O)cc1,C11H12BrNO2,27,C3H5Br
CC(=O)Nc1ccc(O)cc1OC(=N)OO,CC(=O)Nc1ccc(O)cc1,C9H10N2O5,26,CH3NO3
CSSCC(=O)Nc1ccc(O)cc1,CC(=O)Nc1ccc(O)cc1,C9H11NO2S2,25,CH4S2
O=C(CO[Na])Nc1ccc(O)cc1,CC(=O)Nc1ccc(O)cc1,C8H8NNaO3,21,HNaO
CC(=O)N(CC1C[SH]2=C[SH2]=21)c1ccc(O)cc1,CC(=O)Nc1ccc(O)cc1,C12H17NO2S2,34,C4H10S2
CC(=O)Nc1ccc(O)cc1C=CF,CC(=O)Nc1ccc(O)cc1,C10H10FNO2,24,C2H3F
CC(=O)Nc1ccc(O)c(C2=c3[nH][nH]c3=C2)c1,CC(=O)Nc1ccc(O)cc1,C12H11N3O2,28,C4H4N2
CCOc1cc(O)ccc1NC(C)=O,CC(=O)Nc1ccc(O)cc1,C10H13NO3,27,C2H6O
CC(=O)Nc1ccc(O)cc1C(=O)OC(Cl)Br,CC(=O)Nc1ccc(O)cc1,C10H9BrClNO4,26,C2H2BrClO2
CC(Cl)(Cl)C=CCC(=O)Nc1ccc(O)cc1,CC(=O)Nc1ccc(O)cc1,C12H13Cl2NO2,30,C4H6Cl2
CC(=O)N(c1ccc(O)cc1)C12C[NH+]1C1=CC12,CC(=O)Nc1ccc(O)cc1,C13H13N2O2+,30,C5H6N+
CC(=O)N(c1ccc(O)cc1)C1(Br)COC1,CC(=O)Nc1ccc(O)cc1,C11H12BrNO3,28,C3H5BrO
CC(=O)Nc1ccc(O)c(C2CC3OC2O3)c1,CC(=O)Nc1ccc(O)cc1,C12H13NO4,30,C4H6O2
CON=Cc1cc(NC(C)=O)ccc1O,CC(=O)Nc1ccc(O)cc1,C10H12N2O3,27,C2H5NO
O=C(CC12N[SH2]3=C4C1C432)Nc1ccc(O)cc1,CC(=O)Nc1ccc(O)cc1,C12H12N2O2S,29,C4H5NS
CCO[SiH](C)Cc1cc(NC(C)=O)ccc1O,CC(=O)Nc1ccc(O)cc1,C12H19NO3Si,36,C4H12OSi
CC(=O)Nc1ccc(ON(N)C2CS2)cc1,CC(=O)Nc1ccc(O)cc1,C10H13N3O2S,29,C2H6N2S
O=C(CSC1COCO1)Nc1ccc(O)cc1,CC(=O)Nc1ccc(O)cc1,C11H13NO4S,30,C3H6O2S
CC(=O)Nc1ccc(OC(=N)OCO)cc1,CC(=O)Nc1ccc(O)cc1,C10H12N2O4,28,C2H5NO2
CC(=O)N(CF)c1ccc(O)cc1,CC(=O)Nc1ccc(O)cc1,C9H10FNO2,23,CH3F
CC(=O)Nc1ccc(O[SH3]2N=C(N)OO2)cc1,CC(=O)Nc1ccc(O)cc1,C9H13N3O4S,30,CH6N2O2S
CC(=O)Nc1ccc(OC(C)(O)NCN)cc1,CC(=O)Nc1ccc(O)cc1,C11H17N3O3,34,C3H10N2O
CC(=O)Nc1ccc(O[SH]234CC2(O3)O4)cc1,CC(=O)Nc1ccc(O)cc1,C10H11NO4S,27,C2H4O2S
O=C(C[SH]1(O)=C2NNC21)Nc1ccc(O)cc1,CC(=O)Nc1ccc(O)cc1,C10H13N3O3S,30,C2H6N2OS
CC(=O)Nc1ccc(OC2(C)NN2C)cc1,CC(=O)Nc1ccc(O)cc1,C11H15N3O2,31,C3H8N2
CC(=O)Nc1ccc(O)cc1On1oo1,CC(=O)Nc1ccc(O)cc1,C8H8N2O5,23,HNO3
CC(=O)Nc1ccc(O)c(C(C)O[PH2]=O)c1,CC(=O)Nc1ccc(O)cc1,C10H14NO4P,30,C2H7O2P
CC(=O)Nc1ccc(ON2CO[PH3]OO2)cc1,CC(=O)Nc1ccc(O)cc1,C9H13N2O5P,30,CH6NO3P
CC(=O)Nc1ccc(OOCCC(F)F)cc1,CC(=O)Nc1ccc(O)cc1,C11H13F2NO3,30,C3H6F2O
CC(=O)Nc1ccc(O)c(N2C3CSC2C3)c1,CC(=O)Nc1ccc(O)cc1,C12H14N2O2S,31,C4H7NS
CC(=O)Nc1ccc(O)cc1C1CC(Cl)O1,CC(=O)Nc1ccc(O)cc1,C11H12ClNO3,28,C3H5ClO
CC(=O)Nc1ccc(O)c(C(CN)CF)c1,CC(=O)Nc1ccc(O)cc1,C11H15FN2O2,31,C3H8FN
CON(c1cc(NC(C)=O)ccc1O)C(C)N,CC(=O)Nc1ccc(O)cc1,C11H17N3O3,34,C3H10N2O
CC(=O)Nc1ccc(OC2OCN2Br)cc1,CC(=O)Nc1ccc(O)cc1,C10H11BrN2O3,27,C2H4BrNO
O=C(CON(O)SO)Nc1ccc(O)cc1,CC(=O)Nc1ccc(O)cc1,C8H10N2O5S,26,H3NO3S
CNCOC(=N)N(C(C)=O)c1ccc(O)cc1,CC(=O)Nc1ccc(O)cc1,C11H15N3O3,32,C3H8N2O
COC(=S)OCC(=O)Nc1ccc(O)cc1,CC(=O)Nc1ccc(O)cc1,C10H11NO4S,27,C2H4O2S
CCC(c1cc(NC(C)=O)ccc1O)C(C)[NH3+],CC(=O)Nc1ccc(O)cc1,C13H21N2O2+,38,C5H14N+
CC(=O)N(C1=C=CC=C1)c1ccc(O)cc1,CC(=O)Nc1ccc(O)cc1,C13H11NO2,27,C5H4
CC(=O)Nc1ccc(O)c(SCn2n3n2C3)c1,CC(=O)Nc1ccc(O)cc1,C10H12N4O2S,29,C2H5N3S
CSCOc1cc(O)ccc1NC(C)=O,CC(=O)Nc1ccc(O)cc1,C10H13NO3S,28,C2H6OS
CCCCC(F)Oc1ccc(NC(C)=O)cc1,CC(=O)Nc1ccc(O)cc1,C13H18FNO2,35,C5H11F
CC(=O)N(C1=C2C=NC1=N2)c1ccc(O)cc1,CC(=O)Nc1ccc(O)cc1,C12H9N3O2,26,C4H2N2
C=CC(I)c1cc(O)ccc1NC(C)=O,CC(=O)Nc1ccc(O)cc1,C11H12INO2,27,C3H5I
CC[SiH](CCO)Oc1ccc(NC(C)=O)cc1,CC(=O)Nc1ccc(O)cc1,C12H19NO3Si,36,C4H12OSi
CC(=O)Nc1ccc(O)c(C(N)C(C)F)c1,CC(=O)Nc1ccc(O)cc1,C11H15FN2O2,31,C3H8FN
C[SiH2]C(Cl)c1cc(O)ccc1NC(C)=O,CC(=O)Nc1ccc(O)cc1,C10H14ClNO2Si,29,C2H7ClSi
C=CC(O)OCC(=O)Nc1ccc(O)cc1,CC(=O)Nc1ccc(O)cc1,C11H13NO4,29,C3H6O2
CC(=O)Nc1ccc(OOO)cc1,CC(=O)Nc1ccc(O)cc1,C8H9NO4,22,H2O2
CC(=O)N(c1ccc(O)cc1)C(C)(Cl)Cl,CC(=O)Nc1ccc(O)cc1,C10H11Cl2NO2,26,C2H4Cl2
CC(=O)Nc1ccc(O[PH2]2COO2)cc1,CC(=O)Nc1ccc(O)cc1,C9H12NO4P,27,CH5O2P
CCC(O)(CC)N(C(C)=O)c1ccc(O)cc1,CC(=O)Nc1ccc(O)cc1,C13H19NO3,36,C5H12O
CC(=O)Nc1ccc(OCCC(C)CS)cc1,CC(=O)Nc1ccc(O)cc1,C13H19NO2S,36,C5H12S
CC(=O)Nc1ccc(O[SH]234C=C5C2C3C54)cc1,CC(=O)Nc1ccc(O)cc1,C13H13NO2S,30,C5H6S
O=C(CN1C=[SH2]=CS1)Nc1ccc(O)cc1,CC(=O)Nc1ccc(O)cc1,C10H12N2O2S2,28,C2H5NS2
COC(C)N(S)c1cc(NC(C)=O)ccc1O,CC(=O)Nc1ccc(O)cc1,C11H16N2O3S,33,C3H9NOS
CNC(C)OCc1cc(NC(C)=O)ccc1O,CC(=O)Nc1ccc(O)cc1,C12H18N2O3,35,C4H11NO
O=C(CCC(F)(F)F)Nc1ccc(O)cc1,CC(=O)Nc1ccc(O)cc1,C10H10F3NO2,26,C2H3F3
CC(=O)Nc1ccc(O)c(C[NH3+])c1,CC(=O)Nc1ccc(O)cc1,C9H13N2O2+,26,CH6N+
C#Cc1cc(O)ccc1NC(C)=O,CC(=O)Nc1ccc(O)cc1,C10H9NO2,22,C2H2
CC(CCC(=O)Nc1ccc(O)cc1)[SiH2]O,CC(=O)Nc1ccc(O)cc1,C11H17NO3Si,33,C3H10OSi
CC(=O)Nc1ccc(Oc2nc3ncc2-3)cc1,CC(=O)Nc1ccc(O)cc1,C12H9N3O2,26,C4H2N2
CC(=O)Nc1ccc(O)cc1CC(F)F,CC(=O)Nc1ccc(O)cc1,C10H11F2NO2,26,C2H4F2
CC(=O)Nc1ccc(OC(=N)OCI)cc1,CC(=O)Nc1ccc(O)cc1,C10H11IN2O3,27,C2H4INO
C=C(CCC)Oc1cc(O)ccc1NC(C)=O,CC(=O)Nc1ccc(O)cc1,C13H17NO3,34,C5H10O
CCCC(F)N(C(C)=O)c1ccc(O)cc1,CC(=O)Nc1ccc(O)cc1,C12H16FNO2,32,C4H9F
O=C(CCCO)Nc1ccc(O)cc1,CC(=O)Nc1ccc(O)cc1,C10H13NO3,27,C2H6O
CC(=O)Nc1ccc(O)c(OC(Cl)(Cl)CCl)c1,CC(=O)Nc1ccc(O)cc1,C10H10Cl3NO3,27,C2H3Cl3O
CC(=O)Nc1ccc(O)cc1C1(Cl)OO1,CC(=O)Nc1ccc(O)cc1,C9H8ClNO4,23,CHClO2
CC([NH3+])(CC[NH3+])CC(=O)Nc1ccc(O)cc1,CC(=O)Nc1ccc(O)cc1,C12H21N3O2+2,38,C4H14N2+2
CC(=O)Nc1ccc(OC(Br)CBr)cc1,CC(=O)Nc1ccc(O)cc1,C10H11Br2NO2,26,C2H4Br2
CC(=O)Nc1ccc(OP(=O)([O-])[O-])cc1,CC(=O)Nc1ccc(O)cc1,C8H8NO5P-2,23,HO3P-2
C[NH2+][NH+](C)CCCC(=O)Nc1ccc(O)cc1,CC(=O)Nc1ccc(O)cc1,C12H21N3O2+2,38,C4H14N2+2
O=C(CCO)Nc1ccc(O)c(F)c1,CC(=O)Nc1ccc(O)cc1,C9H10FNO3,24,CH3FO
CC(=O)Nc1ccc(O[PH2]2OO2)cc1,CC(=O)Nc1ccc(O)cc1,C8H10NO4P,24,H3O2P
C=C1C(Br)OC1Oc1ccc(NC(C)=O)cc1,CC(=O)Nc1ccc(O)cc1,C12H12BrNO3,29,C4H5BrO
CC(=O)Nc1ccc(O)c(SC(F)(F)CF)c1,CC(=O)Nc1ccc(O)cc1,C10H10F3NO2S,27,C2H3F3S
O=C(CCOC(F)F)Nc1ccc(O)cc1,CC(=O)Nc1ccc(O)cc1,C10H11F2NO3,27,C2H4F2O
O=C(CNN1CNC1)Nc1ccc(O)cc1,CC(=O)Nc1ccc(O)cc1,C10H14N4O2,30,C2H7N3
CC(=O)Nc1ccc(O[SH2]2(C=N)NC2C)cc1,CC(=O)Nc1ccc(O)cc1,C11H17N3O2S,34,C3H10N2S
CC(=O)Nc1ccc(O)c(SOCO)c1,CC(=O)Nc1ccc(O)cc1,C9H11NO4S,26,CH4O2S
CC(=O)N(C(N)=NN)c1ccc(O)cc1,CC(=O)Nc1ccc(O)cc1,C9H12N4O2,27,CH5N3
CC(=O)Nc1ccc(O)c(SCCN)c1,CC(=O)Nc1ccc(O)cc1,C10H14N2O2S,29,C2H7NS
CC(=O)Nc1ccc(O)c(CC(F)F)c1,CC(=O)Nc1ccc(O)cc1,C10H11F2NO2,26,C2H4F2
C=NCCC(F)Oc1ccc(NC(C)=O)cc1,CC(=O)Nc1ccc(O)cc1,C12H15FN2O2,32,C4H8FN
CC(=O)Nc1ccc(OC2OC34OC3C24)cc1,CC(=O)Nc1ccc(O)cc1,C12H11NO4,28,C4H4O2
O=C(COC1([O-])C=CO1)Nc1ccc(O)cc1,CC(=O)Nc1ccc(O)cc1,C11H10NO5-,27,C3H3O3-
CC(=O)Nc1ccc(O)cc1C12SC3C(S1)C32,CC(=O)Nc1ccc(O)cc1,C12H11NO2S2,28,C4H4S2
CC(=O)Nc1ccc(O)cc1CF,CC(=O)Nc1ccc(O)cc1,C9H10FNO2,23,CH3F
CC(=O)Nc1ccc(O)c(C2(F)OCO2)c1,CC(=O)Nc1ccc(O)cc1,C10H10FNO4,26,C2H3FO2
CC(=O)Nc1ccc(OS(=O)(O)=NO)cc1,CC(=O)Nc1ccc(O)cc1,C8H10N2O5S,26,H3NO3S
CSOOONCC(=O)Nc1ccc(O)cc1,CC(=O)Nc1ccc(O)cc1,C9H12N2O5S,29,CH5NO3S
CCNC(CF)c1cc(NC(C)=O)ccc1O,CC(=O)Nc1ccc(O)cc1,C12H17FN2O2,34,C4H10FN
C=Cn1[nH]n1-c1cc(NC(C)=O)ccc1O,CC(=O)Nc1ccc(O)cc1,C10H12N4O2,28,C2H5N3
CCC(Cl)(C[SiH3])c1cc(NC(C)=O)ccc1O,CC(=O)Nc1ccc(O)cc1,C12H18ClNO2Si,35,C4H11ClSi
CC(=O)Nc1ccc(O)cc1C=C1C=C1,CC(=O)Nc1ccc(O)cc1,C12H11NO2,26,C4H4
CC(=O)N(c1ccc(O)cc1)C(Br)CCC=O,CC(=O)Nc1ccc(O)cc1,C12H14BrNO3,31,C4H7BrO
CCC(O)(CBr)c1cc(O)ccc1NC(C)=O,CC(=O)Nc1ccc(O)cc1,C12H16BrNO3,33,C4H9BrO
CC(=O)Nc1ccc(O)cc1C1C2(Cl)N3SC132,CC(=O)Nc1ccc(O)cc1,C11H9ClN2O2S,26,C3H2ClNS
CC(=O)Nc1ccc(OC23SC2=[SH3]3)cc1,CC(=O)Nc1ccc(O)cc1,C10H11NO2S2,26,C2H4S2
CC(=O)Nc1ccc(OC#N)cc1,CC(=O)Nc1ccc(O)cc1,C9H8N2O2,21,CHN
C[SiH2]CN(C(C)=O)c1ccc(O)cc1,CC(=O)Nc1ccc(O)cc1,C10H15NO2Si,29,C2H8Si
CC(=O)N(CN)c1ccc(O)cc1,CC(=O)Nc1ccc(O)cc1,C9H12N2O2,25,CH5N
CC(=O)Nc1ccc(O)c(OOOOS)c1,CC(=O)Nc1ccc(O)cc1,C8H9NO6S,25,H2O4S
O=C(CN1C=CN=NS1)Nc1ccc(O)cc1,CC(=O)Nc1ccc(O)cc1,C10H10N4O2S,27,C2H3N3S
C=C(Nc1cc(O)ccc1NC(C)=O)SC,CC(=O)Nc1ccc(O)cc1,C11H14N2O2S,30,C3H7NS
CC(=O)Nc1ccc(O)c(C=C2N=NCS2)c1,CC(=O)Nc1ccc(O)cc1,C11H11N3O2S,28,C3H4N2S
COc1cc(O)ccc1NC(C)=O,CC(=O)Nc1ccc(O)cc1,C9H11NO3,24,CH4O
C=C1N=C(N(C(C)=O)c2ccc(O)cc2)ON1,CC(=O)Nc1ccc(O)cc1,C11H11N3O3,28,C3H4N2O
CC(=O)Nc1ccc(OC2(C)CCC[NH2+]2)cc1,CC(=O)Nc1ccc(O)cc1,C13H19N2O2+,36,C5H12N+
CC(=O)Nc1ccc(OP(=O)([O-])O[O-])cc1,CC(=O)Nc1ccc(O)cc1,C8H8NO6P-2,24,HO4P-2
COC=NCC(=O)Nc1ccc(O)cc1,CC(=O)Nc1ccc(O)cc1,C10H12N2O3,27,C2H5NO
CC(=O)Nc1ccc(O[AsH](=O)OO)cc1,CC(=O)Nc1ccc(O)cc1,C8H10AsNO5,25,H3AsO3
CC(=O)Nc1ccc(O)cc1C1C#S2=C(F)N12,CC(=O)Nc1ccc(O)cc1,C11H9FN2O2S,26,C3H2FNS
CC(=O)Nc1ccc(O)cc1SC(=S)CCO,CC(=O)Nc1ccc(O)cc1,C11H13NO3S2,30,C3H6OS2
CC(=O)N(c1ccc(O)cc1)C1CC1C(C)Br,CC(=O)Nc1ccc(O)cc1,C13H16BrNO2,33,C5H9Br
CC(=O)Nc1ccc(O[SH3](C)N2C=CC2)cc1,CC(=O)Nc1ccc(O)cc1,C12H18N2O2S,35,C4H11NS
CC(=O)N(C[NH+]1CCC1C)c1ccc(O)cc1,CC(=O)Nc1ccc(O)cc1,C13H19N2O2+,36,C5H12N+
CC(=O)Nc1ccc(O)c(NNCC=N)c1,CC(=O)Nc1ccc(O)cc1,C10H14N4O2,30,C2H7N3
CC(=O)Nc1ccc(OCCNCC=S)cc1,CC(=O)Nc1ccc(O)cc1,C12H16N2O2S,33,C4H9NS
CC(=O)Nc1ccc(O)cc1N1COC1I,CC(=O)Nc1ccc(O)cc1,C10H11IN2O3,27,C2H4INO
CC(=O)Nc1ccc(O)cc1C(=N)C(O)I,CC(=O)Nc1ccc(O)cc1,C10H11IN2O3,27,C2H4INO
C[SH+]CCc1cc(NC(C)=O)ccc1O,CC(=O)Nc1ccc(O)cc1,C11H16NO2S+,31,C3H9S+
CC(=O)Nc1ccc(O)cc1NC1=CN1N,CC(=O)Nc1ccc(O)cc1,C10H12N4O2,28,C2H5N3
O=C(CN1ONO1)Nc1ccc(O)cc1,CC(=O)Nc1ccc(O)cc1,C8H9N3O4,24,H2N2O2
CC(=O)Nc1ccc(O)c(C(C)Cl)c1,CC(=O)Nc1ccc(O)cc1,C10H12ClNO2,26,C2H5Cl
CC(=O)N(C(=N)N=C(C)O)c1ccc(O)cc1,CC(=O)Nc1ccc(O)cc1,C11H13N3O3,30,C3H6N2O
CC=NC(C)c1cc(NC(C)=O)ccc1O,CC(=O)Nc1ccc(O)cc1,C12H16N2O2,32,C4H9N
CC(=O)Nc1ccc(O)c(C=CI)c1,CC(=O)Nc1ccc(O)cc1,C10H10INO2,24,C2H3I
CC(=O)N(c1ccc(O)cc1)C(Cl)CN,CC(=O)Nc1ccc(O)cc1,C10H13ClN2O2,28,C2H6ClN
CC(O)[SiH2]CCC(=O)Nc1ccc(O)cc1,CC(=O)Nc1ccc(O)cc1,C11H17NO3Si,33,C3H10OSi
O=C(Cn1ccnc1)Nc1ccc(O)cc1,CC(=O)Nc1ccc(O)cc1,C11H11N3O2,27,C3H4N2
O=C(CCI)Nc1ccc(O)cc1,CC(=O)Nc1ccc(O)cc1,C9H10INO2,23,CH3I
CC(=O)Nc1ccc(O)c(C2n3[nH]n4n2n34)c1,CC(=O)Nc1ccc(O)cc1,C9H10N6O2,27,CH3N5
CC(=O)Nc1ccc(O)c(CCNCCF)c1,CC(=O)Nc1ccc(O)cc1,C12H17FN2O2,34,C4H10FN
CC(=O)Nc1ccc(O)cc1CC(C)Cl,CC(=O)Nc1ccc(O)cc1,C11H14ClNO2,29,C3H7Cl
CC(=O)Nc1ccc(O)c(C(C)C=CCl)c1,CC(=O)Nc1ccc(O)cc1,C12H14ClNO2,30,C4H7Cl
CC(=O)N(c1ccc(O)cc1)C1CC1I,CC(=O)Nc1ccc(O)cc1,C11H12INO2,27,C3H5I
O=C(CC(Cl)=CN=C=S)Nc1ccc(O)cc1,CC(=O)Nc1ccc(O)cc1,C11H9ClN2O2S,26,C3H2ClNS
CC(=O)Nc1ccc(O)cc1C1CCCC1,CC(=O)Nc1ccc(O)cc1,C13H17NO2,33,C5H10
CC(=O)N(c1ccc(O)cc1)N1CCC1OI,CC(=O)Nc1ccc(O)cc1,C11H13IN2O3,30,C3H6INO
CC(=O)Nc1ccc2c(c1)O[PH2](CO)O2,CC(=O)Nc1ccc(O)cc1,C9H12NO4P,27,CH5O2P
C=NCCC(N)c1cc(O)ccc1NC(C)=O,CC(=O)Nc1ccc(O)cc1,C12H17N3O2,34,C4H10N2
CC(=O)Nc1ccc(O)c(C23C4C2C43S)c1,CC(=O)Nc1ccc(O)cc1,C12H11NO2S,27,C4H4S
CCC(CCCl)CC(=O)Nc1ccc(O)cc1,CC(=O)Nc1ccc(O)cc1,C13H18ClNO2,35,C5H11Cl
CN(CCC(=O)Nc1ccc(O)cc1)N=CO,CC(=O)Nc1ccc(O)cc1,C11H15N3O3,32,C3H8N2O
O=C(C[SH]12=CN1N2)Nc1ccc(O)cc1,CC(=O)Nc1ccc(O)cc1,C9H11N3O2S,26,CH4N2S
CC(=O)Nc1ccc(O)c(C2=[SH]34C5C3(Cl)C254)c1,CC(=O)Nc1ccc(O)cc1,C12H10ClNO2S,27,C4H3ClS
CC(=O)Nc1ccc(OCC(O)SC=S)cc1,CC(=O)Nc1ccc(O)cc1,C11H13NO3S2,30,C3H6OS2
O=C1CN=S2(O)(CC=N2)Oc2ccc(cc2)N1,CC(=O)Nc1ccc(O)cc1,C10H11N3O3S,28,C2H4N2OS
CC(=O)Nc1ccc(OC(C)C2CCN2)cc1,CC(=O)Nc1ccc(O)cc1,C13H18N2O2,35,C5H11N
CC(=O)Nc1ccc(O)cc1CC1CCCN1,CC(=O)Nc1ccc(O)cc1,C13H18N2O2,35,C5H11N
CC(=O)Nc1ccc(O)cc1NN,CC(=O)Nc1ccc(O)cc1,C8H11N3O2,24,H4N2
C=CC(O)(F)Oc1cc(NC(C)=O)ccc1O,CC(=O)Nc1ccc(O)cc1,C11H12FNO4,29,C3H5FO2
O=C(CC(=[PH3])CO)Nc1ccc(O)cc1,CC(=O)Nc1ccc(O)cc1,C10H14NO3P,29,C2H7OP
CC(=O)Nc1ccc(OC(F)OF)cc1,CC(=O)Nc1ccc(O)cc1,C9H9F2NO3,24,CH2F2O
CC(=O)Nc1ccc(O[PH](=O)O)cc1,CC(=O)Nc1ccc(O)cc1,C8H10NO4P,24,H3O2P
CC(=O)Nc1ccc(O)cc1COC=O,CC(=O)Nc1ccc(O)cc1,C10H11NO4,26,C2H4O2
C=CC(=C)CC(=O)Nc1ccc(O)cc1,CC(=O)Nc1ccc(O)cc1,C12H13NO2,28,C4H6
CC(=O)N(OC1NCCO1)c1ccc(O)cc1,CC(=O)Nc1ccc(O)cc1,C11H14N2O4,31,C3H7NO2
CC(=O)Nc1ccc(O)cc1N(C)C=CN,CC(=O)Nc1ccc(O)cc1,C11H15N3O2,31,C3H8N2
CC(=O)Nc1ccc(O)c(C2=[SH2](C)C2)c1,CC(=O)Nc1ccc(O)cc1,C11H15NO2S,30,C3H8S
CC(=O)Nc1ccc(O)cc1C(N)OOS,CC(=O)Nc1ccc(O)cc1,C9H12N2O4S,28,CH5NO2S
CC(=O)Nc1ccc(O)cc1C(Cl)Cl,CC(=O)Nc1ccc(O)cc1,C9H9Cl2NO2,23,CH2Cl2
CC(=O)Nc1ccc(O)cc1N=O,CC(=O)Nc1ccc(O)cc1,C8H8N2O3,21,HNO
CC(=O)Nc1ccc(O)cc1C=C(Cl)CCCl,CC(=O)Nc1ccc(O)cc1,C12H13Cl2NO2,30,C4H6Cl2
C=CC(C)Nc1cc(NC(C)=O)ccc1O,CC(=O)Nc1ccc(O)cc1,C12H16N2O2,32,C4H9N
C=COC(=N)CC(=O)Nc1ccc(O)cc1,CC(=O)Nc1ccc(O)cc1,C11H12N2O3,28,C3H5NO
CC(=O)Nc1ccc(OC(=O)OCBr)cc1,CC(=O)Nc1ccc(O)cc1,C10H10BrNO4,26,C2H3BrO2
CC(=O)Nc1ccc(O)c(P(C)(=O)O)c1,CC(=O)Nc1ccc(O)cc1,C9H12NO4P,27,CH5O2P
CC(=O)Nc1ccc(O)c(OO)c1,CC(=O)Nc1ccc(O)cc1,C8H9NO4,22,H2O2
CC(=O)Nc1ccc(O)c(OCO)c1,CC(=O)Nc1ccc(O)cc1,C9H11NO4,25,CH4O2
CC(=O)N(CCC[NH3+])c1ccc(O)cc1,CC(=O)Nc1ccc(O)cc1,C11H17N2O2+,32,C3H10N+
CSC(C)N(C(C)=O)c1ccc(O)cc1,CC(=O)Nc1ccc(O)cc1,C11H15NO2S,30,C3H8S
CC(=O)Nc1ccc(O)cc1C1CCC1,CC(=O)Nc1ccc(O)cc1,C12H15NO2,30,C4H8
CC(=O)Nc1ccc(ON=O)cc1,CC(=O)Nc1ccc(O)cc1,C8H8N2O3,21,HNO
CC(=O)Nc1ccc(O)cc1C=O,CC(=O)Nc1ccc(O)cc1,C9H9NO3,22,CH2O
CC(=O)Nc1ccc(OCC2OC([O-])O2)cc1,CC(=O)Nc1ccc(O)cc1,C11H12NO5-,29,C3H5O3-
CC(=O)Nc1ccc(O)c(C(=O)Cl)c1,CC(=O)Nc1ccc(O)cc1,C9H8ClNO3,22,CHClO
CC(=O)N(c1ccc(O)cc1)C(C)OCl,CC(=O)Nc1ccc(O)cc1,C10H12ClNO3,27,C2H5ClO
CC(=O)Nc1ccc(O)cc1OC1CC1,CC(=O)Nc1ccc(O)cc1,C11H13NO3,28,C3H6O
CC(=O)N(CCCCl)c1ccc(O)cc1,CC(=O)Nc1ccc(O)cc1,C11H14ClNO2,29,C3H7Cl
CC(=O)Nc1ccc(OC2C3=NNN2C3)cc1,CC(=O)Nc1ccc(O)cc1,C11H12N4O2,29,C3H5N3
CC(=O)Nc1ccc(ONSC=N)cc1,CC(=O)Nc1ccc(O)cc1,C9H11N3O2S,26,CH4N2S
CC(=O)Nc1ccc(O)cc1C1=C2CC21,CC(=O)Nc1ccc(O)cc1,C12H11NO2,26,C4H4
O=C(CC(F)C(O)(F)F)Nc1ccc(O)cc1,CC(=O)Nc1ccc(O)cc1,C10H10F3NO3,27,C2H3F3O
CC(=O)Nc1ccc(OC2OC2(Cl)Cl)cc1,CC(=O)Nc1ccc(O)cc1,C10H9Cl2NO3,25,C2H2Cl2O
CC(=O)Nc1ccc(O)cc1OC(=CCl)OCl,CC(=O)Nc1ccc(O)cc1,C10H9Cl2NO4,26,C2H2Cl2O2
CC(=O)Nc1ccc(O)c(CBr)c1,CC(=O)Nc1ccc(O)cc1,C9H10BrNO2,23,CH3Br
CC(=O)Nc1ccc(O)c(OO)c1,CC(=O)Nc1ccc(O)cc1,C8H9NO4,22,H2O2
CC(=O)Nc1ccc(O[SH3]2CC=NC2)cc1,CC(=O)Nc1ccc(O)cc1,C11H16N2O2S,32,C3H9NS
CC(=O)N(CCN)c1ccc(O)cc1,CC(=O)Nc1ccc(O)cc1,C10H14N2O2,28,C2H7N
CC(=O)Nc1ccc(OC2C=C[SH](O)#[SH2]2)cc1,CC(=O)Nc1ccc(O)cc1,C11H15NO3S2,32,C3H8OS2
CC(=O)Nc1ccc(O)c(C23OC4C2C43Br)c1,CC(=O)Nc1ccc(O)cc1,C12H10BrNO3,27,C4H3BrO
CC(=O)N(c1ccc(O)cc1)C1OC2OC21Cl,CC(=O)Nc1ccc(O)cc1,C11H10ClNO4,27,C3H3ClO2
C=CC(CCN)N(C(C)=O)c1ccc(O)cc1,CC(=O)Nc1ccc(O)cc1,C13H18N2O2,35,C5H11N
CC(=O)Nc1ccc(O)cc1OC1COC[PH3]1,CC(=O)Nc1ccc(O)cc1,C11H16NO4P,33,C3H9O2P
CC(=O)Nc1ccc(OOC=CS)cc1,CC(=O)Nc1ccc(O)cc1,C10H11NO3S,26,C2H4OS
O=C(CC1N=CSC1S)Nc1ccc(O)cc1,CC(=O)Nc1ccc(O)cc1,C11H12N2O2S2,29,C3H5NS2
CNNCC(=O)Nc1ccc(O)cc1,CC(=O)Nc1ccc(O)cc1,C9H13N3O2,27,CH6N2
CCC(F)N(C(C)=O)c1ccc(O)cc1,CC(=O)Nc1ccc(O)cc1,C11H14FNO2,29,C3H7F
CC(=O)Nc1ccc(O)c(OCCON=O)c1,CC(=O)Nc1ccc(O)cc1,C10H12N2O5,29,C2H5NO3
CC(=O)N(c1ccncc1)c1ccc(O)cc1,CC(=O)Nc1ccc(O)cc1,C13H12N2O2,29,C5H5N
CC(=O)Nc1ccc(O)c(OO[PH](=O)O)c1,CC(=O)Nc1ccc(O)cc1,C8H10NO6P,26,H3O4P
CC(=O)Nc1ccc(O)c([PH](=O)OC([O-])[O-])c1,CC(=O)Nc1ccc(O)cc1,C9H10NO6P-2,27,CH3O4P-2
C=NCSC(=N)N(C(C)=O)c1ccc(O)cc1,CC(=O)Nc1ccc(O)cc1,C11H13N3O2S,30,C3H6N2S
CC(=O)Nc1ccc(O)c([IH2](OO)OOO)c1,CC(=O)Nc1ccc(O)cc1,C8H12INO7,29,H5IO5
CC(=O)Nc1ccc(O)cc1CC(F)(F)CF,CC(=O)Nc1ccc(O)cc1,C11H12F3NO2,29,C3H5F3
CC(=O)Nc1ccc(OC2OOC2=CCl)cc1,CC(=O)Nc1ccc(O)cc1,C11H10ClNO4,27,C3H3ClO2
CC(=O)Nc1ccc(O)c(N=C=N)c1,CC(=O)Nc1ccc(O)cc1,C9H9N3O2,23,CH2N2
CC(=O)Nc1ccc(O)cc1C=N,CC(=O)Nc1ccc(O)cc1,C9H10N2O2,23,CH3N
CC(=O)Nc1ccc(OOn2oo2)cc1,CC(=O)Nc1ccc(O)cc1,C8H8N2O5,23,HNO3
CC(=O)N(O[PH2]=O)c1ccc(O)cc1,CC(=O)Nc1ccc(O)cc1,C8H10NO4P,24,H3O2P
C=C[SH2](=C)Oc1ccc(NC(C)=O)cc1,CC(=O)Nc1ccc(O)cc1,C11H15NO2S,30,C3H8S
CC(=O)N(c1ccc(O)cc1)C(C)(Br)Br,CC(=O)Nc1ccc(O)cc1,C10H11Br2NO2,26,C2H4Br2
CC(=O)Nc1ccc(O)c(ON)c1,CC(=O)Nc1ccc(O)cc1,C8H10N2O3,23,H3NO
CC(=O)Nc1ccc(O)c(N2NCN2)c1,CC(=O)Nc1ccc(O)cc1,C9H12N4O2,27,CH5N3
CNC(N1CS1)N(C(C)=O)c1ccc(O)cc1,CC(=O)Nc1ccc(O)cc1,C11H15N3O2S,32,C3H8N2S
CC(=O)Nc1ccc(O)c(N(Cl)Cl)c1,CC(=O)Nc1ccc(O)cc1,C8H8Cl2N2O2,22,HCl2N
CC(=O)Nc1ccc(O)c(N(N)CC=S)c1,CC(=O)Nc1ccc(O)cc1,C10H13N3O2S,29,C2H6N2S
O=C(CC(F)(F)F)Nc1ccc(O)cc1,CC(=O)Nc1ccc(O)cc1,C9H8F3NO2,23,CHF3
CC(=O)Nc1ccc(O)cc1C1(O)OCC=[SH]1,CC(=O)Nc1ccc(O)cc1,C11H13NO4S,30,C3H6O2S
CC(=O)Nc1ccc(O[SH3]=CSC2C=N2)cc1,CC(=O)Nc1ccc(O)cc1,C11H14N2O2S2,31,C3H7NS2
CC(=O)Nc1ccc(O)cc1-n1sc2ooc21,CC(=O)Nc1ccc(O)cc1,C10H8N2O4S,25,C2HNO2S
CCBOOc1cc(NC(C)=O)ccc1O,CC(=O)Nc1ccc(O)cc1,C10H14BNO4,30,C2H7BO2
CC(=O)Nc1ccc(O)c(OCCOC=S)c1,CC(=O)Nc1ccc(O)cc1,C11H13NO4S,30,C3H6O2S
CC(=O)N(CCCCCF)c1ccc(O)cc1,CC(=O)Nc1ccc(O)cc1,C13H18FNO2,35,C5H11F
CC(=O)Nc1ccc(O[SH]23=C=[SH]2=C3)cc1,CC(=O)Nc1ccc(O)cc1,C10H11NO2S2,26,C2H4S2
CC(=O)Nc1ccc(O[PH]([O-])([O-])OC=O)cc1,CC(=O)Nc1ccc(O)cc1,C9H10NO6P-2,27,CH3O4P-2
CC(=O)Nc1ccc(O)c(BOC(C)(C)O)c1,CC(=O)Nc1ccc(O)cc1,C11H16BNO4,33,C3H9BO2
CC(=O)Nc1ccc(O)cc1C1CCC1,CC(=O)Nc1ccc(O)cc1,C12H15NO2,30,C4H8
CC(=O)N(OC(F)=CO)c1ccc(O)cc1,CC(=O)Nc1ccc(O)cc1,C10H10FNO4,26,C2H3FO2
CC(=O)Nc1ccc(OC2(Cl)OC2Cl)cc1,CC(=O)Nc1ccc(O)cc1,C10H9Cl2NO3,25,C2H2Cl2O
CC(=O)N(C(=O)F)c1ccc(O)cc1,CC(=O)Nc1ccc(O)cc1,C9H8FNO3,22,CHFO
CC(=O)Nc1ccc(O)c(C(Cl)(Cl)C(=O)Cl)c1,CC(=O)Nc1ccc(O)cc1,C10H8Cl3NO3,25,C2HCl3O
CC(=O)Nc1ccc(O)cc1[SH]12=CC3(NC31)S2,CC(=O)Nc1ccc(O)cc1,C11H12N2O2S2,29,C3H5NS2
C[SiH2]C(C)Oc1ccc(NC(C)=O)cc1,CC(=O)Nc1ccc(O)cc1,C11H17NO2Si,32,C3H10Si
O=C(CSc1c2[nH]n1s2)Nc1ccc(O)cc1,CC(=O)Nc1ccc(O)cc1,C10H9N3O2S2,26,C2H2N2S2
O=C([O-])CCC(=O)Nc1ccc(O)cc1,CC(=O)Nc1ccc(O)cc1,C10H10NO4-,25,C2H3O2-
C=CNC(N)Sc1cc(NC(C)=O)ccc1O,CC(=O)Nc1ccc(O)cc1,C11H15N3O2S,32,C3H8N2S
CC(=O)N(c1ccc(O)cc1)C1N2CC13SN23,CC(=O)Nc1ccc(O)cc1,C11H11N3O2S,28,C3H4N2S
CC(=O)Nc1ccc(O)cc1C1(O)OC1Cl,CC(=O)Nc1ccc(O)cc1,C10H10ClNO4,26,C2H3ClO2
COC[NH2+]c1cc(NC(C)=O)ccc1O,CC(=O)Nc1ccc(O)cc1,C10H15N2O3+,30,C2H8NO+
COC(CSC)c1cc(NC(C)=O)ccc1O,CC(=O)Nc1ccc(O)cc1,C12H17NO3S,34,C4H10OS
CC(=O)Nc1ccc(O)c(C23C4C2C43)c1,CC(=O)Nc1ccc(O)cc1,C12H11NO2,26,C4H4
O=C(CC1=NC1)Nc1ccc(O)cc1,CC(=O)Nc1ccc(O)cc1,C10H10N2O2,24,C2H3N
CC(=O)Nc1ccc(O[SH3]2NN=C(O)O2)cc1,CC(=O)Nc1ccc(O)cc1,C9H13N3O4S,30,CH6N2O2S
CC(=O)Nc1ccc(O)c(C=CF)c1,CC(=O)Nc1ccc(O)cc1,C10H10FNO2,24,C2H3F
CC(=O)Nc1ccc(O)c(C(C)CCl)c1,CC(=O)Nc1ccc(O)cc1,C11H14ClNO2,29,C3H7Cl
CC(=O)Nc1ccc(OC(F)C(F)OF)cc1,CC(=O)Nc1ccc(O)cc1,C10H10F3NO3,27,C2H3F3O
CC(=O)Nc1ccc(O)cc1C(O)C(N)CO,CC(=O)Nc1ccc(O)cc1,C11H16N2O4,33,C3H9NO2
CC(=O)Nc1ccc(OS23=CC2N=3)cc1,CC(=O)Nc1ccc(O)cc1,C10H10N2O2S,25,C2H3NS
CCN1CC1(S)Oc1ccc(NC(C)=O)cc1,CC(=O)Nc1ccc(O)cc1,C12H16N2O2S,33,C4H9NS
NOCC(=O)Nc1ccc(O)cc1,CC(=O)Nc1ccc(O)cc1,C8H10N2O3,23,H3NO
CC(=O)Nc1ccc(O)cc1C=C(N)SC=N,CC(=O)Nc1ccc(O)cc1,C11H13N3O2S,30,C3H6N2S
C[Se]CC(=O)Nc1ccc(O)cc1,CC(=O)Nc1ccc(O)cc1,C9H11NO2Se,24,CH4Se
CC(=O)Nc1ccc(ON=O)cc1,CC(=O)Nc1ccc(O)cc1,C8H8N2O3,21,HNO
C=C(OCCCl)Oc1ccc(NC(C)=O)cc1,CC(=O)Nc1ccc(O)cc1,C12H14ClNO3,31,C4H7ClO
CC(=O)Nc1ccc(OC23C=CN2O3)cc1,CC(=O)Nc1ccc(O)cc1,C11H10N2O3,26,C3H3NO
CC(=O)Nc1ccc(O[SH]23=NOC4=C2C43)cc1,CC(=O)Nc1ccc(O)cc1,C11H10N2O3S,27,C3H3NOS
CC(=O)Nc1ccc(O)cc1C1OC(Br)C1O,CC(=O)Nc1ccc(O)cc1,C11H12BrNO4,29,C3H5BrO2
CC[SiH](C)CCc1cc(NC(C)=O)ccc1O,CC(=O)Nc1ccc(O)cc1,C13H21NO2Si,38,C5H14Si
CCOC(F)c1cc(NC(C)=O)ccc1O,CC(=O)Nc1ccc(O)cc1,C11H14FNO3,30,C3H7FO
CC(=O)Nc1ccc(O)c([SiH2]CC2C=CC2)c1,CC(=O)Nc1ccc(O)cc1,C13H17NO2Si,34,C5H10Si
CO[NH2+]Cc1cc(O)ccc1NC(C)=O,CC(=O)Nc1ccc(O)cc1,C10H15N2O3+,30,C2H8NO+
CC(=O)Nc1ccc(O)c(C(C)(Cl)CCCl)c1,CC(=O)Nc1ccc(O)cc1,C12H15Cl2NO2,32,C4H8Cl2
CC(=O)Nc1ccc(O)c(C=[SH2]2COOO2)c1,CC(=O)Nc1ccc(O)cc1,C10H13NO5S,30,C2H6O3S
O=C(CC1(CS)CC=[SH3]1)Nc1ccc(O)cc1,CC(=O)Nc1ccc(O)cc1,C12H17NO2S2,34,C4H10S2
O=C(CC(Cl)Cl)Nc1ccc(O)cc1,CC(=O)Nc1ccc(O)cc1,C9H9Cl2NO2,23,CH2Cl2
C=C(F)c1cc(NC(C)=O)ccc1O,CC(=O)Nc1ccc(O)cc1,C10H10FNO2,24,C2H3F
CC(=O)Nc1ccc(OCO)cc1,CC(=O)Nc1ccc(O)cc1,C9H11NO3,24,CH4O
O=C(CSC1CS1)Nc1ccc(O)cc1,CC(=O)Nc1ccc(O)cc1,C10H11NO2S2,26,C2H4S2
CC(=O)N(C(Cl)=COCl)c1ccc(O)cc1,CC(=O)Nc1ccc(O)cc1,C10H9Cl2NO3,25,C2H2Cl2O
CC(=O)N(CCC[SiH2]Cl)c1ccc(O)cc1,CC(=O)Nc1ccc(O)cc1,C11H16ClNO2Si,32,C3H9ClSi
CC(=O)Nc1ccc(O)cc1CCI,CC(=O)Nc1ccc(O)cc1,C10H12INO2,26,C2H5I
CC(=O)Nc1ccc(O)c(C(C)C(F)F)c1,CC(=O)Nc1ccc(O)cc1,C11H13F2NO2,29,C3H6F2
CC(=O)Nc1ccc(O)c(C(F)C2CO2)c1,CC(=O)Nc1ccc(O)cc1,C11H12FNO3,28,C3H5FO
CC(=O)N(c1ccc(O)cc1)[SH2]1=CSC(O)C1,CC(=O)Nc1ccc(O)cc1,C11H15NO3S2,32,C3H8OS2
CC(=O)N(c1ccc(O)cc1)c1c2on1C2Br,CC(=O)Nc1ccc(O)cc1,C11H9BrN2O3,26,C3H2BrNO
CCCN=C(Cl)c1cc(O)ccc1NC(C)=O,CC(=O)Nc1ccc(O)cc1,C12H15ClN2O2,32,C4H8ClN
CC(=O)Nc1ccc(O)cc1CNO,CC(=O)Nc1ccc(O)cc1,C9H12N2O3,26,CH5NO
CC(=O)Nc1ccc(O)c(N(CN)C(C)C)c1,CC(=O)Nc1ccc(O)cc1,C12H19N3O2,36,C4H12N2
CC(=O)N(c1ccc(O)cc1)C1(Cl)OCO1,CC(=O)Nc1ccc(O)cc1,C10H10ClNO4,26,C2H3ClO2
O=C(CN1CN1S)Nc1ccc(O)cc1,CC(=O)Nc1ccc(O)cc1,C9H11N3O2S,26,CH4N2S
CC(=O)Nc1ccc(O[SiH2]C(CCl)CCl)cc1,CC(=O)Nc1ccc(O)cc1,C11H15Cl2NO2Si,32,C3H8Cl2Si
CC(=O)Nc1ccc(O)c(C2=NS2)c1,CC(=O)Nc1ccc(O)cc1,C9H8N2O2S,22,CHNS
CC(=O)N(c1ccc(O)cc1)N1NC[NH2+]1,CC(=O)Nc1ccc(O)cc1,C9H13N4O2+,28,CH6N3+
CC(=O)N(c1ccc(O)cc1)C1CC2NC21,CC(=O)Nc1ccc(O)cc1,C12H14N2O2,30,C4H7N
O=C(CC(OO)=C(Cl)Br)Nc1ccc(O)cc1,CC(=O)Nc1ccc(O)cc1,C10H9BrClNO4,26,C2H2BrClO2
CC(=O)Nc1ccc(O[PH](=O)O[O-])cc1,CC(=O)Nc1ccc(O)cc1,C8H9NO5P-,24,H2O3P-
CC(=O)Nc1ccc(O)cc1CC(S)CN,CC(=O)Nc1ccc(O)cc1,C11H16N2O2S,32,C3H9NS
CC(=O)Nc1ccc(O)c(N2C3=CC2(Cl)S3)c1,CC(=O)Nc1ccc(O)cc1,C11H9ClN2O2S,26,C3H2ClNS
C=C(C(Cl)Cl)N(C(C)=O)c1ccc(O)cc1,CC(=O)Nc1ccc(O)cc1,C11H11Cl2NO2,27,C3H4Cl2
C=[SH](=O)CC(=O)Nc1ccc(O)cc1,CC(=O)Nc1ccc(O)cc1,C9H11NO3S,25,CH4OS
CC(=O)Nc1ccc(O)cc1C(=CCl)OCl,CC(=O)Nc1ccc(O)cc1,C10H9Cl2NO3,25,C2H2Cl2O
C=CCCC(Br)N(C(C)=O)c1ccc(O)cc1,CC(=O)Nc1ccc(O)cc1,C13H16BrNO2,33,C5H9Br
CC(=O)N(c1ccc(O)cc1)N1COCO1,CC(=O)Nc1ccc(O)cc1,C10H12N2O4,28,C2H5NO2
CC(=O)Nc1ccc(OCOC(=N)[O-])cc1,CC(=O)Nc1ccc(O)cc1,C10H11N2O4-,27,C2H4NO2-
CC(=O)Nc1ccc(O)c(C2C#[SH](O)C2)c1,CC(=O)Nc1ccc(O)cc1,C11H13NO3S,29,C3H6OS
CC(=O)Nc1ccc(O)cc1C(C)C,CC(=O)Nc1ccc(O)cc1,C11H15NO2,29,C3H8
CC(=O)N(ON=O)c1ccc(O)cc1,CC(=O)Nc1ccc(O)cc1,C8H8N2O4,22,HNO2
CC(=O)Nc1ccc(O)cc1C(F)C1OO1,CC(=O)Nc1ccc(O)cc1,C10H10FNO4,26,C2H3FO2
C=CC(Cl)(CCl)Oc1ccc(NC(C)=O)cc1,CC(=O)Nc1ccc(O)cc1,C12H13Cl2NO2,30,C4H6Cl2
C=C1OC(C)(N(C(C)=O)c2ccc(O)cc2)O1,CC(=O)Nc1ccc(O)cc1,C12H13NO4,30,C4H6O2
CC(=O)Nc1ccc(ON2C3OC=NN32)cc1,CC(=O)Nc1ccc(O)cc1,C10H10N4O3,27,C2H3N3O
CCc1cc(O)ccc1NC(C)=O,CC(=O)Nc1ccc(O)cc1,C10H13NO2,26,C2H6
CC(=O)N(c1ccc(O)cc1)N1OOOC1C,CC(=O)Nc1ccc(O)cc1,C10H12N2O5,29,C2H5NO3
O=C(CBOO)Nc1ccc(O)cc1,CC(=O)Nc1ccc(O)cc1,C8H10BNO4,24,H3BO2
CC(=O)Nc1ccc(O)cc1-c1c2n3n1N=[SH2]23,CC(=O)Nc1ccc(O)cc1,C10H10N4O2S,27,C2H3N3S
CC(=O)Nc1ccc(O)cc1C(F)Cl,CC(=O)Nc1ccc(O)cc1,C9H9ClFNO2,23,CH2ClF
CCSc1cc(NC(C)=O)ccc1O,CC(=O)Nc1ccc(O)cc1,C10H13NO2S,27,C2H6S
C=NC(c1cc(O)ccc1NC(C)=O)C([O-])O,CC(=O)Nc1ccc(O)cc1,C11H13N2O4-,30,C3H6NO2-
CCOc1ccc(NC(C)=O)cc1,CC(=O)Nc1ccc(O)cc1,C10H13NO2,26,C2H6
CNC=COc1cc(NC(C)=O)ccc1O,CC(=O)Nc1ccc(O)cc1,C11H14N2O3,30,C3H7NO
CC(=O)Nc1ccc(OC2(C)n3n4n2n34)cc1,CC(=O)Nc1ccc(O)cc1,C10H11N5O2,28,C2H4N4
CC(=O)Nc1ccc(O)c(N2N=N2)c1,CC(=O)Nc1ccc(O)cc1,C8H8N4O2,22,HN3
CC(=O)Nc1ccc(O)c(C2N=CN=CS2)c1,CC(=O)Nc1ccc(O)cc1,C11H11N3O2S,28,C3H4N2S
N=C(S)OCNCC(=O)Nc1ccc(O)cc1,CC(=O)Nc1ccc(O)cc1,C10H13N3O3S,30,C2H6N2OS
CC(=O)Nc1ccc(O)cc1CC1CN1C,CC(=O)Nc1ccc(O)cc1,C12H16N2O2,32,C4H9N
CC(=O)Nc1ccc(O)cc1C(Cl)CCCCl,CC(=O)Nc1ccc(O)cc1,C12H15Cl2NO2,32,C4H8Cl2
CC(=O)Nc1ccc(O)c(OCCCCBr)c1,CC(=O)Nc1ccc(O)cc1,C12H16BrNO3,33,C4H9BrO
CC(=O)Nc1ccc(O)cc1C(CC=N)OF,CC(=O)Nc1ccc(O)cc1,C11H13FN2O3,30,C3H6FNO
CCSCOc1ccc(NC(C)=O)cc1,CC(=O)Nc1ccc(O)cc1,C11H15NO2S,30,C3H8S
CC(=O)N(c1ccc(O)cc1)C1OCC2NC21,CC(=O)Nc1ccc(O)cc1,C12H14N2O3,31,C4H7NO
CC(=O)N(c1ccc(O)cc1)C1CN(CO)C1,CC(=O)Nc1ccc(O)cc1,C12H16N2O3,33,C4H9NO
CC(=O)Nc1ccc(OCN2COC2I)cc1,CC(=O)Nc1ccc(O)cc1,C11H13IN2O3,30,C3H6INO
CC(=O)Nc1ccc(O)cc1C1SC#S2=C1S2,CC(=O)Nc1ccc(O)cc1,C11H9NO2S3,26,C3H2S3
O=C(CN=NO)Nc1ccc(O)cc1,CC(=O)Nc1ccc(O)cc1,C8H9N3O3,23,H2N2O
CC(=O)N(NN)c1ccc(O)cc1,CC(=O)Nc1ccc(O)cc1,C8H11N3O2,24,H4N2
CC(=O)Nc1ccc(O)c(OCC(Cl)(Cl)Cl)c1,CC(=O)Nc1ccc(O)cc1,C10H10Cl3NO3,27,C2H3Cl3O
COC(I)=NCC(=O)Nc1ccc(O)cc1,CC(=O)Nc1ccc(O)cc1,C10H11IN2O3,27,C2H4INO
C=NC1OC(N(C(C)=O)c2ccc(O)cc2)O1,CC(=O)Nc1ccc(O)cc1,C11H12N2O4,29,C3H5NO2
CC(=O)Nc1ccc(O)c(C2(C)N=N2)c1,CC(=O)Nc1ccc(O)cc1,C10H11N3O2,26,C2H4N2
CC(=O)Nc1ccc(OC23NN4C2C43Cl)cc1,CC(=O)Nc1ccc(O)cc1,C11H10ClN3O2,27,C3H3ClN2
CC(=O)Nc1ccc(OC23[NH+]4CC25CC453)cc1,CC(=O)Nc1ccc(O)cc1,C13H13N2O2+,30,C5H6N+
CC(=O)N(C=C1C=C1)c1ccc(O)cc1,CC(=O)Nc1ccc(O)cc1,C12H11NO2,26,C4H4
CC(=O)Nc1ccc(O)cc1C1N=N1,CC(=O)Nc1ccc(O)cc1,C9H9N3O2,23,CH2N2
CCC(I)CN(C(C)=O)c1ccc(O)cc1,CC(=O)Nc1ccc(O)cc1,C12H16INO2,32,C4H9I
O=C(CN1C#[SH2]1)Nc1ccc(O)cc1,CC(=O)Nc1ccc(O)cc1,C9H10N2O2S,24,CH3NS
O=C(CC=CO)Nc1ccc(O)cc1,CC(=O)Nc1ccc(O)cc1,C10H11NO3,25,C2H4O
CC(CC(=O)Nc1ccc(O)cc1)C(O)F,CC(=O)Nc1ccc(O)cc1,C11H14FNO3,30,C3H7FO
CC(=O)Nc1ccc(O)cc1OC(F)(F)CF,CC(=O)Nc1ccc(O)cc1,C10H10F3NO3,27,C2H3F3O
CN(CC(=O)Nc1ccc(O)cc1)C12n3n1n32,CC(=O)Nc1ccc(O)cc1,C10H11N5O2,28,C2H4N4
C=CCCC(=C)c1cc(NC(C)=O)ccc1O,CC(=O)Nc1ccc(O)cc1,C14H17NO2,34,C6H10
CC(=O)Nc1ccc(OON2CCC2Cl)cc1,CC(=O)Nc1ccc(O)cc1,C11H13ClN2O3,30,C3H6ClNO
CC(=O)N(c1ccc(O)cc1)N1NC2(OO2)S1,CC(=O)Nc1ccc(O)cc1,C9H9N3O4S,26,CH2N2O2S
CC(=O)Nc1ccc(O)c(C2COC2I)c1,CC(=O)Nc1ccc(O)cc1,C11H12INO3,28,C3H5IO
CCCC(=O)Nc1ccc(O)cc1,CC(=O)Nc1ccc(O)cc1,C10H13NO2,26,C2H6
CC(=O)Nc1ccc(O)cc1C(Cl)(Cl)Cl,CC(=O)Nc1ccc(O)cc1,C9H8Cl3NO2,23,CHCl3
CC(=O)Nc1ccc(O)cc1On1oo1,CC(=O)Nc1ccc(O)cc1,C8H8N2O5,23,HNO3
CCC(O)SCc1cc(NC(C)=O)ccc1O,CC(=O)Nc1ccc(O)cc1,C12H17NO3S,34,C4H10OS
CC(=O)Nc1ccc(O)cc1N1C2N(CS)N21,CC(=O)Nc1ccc(O)cc1,C10H12N4O2S,29,C2H5N3S
CC(=O)Nc1ccc(O)c(OC(O)CS)c1,CC(=O)Nc1ccc(O)cc1,C10H13NO4S,29,C2H6O2S
CC(=O)N(c1ccc(O)cc1)C(O)CCBr,CC(=O)Nc1ccc(O)cc1,C11H14BrNO3,30,C3H7BrO
O=C(Cn1ncnc1O)Nc1ccc(O)cc1,CC(=O)Nc1ccc(O)cc1,C10H10N4O3,27,C2H3N3O
CCC(CC(=O)Nc1ccc(O)cc1)N=CO,CC(=O)Nc1ccc(O)cc1,C12H16N2O3,33,C4H9NO
CC(=O)Nc1ccc(O)c(OC(F)CF)c1,CC(=O)Nc1ccc(O)cc1,C10H11F2NO3,27,C2H4F2O
CC(=O)Nc1ccc(O)c(C2(CN)C3CN32)c1,CC(=O)Nc1ccc(O)cc1,C12H15N3O2,32,C4H8N2
CCC(I)c1cc(NC(C)=O)ccc1O,CC(=O)Nc1ccc(O)cc1,C11H14INO2,29,C3H7I
CC(=O)Nc1ccc(O)cc1C1(Cl)CC1,CC(=O)Nc1ccc(O)cc1,C11H12ClNO2,27,C3H5Cl
CC(=O)N(c1ccc(O)cc1)C(C)(F)C(C)F,CC(=O)Nc1ccc(O)cc1,C12H15F2NO2,32,C4H8F2
CC(=O)N(c1ccc(O)cc1)N(C=O)CI,CC(=O)Nc1ccc(O)cc1,C10H11IN2O3,27,C2H4INO
CCCC(Cl)N(C(C)=O)c1ccc(O)cc1,CC(=O)Nc1ccc(O)cc1,C12H16ClNO2,32,C4H9Cl
CC(=O)Nc1ccc(O)c(OC=C2N=N2)c1,CC(=O)Nc1ccc(O)cc1,C10H9N3O3,25,C2H2N2O
CC(=O)N(C1=[SH2]2SC12)c1ccc(O)cc1,CC(=O)Nc1ccc(O)cc1,C10H11NO2S2,26,C2H4S2
CC(=O)Nc1ccc(OP(=O)([O-])[O-])cc1,CC(=O)Nc1ccc(O)cc1,C8H8NO5P-2,23,HO3P-2
CC(=O)Nc1ccc(O)cc1C1(Cl)OC(C)O1,CC(=O)Nc1ccc(O)cc1,C11H12ClNO4,29,C3H5ClO2
CC(=O)N(c1ccc(O)cc1)C1CC1F,CC(=O)Nc1ccc(O)cc1,C11H12FNO2,27,C3H5F
CC(=O)Nc1ccc(Oc2ccncc2)cc1,CC(=O)Nc1ccc(O)cc1,C13H12N2O2,29,C5H5N
N=CN(CC(=O)Nc1ccc(O)cc1)NCO,CC(=O)Nc1ccc(O)cc1,C10H14N4O3,31,C2H7N3O
CC(=O)Nc1ccc(O)cc1C([SiH3])CC(C)C,CC(=O)Nc1ccc(O)cc1,C13H21NO2Si,38,C5H14Si
CC(CCC(=O)Nc1ccc(O)cc1)OO[SiH3],CC(=O)Nc1ccc(O)cc1,C11H17NO4Si,34,C3H10O2Si
CNOOCCc1cc(NC(C)=O)ccc1O,CC(=O)Nc1ccc(O)cc1,C11H16N2O4,33,C3H9NO2
CC(=O)Nc1ccc(O)cc1O[Na],CC(=O)Nc1ccc(O)cc1,C8H8NNaO3,21,HNaO
C=C[SH2]1(Oc2ccc(NC(C)=O)cc2)C=N1,CC(=O)Nc1ccc(O)cc1,C11H14N2O2S,30,C3H7NS
CC(=O)Nc1ccc(O)c(C(CS)OO)c1,CC(=O)Nc1ccc(O)cc1,C10H13NO4S,29,C2H6O2S
CC(=O)N(N=NO)c1ccc(O)cc1,CC(=O)Nc1ccc(O)cc1,C8H9N3O3,23,H2N2O
CC(=O)Nc1ccc(O)cc1C(N)CF,CC(=O)Nc1ccc(O)cc1,C10H13FN2O2,28,C2H6FN
CC(=O)Nc1ccc(O)c(C2NN3COC23)c1,CC(=O)Nc1ccc(O)cc1,C11H13N3O3,30,C3H6N2O
CC(=O)Nc1ccc(O)c(Oc2cnco2)c1,CC(=O)Nc1ccc(O)cc1,C11H10N2O4,27,C3H3NO2
CC(=O)N(OCCC(C)F)c1ccc(O)cc1,CC(=O)Nc1ccc(O)cc1,C12H16FNO3,33,C4H9FO
O=C(CO[Na])Nc1ccc(O)cc1,CC(=O)Nc1ccc(O)cc1,C8H8NNaO3,21,HNaO
CC(=O)Nc1ccc(O)c(C(=N)OC=O)c1,CC(=O)Nc1ccc(O)cc1,C10H10N2O4,26,C2H3NO2
CC(=O)Nc1ccc(O)cc1CC1(I)CO1,CC(=O)Nc1ccc(O)cc1,C11H12INO3,28,C3H5IO
CCC(Br)CN(C(C)=O)c1ccc(O)cc1,CC(=O)Nc1ccc(O)cc1,C12H16BrNO2,32,C4H9Br
CC(=O)Nc1ccc(O)cc1C(=O)Cl,CC(=O)Nc1ccc(O)cc1,C9H8ClNO3,22,CHClO
CC(=O)Nc1ccc(O)c(C2=CCC=C2)c1,CC(=O)Nc1ccc(O)cc1,C13H13NO2,29,C5H6
CCCCc1cc(NC(C)=O)ccc1O,CC(=O)Nc1ccc(O)cc1,C12H17NO2,32,C4H10
O=C(CC1SCn2[nH]n21)Nc1ccc(O)cc1,CC(=O)Nc1ccc(O)cc1,C10H12N4O2S,29,C2H5N3S
CC(=O)Nc1ccc(O)c(OC(F)C(C)F)c1,CC(=O)Nc1ccc(O)cc1,C11H13F2NO3,30,C3H6F2O
CC(=O)Nc1ccc(O)cc1C12C3ON1C32,CC(=O)Nc1ccc(O)cc1,C11H10N2O3,26,C3H3NO
CC(=O)N(c1ccc(O)cc1)C1C2C=CC21,CC(=O)Nc1ccc(O)cc1,C13H13NO2,29,C5H6
CC(=O)Nc1ccc(O)cc1C(C)C(C)[SiH3],CC(=O)Nc1ccc(O)cc1,C12H19NO2Si,35,C4H12Si
CC(=O)Nc1ccc(O)c(C(C)(Cl)CCl)c1,CC(=O)Nc1ccc(O)cc1,C11H13Cl2NO2,29,C3H6Cl2
CC(=O)Nc1ccc(O)c(C(Br)OC2=CC2)c1,CC(=O)Nc1ccc(O)cc1,C12H12BrNO3,29,C4H5BrO
O=C(CC1[SH4]NC12CN2)Nc1ccc(O)cc1,CC(=O)Nc1ccc(O)cc1,C11H17N3O2S,34,C3H10N2S
C=COC(O)(Br)c1cc(NC(C)=O)ccc1O,CC(=O)Nc1ccc(O)cc1,C11H12BrNO4,29,C3H5BrO2
O=C(CC1(Cl)CO1)Nc1ccc(O)cc1,CC(=O)Nc1ccc(O)cc1,C10H10ClNO3,25,C2H3ClO
CC(=O)Nc1ccc(O)cc1C=C(C)C(Cl)Cl,CC(=O)Nc1ccc(O)cc1,C12H13Cl2NO2,30,C4H6Cl2
CC(=O)Nc1ccc(O)cc1C(O)OC=O,CC(=O)Nc1ccc(O)cc1,C10H11NO5,27,C2H4O3
CC(=O)Nc1ccc(O)cc1C1N=C2SN2N1,CC(=O)Nc1ccc(O)cc1,C10H10N4O2S,27,C2H3N3S
CC(=O)Nc1ccc(OC2(CN)CCC2)cc1,CC(=O)Nc1ccc(O)cc1,C13H18N2O2,35,C5H11N
O=C(C[PH2]1OOOO1)Nc1ccc(O)cc1,CC(=O)Nc1ccc(O)cc1,C8H10NO6P,26,H3O4P
CC(=O)Nc1ccc(O)cc1C(Br)CN,CC(=O)Nc1ccc(O)cc1,C10H13BrN2O2,28,C2H6BrN
CC(=O)N(c1ccc(O)cc1)C1OCCS1,CC(=O)Nc1ccc(O)cc1,C11H13NO3S,29,C3H6OS
CC(=O)N(c1ccc(O)cc1)C12NC13C1NC132,CC(=O)Nc1ccc(O)cc1,C12H11N3O2,28,C4H4N2
COC=NC(=N)N(C(C)=O)c1ccc(O)cc1,CC(=O)Nc1ccc(O)cc1,C11H13N3O3,30,C3H6N2O
CC(CC(=O)Nc1ccc(O)cc1)OC(=N)S,CC(=O)Nc1ccc(O)cc1,C11H14N2O3S,31,C3H7NOS
C=C(Br)OC(=C)c1cc(O)ccc1NC(C)=O,CC(=O)Nc1ccc(O)cc1,C12H12BrNO3,29,C4H5BrO
CC(=O)Nc1ccc(O)cc1C12CC1CN2N,CC(=O)Nc1ccc(O)cc1,C12H15N3O2,32,C4H8N2
CCC(C)(C[SiH3])c1cc(O)ccc1NC(C)=O,CC(=O)Nc1ccc(O)cc1,C13H21NO2Si,38,C5H14Si
CC(=O)Nc1ccc(O)c(C2(Br)CC2)c1,CC(=O)Nc1ccc(O)cc1,C11H12BrNO2,27,C3H5Br
CC(=O)N(C=C(Br)OOCl)c1ccc(O)cc1,CC(=O)Nc1ccc(O)cc1,C10H9BrClNO4,26,C2H2BrClO2
CC(=O)Nc1ccc(O)cc1C(=O)F,CC(=O)Nc1ccc(O)cc1,C9H8FNO3,22,CHFO
C=C(F)N(C(C)=O)c1ccc(O)cc1,CC(=O)Nc1ccc(O)cc1,C10H10FNO2,24,C2H3F
C=C(S)Oc1cc(O)ccc1NC(C)=O,CC(=O)Nc1ccc(O)cc1,C10H11NO3S,26,C2H4OS
CON=C(CI)Oc1ccc(NC(C)=O)cc1,CC(=O)Nc1ccc(O)cc1,C11H13IN2O3,30,C3H6INO
CC(=O)Nc1ccc(OC(=O)O)cc1,CC(=O)Nc1ccc(O)cc1,C9H9NO4,23,CH2O2
CC(=O)Nc1ccc(O)c(OC(O)N=CO)c1,CC(=O)Nc1ccc(O)cc1,C10H12N2O5,29,C2H5NO3
C=C(Cl)OOc1cc(O)ccc1NC(C)=O,CC(=O)Nc1ccc(O)cc1,C10H10ClNO4,26,C2H3ClO2
CC(=O)Nc1ccc(O)c(C2C#COO2)c1,CC(=O)Nc1ccc(O)cc1,C11H9NO4,25,C3H2O2
CC(=O)Nc1ccc(O[PH2]2COC2(O)O)cc1,CC(=O)Nc1ccc(O)cc1,C10H14NO5P,31,C2H7O3P
NNCC(=O)Nc1ccc(O)cc1,CC(=O)Nc1ccc(O)cc1,C8H11N3O2,24,H4N2
CC(=O)Nc1ccc(O)c(S234=C5C2C53N4Br)c1,CC(=O)Nc1ccc(O)cc1,C11H9BrN2O2S,26,C3H2BrNS
CC(=O)Nc1ccc(OC=N)cc1,CC(=O)Nc1ccc(O)cc1,C9H10N2O2,23,CH3N
CC(=O)Nc1ccc(O)c(N2NC(O)N2C)c1,CC(=O)Nc1ccc(O)cc1,C10H14N4O3,31,C2H7N3O
O=C(CCBr)Nc1ccc(O)cc1,CC(=O)Nc1ccc(O)cc1,C9H10BrNO2,23,CH3Br
CC(=O)Nc1ccc(O[SH]2(=O)OCOO2)cc1,CC(=O)Nc1ccc(O)cc1,C9H11NO6S,28,CH4O4S
CC(=O)Nc1ccc(OC(C)O)cc1,CC(=O)Nc1ccc(O)cc1,C10H13NO3,27,C2H6O
CC(=O)Nc1ccc(O)cc1C=C(Cl)CCl,CC(=O)Nc1ccc(O)cc1,C11H11Cl2NO2,27,C3H4Cl2
CC(=O)N([N+]#N)c1ccc(O)cc1,CC(=O)Nc1ccc(O)cc1,C8H8N3O2+,21,HN2+
CC(=O)Nc1ccc(O)cc1C1OO1,CC(=O)Nc1ccc(O)cc1,C9H9NO4,23,CH2O2
C=CCC(=O)Nc1ccc(O)cc1,CC(=O)Nc1ccc(O)cc1,C10H11NO2,24,C2H4
CC(=O)Nc1ccc(O)c(CF)c1,CC(=O)Nc1ccc(O)cc1,C9H10FNO2,23,CH3F
CC(=O)Nc1ccc(O)cc1C1=C2OC2O1,CC(=O)Nc1ccc(O)cc1,C11H9NO4,25,C3H2O2
CC(=O)Nc1ccc(OC2CC2OC[O-])cc1,CC(=O)Nc1ccc(O)cc1,C12H14NO4-,31,C4H7O2-
CC(=O)Nc1ccc(OCCCCl)cc1,CC(=O)Nc1ccc(O)cc1,C11H14ClNO2,29,C3H7Cl
CC(=O)Nc1ccc(O)c(C2=C3CC3=C2)c1,CC(=O)Nc1ccc(O)cc1,C13H11NO2,27,C5H4
CC(=O)Nc1ccc(O)cc1N1N=N1,CC(=O)Nc1ccc(O)cc1,C8H8N4O2,22,HN3
C=CCCOc1ccc(NC(C)=O)cc1,CC(=O)Nc1ccc(O)cc1,C12H15NO2,30,C4H8
CC(=O)Nc1ccc(O[SH]23=c4sc(n42)=C3)cc1,CC(=O)Nc1ccc(O)cc1,C11H10N2O2S2,27,C3H3NS2
CC(=O)Nc1ccc(O[SH2]23COC(=N2)O3)cc1,CC(=O)Nc1ccc(O)cc1,C10H12N2O4S,29,C2H5NO2S
C#CC(CN=O)c1cc(NC(C)=O)ccc1O,CC(=O)Nc1ccc(O)cc1,C12H12N2O3,29,C4H5NO
O=C(COOSF)Nc1ccc(O)cc1,CC(=O)Nc1ccc(O)cc1,C8H8FNO4S,23,HFO2S
CC(=O)Nc1ccc(O)c(C(C)C(O)CN)c1,CC(=O)Nc1ccc(O)cc1,C12H18N2O3,35,C4H11NO
CC(=O)Nc1ccc(OC(C)C)cc1,CC(=O)Nc1ccc(O)cc1,C11H15NO2,29,C3H8
CC(=O)Nc1ccc(O[SH3]2c3cn2[nH]3)cc1,CC(=O)Nc1ccc(O)cc1,C10H13N3O2S,29,C2H6N2S
CC(=O)Nc1ccc(O)c(P(Cl)Cl)c1,CC(=O)Nc1ccc(O)cc1,C8H8Cl2NO2P,22,HCl2P
CC(=O)N(OCO)c1ccc(O)cc1,CC(=O)Nc1ccc(O)cc1,C9H11NO4,25,CH4O2
CC(=O)Nc1ccc(O[SH3]=NNC(=O)O)cc1,CC(=O)Nc1ccc(O)cc1,C9H13N3O4S,30,CH6N2O2S
C=C(Br)N(C(C)=O)c1ccc(O)cc1,CC(=O)Nc1ccc(O)cc1,C10H10BrNO2,24,C2H3Br
CC(=O)Nc1ccc(O)cc1C(N)CCCN,CC(=O)Nc1ccc(O)cc1,C12H19N3O2,36,C4H12N2
CC(=O)N(c1ccc(O)cc1)C(OS)SO,CC(=O)Nc1ccc(O)cc1,C9H11NO4S2,27,CH4O2S2
O=C(CCC1=CO1)Nc1ccc(O)cc1,CC(=O)Nc1ccc(O)cc1,C11H11NO3,26,C3H4O
O=C(Cn1ccc(Br)c1)Nc1ccc(O)cc1,CC(=O)Nc1ccc(O)cc1,C12H11BrN2O2,28,C4H4BrN
CC(=O)Nc1ccc(O)c(SOC(C)O)c1,CC(=O)Nc1ccc(O)cc1,C10H13NO4S,29,C2H6O2S
CC(=O)Nc1ccc(ON2N=N2)cc1,CC(=O)Nc1ccc(O)cc1,C8H8N4O2,22,HN3
CC(=O)N(c1ccc(O)cc1)C1CNC1C,CC(=O)Nc1ccc(O)cc1,C12H16N2O2,32,C4H9N
C=C(S)N(C)CC(=O)Nc1ccc(O)cc1,CC(=O)Nc1ccc(O)cc1,C11H14N2O2S,30,C3H7NS
C=CN=C(C=C)N(C(C)=O)c1ccc(O)cc1,CC(=O)Nc1ccc(O)cc1,C13H14N2O2,31,C5H7N
CC(=O)Nc1ccc(O)c(OCCBr)c1,CC(=O)Nc1ccc(O)cc1,C10H12BrNO3,27,C2H5BrO
CC(=O)Nc1ccc(O)c(C2NN[NH2+]2)c1,CC(=O)Nc1ccc(O)cc1,C9H13N4O2+,28,CH6N3+
CC(=O)Nc1ccc(OS(F)(F)(F)(F)F)cc1,CC(=O)Nc1ccc(O)cc1,C8H8F5NO2S,25,HF5S
O=C(CCOCC1OO1)Nc1ccc(O)cc1,CC(=O)Nc1ccc(O)cc1,C11H13NO5,30,C3H6O3
CC(=O)Nc1ccc(O)cc1[PH](=O)O,CC(=O)Nc1ccc(O)cc1,C8H10NO4P,24,H3O2P
O=C(Cc1s[nH]n2[nH]c1-2)Nc1ccc(O)cc1,CC(=O)Nc1ccc(O)cc1,C10H10N4O2S,27,C2H3N3S
CCCC(=O)Nc1ccc(O)cc1,CC(=O)Nc1ccc(O)cc1,C10H13NO2,26,C2H6
CC(=O)Nc1ccc(O)c(C(F)(F)Cl)c1,CC(=O)Nc1ccc(O)cc1,C9H8ClF2NO2,23,CHClF2
CC(=O)N(c1ccc(O)cc1)C(O)CCCF,CC(=O)Nc1ccc(O)cc1,C12H16FNO3,33,C4H9FO
CC(=O)Nc1ccc(O)c(C(F)CF)c1,CC(=O)Nc1ccc(O)cc1,C10H11F2NO2,26,C2H4F2
CC(=O)Nc1ccc(O)c(C=CF)c1,CC(=O)Nc1ccc(O)cc1,C10H10FNO2,24,C2H3F
CC(=O)Nc1ccc(O)cc1C1(N)CCSS1,CC(=O)Nc1ccc(O)cc1,C11H14N2O2S2,31,C3H7NS2
C=C(SS)c1cc(O)ccc1NC(C)=O,CC(=O)Nc1ccc(O)cc1,C10H11NO2S2,26,C2H4S2
CC(=O)Nc1ccc(O)c(Sc2nncs2)c1,CC(=O)Nc1ccc(O)cc1,C10H9N3O2S2,26,C2H2N2S2
CC(=O)Nc1ccc(OCn2n3n2C3O)cc1,CC(=O)Nc1ccc(O)cc1,C10H12N4O3,29,C2H5N3O
CC(=O)Nc1ccc(O)cc1C(C)C(C)N,CC(=O)Nc1ccc(O)cc1,C12H18N2O2,34,C4H11N
CC(=O)Nc1ccc(O)cc1C=C(O)C([O-])O,CC(=O)Nc1ccc(O)cc1,C11H12NO5-,29,C3H5O3-
CC(=O)Nc1ccc(O)c(-c2coo2)c1,CC(=O)Nc1ccc(O)cc1,C10H9NO4,24,C2H2O2
CC(=O)Nc1ccc(O)cc1C1OCO1,CC(=O)Nc1ccc(O)cc1,C10H11NO4,26,C2H4O2
CC(=O)Nc1ccc(O)c(C(C)C(O)S)c1,CC(=O)Nc1ccc(O)cc1,C11H15NO3S,31,C3H8OS
CC(=O)Nc1ccc(OC(Cl)C(Cl)CCl)cc1,CC(=O)Nc1ccc(O)cc1,C11H12Cl3NO2,29,C3H5Cl3
CC(=O)N(c1ccc(O)cc1)C(O)(F)F,CC(=O)Nc1ccc(O)cc1,C9H9F2NO3,24,CH2F2O
CC(=O)N(C1=[SH]2=CNC2N1)c1ccc(O)cc1,CC(=O)Nc1ccc(O)cc1,C11H13N3O2S,30,C3H6N2S
CCC(=Cc1cc(NC(C)=O)ccc1O)O[O-],CC(=O)Nc1ccc(O)cc1,C12H14NO4-,31,C4H7O2-
CC(=O)Nc1ccc(O)c(CCCC(C)Cl)c1,CC(=O)Nc1ccc(O)cc1,C13H18ClNO2,35,C5H11Cl
O=C(CC(F)C(=O)F)Nc1ccc(O)cc1,CC(=O)Nc1ccc(O)cc1,C10H9F2NO3,25,C2H2F2O
C=NSCOCOc1ccc(NC(C)=O)cc1,CC(=O)Nc1ccc(O)cc1,C11H14N2O3S,31,C3H7NOS
CC(=O)Nc1ccc(O)cc1C12CCC1C2,CC(=O)Nc1ccc(O)cc1,C13H15NO2,31,C5H8
CC(=O)Nc1ccc(O)c(C#CI)c1,CC(=O)Nc1ccc(O)cc1,C10H8INO2,22,C2HI
CC(=O)Nc1ccc(O)c(CC2CCCS2)c1,CC(=O)Nc1ccc(O)cc1,C13H17NO2S,34,C5H10S
CCOCC(=O)Nc1ccc(O)cc1,CC(=O)Nc1ccc(O)cc1,C10H13NO3,27,C2H6O
CCCCNc1cc(O)ccc1NC(C)=O,CC(=O)Nc1ccc(O)cc1,C12H18N2O2,34,C4H11N
C=C(Cl)COc1cc(NC(C)=O)ccc1O,CC(=O)Nc1ccc(O)cc1,C11H12ClNO3,28,C3H5ClO
CC(=O)Nc1ccc(O)cc1N1NC(C)N1O,CC(=O)Nc1ccc(O)cc1,C10H14N4O3,31,C2H7N3O
CC(=O)N(BOCO)c1ccc(O)cc1,CC(=O)Nc1ccc(O)cc1,C9H12BNO4,27,CH5BO2
O=C(Cc1cnnn1O)Nc1ccc(O)cc1,CC(=O)Nc1ccc(O)cc1,C10H10N4O3,27,C2H3N3O
CC(=O)Nc1ccc(O)c(C2=[SH2]3SC3N2)c1,CC(=O)Nc1ccc(O)cc1,C10H12N2O2S2,28,C2H5NS2
NSOOCC(=O)Nc1ccc(O)cc1,CC(=O)Nc1ccc(O)cc1,C8H10N2O4S,25,H3NO2S
O=C(CC12C3CN1C32Br)Nc1ccc(O)cc1,CC(=O)Nc1ccc(O)cc1,C12H11BrN2O2,28,C4H4BrN
CC(=O)Nc1ccc(O)c(C23c4cn2n43)c1,CC(=O)Nc1ccc(O)cc1,C11H9N3O2,25,C3H2N2
O=C(CC1(Cl)N=[SH]2=C=C21)Nc1ccc(O)cc1,CC(=O)Nc1ccc(O)cc1,C11H9ClN2O2S,26,C3H2ClNS
CC(=O)Nc1ccc(OCC(N)Br)cc1,CC(=O)Nc1ccc(O)cc1,C10H13BrN2O2,28,C2H6BrN
CC(=O)Nc1ccc(OCCC(C)(C)N)cc1,CC(=O)Nc1ccc(O)cc1,C13H20N2O2,37,C5H13N
CC(=O)Nc1ccc(OC(=N)NS)cc1,CC(=O)Nc1ccc(O)cc1,C9H11N3O2S,26,CH4N2S
CC(=O)Nc1ccc(O)cc1N(C)NOOS,CC(=O)Nc1ccc(O)cc1,C9H13N3O4S,30,CH6N2O2S
CC(=O)Nc1ccc(OC23N4C5N2C543)cc1,CC(=O)Nc1ccc(O)cc1,C11H9N3O2,25,C3H2N2
CCC(=NC=S)c1cc(NC(C)=O)ccc1O,CC(=O)Nc1ccc(O)cc1,C12H14N2O2S,31,C4H7NS
N#[N+]CC(=O)Nc1ccc(O)cc1,CC(=O)Nc1ccc(O)cc1,C8H8N3O2+,21,HN2+
C=COC(O[PH4])Oc1ccc(NC(C)=O)cc1,CC(=O)Nc1ccc(O)cc1,C11H16NO4P,33,C3H9O2P
CC(=O)Nc1ccc(O)cc1CCN1C2CC21,CC(=O)Nc1ccc(O)cc1,C13H16N2O2,33,C5H9N
CC(=O)Nc1ccc(O)c(C2(O)NO2)c1,CC(=O)Nc1ccc(O)cc1,C9H10N2O4,25,CH3NO2
CC(=O)Nc1ccc(O)c(N2CSCSC2)c1,CC(=O)Nc1ccc(O)cc1,C11H14N2O2S2,31,C3H7NS2
CC(=O)Nc1ccc(O)cc1C(F)(F)CF,CC(=O)Nc1ccc(O)cc1,C10H10F3NO2,26,C2H3F3
CC(=O)N(c1ccc(O)cc1)C(S)OONN,CC(=O)Nc1ccc(O)cc1,C9H13N3O4S,30,CH6N2O2S
CCC1(c2cc(O)ccc2NC(C)=O)CCC1,CC(=O)Nc1ccc(O)cc1,C14H19NO2,36,C6H12
C=C1C=C[SH3]1Oc1ccc(NC(C)=O)cc1,CC(=O)Nc1ccc(O)cc1,C12H15NO2S,31,C4H8S
O=C(CC12C=C(O1)O2)Nc1ccc(O)cc1,CC(=O)Nc1ccc(O)cc1,C11H9NO4,25,C3H2O2
CC(=O)Nc1ccc(O)cc1O[PH2]1NCOO1,CC(=O)Nc1ccc(O)cc1,C9H13N2O5P,30,CH6NO3P
O=C(CCCCF)Nc1ccc(O)cc1,CC(=O)Nc1ccc(O)cc1,C11H14FNO2,29,C3H7F
CC(=O)N(C(Cl)=[SH]12C3=C1C32)c1ccc(O)cc1,CC(=O)Nc1ccc(O)cc1,C12H10ClNO2S,27,C4H3ClS
CC(=O)N(c1ccc(O)cc1)S12=CC(=NS1)C=2,CC(=O)Nc1ccc(O)cc1,C11H10N2O2S2,27,C3H3NS2
CN=COC(C)c1cc(NC(C)=O)ccc1O,CC(=O)Nc1ccc(O)cc1,C12H16N2O3,33,C4H9NO
CC(=O)N(c1ccc(O)cc1)C12C3CC1C32,CC(=O)Nc1ccc(O)cc1,C13H13NO2,29,C5H6
CC(=O)Nc1ccc(O)c(-n2c3nn2[nH]3)c1,CC(=O)Nc1ccc(O)cc1,C9H9N5O2,25,CH2N4
CC(=O)Nc1ccc(O)c([NH2+]CC2CCC2)c1,CC(=O)Nc1ccc(O)cc1,C13H19N2O2+,36,C5H12N+
CC(=O)Nc1ccc(OC(C)C)cc1,CC(=O)Nc1ccc(O)cc1,C11H15NO2,29,C3H8
CC(=O)Nc1ccc(O)cc1OC=N,CC(=O)Nc1ccc(O)cc1,C9H10N2O3,24,CH3NO
CC(=O)Nc1ccc(O)c(CNCOC=N)c1,CC(=O)Nc1ccc(O)cc1,C11H15N3O3,32,C3H8N2O
CC(=O)Nc1ccc(O)c(C(C=[NH2+])C(C)C)c1,CC(=O)Nc1ccc(O)cc1,C13H19N2O2+,36,C5H12N+
CC(=O)Nc1ccc(OC2=CN2O)cc1,CC(=O)Nc1ccc(O)cc1,C10H10N2O3,25,C2H3NO
CSC(C)N=CCC(=O)Nc1ccc(O)cc1,CC(=O)Nc1ccc(O)cc1,C12H16N2O2S,33,C4H9NS
CC(=O)N(c1ccc(O)cc1)C1(O)CCCS1,CC(=O)Nc1ccc(O)cc1,C12H15NO3S,32,C4H8OS
CC(=O)Nc1ccc(O)c(C2C[SH](O)CO2)c1,CC(=O)Nc1ccc(O)cc1,C11H15NO4S,32,C3H8O2S
C=NNN(O)COc1ccc(NC(C)=O)cc1,CC(=O)Nc1ccc(O)cc1,C10H14N4O3,31,C2H7N3O
CC(=O)Nc1ccc(O)c(C2([O-])OCO2)c1,CC(=O)Nc1ccc(O)cc1,C10H10NO5-,26,C2H3O3-
CC[SH+]CC(=O)Nc1ccc(O)cc1,CC(=O)Nc1ccc(O)cc1,C10H14NO2S+,28,C2H7S+
CC(=O)Nc1ccc(O)cc1C(O)(F)CF,CC(=O)Nc1ccc(O)cc1,C10H11F2NO3,27,C2H4F2O
CC(=O)Nc1ccc(O)cc1C1CSC12CO2,CC(=O)Nc1ccc(O)cc1,C12H13NO3S,30,C4H6OS
CCCC(CC)c1cc(NC(C)=O)ccc1O,CC(=O)Nc1ccc(O)cc1,C14H21NO2,38,C6H14
CCC=Cc1cc(O)ccc1NC(C)=O,CC(=O)Nc1ccc(O)cc1,C12H15NO2,30,C4H8
O=C(CC[SiH2]CC(Cl)Cl)Nc1ccc(O)cc1,CC(=O)Nc1ccc(O)cc1,C11H15Cl2NO2Si,32,C3H8Cl2Si
C#CSC(Cl)=Cc1cc(O)ccc1NC(C)=O,CC(=O)Nc1ccc(O)cc1,C12H10ClNO2S,27,C4H3ClS
CC(=O)Nc1ccc(OCC(C)(Cl)CO)cc1,CC(=O)Nc1ccc(O)cc1,C12H16ClNO3,33,C4H9ClO
C[SiH2]Cc1cc(NC(C)=O)ccc1O,CC(=O)Nc1ccc(O)cc1,C10H15NO2Si,29,C2H8Si
CC(=O)Nc1ccc(O[PH]2([O-])OOO2)cc1,CC(=O)Nc1ccc(O)cc1,C8H9NO6P-,25,H2O4P-
CCC(CCl)Oc1cc(O)ccc1NC(C)=O,CC(=O)Nc1ccc(O)cc1,C12H16ClNO3,33,C4H9ClO
O=C(CC(Br)Br)Nc1ccc(O)cc1,CC(=O)Nc1ccc(O)cc1,C9H9Br2NO2,23,CH2Br2
CC(=O)Nc1ccc(O)c(N2CN3CSC32)c1,CC(=O)Nc1ccc(O)cc1,C11H13N3O2S,30,C3H6N2S
CC(=O)Nc1ccc(O)cc1S(=O)(O)=C[O-],CC(=O)Nc1ccc(O)cc1,C9H10NO5S-,26,CH3O3S-
CC(=O)Nc1ccc(O)c(C(OCl)C(Cl)Cl)c1,CC(=O)Nc1ccc(O)cc1,C10H10Cl3NO3,27,C2H3Cl3O
CCOOC(O)N(C(C)=O)c1ccc(O)cc1,CC(=O)Nc1ccc(O)cc1,C11H15NO5,32,C3H8O3
CC(=O)Nc1ccc(O)c(C2C=NCN2C)c1,CC(=O)Nc1ccc(O)cc1,C12H15N3O2,32,C4H8N2
CC(=O)Nc1ccc(O)cc1O[PH](=O)[O-],CC(=O)Nc1ccc(O)cc1,C8H9NO5P-,24,H2O3P-
CC(=O)N1NC2C[SH2]2(CN)Oc2ccc1cc2,CC(=O)Nc1ccc(O)cc1,C11H17N3O2S,34,C3H10N2S
CC(=O)Nc1ccc(O)cc1C1=C2OC2O1,CC(=O)Nc1ccc(O)cc1,C11H9NO4,25,C3H2O2
O=CCC(=O)Nc1ccc(O)cc1,CC(=O)Nc1ccc(O)cc1,C9H9NO3,22,CH2O
CON=CN(C)CC(=O)Nc1ccc(O)cc1,CC(=O)Nc1ccc(O)cc1,C11H15N3O3,32,C3H8N2O
C=C(CO)N(C(C)=O)c1ccc(O)cc1,CC(=O)Nc1ccc(O)cc1,C11H13NO3,28,C3H6O
CC(=O)N(c1ccc(O)cc1)C([SiH3])C(Cl)CCl,CC(=O)Nc1ccc(O)cc1,C11H15Cl2NO2Si,32,C3H8Cl2Si
CC(=O)Nc1ccc(OP(=O)([O-])[O-])cc1,CC(=O)Nc1ccc(O)cc1,C8H8NO5P-2,23,HO3P-2
CC(=O)Nc1ccc(O)c(C2CCC2OO)c1,CC(=O)Nc1ccc(O)cc1,C12H15NO4,32,C4H8O2
CC(=O)Nc1ccc(O)c(OC=CI)c1,CC(=O)Nc1ccc(O)cc1,C10H10INO3,25,C2H3IO
CC(=O)Nc1ccc(O)cc1C12CCC1C2=N,CC(=O)Nc1ccc(O)cc1,C13H14N2O2,31,C5H7N
CC(=O)Nc1ccc(O)cc1C(C)CC(N)S,CC(=O)Nc1ccc(O)cc1,C12H18N2O2S,35,C4H11NS
CC(=O)N(CF)c1ccc(O)cc1,CC(=O)Nc1ccc(O)cc1,C9H10FNO2,23,CH3F
CC(=O)Nc1ccc(O)c(NC=N)c1,CC(=O)Nc1ccc(O)cc1,C9H11N3O2,25,CH4N2
C=NCOC(F)CC(=O)Nc1ccc(O)cc1,CC(=O)Nc1ccc(O)cc1,C11H13FN2O3,30,C3H6FNO
CSCSc1cc(NC(C)=O)ccc1O,CC(=O)Nc1ccc(O)cc1,C10H13NO2S2,28,C2H6S2
CC(=O)Nc1ccc(OC23C=C4C2C43)cc1,CC(=O)Nc1ccc(O)cc1,C13H11NO2,27,C5H4
CCC(Cl)c1cc(O)ccc1NC(C)=O,CC(=O)Nc1ccc(O)cc1,C11H14ClNO2,29,C3H7Cl
C=C(Br)c1cc(NC(C)=O)ccc1O,CC(=O)Nc1ccc(O)cc1,C10H10BrNO2,24,C2H3Br
CC(=O)N(c1ccc(O)cc1)C(F)CN,CC(=O)Nc1ccc(O)cc1,C10H13FN2O2,28,C2H6FN
CC(=O)Nc1ccc(OC(=N)S)cc1,CC(=O)Nc1ccc(O)cc1,C9H10N2O2S,24,CH3NS
C=C(Cc1cc(O)ccc1NC(C)=O)NO,CC(=O)Nc1ccc(O)cc1,C11H14N2O3,30,C3H7NO
CC(=O)Nc1ccc(ON(Cl)Cl)cc1,CC(=O)Nc1ccc(O)cc1,C8H8Cl2N2O2,22,HCl2N
CC(=O)Nc1ccc(ON2NC2O)cc1,CC(=O)Nc1ccc(O)cc1,C9H11N3O3,26,CH4N2O
CC(=O)N(c1ccc(O)cc1)S1(=O)([O-])OO1,CC(=O)Nc1ccc(O)cc1,C8H8NO6S-,24,HO4S-
CC(=O)N(C=NC1=C(C)C1)c1ccc(O)cc1,CC(=O)Nc1ccc(O)cc1,C13H14N2O2,31,C5H7N
CC(=O)N(c1ccc(O)cc1)C1OC(C)N1I,CC(=O)Nc1ccc(O)cc1,C11H13IN2O3,30,C3H6INO
CC(=O)Nc1ccc(O)cc1OCC(C)C=O,CC(=O)Nc1ccc(O)cc1,C12H15NO4,32,C4H8O2
CC(=O)N(c1ccc(O)cc1)C1(S)C23C[SH2]21O3,CC(=O)Nc1ccc(O)cc1,C11H13NO3S2,30,C3H6OS2
O=C(C[SH2]12C3C4N1C432)Nc1ccc(O)cc1,CC(=O)Nc1ccc(O)cc1,C11H12N2O2S,28,C3H5NS
C[NH2+]CCc1cc(NC(C)=O)ccc1O,CC(=O)Nc1ccc(O)cc1,C11H17N2O2+,32,C3H10N+
CC(=O)Nc1ccc(O)cc1OOSO[Na],CC(=O)Nc1ccc(O)cc1,C8H8NNaO5S,24,HNaO3S
CC(=O)Nc1ccc(OCn2[nH][nH]2)cc1,CC(=O)Nc1ccc(O)cc1,C9H12N4O2,27,CH5N3
C=CSCCc1cc(NC(C)=O)ccc1O,CC(=O)Nc1ccc(O)cc1,C12H15NO2S,31,C4H8S
CC(=O)Nc1ccc(O)c(C2=CO[SH4]2)c1,CC(=O)Nc1ccc(O)cc1,C10H13NO3S,28,C2H6OS
CC(=O)Nc1ccc(O)c(SNC2(N)CO2)c1,CC(=O)Nc1ccc(O)cc1,C10H13N3O3S,30,C2H6N2OS
CC(=O)N(c1ccc(O)cc1)C1CC(S)S1,CC(=O)Nc1ccc(O)cc1,C11H13NO2S2,29,C3H6S2
CC(=O)Nc1ccc(O)cc1C(F)(CF)NF,CC(=O)Nc1ccc(O)cc1,C10H11F3N2O2,28,C2H4F3N
CC(=O)Nc1ccc(OC23CC2C[SH4]3)cc1,CC(=O)Nc1ccc(O)cc1,C12H17NO2S,33,C4H10S
CC(=O)Nc1ccc(OC=COCl)cc1,CC(=O)Nc1ccc(O)cc1,C10H10ClNO3,25,C2H3ClO
CC(=O)Nc1ccc(O)c(SCOC=O)c1,CC(=O)Nc1ccc(O)cc1,C10H11NO4S,27,C2H4O2S
CCC(Oc1ccc(NC(C)=O)cc1)[SiH2]C,CC(=O)Nc1ccc(O)cc1,C12H19NO2Si,35,C4H12Si
CC(=O)Nc1ccc(O)cc1C(CCl)C(N)Cl,CC(=O)Nc1ccc(O)cc1,C11H14Cl2N2O2,31,C3H7Cl2N
CC(=O)Nc1ccc(O)cc1OC(F)(F)OS,CC(=O)Nc1ccc(O)cc1,C9H9F2NO4S,26,CH2F2O2S
N=C1OOC1NCC(=O)Nc1ccc(O)cc1,CC(=O)Nc1ccc(O)cc1,C10H11N3O4,28,C2H4N2O2
C=C(COc1cc(NC(C)=O)ccc1O)OF,CC(=O)Nc1ccc(O)cc1,C11H12FNO4,29,C3H5FO2
CC(=O)Nc1ccc(O)c(CF)c1,CC(=O)Nc1ccc(O)cc1,C9H10FNO2,23,CH3F
CC(=O)Nc1ccc(O)cc1CC1C[NH2+]C1C,CC(=O)Nc1ccc(O)cc1,C13H19N2O2+,36,C5H12N+
CC(=O)Nc1ccc(O)cc1NOOSO,CC(=O)Nc1ccc(O)cc1,C8H10N2O5S,26,H3NO3S
CCOc1cc(O)ccc1NC(C)=O,CC(=O)Nc1ccc(O)cc1,C10H13NO3,27,C2H6O
CC(=O)Nc1ccc(O)c(C=O)c1,CC(=O)Nc1ccc(O)cc1,C9H9NO3,22,CH2O
CCNc1cc(NC(C)=O)ccc1O,CC(=O)Nc1ccc(O)cc1,C10H14N2O2,28,C2H7N
CC(=O)Nc1ccc(O)c(OCCCO)c1,CC(=O)Nc1ccc(O)cc1,C11H15NO4,31,C3H8O2
CC(=O)Nc1ccc(OCBr)cc1,CC(=O)Nc1ccc(O)cc1,C9H10BrNO2,23,CH3Br
CC(=O)Nc1ccc(OC(NS)ONO)cc1,CC(=O)Nc1ccc(O)cc1,C9H13N3O4S,30,CH6N2O2S
CC(=O)N(c1ccc(O)cc1)C(C)C(C)Cl,CC(=O)Nc1ccc(O)cc1,C12H16ClNO2,32,C4H9Cl
C[SiH2]C(C)(O)c1cc(NC(C)=O)ccc1O,CC(=O)Nc1ccc(O)cc1,C11H17NO3Si,33,C3H10OSi
CC(=O)Nc1ccc(O)c(C(F)(F)CF)c1,CC(=O)Nc1ccc(O)cc1,C10H10F3NO2,26,C2H3F3
CC(=O)Nc1ccc(O)c(C2(F)OC2F)c1,CC(=O)Nc1ccc(O)cc1,C10H9F2NO3,25,C2H2F2O
CC(=O)Nc1ccc(OS234=CN2C3=C4Cl)cc1,CC(=O)Nc1ccc(O)cc1,C11H9ClN2O2S,26,C3H2ClNS
CCSc1cc(O)ccc1NC(C)=O,CC(=O)Nc1ccc(O)cc1,C10H13NO2S,27,C2H6S
CC(=O)Nc1ccc(O)cc1C1COCC1N,CC(=O)Nc1ccc(O)cc1,C12H16N2O3,33,C4H9NO
CCC(C)(CC)CC(=O)Nc1ccc(O)cc1,CC(=O)Nc1ccc(O)cc1,C14H21NO2,38,C6H14
CC(=O)Nc1ccc(O)cc1C1(Cl)NC(Cl)O1,CC(=O)Nc1ccc(O)cc1,C10H10Cl2N2O3,27,C2H3Cl2NO
CC(=O)Nc1ccc(O)c(C2(Br)OCO2)c1,CC(=O)Nc1ccc(O)cc1,C10H10BrNO4,26,C2H3BrO2
O=C(CN1C2c3cn2n31)Nc1ccc(O)cc1,CC(=O)Nc1ccc(O)cc1,C11H10N4O2,27,C3H3N3
CC(=O)Nc1ccc(O)c(OC2CC2Br)c1,CC(=O)Nc1ccc(O)cc1,C11H12BrNO3,28,C3H5BrO
C=CC(F)CC(=O)Nc1ccc(O)cc1,CC(=O)Nc1ccc(O)cc1,C11H12FNO2,27,C3H5F
CC(=O)Nc1ccc(O)c(C2(O)C=[SH2]2OCl)c1,CC(=O)Nc1ccc(O)cc1,C10H12ClNO4S,29,C2H5ClO2S
CC(=O)Nc1ccc(O[SH4]C2=C(C)S2)cc1,CC(=O)Nc1ccc(O)cc1,C11H15NO2S2,31,C3H8S2
CC(=O)Nc1ccc(O)cc1O[PH](=O)OO,CC(=O)Nc1ccc(O)cc1,C8H10NO6P,26,H3O4P
CC(=O)N(CC(Cl)C=O)c1ccc(O)cc1,CC(=O)Nc1ccc(O)cc1,C11H12ClNO3,28,C3H5ClO
C=CCCCc1cc(NC(C)=O)ccc1O,CC(=O)Nc1ccc(O)cc1,C13H17NO2,33,C5H10
CC(=O)Nc1ccc(ONC2CC=CC2)cc1,CC(=O)Nc1ccc(O)cc1,C13H16N2O2,33,C5H9N
CC(=O)Nc1ccc(O)c(C2SC3(Cl)C=C23)c1,CC(=O)Nc1ccc(O)cc1,C12H10ClNO2S,27,C4H3ClS
CC(=O)N(O[PH2]=O)c1ccc(O)cc1,CC(=O)Nc1ccc(O)cc1,C8H10NO4P,24,H3O2P
CC(=O)Nc1ccc(O)cc1C(F)C=O,CC(=O)Nc1ccc(O)cc1,C10H10FNO3,25,C2H3FO
CC(=O)Nc1ccc(OS2#CN=2)cc1,CC(=O)Nc1ccc(O)cc1,C9H8N2O2S,22,CHNS
CN(C=N)CC(=O)Nc1ccc(O)cc1,CC(=O)Nc1ccc(O)cc1,C10H13N3O2,28,C2H6N2
CC(=O)Nc1ccc(O)c(OOCSC[O-])c1,CC(=O)Nc1ccc(O)cc1,C10H12NO5S-,29,C2H5O3S-
CC(=O)Nc1ccc(O[SH2]2=NC=CN2)cc1,CC(=O)Nc1ccc(O)cc1,C10H13N3O2S,29,C2H6N2S
CC(=O)Nc1ccc(O)cc1S1(=O)(Cl)CO1,CC(=O)Nc1ccc(O)cc1,C9H10ClNO4S,26,CH3ClO2S
CC=C(CC(=O)Nc1ccc(O)cc1)OCBr,CC(=O)Nc1ccc(O)cc1,C12H14BrNO3,31,C4H7BrO
CC(=O)Nc1ccc(OC2(C)SS2)cc1,CC(=O)Nc1ccc(O)cc1,C10H11NO2S2,26,C2H4S2
CC(=O)Nc1ccc(O)c(C(=O)C(F)(F)F)c1,CC(=O)Nc1ccc(O)cc1,C10H8F3NO3,25,C2HF3O
O=C(CC(Br)C(Br)Br)Nc1ccc(O)cc1,CC(=O)Nc1ccc(O)cc1,C10H10Br3NO2,26,C2H3Br3
CC(=O)Nc1ccc(OC2=C(C)N=C2C)cc1,CC(=O)Nc1ccc(O)cc1,C13H14N2O2,31,C5H7N
CC(=O)Nc1ccc(OCI)cc1,CC(=O)Nc1ccc(O)cc1,C9H10INO2,23,CH3I
O=C(Cc1coo1)Nc1ccc(O)cc1,CC(=O)Nc1ccc(O)cc1,C10H9NO4,24,C2H2O2
CC(=O)Nc1ccc(O[SH3]2OC=NC2C)cc1,CC(=O)Nc1ccc(O)cc1,C11H16N2O3S,33,C3H9NOS
CCOc1cc(NC(C)=O)ccc1O,CC(=O)Nc1ccc(O)cc1,C10H13NO3,27,C2H6O
CC(=O)N(c1ccc(O)cc1)C(Cl)Cl,CC(=O)Nc1ccc(O)cc1,C9H9Cl2NO2,23,CH2Cl2
CC(=O)Nc1ccc(OC(N)CCCl)cc1,CC(=O)Nc1ccc(O)cc1,C11H15ClN2O2,31,C3H8ClN
CC[SiH2]COc1ccc(NC(C)=O)cc1,CC(=O)Nc1ccc(O)cc1,C11H17NO2Si,32,C3H10Si
CC(=O)Nc1ccc(O)cc1OC([O-])C=O,CC(=O)Nc1ccc(O)cc1,C10H10NO5-,26,C2H3O3-
CNCC(CCl)c1cc(O)ccc1NC(C)=O,CC(=O)Nc1ccc(O)cc1,C12H17ClN2O2,34,C4H10ClN
C=CN=Cc1cc(O)ccc1NC(C)=O,CC(=O)Nc1ccc(O)cc1,C11H12N2O2,27,C3H5N
CC(=O)Nc1ccc(O)c(N(S)CC(=N)O)c1,CC(=O)Nc1ccc(O)cc1,C10H13N3O3S,30,C2H6N2OS
CCCOc1ccc(NC(C)=O)cc1,CC(=O)Nc1ccc(O)cc1,C11H15NO2,29,C3H8
CC(=O)Nc1ccc(OCOC(=O)CF)cc1,CC(=O)Nc1ccc(O)cc1,C11H12FNO4,29,C3H5FO2
CC(=O)Nc1ccc(O)c(N2C3OCON32)c1,CC(=O)Nc1ccc(O)cc1,C10H11N3O4,28,C2H4N2O2
CC(=O)N(OC(C)C[SiH3])c1ccc(O)cc1,CC(=O)Nc1ccc(O)cc1,C11H17NO3Si,33,C3H10OSi
CC(=O)Nc1ccc(O)cc1C1([O-])C2OC1O2,CC(=O)Nc1ccc(O)cc1,C11H10NO5-,27,C3H3O3-
CC(=O)Nc1ccc(O)c(N(NO)C2C=N2)c1,CC(=O)Nc1ccc(O)cc1,C10H12N4O3,29,C2H5N3O
O=C(Cn1ccc(Cl)c1)Nc1ccc(O)cc1,CC(=O)Nc1ccc(O)cc1,C12H11ClN2O2,28,C4H4ClN
CC(=O)Nc1ccc(O)c(C2OCC2Cl)c1,CC(=O)Nc1ccc(O)cc1,C11H12ClNO3,28,C3H5ClO
CCC(Cl)(Cl)Oc1ccc(NC(C)=O)cc1,CC(=O)Nc1ccc(O)cc1,C11H13Cl2NO2,29,C3H6Cl2
CC[SiH2]C(CC)c1cc(NC(C)=O)ccc1O,CC(=O)Nc1ccc(O)cc1,C13H21NO2Si,38,C5H14Si
C[SiH2]CCCC(=O)Nc1ccc(O)cc1,CC(=O)Nc1ccc(O)cc1,C11H17NO2Si,32,C3H10Si
CC(=O)Nc1ccc(O)c(N2CO2)c1,CC(=O)Nc1ccc(O)cc1,C9H10N2O3,24,CH3NO
CC(=O)Nc1ccc(O)cc1OOS,CC(=O)Nc1ccc(O)cc1,C8H9NO4S,23,H2O2S
CC([SiH3])C(Cl)CC(=O)Nc1ccc(O)cc1,CC(=O)Nc1ccc(O)cc1,C11H16ClNO2Si,32,C3H9ClSi
O=C(CCOCCBO)Nc1ccc(O)cc1,CC(=O)Nc1ccc(O)cc1,C11H16BNO4,33,C3H9BO2
CC(=O)Nc1ccc(OC(Cl)CC(O)Cl)cc1,CC(=O)Nc1ccc(O)cc1,C11H13Cl2NO3,30,C3H6Cl2O
CC(=O)Nc1ccc(O)c(SC(F)(F)F)c1,CC(=O)Nc1ccc(O)cc1,C9H8F3NO2S,24,CHF3S
CC(O)C1CC1CC(=O)Nc1ccc(O)cc1,CC(=O)Nc1ccc(O)cc1,C13H17NO3,34,C5H10O
CC(=O)Nc1ccc(O)cc1CC(O)I,CC(=O)Nc1ccc(O)cc1,C10H12INO3,27,C2H5IO
NNCC(=O)Nc1ccc(O)cc1,CC(=O)Nc1ccc(O)cc1,C8H11N3O2,24,H4N2
O=C(CC1(Cl)OC(Cl)O1)Nc1ccc(O)cc1,CC(=O)Nc1ccc(O)cc1,C10H9Cl2NO4,26,C2H2Cl2O2
CC(=O)Nc1ccc(O)cc1[SH]12=C3C4(Br)N1C342,CC(=O)Nc1ccc(O)cc1,C11H9BrN2O2S,26,C3H2BrNS
CC(=O)Nc1ccc(O)cc1C(F)Cl,CC(=O)Nc1ccc(O)cc1,C9H9ClFNO2,23,CH2ClF
CCC(C)(CC)c1cc(O)ccc1NC(C)=O,CC(=O)Nc1ccc(O)cc1,C14H21NO2,38,C6H14
CC(=O)Nc1ccc(O)c(OC2(O)OC=[PH2]2)c1,CC(=O)Nc1ccc(O)cc1,C10H12NO5P,29,C2H5O3P
CC(=O)Nc1ccc(O)c(C=CI)c1,CC(=O)Nc1ccc(O)cc1,C10H10INO2,24,C2H3I
CC(=O)N(N=O)c1ccc(O)cc1,CC(=O)Nc1ccc(O)cc1,C8H8N2O3,21,HNO
CC(=O)N(NOC1([O-])CC1)c1ccc(O)cc1,CC(=O)Nc1ccc(O)cc1,C11H13N2O4-,30,C3H6NO2-
C=C(C=CC)Oc1cc(O)ccc1NC(C)=O,CC(=O)Nc1ccc(O)cc1,C13H15NO3,32,C5H8O
CC(=O)Nc1ccc(OON(C)OC=O)cc1,CC(=O)Nc1ccc(O)cc1,C10H12N2O5,29,C2H5NO3
C=Nc1cc(NC(C)=O)ccc1O,CC(=O)Nc1ccc(O)cc1,C9H10N2O2,23,CH3N
CC(=O)Nc1ccc(O)cc1CCN,CC(=O)Nc1ccc(O)cc1,C10H14N2O2,28,C2H7N
CCCC1(Oc2ccc(NC(C)=O)cc2)CC1,CC(=O)Nc1ccc(O)cc1,C14H19NO2,36,C6H12
CC(=O)Nc1ccc(O)c(C2(Cl)C=CO2)c1,CC(=O)Nc1ccc(O)cc1,C11H10ClNO3,26,C3H3ClO
CC(=O)N(c1ccc(O)cc1)C1OC1(F)NF,CC(=O)Nc1ccc(O)cc1,C10H10F2N2O3,27,C2H3F2NO
CC(=O)Nc1ccc(O)cc1C(F)CC=N,CC(=O)Nc1ccc(O)cc1,C11H13FN2O2,29,C3H6FN
C=C(Cl)C(Cl)c1cc(NC(C)=O)ccc1O,CC(=O)Nc1ccc(O)cc1,C11H11Cl2NO2,27,C3H4Cl2
CCC(=S)Cc1cc(NC(C)=O)ccc1O,CC(=O)Nc1ccc(O)cc1,C12H15NO2S,31,C4H8S
CCC(OF)N(C(C)=O)c1ccc(O)cc1,CC(=O)Nc1ccc(O)cc1,C11H14FNO3,30,C3H7FO
CC(=O)Nc1ccc(OC23N=C(CO2)O3)cc1,CC(=O)Nc1ccc(O)cc1,C11H10N2O4,27,C3H3NO2
CC(=O)Nc1ccc(O)c(C23OC=NN2S3)c1,CC(=O)Nc1ccc(O)cc1,C10H9N3O3S,26,C2H2N2OS
O=C(CC1=C=CO1)Nc1ccc(O)cc1,CC(=O)Nc1ccc(O)cc1,C11H9NO3,24,C3H2O
CC(=O)Nc1ccc(O)c(OSC(C)C)c1,CC(=O)Nc1ccc(O)cc1,C11H15NO3S,31,C3H8OS
CC(=O)Nc1ccc(O)c(OC(Cl)C(Cl)Cl)c1,CC(=O)Nc1ccc(O)cc1,C10H10Cl3NO3,27,C2H3Cl3O
CC(=O)Nc1ccc(OSCO)cc1,CC(=O)Nc1ccc(O)cc1,C9H11NO3S,25,CH4OS
CC(=O)Nc1ccc(O)c(C23NC2=CC3Cl)c1,CC(=O)Nc1ccc(O)cc1,C12H11ClN2O2,28,C4H4ClN
CC(=O)Nc1ccc(O)cc1CCC(F)(F)F,CC(=O)Nc1ccc(O)cc1,C11H12F3NO2,29,C3H5F3
C=C(F)c1cc(NC(C)=O)ccc1O,CC(=O)Nc1ccc(O)cc1,C10H10FNO2,24,C2H3F
C=C(C)c1cc(O)ccc1NC(C)=O,CC(=O)Nc1ccc(O)cc1,C11H13NO2,27,C3H6
O=C(CP(=O)([O-])[O-])Nc1ccc(O)cc1,CC(=O)Nc1ccc(O)cc1,C8H8NO5P-2,23,HO3P-2
CC(=O)Nc1ccc(O)cc1N(Cl)Cl,CC(=O)Nc1ccc(O)cc1,C8H8Cl2N2O2,22,HCl2N
O=C(CCN1C=N1)Nc1ccc(O)cc1,CC(=O)Nc1ccc(O)cc1,C10H11N3O2,26,C2H4N2
C=NC(N)c1cc(O)ccc1NC(C)=O,CC(=O)Nc1ccc(O)cc1,C10H13N3O2,28,C2H6N2
C[SiH2]C(CCO)c1cc(NC(C)=O)ccc1O,CC(=O)Nc1ccc(O)cc1,C12H19NO3Si,36,C4H12OSi
CC(=O)N(c1ccc(O)cc1)N(S)CCCO,CC(=O)Nc1ccc(O)cc1,C11H16N2O3S,33,C3H9NOS
CC(=O)Nc1ccc(OC(O)=C[O-])cc1,CC(=O)Nc1ccc(O)cc1,C10H10NO4-,25,C2H3O2-
CC(=O)N(c1ccc(O)cc1)C(Cl)OC(=O)Cl,CC(=O)Nc1ccc(O)cc1,C10H9Cl2NO4,26,C2H2Cl2O2
CC(=O)Nc1ccc(O)cc1C1NC1CF,CC(=O)Nc1ccc(O)cc1,C11H13FN2O2,29,C3H6FN
CC(=O)Nc1ccc(O)cc1C(F)(F)C(F)F,CC(=O)Nc1ccc(O)cc1,C10H9F4NO2,26,C2H2F4
CC(=O)Nc1ccc(OOn2[nH]o2)cc1,CC(=O)Nc1ccc(O)cc1,C8H9N3O4,24,H2N2O2
CCC(NSC)Oc1ccc(NC(C)=O)cc1,CC(=O)Nc1ccc(O)cc1,C12H18N2O2S,35,C4H11NS
CC(=O)Nc1ccc(O[SH]23(N)C=NN2C3)cc1,CC(=O)Nc1ccc(O)cc1,C10H14N4O2S,31,C2H7N3S
CC(=O)N(c1ccc(O)cc1)C(F)(F)SF,CC(=O)Nc1ccc(O)cc1,C9H8F3NO2S,24,CHF3S
CC(=O)Nc1ccc(O)cc1C12N=NN1CO2,CC(=O)Nc1ccc(O)cc1,C10H10N4O3,27,C2H3N3O
O=C(CN1OC=C(O)O1)Nc1ccc(O)cc1,CC(=O)Nc1ccc(O)cc1,C10H10N2O5,27,C2H3NO3
C=C(c1cc(O)ccc1NC(C)=O)N(C)S,CC(=O)Nc1ccc(O)cc1,C11H14N2O2S,30,C3H7NS
CC(=O)Nc1ccc(O)c(C2=NCCS2)c1,CC(=O)Nc1ccc(O)cc1,C11H12N2O2S,28,C3H5NS
[NH3+]C1COC(CC(=O)Nc2ccc(O)cc2)O1,CC(=O)Nc1ccc(O)cc1,C11H15N2O4+,32,C3H8NO2+
COOc1ccc(NC(C)=O)cc1,CC(=O)Nc1ccc(O)cc1,C9H11NO3,24,CH4O
C=CC(=C)N=[NH+]c1cc(O)ccc1NC(C)=O,CC(=O)Nc1ccc(O)cc1,C12H14N3O2+,31,C4H7N2+
CC(=O)Nc1ccc(OOC2([O-])OC=[SH3]2)cc1,CC(=O)Nc1ccc(O)cc1,C10H12NO5S-,29,C2H5O3S-
CC(=O)Nc1ccc(O)c(C(F)OC=O)c1,CC(=O)Nc1ccc(O)cc1,C10H10FNO4,26,C2H3FO2
O=C(CO[Na])Nc1ccc(O)cc1,CC(=O)Nc1ccc(O)cc1,C8H8NNaO3,21,HNaO
CC(=O)Nc1ccc(O[SH2]2=CC=[PH](O)O2)cc1,CC(=O)Nc1ccc(O)cc1,C10H14NO4PS,31,C2H7O2PS
CC(=O)Nc1ccc(O)cc1C1=C2OC21CN,CC(=O)Nc1ccc(O)cc1,C12H12N2O3,29,C4H5NO
CC(=O)Nc1ccc(O)cc1SC=C1N=NS1,CC(=O)Nc1ccc(O)cc1,C10H9N3O2S2,26,C2H2N2S2
CC(=O)N(C=C=C1CN1)c1ccc(O)cc1,CC(=O)Nc1ccc(O)cc1,C12H12N2O2,28,C4H5N
C#[SH](OO[O-])Oc1ccc(NC(C)=O)cc1,CC(=O)Nc1ccc(O)cc1,C9H10NO5S-,26,CH3O3S-
CC(=O)Nc1ccc(O)c(O[SH3]2C=C(C)C2)c1,CC(=O)Nc1ccc(O)cc1,C12H17NO3S,34,C4H10OS
CC(=O)Nc1ccc(O)c(C2CC3N[SH4]C32)c1,CC(=O)Nc1ccc(O)cc1,C12H18N2O2S,35,C4H11NS
CC(=O)N(c1ccc(O)cc1)C1(C=O)O[PH3]O1,CC(=O)Nc1ccc(O)cc1,C10H12NO5P,29,C2H5O3P
COCB(O)c1cc(O)ccc1NC(C)=O,CC(=O)Nc1ccc(O)cc1,C10H14BNO4,30,C2H7BO2
CC(=O)Nc1ccc(O)cc1-c1ccc(Cl)o1,CC(=O)Nc1ccc(O)cc1,C12H10ClNO3,27,C4H3ClO
CC(=O)Nc1ccc(ON2C=N2)cc1,CC(=O)Nc1ccc(O)cc1,C9H9N3O2,23,CH2N2
O=C(CC1=CC=N1)Nc1ccc(O)cc1,CC(=O)Nc1ccc(O)cc1,C11H10N2O2,25,C3H3N
CC(=O)Nc1ccc(OC=C(O)Cl)cc1,CC(=O)Nc1ccc(O)cc1,C10H10ClNO3,25,C2H3ClO
CC(=O)Nc1ccc(OC[N+]2=CCC=N2)cc1,CC(=O)Nc1ccc(O)cc1,C12H14N3O2+,31,C4H7N2+
O=C(CC(F)C(O)F)Nc1ccc(O)cc1,CC(=O)Nc1ccc(O)cc1,C10H11F2NO3,27,C2H4F2O
CC(=O)Nc1ccc(ON(N)C(=N)CS)cc1,CC(=O)Nc1ccc(O)cc1,C10H14N4O2S,31,C2H7N3S
CC(=O)Nc1ccc(O)c(C(CO)CN=O)c1,CC(=O)Nc1ccc(O)cc1,C11H14N2O4,31,C3H7NO2
CC(=O)Nc1ccc(OC(C)CO)cc1,CC(=O)Nc1ccc(O)cc1,C11H15NO3,30,C3H8O
O=C(C[SH]12=C=[N+]3C(C1)C32)Nc1ccc(O)cc1,CC(=O)Nc1ccc(O)cc1,C12H13N2O2S+,30,C4H6NS+
CC(=O)Nc1ccc(OC(O)C2OS2)cc1,CC(=O)Nc1ccc(O)cc1,C10H11NO4S,27,C2H4O2S
CC(=O)Nc1ccc(O)c(C2(C)CC[NH2+]C2)c1,CC(=O)Nc1ccc(O)cc1,C13H19N2O2+,36,C5H12N+
CC(=O)Nc1ccc(O)cc1C1COC1CO,CC(=O)Nc1ccc(O)cc1,C12H15NO4,32,C4H8O2
CC(=O)Nc1ccc(O)cc1C(C)CNCN,CC(=O)Nc1ccc(O)cc1,C12H19N3O2,36,C4H12N2
NCC(F)(F)CC(=O)Nc1ccc(O)cc1,CC(=O)Nc1ccc(O)cc1,C10H12F2N2O2,28,C2H5F2N
CC[NH2+]Oc1cc(NC(C)=O)ccc1O,CC(=O)Nc1ccc(O)cc1,C10H15N2O3+,30,C2H8NO+
O=C(CC1C2=N[SH2]1=CO2)Nc1ccc(O)cc1,CC(=O)Nc1ccc(O)cc1,C11H12N2O3S,29,C3H5NOS
O=C(CC1C=C1)Nc1ccc(O)cc1,CC(=O)Nc1ccc(O)cc1,C11H11NO2,25,C3H4
O=C(CCSC(O)S)Nc1ccc(O)cc1,CC(=O)Nc1ccc(O)cc1,C10H13NO3S2,29,C2H6OS2
CNNCCCC(=O)Nc1ccc(O)cc1,CC(=O)Nc1ccc(O)cc1,C11H17N3O2,33,C3H10N2
CC(=O)N(c1ccc(O)cc1)C(C)F,CC(=O)Nc1ccc(O)cc1,C10H12FNO2,26,C2H5F
N=C(CC(=O)Nc1ccc(O)cc1)N1C=C1Cl,CC(=O)Nc1ccc(O)cc1,C11H10ClN3O2,27,C3H3ClN2
CCN(C(C)=O)c1ccc(O)cc1,CC(=O)Nc1ccc(O)cc1,C10H13NO2,26,C2H6
O=C(CCCC(F)OF)Nc1ccc(O)cc1,CC(=O)Nc1ccc(O)cc1,C11H13F2NO3,30,C3H6F2O
CC(=O)Nc1ccc(O)cc1B(O)CO,CC(=O)Nc1ccc(O)cc1,C9H12BNO4,27,CH5BO2
CC(=O)Nc1ccc(O)c(NC=NC=N)c1,CC(=O)Nc1ccc(O)cc1,C10H12N4O2,28,C2H5N3
CC(=O)Nc1ccc(O)cc1[SH2]1=C=CCSS1,CC(=O)Nc1ccc(O)cc1,C11H13NO2S3,30,C3H6S3
O=C(CN1CCSC1)Nc1ccc(O)cc1,CC(=O)Nc1ccc(O)cc1,C11H14N2O2S,30,C3H7NS
C=CCC(=O)Nc1ccc(O)cc1,CC(=O)Nc1ccc(O)cc1,C10H11NO2,24,C2H4
CC(=O)Nc1ccc(O)c(CNO)c1,CC(=O)Nc1ccc(O)cc1,C9H12N2O3,26,CH5NO
CC(=O)N(c1ccc(O)cc1)C1OC(F)O1,CC(=O)Nc1ccc(O)cc1,C10H10FNO4,26,C2H3FO2
CC(=O)Nc1ccc(OC(I)CO)cc1,CC(=O)Nc1ccc(O)cc1,C10H12INO3,27,C2H5IO
CC(=O)Nc1ccc(O)c(S23=COON2N=3)c1,CC(=O)Nc1ccc(O)cc1,C9H9N3O4S,26,CH2N2O2S
O=C(CN1c2con21)Nc1ccc(O)cc1,CC(=O)Nc1ccc(O)cc1,C10H9N3O3,25,C2H2N2O
CC(=O)Nc1ccc(O)c(C(F)C(F)F)c1,CC(=O)Nc1ccc(O)cc1,C10H10F3NO2,26,C2H3F3
CC(=O)Nc1ccc(O)c(NOOOS)c1,CC(=O)Nc1ccc(O)cc1,C8H10N2O5S,26,H3NO3S
CC(=O)Nc1ccc(O)c(C2CC2(Cl)CCl)c1,CC(=O)Nc1ccc(O)cc1,C12H13Cl2NO2,30,C4H6Cl2
CC(=O)Nc1ccc(O)c(SC(F)F)c1,CC(=O)Nc1ccc(O)cc1,C9H9F2NO2S,24,CH2F2S
CC(=O)Nc1ccc(OC2OCC(O)O2)cc1,CC(=O)Nc1ccc(O)cc1,C11H13NO5,30,C3H6O3
CC(=O)Nc1ccc(O)c(NN2SC2N)c1,CC(=O)Nc1ccc(O)cc1,C9H12N4O2S,28,CH5N3S
CC[SH+]c1cc(O)ccc1NC(C)=O,CC(=O)Nc1ccc(O)cc1,C10H14NO2S+,28,C2H7S+
CCCC(C)c1cc(NC(C)=O)ccc1O,CC(=O)Nc1ccc(O)cc1,C13H19NO2,35,C5H12
C#CN(C(C)=O)c1ccc(O)cc1,CC(=O)Nc1ccc(O)cc1,C10H9NO2,22,C2H2
CC(=O)Nc1ccc(O)c(CCI)c1,CC(=O)Nc1ccc(O)cc1,C10H12INO2,26,C2H5I
CC(=O)Nc1ccc(O)cc1OCCCBr,CC(=O)Nc1ccc(O)cc1,C11H14BrNO3,30,C3H7BrO
CC(=O)Nc1ccc(O)cc1N1COC2ON21,CC(=O)Nc1ccc(O)cc1,C10H11N3O4,28,C2H4N2O2
CC(Br)CC(=O)Nc1ccc(O)cc1,CC(=O)Nc1ccc(O)cc1,C10H12BrNO2,26,C2H5Br
CC(=O)Nc1ccc(O)cc1CCCl,CC(=O)Nc1ccc(O)cc1,C10H12ClNO2,26,C2H5Cl
CC(=O)Nc1ccc(O)cc1CCOC=O,CC(=O)Nc1ccc(O)cc1,C11H13NO4,29,C3H6O2
C=NN(Cl)COc1cc(O)ccc1NC(C)=O,CC(=O)Nc1ccc(O)cc1,C10H12ClN3O3,29,C2H5ClN2O
CC(=O)Nc1ccc(O)c(C(Cl)(Cl)Cl)c1,CC(=O)Nc1ccc(O)cc1,C9H8Cl3NO2,23,CHCl3
CC(=O)N(c1ccc(O)cc1)[SH2](=O)C=NO,CC(=O)Nc1ccc(O)cc1,C9H12N2O4S,28,CH5NO2S
O=C(CC1=NN2NC1N2)Nc1ccc(O)cc1,CC(=O)Nc1ccc(O)cc1,C10H11N5O2,28,C2H4N4
CC(=O)Nc1ccc(O[SH2](=O)OC2OO2)cc1,CC(=O)Nc1ccc(O)cc1,C9H11NO6S,28,CH4O4S
CC(=O)Nc1ccc(O)c(-n2n3n2SC3)c1,CC(=O)Nc1ccc(O)cc1,C9H10N4O2S,26,CH3N3S
CNNC(=N)Oc1ccc(NC(C)=O)cc1,CC(=O)Nc1ccc(O)cc1,C10H14N4O2,30,C2H7N3
CC(=O)N(c1ccc(O)cc1)C1CCCNC1,CC(=O)Nc1ccc(O)cc1,C13H18N2O2,35,C5H11N
CC(=O)N(C=CF)c1ccc(O)cc1,CC(=O)Nc1ccc(O)cc1,C10H10FNO2,24,C2H3F
C=NC(CC)Oc1cc(NC(C)=O)ccc1O,CC(=O)Nc1ccc(O)cc1,C12H16N2O3,33,C4H9NO
CCC(C[SiH3])Oc1ccc(NC(C)=O)cc1,CC(=O)Nc1ccc(O)cc1,C12H19NO2Si,35,C4H12Si
CC(=O)N(c1ccc(O)cc1)C1C2CC2N1C,CC(=O)Nc1ccc(O)cc1,C13H16N2O2,33,C5H9N
CC(=O)Nc1ccc(OS(=O)(=O)[Na])cc1O,CC(=O)Nc1ccc(O)cc1,C8H8NNaO5S,24,HNaO3S
CC(=O)Nc1ccc(OC2N[C+]3C=CC32)cc1,CC(=O)Nc1ccc(O)cc1,C13H13N2O2+,30,C5H6N+
[NH3+]N=CNCC(=O)Nc1ccc(O)cc1,CC(=O)Nc1ccc(O)cc1,C9H13N4O2+,28,CH6N3+
CC(=O)Nc1ccc(OCOC2CO2)cc1,CC(=O)Nc1ccc(O)cc1,C11H13NO4,29,C3H6O2
CC(=O)N(C=O)c1ccc(O[SH4]C(=N)O)cc1,CC(=O)Nc1ccc(O)cc1,C10H14N2O4S,31,C2H7NO2S
CC(=O)Nc1ccc(O)c(OCOC=CO)c1,CC(=O)Nc1ccc(O)cc1,C11H13NO5,30,C3H6O3
CC(=O)Nc1ccc(O)cc1C(C)CC(O)O,CC(=O)Nc1ccc(O)cc1,C12H17NO4,34,C4H10O2
CC(=O)Nc1ccc(O)cc1C1OC[PH3]O1,CC(=O)Nc1ccc(O)cc1,C10H14NO4P,30,C2H7O2P
CC(=O)Nc1ccc(O)cc1C(=O)OCl,CC(=O)Nc1ccc(O)cc1,C9H8ClNO4,23,CHClO2
C=C=NC(=NBr)c1cc(O)ccc1NC(C)=O,CC(=O)Nc1ccc(O)cc1,C11H10BrN3O2,27,C3H3BrN2
CNC(C)(C)Oc1cc(NC(C)=O)ccc1O,CC(=O)Nc1ccc(O)cc1,C12H18N2O3,35,C4H11NO
CC(=O)Nc1ccc(OC2OCC2F)cc1,CC(=O)Nc1ccc(O)cc1,C11H12FNO3,28,C3H5FO
CC(=O)Nc1ccc(O)cc1[SH]1#CCS1,CC(=O)Nc1ccc(O)cc1,C10H11NO2S2,26,C2H4S2
O=C(CC=C1OC=CO1)Nc1ccc(O)cc1,CC(=O)Nc1ccc(O)cc1,C12H11NO4,28,C4H4O2
CC(=O)Nc1ccc(O)c(OC(F)(F)F)c1,CC(=O)Nc1ccc(O)cc1,C9H8F3NO3,24,CHF3O
CC(=O)N(c1ccc(O)cc1)n1c2nn1NN2,CC(=O)Nc1ccc(O)cc1,C9H10N6O2,27,CH3N5
O=C(CC(F)(F)F)Nc1ccc(O)cc1,CC(=O)Nc1ccc(O)cc1,C9H8F3NO2,23,CHF3
O=C(CC1OC2CC[SH3]21)Nc1ccc(O)cc1,CC(=O)Nc1ccc(O)cc1,C12H17NO3S,34,C4H10OS
CNCC(=O)Nc1ccc(O)cc1,CC(=O)Nc1ccc(O)cc1,C9H12N2O2,25,CH5N
CC(=O)Nc1ccc(O)cc1N(Cl)Cl,CC(=O)Nc1ccc(O)cc1,C8H8Cl2N2O2,22,HCl2N
CC(=O)Nc1ccc(O)cc1CCSCN,CC(=O)Nc1ccc(O)cc1,C11H16N2O2S,32,C3H9NS
CC(=O)Nc1ccc(O)c(SC(C)S)c1,CC(=O)Nc1ccc(O)cc1,C10H13NO2S2,28,C2H6S2
O=C(CC(F)(F)OF)Nc1ccc(O)cc1,CC(=O)Nc1ccc(O)cc1,C9H8F3NO3,24,CHF3O
O=C(CC(F)SF)Nc1ccc(O)cc1,CC(=O)Nc1ccc(O)cc1,C9H9F2NO2S,24,CH2F2S
O=C(CCCl)Nc1ccc(O)cc1,CC(=O)Nc1ccc(O)cc1,C9H10ClNO2,23,CH3Cl
CC(=O)Nc1ccc(O)c(P(=O)([O-])O[O-])c1,CC(=O)Nc1ccc(O)cc1,C8H8NO6P-2,24,HO4P-2
O=C(Cn1c2cc3c1n2-3)Nc1ccc(O)cc1,CC(=O)Nc1ccc(O)cc1,C12H9N3O2,26,C4H2N2
CC(=O)Nc1ccc(O)cc1C=C(C)NCCl,CC(=O)Nc1ccc(O)cc1,C12H15ClN2O2,32,C4H8ClN
CC(=O)Nc1ccc(O[SH3]2ONC(=N)O2)cc1,CC(=O)Nc1ccc(O)cc1,C9H13N3O4S,30,CH6N2O2S
CC(=O)Nc1ccc(O)cc1O[PH](=O)O[O-],CC(=O)Nc1ccc(O)cc1,C8H9NO6P-,25,H2O4P-
CC(=O)Nc1ccc(O)c(C23[NH2+]C4=CC2C43)c1,CC(=O)Nc1ccc(O)cc1,C13H13N2O2+,30,C5H6N+
O=C(CC(F)CC(F)F)Nc1ccc(O)cc1,CC(=O)Nc1ccc(O)cc1,C11H12F3NO2,29,C3H5F3
CC(=O)N(c1ccc(O)cc1)N1C2OC(C)N21,CC(=O)Nc1ccc(O)cc1,C11H13N3O3,30,C3H6N2O
CC(=O)Nc1ccc(O)c(C2=CC=C2)c1,CC(=O)Nc1ccc(O)cc1,C12H11NO2,26,C4H4
CC(=O)Nc1ccc(OC(C)(O)C(F)F)cc1,CC(=O)Nc1ccc(O)cc1,C11H13F2NO3,30,C3H6F2O
CC(=O)Nc1ccc(O)c(CF)c1,CC(=O)Nc1ccc(O)cc1,C9H10FNO2,23,CH3F
CC(=O)Nc1ccc(O[SH]234SC25C32SC254)cc1,CC(=O)Nc1ccc(O)cc1,C11H9NO2S3,26,C3H2S3
CCCC(C)(N)CC(=O)Nc1ccc(O)cc1,CC(=O)Nc1ccc(O)cc1,C13H20N2O2,37,C5H13N
CC(=O)Nc1ccc(O)cc1C12C#CC1C2,CC(=O)Nc1ccc(O)cc1,C13H11NO2,27,C5H4
CC(=O)Nc1ccc(ONC2OCS2)cc1,CC(=O)Nc1ccc(O)cc1,C10H12N2O3S,28,C2H5NOS
CC(=O)Nc1ccc(O)cc1ON1CN1,CC(=O)Nc1ccc(O)cc1,C9H11N3O3,26,CH4N2O
CC(=O)Nc1ccc(O)cc1C1(O)COCO1,CC(=O)Nc1ccc(O)cc1,C11H13NO5,30,C3H6O3
CC(=O)N(N=C[NH3+])c1ccc(O)cc1,CC(=O)Nc1ccc(O)cc1,C9H12N3O2+,26,CH5N2+
CC(=O)Nc1ccc(O)cc1C(Br)Br,CC(=O)Nc1ccc(O)cc1,C9H9Br2NO2,23,CH2Br2
CC(=O)Nc1ccc(O[SH3]2OC=C([O-])O2)cc1,CC(=O)Nc1ccc(O)cc1,C10H12NO5S-,29,C2H5O3S-
CC(=O)Nc1ccc(OCC(C)NCF)cc1,CC(=O)Nc1ccc(O)cc1,C12H17FN2O2,34,C4H10FN
CC(Cl)(CC(=O)Nc1ccc(O)cc1)OCO,CC(=O)Nc1ccc(O)cc1,C11H14ClNO4,31,C3H7ClO2
O=C(CS12(=COS1)CC2)Nc1ccc(O)cc1,CC(=O)Nc1ccc(O)cc1,C11H13NO3S2,30,C3H6OS2
O=C(CC1OCS1)Nc1ccc(O)cc1,CC(=O)Nc1ccc(O)cc1,C10H11NO3S,26,C2H4OS
CC(=O)Nc1ccc(OCBr)cc1,CC(=O)Nc1ccc(O)cc1,C9H10BrNO2,23,CH3Br
CC(=O)Nc1ccc(O)cc1C(F)=S(F)F,CC(=O)Nc1ccc(O)cc1,C9H8F3NO2S,24,CHF3S
CC(=O)Nc1ccc(O)c(C2(Cl)CC(Cl)C2)c1,CC(=O)Nc1ccc(O)cc1,C12H13Cl2NO2,30,C4H6Cl2
CC(=O)Nc1ccc(O)cc1C12OC13OC32,CC(=O)Nc1ccc(O)cc1,C11H9NO4,25,C3H2O2
CC=NNCC(=O)Nc1ccc(O)cc1,CC(=O)Nc1ccc(O)cc1,C10H13N3O2,28,C2H6N2
O=C(CSc1ncco1)Nc1ccc(O)cc1,CC(=O)Nc1ccc(O)cc1,C11H10N2O3S,27,C3H3NOS
CC(=O)Nc1ccc(ON2C=C2)cc1,CC(=O)Nc1ccc(O)cc1,C10H10N2O2,24,C2H3N
CC(Cl)CC(Cl)CC(=O)Nc1ccc(O)cc1,CC(=O)Nc1ccc(O)cc1,C12H15Cl2NO2,32,C4H8Cl2
CC(=O)Nc1ccc(O)c(C2CC2C(N)O)c1,CC(=O)Nc1ccc(O)cc1,C12H16N2O3,33,C4H9NO
CC(=O)Nc1ccc(OOS(=O)(=O)O)cc1,CC(=O)Nc1ccc(O)cc1,C8H9NO6S,25,H2O4S
CC(=O)N(C(=N)S)c1ccc(O)cc1,CC(=O)Nc1ccc(O)cc1,C9H10N2O2S,24,CH3NS
CC(=O)Nc1ccc(O)cc1CC1CO1,CC(=O)Nc1ccc(O)cc1,C11H13NO3,28,C3H6O
CC(=O)Nc1ccc(Oc2cc(Cl)cs2)cc1,CC(=O)Nc1ccc(O)cc1,C12H10ClNO2S,27,C4H3ClS
CC(=O)Nc1ccc(O[SH2]23C#CN=C2S3)cc1,CC(=O)Nc1ccc(O)cc1,C11H10N2O2S2,27,C3H3NS2
CC(=O)Nc1ccc(O)c(OCC[NH3+])c1,CC(=O)Nc1ccc(O)cc1,C10H15N2O3+,30,C2H8NO+
CC(=O)Nc1ccc(O)c(C(C)(C)[O-])c1,CC(=O)Nc1ccc(O)cc1,C11H14NO3-,29,C3H7O-
CC(=O)Nc1ccc(O[SH2]23C=C2CS3)cc1,CC(=O)Nc1ccc(O)cc1,C11H13NO2S2,29,C3H6S2
CON=CONOc1ccc(NC(C)=O)cc1,CC(=O)Nc1ccc(O)cc1,C10H13N3O4,30,C2H6N2O2
CSC(C)(C)Cc1cc(O)ccc1NC(C)=O,CC(=O)Nc1ccc(O)cc1,C13H19NO2S,36,C5H12S
CC(=O)Nc1ccc(O)cc1C1ON=CC1C,CC(=O)Nc1ccc(O)cc1,C12H14N2O3,31,C4H7NO
C=C(Oc1ccc(NC(C)=O)cc1)C1=CO1,CC(=O)Nc1ccc(O)cc1,C12H11NO3,27,C4H4O
CC(=O)Nc1ccc(O)c(OSCO)c1,CC(=O)Nc1ccc(O)cc1,C9H11NO4S,26,CH4O2S
CC(=O)Nc1ccc(O)c(C2OC(O)C2Br)c1,CC(=O)Nc1ccc(O)cc1,C11H12BrNO4,29,C3H5BrO2
CC(=O)Nc1ccc(OC(F)(Cl)OF)cc1,CC(=O)Nc1ccc(O)cc1,C9H8ClF2NO3,24,CHClF2O
CC(=O)Nc1ccc(O)cc1C=C1C23N4N2C143,CC(=O)Nc1ccc(O)cc1,C12H9N3O2,26,C4H2N2
CC(=O)N(c1ccc(O)cc1)C(O)C(C)CF,CC(=O)Nc1ccc(O)cc1,C12H16FNO3,33,C4H9FO
CC(=O)N(C(=O)OCF)c1ccc(O)cc1,CC(=O)Nc1ccc(O)cc1,C10H10FNO4,26,C2H3FO2
CC(=O)N(c1ccc(O)cc1)N1NC(N)S1,CC(=O)Nc1ccc(O)cc1,C9H12N4O2S,28,CH5N3S
CC(=O)N(c1ccc(O)cc1)c1cnco1,CC(=O)Nc1ccc(O)cc1,C11H10N2O3,26,C3H3NO
CC(=O)Nc1ccc(O)cc1[N+]12CC3C1SC32,CC(=O)Nc1ccc(O)cc1,C12H13N2O2S+,30,C4H6NS+
O=C(CC(Cl)C(O)(Cl)Cl)Nc1ccc(O)cc1,CC(=O)Nc1ccc(O)cc1,C10H10Cl3NO3,27,C2H3Cl3O
C=C[SH]1(N)(c2cc(O)ccc2NC(C)=O)CO1,CC(=O)Nc1ccc(O)cc1,C11H16N2O3S,33,C3H9NOS
CC(=O)Nc1ccc(O)cc1NNC#N,CC(=O)Nc1ccc(O)cc1,C9H10N4O2,25,CH3N3
CC(=O)Nc1ccc(ONS23#CC2=C3)cc1,CC(=O)Nc1ccc(O)cc1,C11H10N2O2S,26,C3H3NS
CCN(CC)Cc1cc(NC(C)=O)ccc1O,CC(=O)Nc1ccc(O)cc1,C13H20N2O2,37,C5H13N
CC(=O)N(c1ccc(O)cc1)C(O)C1CO1,CC(=O)Nc1ccc(O)cc1,C11H13NO4,29,C3H6O2
C=C1C[SH]1(=C)Oc1ccc(NC(C)=O)cc1,CC(=O)Nc1ccc(O)cc1,C12H15NO2S,31,C4H8S
O=C(CC1(Br)CC2OC21)Nc1ccc(O)cc1,CC(=O)Nc1ccc(O)cc1,C12H12BrNO3,29,C4H5BrO
C=C(N)Oc1cc(NC(C)=O)ccc1O,CC(=O)Nc1ccc(O)cc1,C10H12N2O3,27,C2H5NO
CC(=O)Nc1ccc(O)cc1C1OC(=O)O[PH3]1,CC(=O)Nc1ccc(O)cc1,C10H12NO5P,29,C2H5O3P
CC(=O)Nc1ccc(O)cc1C#COO[O-],CC(=O)Nc1ccc(O)cc1,C10H8NO5-,24,C2HO3-
CC(=O)Nc1ccc(O)cc1OCCO[PH2]=O,CC(=O)Nc1ccc(O)cc1,C10H14NO5P,31,C2H7O3P
CC(=O)Nc1ccc(O)c(C(C)(Br)Br)c1,CC(=O)Nc1ccc(O)cc1,C10H11Br2NO2,26,C2H4Br2
O=C(CN1C=CSC=C1)Nc1ccc(O)cc1,CC(=O)Nc1ccc(O)cc1,C12H12N2O2S,29,C4H5NS
CC(=O)Nc1ccc(OC(Br)(Br)CBr)cc1,CC(=O)Nc1ccc(O)cc1,C10H10Br3NO2,26,C2H3Br3
CC(=O)N(c1ccc(O)cc1)[PH2](CO)OC=N,CC(=O)Nc1ccc(O)cc1,C10H15N2O4P,32,C2H8NO2P
O=C(CC(=CCl)OCCl)Nc1ccc(O)cc1,CC(=O)Nc1ccc(O)cc1,C11H11Cl2NO3,28,C3H4Cl2O
CC(=O)Nc1ccc(O)c(C2(Cl)CCC2Cl)c1,CC(=O)Nc1ccc(O)cc1,C12H13Cl2NO2,30,C4H6Cl2
CC(=O)Nc1ccc(O)c(NSC=S)c1,CC(=O)Nc1ccc(O)cc1,C9H10N2O2S2,25,CH3NS2
CC(=O)Nc1ccc(O[SH2]23C=C2C2=C3S2)cc1,CC(=O)Nc1ccc(O)cc1,C12H11NO2S2,28,C4H4S2
CC(=O)Nc1ccc(OCn2n3n2C3)cc1,CC(=O)Nc1ccc(O)cc1,C10H12N4O2,28,C2H5N3
CC(=O)N(C(=O)C[O-])c1ccc(O)cc1,CC(=O)Nc1ccc(O)cc1,C10H10NO4-,25,C2H3O2-
CC(=O)Nc1ccc(OC(C)[SiH3])cc1,CC(=O)Nc1ccc(O)cc1,C10H15NO2Si,29,C2H8Si
CC(=O)Nc1ccc(O)cc1SC1C2CN1O2,CC(=O)Nc1ccc(O)cc1,C11H12N2O3S,29,C3H5NOS
CC(=O)Nc1ccc(OC2(C)OCCO2)cc1,CC(=O)Nc1ccc(O)cc1,C12H15NO4,32,C4H8O2
CC(=O)Nc1ccc(O)c(C23C4=C5N2NC543)c1,CC(=O)Nc1ccc(O)cc1,C12H9N3O2,26,C4H2N2
CC(=O)Nc1ccc(O)cc1C(O)C(N)O,CC(=O)Nc1ccc(O)cc1,C10H14N2O4,30,C2H7NO2
N#[N+]CC(=O)Nc1ccc(O)cc1,CC(=O)Nc1ccc(O)cc1,C8H8N3O2+,21,HN2+
O=C(CC1c2csn21)Nc1ccc(O)cc1,CC(=O)Nc1ccc(O)cc1,C11H10N2O2S,26,C3H3NS
CC(=O)Nc1ccc(O)cc1C12OC=C1O2,CC(=O)Nc1ccc(O)cc1,C11H9NO4,25,C3H2O2
CC(=O)Nc1ccc(O)cc1C(=O)[SH2]1=CN=N1,CC(=O)Nc1ccc(O)cc1,C10H11N3O3S,28,C2H4N2OS
CC(=O)N(c1ccc(O)cc1)C1OCC(F)O1,CC(=O)Nc1ccc(O)cc1,C11H12FNO4,29,C3H5FO2
CCC=NC(F)N(C(C)=O)c1ccc(O)cc1,CC(=O)Nc1ccc(O)cc1,C12H15FN2O2,32,C4H8FN
CC(=O)Nc1ccc(O)c(C[SiH](Cl)Cl)c1,CC(=O)Nc1ccc(O)cc1,C9H11Cl2NO2Si,26,CH4Cl2Si
CC(=O)N(c1ccc(O)cc1)C1(Cl)OC(Cl)O1,CC(=O)Nc1ccc(O)cc1,C10H9Cl2NO4,26,C2H2Cl2O2
CC(=O)Nc1ccc(OC(O)(F)F)cc1,CC(=O)Nc1ccc(O)cc1,C9H9F2NO3,24,CH2F2O
CC(=O)Nc1ccc(O)c(CCSC(N)O)c1,CC(=O)Nc1ccc(O)cc1,C11H16N2O3S,33,C3H9NOS
O=C(COC1C([O-])C1O)Nc1ccc(O)cc1,CC(=O)Nc1ccc(O)cc1,C11H12NO5-,29,C3H5O3-
CC(=O)Nc1ccc(O)cc1O[Na],CC(=O)Nc1ccc(O)cc1,C8H8NNaO3,21,HNaO
CC(=O)N(c1ccc(O)cc1)C(Br)C1=C2NC21,CC(=O)Nc1ccc(O)cc1,C12H11BrN2O2,28,C4H4BrN
CC(=O)Nc1ccc(O)c(-c2csc(=S)s2)c1,CC(=O)Nc1ccc(O)cc1,C11H9NO2S3,26,C3H2S3
O=C(CSCCS)Nc1ccc(O)cc1,CC(=O)Nc1ccc(O)cc1,C10H13NO2S2,28,C2H6S2
CC(=O)Nc1ccc(O)cc1COC(=N)Br,CC(=O)Nc1ccc(O)cc1,C10H11BrN2O3,27,C2H4BrNO
N#CSCC(=O)Nc1ccc(O)cc1,CC(=O)Nc1ccc(O)cc1,C9H8N2O2S,22,CHNS
CC(=O)Nc1ccc(O)c(C(C)(N)Br)c1,CC(=O)Nc1ccc(O)cc1,C10H13BrN2O2,28,C2H6BrN
BC(O)(O)Oc1ccc(NC(C)=O)cc1,CC(=O)Nc1ccc(O)cc1,C9H12BNO4,27,CH5BO2
CC(=O)Nc1ccc(On2oo2)cc1,CC(=O)Nc1ccc(O)cc1,C8H8N2O4,22,HNO2
CC(=O)Nc1ccc(O[SH3]2C=CO[PH]2=O)cc1,CC(=O)Nc1ccc(O)cc1,C10H14NO4PS,31,C2H7O2PS
CC(=O)Nc1ccc(O)cc1C(F)(F)SF,CC(=O)Nc1ccc(O)cc1,C9H8F3NO2S,24,CHF3S
CC(=O)Nc1ccc(OP(Cl)Cl)cc1,CC(=O)Nc1ccc(O)cc1,C8H8Cl2NO2P,22,HCl2P
CCC(CF)OOc1ccc(NC(C)=O)cc1,CC(=O)Nc1ccc(O)cc1,C12H16FNO3,33,C4H9FO
CC(=O)N(C([O-])=C1OO1)c1ccc(O)cc1,CC(=O)Nc1ccc(O)cc1,C10H8NO5-,24,C2HO3-
C=NOCNOc1ccc(NC(C)=O)cc1,CC(=O)Nc1ccc(O)cc1,C10H13N3O3,29,C2H6N2O
CC(=O)Nc1ccc(OC(C)C[O-])cc1,CC(=O)Nc1ccc(O)cc1,C11H14NO3-,29,C3H7O-
CC(=O)Nc1ccc(O)cc1C1NOSC1O,CC(=O)Nc1ccc(O)cc1,C10H12N2O4S,29,C2H5NO2S
CC(O)(CO)CC(=O)Nc1ccc(O)cc1,CC(=O)Nc1ccc(O)cc1,C11H15NO4,31,C3H8O2
CC(=O)Nc1ccc(O)cc1C(F)(F)CCO,CC(=O)Nc1ccc(O)cc1,C11H13F2NO3,30,C3H6F2O
CC(=O)Nc1ccc(O)cc1OCCOCCl,CC(=O)Nc1ccc(O)cc1,C11H14ClNO4,31,C3H7ClO2
CC(=O)N(c1ccc(O)cc1)C12CC1NC2N,CC(=O)Nc1ccc(O)cc1,C12H15N3O2,32,C4H8N2
C=NC(CC)c1cc(NC(C)=O)ccc1O,CC(=O)Nc1ccc(O)cc1,C12H16N2O2,32,C4H9N
CC(=O)Nc1ccc(OC[NH3+])cc1,CC(=O)Nc1ccc(O)cc1,C9H13N2O2+,26,CH6N+
O=CN(CSO)CC(=O)Nc1ccc(O)cc1,CC(=O)Nc1ccc(O)cc1,C10H12N2O4S,29,C2H5NO2S
Cn1n2n1N(CC(=O)Nc1ccc(O)cc1)C2,CC(=O)Nc1ccc(O)cc1,C10H13N5O2,30,C2H6N4
CC(=O)Nc1ccc(O)cc1CCCCCCl,CC(=O)Nc1ccc(O)cc1,C13H18ClNO2,35,C5H11Cl
CC(=O)Nc1ccc(O)cc1C=C1N=CO1,CC(=O)Nc1ccc(O)cc1,C11H10N2O3,26,C3H3NO
CC(=O)Nc1ccc(O)cc1CCI,CC(=O)Nc1ccc(O)cc1,C10H12INO2,26,C2H5I
C=NC([O-])(O)c1cc(NC(C)=O)ccc1O,CC(=O)Nc1ccc(O)cc1,C10H11N2O4-,27,C2H4NO2-
CC(=O)Nc1ccc(ON2N3C4C3C42Br)cc1,CC(=O)Nc1ccc(O)cc1,C11H10BrN3O2,27,C3H3BrN2
CC(=O)Nc1ccc(O)cc1O[PH2](O)OC=O,CC(=O)Nc1ccc(O)cc1,C9H12NO6P,29,CH5O4P
C=C(c1cc(O)ccc1NC(C)=O)C(O)Cl,CC(=O)Nc1ccc(O)cc1,C11H12ClNO3,28,C3H5ClO
CC(=O)Nc1ccc(ON2CO2)cc1,CC(=O)Nc1ccc(O)cc1,C9H10N2O3,24,CH3NO
O=C(CC(Cl)(Cl)CCl)Nc1ccc(O)cc1,CC(=O)Nc1ccc(O)cc1,C10H10Cl3NO2,26,C2H3Cl3
CC(=O)N(c1ccc(O)cc1)C1C=N1,CC(=O)Nc1ccc(O)cc1,C10H10N2O2,24,C2H3N
CC(=O)Nc1ccc(O)c(SCS)c1,CC(=O)Nc1ccc(O)cc1,C9H11NO2S2,25,CH4S2
CC(=O)N(CC(C)C(Cl)Cl)c1ccc(O)cc1,CC(=O)Nc1ccc(O)cc1,C12H15Cl2NO2,32,C4H8Cl2
CC(=O)Nc1ccc(O)c(C(C)([SiH3])CO)c1,CC(=O)Nc1ccc(O)cc1,C11H17NO3Si,33,C3H10OSi
C[NH2+]c1cc(O)ccc1NC(C)=O,CC(=O)Nc1ccc(O)cc1,C9H13N2O2+,26,CH6N+
CC(=O)Nc1ccc(O)c(Nn2cc(O)o2)c1,CC(=O)Nc1ccc(O)cc1,C10H11N3O4,28,C2H4N2O2
CC[NH2+]C(CC)Oc1ccc(NC(C)=O)cc1,CC(=O)Nc1ccc(O)cc1,C13H21N2O2+,38,C5H14N+
CC(=O)Nc1ccc(O[PH2]2COC2)cc1,CC(=O)Nc1ccc(O)cc1,C10H14NO3P,29,C2H7OP
CC(C)(CCCl)CC(=O)Nc1ccc(O)cc1,CC(=O)Nc1ccc(O)cc1,C13H18ClNO2,35,C5H11Cl
C=NC=CC=CCC(=O)Nc1ccc(O)cc1,CC(=O)Nc1ccc(O)cc1,C13H14N2O2,31,C5H7N
C=CCN(C(C)=O)c1ccc(O)cc1,CC(=O)Nc1ccc(O)cc1,C11H13NO2,27,C3H6
O=C(Cc1ccoc1)Nc1ccc(O)cc1,CC(=O)Nc1ccc(O)cc1,C12H11NO3,27,C4H4O
COOC(=N)CC(=O)Nc1ccc(O)cc1,CC(=O)Nc1ccc(O)cc1,C10H12N2O4,28,C2H5NO2
C=CNCNSCC(=O)Nc1ccc(O)cc1,CC(=O)Nc1ccc(O)cc1,C11H15N3O2S,32,C3H8N2S
CC(=O)Nc1ccc(O)cc1C1=C2CCC21[SH5],CC(=O)Nc1ccc(O)cc1,C13H17NO2S,34,C5H10S
CC(=O)Nc1ccc(O)cc1N1OCO1,CC(=O)Nc1ccc(O)cc1,C9H10N2O4,25,CH3NO2
O=C(CCC(O)(Cl)CO)Nc1ccc(O)cc1,CC(=O)Nc1ccc(O)cc1,C11H14ClNO4,31,C3H7ClO2
CC(=O)Nc1ccc(O)c(N=O)c1,CC(=O)Nc1ccc(O)cc1,C8H8N2O3,21,HNO
CC(=O)Nc1ccc(OC2=NO2)cc1,CC(=O)Nc1ccc(O)cc1,C9H8N2O3,22,CHNO
CC(=O)Nc1ccc(O)cc1CC[SiH2]C(O)O,CC(=O)Nc1ccc(O)cc1,C11H17NO4Si,34,C3H10O2Si
C=NOC(=O)Oc1ccc(NC(C)=O)cc1,CC(=O)Nc1ccc(O)cc1,C10H10N2O4,26,C2H3NO2
C=C(I)N(C(C)=O)c1ccc(O)cc1,CC(=O)Nc1ccc(O)cc1,C10H10INO2,24,C2H3I
CC(=O)N(OC(F)C(F)F)c1ccc(O)cc1,CC(=O)Nc1ccc(O)cc1,C10H10F3NO3,27,C2H3F3O
CC(=O)Nc1ccc(OS2(=O)([O-])OO2)cc1,CC(=O)Nc1ccc(O)cc1,C8H8NO6S-,24,HO4S-
CC(=O)Nc1ccc(O[SH2]23Cn4n(n42)C3)cc1,CC(=O)Nc1ccc(O)cc1,C10H14N4O2S,31,C2H7N3S
CCC(F)c1cc(O)ccc1NC(C)=O,CC(=O)Nc1ccc(O)cc1,C11H14FNO2,29,C3H7F
CC(=O)Nc1ccc(O)cc1OO,CC(=O)Nc1ccc(O)cc1,C8H9NO4,22,H2O2
CN=COc1ccc(NC(C)=O)cc1,CC(=O)Nc1ccc(O)cc1,C10H12N2O2,26,C2H5N
O=C(Cc1ccoc1)Nc1ccc(O)c(Br)c1,CC(=O)Nc1ccc(O)cc1,C12H10BrNO3,27,C4H3BrO
CCC=[S+]Oc1ccc(NC(C)=O)cc1,CC(=O)Nc1ccc(O)cc1,C11H14NO2S+,31,C3H9S+
CC(=O)N(CC(F)(F)F)c1ccc(O)cc1,CC(=O)Nc1ccc(O)cc1,C10H10F3NO2,26,C2H3F3
CCCSCc1cc(O)ccc1NC(C)=O,CC(=O)Nc1ccc(O)cc1,C12H17NO2S,33,C4H10S
CC(=O)N(c1ccc(O)cc1)C(F)F,CC(=O)Nc1ccc(O)cc1,C9H9F2NO2,23,CH2F2
C=NCOCCC(=O)Nc1ccc(O)cc1,CC(=O)Nc1ccc(O)cc1,C11H14N2O3,30,C3H7NO
CC(=O)Nc1ccc(O)c(C2([O-])C=CO2)c1,CC(=O)Nc1ccc(O)cc1,C11H10NO4-,26,C3H3O2-
CC(=O)Nc1ccc(O)c(N(Cl)Cl)c1,CC(=O)Nc1ccc(O)cc1,C8H8Cl2N2O2,22,HCl2N
CC(=O)Nc1ccc(O)c(SC(F)C(F)F)c1,CC(=O)Nc1ccc(O)cc1,C10H10F3NO2S,27,C2H3F3S
CC(=O)N(Sn1cc2n1N2)c1ccc(O)cc1,CC(=O)Nc1ccc(O)cc1,C10H10N4O2S,27,C2H3N3S
CC(=O)Nc1ccc(O)cc1-c1ccsc1I,CC(=O)Nc1ccc(O)cc1,C12H10INO2S,27,C4H3IS
CC(=O)Nc1ccc(O)c(OC(O)C(C)O)c1,CC(=O)Nc1ccc(O)cc1,C11H15NO5,32,C3H8O3
CC(=O)Nc1ccc(OCCCCCN)cc1,CC(=O)Nc1ccc(O)cc1,C13H20N2O2,37,C5H13N
CC(=O)Nc1ccc(O)cc1CC(N)Br,CC(=O)Nc1ccc(O)cc1,C10H13BrN2O2,28,C2H6BrN
CC(=O)Nc1ccc(O)cc1[NH+]1CCC(C)C1,CC(=O)Nc1ccc(O)cc1,C13H19N2O2+,36,C5H12N+
CC(=O)Nc1ccc(O)c(C(C)CCI)c1,CC(=O)Nc1ccc(O)cc1,C12H16INO2,32,C4H9I
CC(=O)Nc1ccc(O[SH4]N=COC=O)cc1,CC(=O)Nc1ccc(O)cc1,C10H14N2O4S,31,C2H7NO2S
CC(=O)Nc1ccc(On2c3ccn2c3)cc1,CC(=O)Nc1ccc(O)cc1,C12H11N3O2,28,C4H4N2
CC(=O)N(c1ccc(O)cc1)C(F)C(F)OF,CC(=O)Nc1ccc(O)cc1,C10H10F3NO3,27,C2H3F3O
O=C(CN1C=CN2CN12)Nc1ccc(O)cc1,CC(=O)Nc1ccc(O)cc1,C11H12N4O2,29,C3H5N3
CC(=O)Nc1ccc(O)cc1CCCC(C)S,CC(=O)Nc1ccc(O)cc1,C13H19NO2S,36,C5H12S
C=N[SH]1(C)(Oc2ccc(NC(C)=O)cc2)C=C1,CC(=O)Nc1ccc(O)cc1,C12H16N2O2S,33,C4H9NS
N=C(NO)NCC(=O)Nc1ccc(O)cc1,CC(=O)Nc1ccc(O)cc1,C9H12N4O3,28,CH5N3O
O=C(Cc1noc(=O)s1)Nc1ccc(O)cc1,CC(=O)Nc1ccc(O)cc1,C10H8N2O4S,25,C2HNO2S
CC(=O)N(c1ccc(O)cc1)C(F)F,CC(=O)Nc1ccc(O)cc1,C9H9F2NO2,23,CH2F2
CC(=O)Nc1ccc(OC(C)(Cl)C(Cl)Cl)cc1,CC(=O)Nc1ccc(O)cc1,C11H12Cl3NO2,29,C3H5Cl3
C=NC(C)(CF)c1cc(O)ccc1NC(C)=O,CC(=O)Nc1ccc(O)cc1,C12H15FN2O2,32,C4H8FN
CC(=O)Nc1ccc(O)c(C2OC2F)c1,CC(=O)Nc1ccc(O)cc1,C10H10FNO3,25,C2H3FO
CC(CC(=O)Nc1ccc(O)cc1)NCN,CC(=O)Nc1ccc(O)cc1,C11H17N3O2,33,C3H10N2
CC(=O)Nc1ccc(O)c(C2(Cl)OO2)c1,CC(=O)Nc1ccc(O)cc1,C9H8ClNO4,23,CHClO2
CC(=O)Nc1ccc(O)cc1CC(C)C(C)Br,CC(=O)Nc1ccc(O)cc1,C13H18BrNO2,35,C5H11Br
C[SiH2]CCc1cc(NC(C)=O)ccc1O,CC(=O)Nc1ccc(O)cc1,C11H17NO2Si,32,C3H10Si
O=C(CC1=C2C#[SH2]C21Cl)Nc1ccc(O)cc1,CC(=O)Nc1ccc(O)cc1,C12H10ClNO2S,27,C4H3ClS
CC(=O)Nc1ccc(O)c(OOC=O)c1,CC(=O)Nc1ccc(O)cc1,C9H9NO5,24,CH2O3
O=C(CC(I)C1CO1)Nc1ccc(O)cc1,CC(=O)Nc1ccc(O)cc1,C11H12INO3,28,C3H5IO
CC(=O)Nc1ccc(OC2NC(SN)O2)cc1,CC(=O)Nc1ccc(O)cc1,C10H13N3O3S,30,C2H6N2OS
COC(=C(N)Cl)c1cc(NC(C)=O)ccc1O,CC(=O)Nc1ccc(O)cc1,C11H13ClN2O3,30,C3H6ClNO
CC(=O)Nc1ccc(O)cc1C(F)SC(F)F,CC(=O)Nc1ccc(O)cc1,C10H10F3NO2S,27,C2H3F3S
CC(=O)Nc1ccc(O)c(C23C4C5C2N5C43)c1,CC(=O)Nc1ccc(O)cc1,C13H12N2O2,29,C5H5N
C=[SH]1=CN(c2cc(NC(C)=O)ccc2O)NO1,CC(=O)Nc1ccc(O)cc1,C10H13N3O3S,30,C2H6N2OS
O=C(CN1C=N1)Nc1ccc(O)cc1,CC(=O)Nc1ccc(O)cc1,C9H9N3O2,23,CH2N2
CCCC(=O)Nc1ccc(O)cc1,CC(=O)Nc1ccc(O)cc1,C10H13NO2,26,C2H6
CC(=O)N(OC(=O)C(Cl)Cl)c1ccc(O)cc1,CC(=O)Nc1ccc(O)cc1,C10H9Cl2NO4,26,C2H2Cl2O2
CC(=O)Nc1ccc(O)c(OCCS)c1,CC(=O)Nc1ccc(O)cc1,C10H13NO3S,28,C2H6OS
C[SiH2]CC(C)c1cc(O)ccc1NC(C)=O,CC(=O)Nc1ccc(O)cc1,C12H19NO2Si,35,C4H12Si
C=C1C2=N[SH3](Oc3ccc(NC(C)=O)cc3)C12,CC(=O)Nc1ccc(O)cc1,C12H14N2O2S,31,C4H7NS
CC(=O)Nc1ccc(O)cc1C(C)COCBr,CC(=O)Nc1ccc(O)cc1,C12H16BrNO3,33,C4H9BrO
CC(=O)Nc1ccc(OC(O)CCCCl)cc1,CC(=O)Nc1ccc(O)cc1,C12H16ClNO3,33,C4H9ClO
CC(=O)Nc1ccc(O)cc1C1(O)C(O)C1Br,CC(=O)Nc1ccc(O)cc1,C11H12BrNO4,29,C3H5BrO2
O=C(CC(Cl)C(Cl)CCl)Nc1ccc(O)cc1,CC(=O)Nc1ccc(O)cc1,C11H12Cl3NO2,29,C3H5Cl3
CC(=O)Nc1ccc(O)c(CN2C(C)N2N)c1,CC(=O)Nc1ccc(O)cc1,C11H16N4O2,33,C3H9N3
CC(=O)Nc1ccc(O)cc1N1C=CC1=S,CC(=O)Nc1ccc(O)cc1,C11H10N2O2S,26,C3H3NS
CC(=O)Nc1ccc(O)c(C(F)F)c1,CC(=O)Nc1ccc(O)cc1,C9H9F2NO2,23,CH2F2
CC(=O)Nc1ccc(O)cc1C12C3SC1C32Br,CC(=O)Nc1ccc(O)cc1,C12H10BrNO2S,27,C4H3BrS
CCC(=[NH2+])C(C)c1cc(O)ccc1NC(C)=O,CC(=O)Nc1ccc(O)cc1,C13H19N2O2+,36,C5H12N+
N=C(CC(=O)Nc1ccc(O)cc1)SOCN,CC(=O)Nc1ccc(O)cc1,C10H13N3O3S,30,C2H6N2OS
CC(=O)Nc1ccc(O)cc1OC(C)N1CO1,CC(=O)Nc1ccc(O)cc1,C11H14N2O4,31,C3H7NO2
CC(=O)Nc1ccc(O)cc1C1OC1Cl,CC(=O)Nc1ccc(O)cc1,C10H10ClNO3,25,C2H3ClO
CC(=O)Nc1ccc(O)cc1SOOCl,CC(=O)Nc1ccc(O)cc1,C8H8ClNO4S,23,HClO2S
CC(=O)Nc1ccc(O)c(OO[AsH2]=O)c1,CC(=O)Nc1ccc(O)cc1,C8H10AsNO5,25,H3AsO3
CC(=O)N(c1ccc(O)cc1)N1N=NC=CO1,CC(=O)Nc1ccc(O)cc1,C10H10N4O3,27,C2H3N3O
CCC(C)Oc1cc(O)ccc1NC(C)=O,CC(=O)Nc1ccc(O)cc1,C12H17NO3,33,C4H10O
CC(=O)Nc1ccc(O)cc1CC([O-])C=O,CC(=O)Nc1ccc(O)cc1,C11H12NO4-,28,C3H5O2-
CC(=O)Nc1ccc(O)c(P(=O)([O-])O[O-])c1,CC(=O)Nc1ccc(O)cc1,C8H8NO6P-2,24,HO4P-2
CC(=O)Nc1ccc(O)c(C(C)OC(=O)Br)c1,CC(=O)Nc1ccc(O)cc1,C11H12BrNO4,29,C3H5BrO2
CC(=O)Nc1ccc(O)c(CN)c1,CC(=O)Nc1ccc(O)cc1,C9H12N2O2,25,CH5N
CC(=O)Nc1ccc(O)cc1N1C2C3C(C)[N+]321,CC(=O)Nc1ccc(O)cc1,C12H14N3O2+,31,C4H7N2+
CC(CC(=O)Nc1ccc(O)cc1)C(Cl)CN,CC(=O)Nc1ccc(O)cc1,C12H17ClN2O2,34,C4H10ClN
CC(=O)Nc1ccc(OC(C)CS)cc1,CC(=O)Nc1ccc(O)cc1,C11H15NO2S,30,C3H8S
C=C(OCC[O-])c1cc(O)ccc1NC(C)=O,CC(=O)Nc1ccc(O)cc1,C12H14NO4-,31,C4H7O2-
CC(=O)Nc1ccc(OC(Br)(Br)CBr)cc1,CC(=O)Nc1ccc(O)cc1,C10H10Br3NO2,26,C2H3Br3
C=CS[SH2](=C)Oc1ccc(NC(C)=O)cc1,CC(=O)Nc1ccc(O)cc1,C11H15NO2S2,31,C3H8S2
CC(=O)Nc1ccc(O)c(NN(C)N=O)c1,CC(=O)Nc1ccc(O)cc1,C9H12N4O3,28,CH5N3O
CC(=O)N(C(=O)n1[nH][nH]1)c1ccc(O)cc1,CC(=O)Nc1ccc(O)cc1,C9H10N4O3,26,CH3N3O
CC(=O)Nc1ccc(O)c(C(F)(F)OC=O)c1,CC(=O)Nc1ccc(O)cc1,C10H9F2NO4,26,C2H2F2O2
CC(=O)Nc1ccc(OOON=O)cc1,CC(=O)Nc1ccc(O)cc1,C8H8N2O5,23,HNO3
O=C(CCCI)Nc1ccc(O)cc1,CC(=O)Nc1ccc(O)cc1,C10H12INO2,26,C2H5I
CC(=O)N(CC(C)CO)c1ccc(O)cc1,CC(=O)Nc1ccc(O)cc1,C12H17NO3,33,C4H10O
CC(=O)Nc1ccc(O)cc1CCBr,CC(=O)Nc1ccc(O)cc1,C10H12BrNO2,26,C2H5Br
COC(OC=S)N(C(C)=O)c1ccc(O)cc1,CC(=O)Nc1ccc(O)cc1,C11H13NO4S,30,C3H6O2S
CC(=O)N(OC1(C[O-])CN1)c1ccc(O)cc1,CC(=O)Nc1ccc(O)cc1,C11H13N2O4-,30,C3H6NO2-
COC(=S)CC(=O)Nc1ccc(O)cc1,CC(=O)Nc1ccc(O)cc1,C10H11NO3S,26,C2H4OS
CC(=O)Nc1ccc(ONC=S)cc1,CC(=O)Nc1ccc(O)cc1,C9H10N2O2S,24,CH3NS
CC(CCl)OCC(=O)Nc1ccc(O)cc1,CC(=O)Nc1ccc(O)cc1,C11H14ClNO3,30,C3H7ClO
CC(=O)Nc1ccc(O)cc1ON1NCN1,CC(=O)Nc1ccc(O)cc1,C9H12N4O3,28,CH5N3O
CCC[SiH2]CNN(C(C)=O)c1ccc(O)cc1,CC(=O)Nc1ccc(O)cc1,C12H20N2O2Si,37,C4H13NSi
CC(=O)Nc1ccc(O)c(OSOO)c1,CC(=O)Nc1ccc(O)cc1,C8H9NO5S,24,H2O3S
CC(=O)Nc1ccc(O)cc1CCCN,CC(=O)Nc1ccc(O)cc1,C11H16N2O2,31,C3H9N
O=C(CC(O)CCOCl)Nc1ccc(O)cc1,CC(=O)Nc1ccc(O)cc1,C11H14ClNO4,31,C3H7ClO2
CC(=O)Nc1ccc(O)c(C2=COCC2C)c1,CC(=O)Nc1ccc(O)cc1,C13H15NO3,32,C5H8O
CC(=O)N(OCOC=O)c1ccc(O)cc1,CC(=O)Nc1ccc(O)cc1,C10H11NO5,27,C2H4O3
CC(=O)Nc1ccc(OC2Sc3ssc32)cc1,CC(=O)Nc1ccc(O)cc1,C11H9NO2S3,26,C3H2S3
CC(=O)Nc1ccc(O)cc1C1C=C1CNN,CC(=O)Nc1ccc(O)cc1,C12H15N3O2,32,C4H8N2
CC(=O)Nc1ccc(O)c(N=NO)c1,CC(=O)Nc1ccc(O)cc1,C8H9N3O3,23,H2N2O
O=C(Cc1scnc1O)Nc1ccc(O)cc1,CC(=O)Nc1ccc(O)cc1,C11H10N2O3S,27,C3H3NOS
CC(=O)Nc1ccc(O)c(OC2OC=NO2)c1,CC(=O)Nc1ccc(O)cc1,C10H10N2O5,27,C2H3NO3
CC(=O)Nc1ccc(O)cc1C1=C(CCl)N=N1,CC(=O)Nc1ccc(O)cc1,C11H10ClN3O2,27,C3H3ClN2
CC(=O)N(C(=N)O)c1ccc(O)cc1,CC(=O)Nc1ccc(O)cc1,C9H10N2O3,24,CH3NO
CC(=O)Nc1ccc(O)cc1C(C)CCl,CC(=O)Nc1ccc(O)cc1,C11H14ClNO2,29,C3H7Cl
CC(=O)Nc1ccc(O)c(C(=O)C(F)OF)c1,CC(=O)Nc1ccc(O)cc1,C10H9F2NO4,26,C2H2F2O2
CNC(C)C=Cc1cc(O)ccc1NC(C)=O,CC(=O)Nc1ccc(O)cc1,C13H18N2O2,35,C5H11N
O=C(CC(Cl)Cl)Nc1ccc(O)cc1,CC(=O)Nc1ccc(O)cc1,C9H9Cl2NO2,23,CH2Cl2
CC(=O)N(c1ccc(O)cc1)C1(Cl)CC1,CC(=O)Nc1ccc(O)cc1,C11H12ClNO2,27,C3H5Cl
CC(=O)Nc1ccc(O)c(B(O)O)c1,CC(=O)Nc1ccc(O)cc1,C8H10BNO4,24,H3BO2
CC(=O)Nc1ccc(O)cc1C(CF)C(F)F,CC(=O)Nc1ccc(O)cc1,C11H12F3NO2,29,C3H5F3
CC(=O)Nc1ccc(O)cc1C1(O)COO1,CC(=O)Nc1ccc(O)cc1,C10H11NO5,27,C2H4O3
O=C(CCF)Nc1ccc(O)cc1,CC(=O)Nc1ccc(O)cc1,C9H10FNO2,23,CH3F
O=C(Cc1coc(Cl)c1)Nc1ccc(O)cc1,CC(=O)Nc1ccc(O)cc1,C12H10ClNO3,27,C4H3ClO
CC(=O)Nc1ccc(O)cc1C(C)CC(O)F,CC(=O)Nc1ccc(O)cc1,C12H16FNO3,33,C4H9FO
C=C(COF)c1cc(O)ccc1NC(C)=O,CC(=O)Nc1ccc(O)cc1,C11H12FNO3,28,C3H5FO
COC(C)OOCC(=O)Nc1ccc(O)cc1,CC(=O)Nc1ccc(O)cc1,C11H15NO5,32,C3H8O3
C=NCON(O)c1cc(O)ccc1NC(C)=O,CC(=O)Nc1ccc(O)cc1,C10H13N3O4,30,C2H6N2O2
CC(=O)Nc1ccc(O)cc1C1OOO[PH3]O1,CC(=O)Nc1ccc(O)cc1,C9H12NO6P,29,CH5O4P
CC(=O)N(c1ccc(O)cc1)N1CC1C,CC(=O)Nc1ccc(O)cc1,C11H14N2O2,29,C3H7N
CC(=O)Nc1ccc(OC23N=NN2N3)cc1,CC(=O)Nc1ccc(O)cc1,C9H9N5O2,25,CH2N4
CC(=O)Nc1ccc(O)cc1N1C2COC21,CC(=O)Nc1ccc(O)cc1,C11H12N2O3,28,C3H5NO
CC(=O)Nc1ccc(OOSN(N)O)cc1,CC(=O)Nc1ccc(O)cc1,C8H11N3O4S,27,H4N2O2S
CC(=O)N(c1ccc(O)cc1)C1(C2=NN2)SS1,CC(=O)Nc1ccc(O)cc1,C10H9N3O2S2,26,C2H2N2S2
CC(=O)N(c1ccc(O)cc1)C1OC2O[PH2]1O2,CC(=O)Nc1ccc(O)cc1,C10H12NO5P,29,C2H5O3P
CC(=O)Nc1ccc(OC(F)(F)OF)cc1,CC(=O)Nc1ccc(O)cc1,C9H8F3NO3,24,CHF3O
CC(=O)Nc1ccc(O)cc1OCCCl,CC(=O)Nc1ccc(O)cc1,C10H12ClNO3,27,C2H5ClO
CC(=O)Nc1ccc(O)c(OOS[O-])c1,CC(=O)Nc1ccc(O)cc1,C8H8NO5S-,23,HO3S-
CC(=O)Nc1ccc(ON(C=O)CI)cc1,CC(=O)Nc1ccc(O)cc1,C10H11IN2O3,27,C2H4INO
CC(=O)Nc1ccc(O)cc1OCOC=O,CC(=O)Nc1ccc(O)cc1,C10H11NO5,27,C2H4O3
CC(=O)Nc1ccc(O)cc1C(F)(F)CF,CC(=O)Nc1ccc(O)cc1,C10H10F3NO2,26,C2H3F3
CC(=O)Nc1ccc(O)c(C(C)(Br)CBr)c1,CC(=O)Nc1ccc(O)cc1,C11H13Br2NO2,29,C3H6Br2
CC(=O)N(c1ccc(O)cc1)C1(Br)COO1,CC(=O)Nc1ccc(O)cc1,C10H10BrNO4,26,C2H3BrO2
CC[SH+]CC(=O)Nc1ccc(O)cc1,CC(=O)Nc1ccc(O)cc1,C10H14NO2S+,28,C2H7S+
CC(=O)Nc1ccc(O)cc1OO[PH](=O)O,CC(=O)Nc1ccc(O)cc1,C8H10NO6P,26,H3O4P
CC(=O)Nc1ccc(O)cc1C1(C)OC2CN21,CC(=O)Nc1ccc(O)cc1,C12H14N2O3,31,C4H7NO
CC(=O)Nc1ccc(O[SH]234CC2n2n3n24)cc1,CC(=O)Nc1ccc(O)cc1,C10H12N4O2S,29,C2H5N3S
CC(=O)Nc1ccc(O)c(C(Cl)=C(F)OF)c1,CC(=O)Nc1ccc(O)cc1,C10H8ClF2NO3,25,C2HClF2O
CC(=O)Nc1ccc(O)c(-c2scnc2F)c1,CC(=O)Nc1ccc(O)cc1,C11H9FN2O2S,26,C3H2FNS
CC(=O)Nc1ccc(O[SH2]2=C3SC32)cc1,CC(=O)Nc1ccc(O)cc1,C10H11NO2S2,26,C2H4S2
O=C(CC1ON=C(O)O1)Nc1ccc(O)cc1,CC(=O)Nc1ccc(O)cc1,C10H10N2O5,27,C2H3NO3
CC(=O)Nc1ccc(O)cc1C([O-])CC1NO1,CC(=O)Nc1ccc(O)cc1,C11H13N2O4-,30,C3H6NO2-
CC(=O)Nc1ccc(O)cc1CC(F)C(C)N,CC(=O)Nc1ccc(O)cc1,C12H17FN2O2,34,C4H10FN
CC(=O)Nc1ccc(O)c(C(Cl)(Cl)CCl)c1,CC(=O)Nc1ccc(O)cc1,C10H10Cl3NO2,26,C2H3Cl3
CCC[SiH2]CCC(=O)Nc1ccc(O)cc1,CC(=O)Nc1ccc(O)cc1,C12H19NO2Si,35,C4H12Si
N=CNCCC(=O)Nc1ccc(O)cc1,CC(=O)Nc1ccc(O)cc1,C10H13N3O2,28,C2H6N2
CC(=O)Nc1ccc(O)c(C2CNS2)c1,CC(=O)Nc1ccc(O)cc1,C10H12N2O2S,27,C2H5NS
C=COC(=N)[SH4]Oc1ccc(NC(C)=O)cc1,CC(=O)Nc1ccc(O)cc1,C11H16N2O3S,33,C3H9NOS
C=NC(C)CC(=O)Nc1ccc(O)cc1,CC(=O)Nc1ccc(O)cc1,C11H14N2O2,29,C3H7N
CC(=O)Nc1ccc(O)c(N(C)CCl)c1,CC(=O)Nc1ccc(O)cc1,C10H13ClN2O2,28,C2H6ClN
CC(=O)Nc1ccc(O)cc1C(C)(F)CCF,CC(=O)Nc1ccc(O)cc1,C12H15F2NO2,32,C4H8F2
CC(=O)N(C=CCF)c1ccc(O)cc1,CC(=O)Nc1ccc(O)cc1,C11H12FNO2,27,C3H5F
CC(=O)N(c1ccc(O)cc1)C1CCCCC1,CC(=O)Nc1ccc(O)cc1,C14H19NO2,36,C6H12
CC(=O)Nc1ccc(O)cc1NCO,CC(=O)Nc1ccc(O)cc1,C9H12N2O3,26,CH5NO
CC(=O)Nc1ccc(O)cc1O[PH](=O)OC=O,CC(=O)Nc1ccc(O)cc1,C9H10NO6P,27,CH3O4P
O=C(CO[PH](=O)[O-])Nc1ccc(O)cc1,CC(=O)Nc1ccc(O)cc1,C8H9NO5P-,24,H2O3P-
CC(=O)Nc1ccc(O)cc1N1CS1,CC(=O)Nc1ccc(O)cc1,C9H10N2O2S,24,CH3NS
O=C(COC1=C=C1)Nc1ccc(O)cc1,CC(=O)Nc1ccc(O)cc1,C11H9NO3,24,C3H2O
CC(=O)Nc1ccc(O)cc1-c1ncoc1Br,CC(=O)Nc1ccc(O)cc1,C11H9BrN2O3,26,C3H2BrNO
CC(=O)Nc1ccc(O)c(C(F)Cl)c1,CC(=O)Nc1ccc(O)cc1,C9H9ClFNO2,23,CH2ClF
CC(=O)N(CC1=CCC=C1)c1ccc(O)cc1,CC(=O)Nc1ccc(O)cc1,C14H15NO2,32,C6H8
CC(=O)Nc1ccc(O)cc1CSC12C=C1S2,CC(=O)Nc1ccc(O)cc1,C12H11NO2S2,28,C4H4S2
C=C1C(SCl)=C1c1cc(O)ccc1NC(C)=O,CC(=O)Nc1ccc(O)cc1,C12H10ClNO2S,27,C4H3ClS
C=C[SH2]1(Oc2ccc(NC(C)=O)cc2)C2NN21,CC(=O)Nc1ccc(O)cc1,C11H15N3O2S,32,C3H8N2S
CC(=O)Nc1ccc(O)c(CCC(C)S)c1,CC(=O)Nc1ccc(O)cc1,C12H17NO2S,33,C4H10S
CC(=O)Nc1ccc(O)c(C2(S)CSN2)c1,CC(=O)Nc1ccc(O)cc1,C10H12N2O2S2,28,C2H5NS2
O=C(CC=C(O)I)Nc1ccc(O)cc1,CC(=O)Nc1ccc(O)cc1,C10H10INO3,25,C2H3IO
O=C(CC(O)=C(Cl)OCl)Nc1ccc(O)cc1,CC(=O)Nc1ccc(O)cc1,C10H9Cl2NO4,26,C2H2Cl2O2
CC(=O)Nc1ccc(O)c(CC2(C)C3NN32)c1,CC(=O)Nc1ccc(O)cc1,C12H15N3O2,32,C4H8N2
O=C(CC(O)C(F)CF)Nc1ccc(O)cc1,CC(=O)Nc1ccc(O)cc1,C11H13F2NO3,30,C3H6F2O
CC(=O)Nc1ccc(O)c(OOOC(O)S)c1,CC(=O)Nc1ccc(O)cc1,C9H11NO6S,28,CH4O4S
CC(=O)Nc1ccc(OC(C)(F)CCO)cc1,CC(=O)Nc1ccc(O)cc1,C12H16FNO3,33,C4H9FO
CC(=O)Nc1ccc(O)cc1C(C)CCN,CC(=O)Nc1ccc(O)cc1,C12H18N2O2,34,C4H11N
CC(=O)Nc1ccc(O)cc1C1CSO1,CC(=O)Nc1ccc(O)cc1,C10H11NO3S,26,C2H4OS
C=[PH](OCO)c1cc(NC(C)=O)ccc1O,CC(=O)Nc1ccc(O)cc1,C10H14NO4P,30,C2H7O2P
CC(=O)Nc1ccc(O)cc1OCF,CC(=O)Nc1ccc(O)cc1,C9H10FNO3,24,CH3FO
C=C(OOCl)c1cc(O)ccc1NC(C)=O,CC(=O)Nc1ccc(O)cc1,C10H10ClNO4,26,C2H3ClO2
CC(=O)Nc1ccc(O)c(OCC(C)[SiH3])c1,CC(=O)Nc1ccc(O)cc1,C11H17NO3Si,33,C3H10OSi
O=C(Cc1nccs1)Nc1ccc(O)cc1,CC(=O)Nc1ccc(O)cc1,C11H10N2O2S,26,C3H3NS
CC(=O)Nc1ccc(OC(Cl)(Cl)C2CC2)cc1,CC(=O)Nc1ccc(O)cc1,C12H13Cl2NO2,30,C4H6Cl2
C=NC1OC(N(C(C)=O)c2ccc(O)cc2)O1,CC(=O)Nc1ccc(O)cc1,C11H12N2O4,29,C3H5NO2
CC(=O)Nc1ccc(O)cc1C1C2C3C1C23,CC(=O)Nc1ccc(O)cc1,C13H13NO2,29,C5H6
CC(=O)Nc1ccc(OC2CC(F)C2F)cc1,CC(=O)Nc1ccc(O)cc1,C12H13F2NO2,30,C4H6F2
CC(=O)Nc1ccc(O)cc1Nc1nnco1,CC(=O)Nc1ccc(O)cc1,C10H10N4O3,27,C2H3N3O
CC(=O)N(c1ccc(O)cc1)C(O)O,CC(=O)Nc1ccc(O)cc1,C9H11NO4,25,CH4O2
O=C(CCC(Cl)CCCl)Nc1ccc(O)cc1,CC(=O)Nc1ccc(O)cc1,C12H15Cl2NO2,32,C4H8Cl2
CC(=O)Nc1ccc(O)cc1SC1=C=CCN1,CC(=O)Nc1ccc(O)cc1,C12H12N2O2S,29,C4H5NS
CC(=O)Nc1ccc(O)cc1CN=[NH2+],CC(=O)Nc1ccc(O)cc1,C9H12N3O2+,26,CH5N2+
CC(=O)Nc1ccc(O[SH2]2=NC3=C(C2)S3)cc1,CC(=O)Nc1ccc(O)cc1,C11H12N2O2S2,29,C3H5NS2
COC1ONC1CC(=O)Nc1ccc(O)cc1,CC(=O)Nc1ccc(O)cc1,C11H14N2O4,31,C3H7NO2
CC(=O)Nc1ccc(O)c(C(N)N2CCC2)c1,CC(=O)Nc1ccc(O)cc1,C12H17N3O2,34,C4H10N2
CC(=O)Nc1ccc(OC2C(OO)[PH2]2O)cc1,CC(=O)Nc1ccc(O)cc1,C10H14NO5P,31,C2H7O3P
CC(=O)Nc1ccc(OC(Cl)Cl)cc1,CC(=O)Nc1ccc(O)cc1,C9H9Cl2NO2,23,CH2Cl2
CC(=O)Nc1ccc(O[PH2]2OC23OCO3)cc1,CC(=O)Nc1ccc(O)cc1,C10H12NO5P,29,C2H5O3P
CCN(C=CF)CC(=O)Nc1ccc(O)cc1,CC(=O)Nc1ccc(O)cc1,C12H15FN2O2,32,C4H8FN
CC(=O)Nc1ccc(OC23SN4C2N43)cc1,CC(=O)Nc1ccc(O)cc1,C10H9N3O2S,25,C2H2N2S
CC(=O)Nc1ccc(O)c(C=CI)c1,CC(=O)Nc1ccc(O)cc1,C10H10INO2,24,C2H3I
CC(=O)Nc1ccc(O)c(SOOO[O-])c1,CC(=O)Nc1ccc(O)cc1,C8H8NO6S-,24,HO4S-
O=C(Cc1csc(Cl)n1)Nc1ccc(O)cc1,CC(=O)Nc1ccc(O)cc1,C11H9ClN2O2S,26,C3H2ClNS
CC(=O)Nc1ccc(O)cc1[SH]123ON4N1C42O3,CC(=O)Nc1ccc(O)cc1,C9H9N3O4S,26,CH2N2O2S
CC(=O)Nc1ccc(O)c(CCF)c1,CC(=O)Nc1ccc(O)cc1,C10H12FNO2,26,C2H5F
CC(=O)Nc1ccc(O)cc1NC(C)C,CC(=O)Nc1ccc(O)cc1,C11H16N2O2,31,C3H9N
O=C(CNNN1C2=C1C2)Nc1ccc(O)cc1,CC(=O)Nc1ccc(O)cc1,C11H12N4O2,29,C3H5N3
O=C(CC1=C(Cl)OCO1)Nc1ccc(O)cc1,CC(=O)Nc1ccc(O)cc1,C11H10ClNO4,27,C3H3ClO2
CONNCCOc1ccc(NC(C)=O)cc1,CC(=O)Nc1ccc(O)cc1,C11H17N3O3,34,C3H10N2O
CC(=O)Nc1ccc(OC2CCCC2)cc1,CC(=O)Nc1ccc(O)cc1,C13H17NO2,33,C5H10
CC[SH+]Cc1cc(O)ccc1NC(C)=O,CC(=O)Nc1ccc(O)cc1,C11H16NO2S+,31,C3H9S+
CC(=O)Nc1ccc(O[SH3]2N=CC2C)cc1,CC(=O)Nc1ccc(O)cc1,C11H16N2O2S,32,C3H9NS
CC(=O)N(C(=O)OCBr)c1ccc(O)cc1,CC(=O)Nc1ccc(O)cc1,C10H10BrNO4,26,C2H3BrO2
CC(=O)Nc1ccc(O)c(C2C3=CSC32)c1,CC(=O)Nc1ccc(O)cc1,C12H11NO2S,27,C4H4S
CC(=O)Nc1ccc(O)cc1C(C)(N)O,CC(=O)Nc1ccc(O)cc1,C10H14N2O3,29,C2H7NO
CC(=O)Nc1ccc(O)c(CN2CCCC2)c1,CC(=O)Nc1ccc(O)cc1,C13H18N2O2,35,C5H11N
CC(=O)Nc1ccc(O)cc1C1OCOC1O,CC(=O)Nc1ccc(O)cc1,C11H13NO5,30,C3H6O3
C=C(F)N(C(C)=O)c1ccc(O)cc1,CC(=O)Nc1ccc(O)cc1,C10H10FNO2,24,C2H3F
CCC1=COC1c1cc(NC(C)=O)ccc1O,CC(=O)Nc1ccc(O)cc1,C13H15NO3,32,C5H8O
CC(=O)Nc1ccc(OC(=N)NON)cc1,CC(=O)Nc1ccc(O)cc1,C9H12N4O3,28,CH5N3O
CC(=O)Nc1ccc(O)cc1C(=O)C([O-])=CO,CC(=O)Nc1ccc(O)cc1,C11H10NO5-,27,C3H3O3-
CC(=O)Nc1ccc(O)c(C23CC24C2C3N24)c1,CC(=O)Nc1ccc(O)cc1,C13H12N2O2,29,C5H5N
CC(=O)Nc1ccc(OO[Na])cc1,CC(=O)Nc1ccc(O)cc1,C8H8NNaO3,21,HNaO
CC(=O)Nc1ccc(O)c(C2C3C4[NH+]2C#[SH]34)c1,CC(=O)Nc1ccc(O)cc1,C12H13N2O2S+,30,C4H6NS+
CC(=O)Nc1ccc(OC(C)N(C)CF)cc1,CC(=O)Nc1ccc(O)cc1,C12H17FN2O2,34,C4H10FN
C#S(=C)CC(=O)Nc1ccc(O)cc1,CC(=O)Nc1ccc(O)cc1,C10H11NO2S,25,C2H4S
CC(=O)Nc1ccc(O)c(C2N=CN=CS2)c1,CC(=O)Nc1ccc(O)cc1,C11H11N3O2S,28,C3H4N2S
CC(=O)Nc1ccc(O)cc1CC1CC[NH2+]C1,CC(=O)Nc1ccc(O)cc1,C13H19N2O2+,36,C5H12N+
COC1O[PH2]1Oc1ccc(NC(C)=O)cc1,CC(=O)Nc1ccc(O)cc1,C10H14NO4P,30,C2H7O2P
C=CCNCOc1ccc(NC(C)=O)cc1,CC(=O)Nc1ccc(O)cc1,C12H16N2O2,32,C4H9N
CC(=O)Nc1ccc(O)c(C(=O)OCCCl)c1,CC(=O)Nc1ccc(O)cc1,C11H12ClNO4,29,C3H5ClO2
CC(=O)Nc1ccc(O)c(N=NOO)c1,CC(=O)Nc1ccc(O)cc1,C8H9N3O4,24,H2N2O2
CC(=O)Nc1ccc(OC(S)=CO)cc1,CC(=O)Nc1ccc(O)cc1,C10H11NO3S,26,C2H4OS
CCOc1cc(NC(C)=O)ccc1O,CC(=O)Nc1ccc(O)cc1,C10H13NO3,27,C2H6O
CC(=O)Nc1ccc(O)c(C(F)(F)OSO)c1,CC(=O)Nc1ccc(O)cc1,C9H9F2NO4S,26,CH2F2O2S
CC(=O)Nc1ccc(O)cc1C12N3NN1N2N3,CC(=O)Nc1ccc(O)cc1,C9H10N6O2,27,CH3N5
CC(=O)Nc1ccc(OC(C)(F)OCF)cc1,CC(=O)Nc1ccc(O)cc1,C11H13F2NO3,30,C3H6F2O
CC(=O)N(ON1CCC1[O-])c1ccc(O)cc1,CC(=O)Nc1ccc(O)cc1,C11H13N2O4-,30,C3H6NO2-
CC(=O)Nc1ccc(O)cc1OC(F)(F)F,CC(=O)Nc1ccc(O)cc1,C9H8F3NO3,24,CHF3O
C=N[SH3](C=N)Cc1cc(O)ccc1NC(C)=O,CC(=O)Nc1ccc(O)cc1,C11H17N3O2S,34,C3H10N2S
CC(=O)Nc1ccc(O)cc1C1NC2CCN21,CC(=O)Nc1ccc(O)cc1,C12H15N3O2,32,C4H8N2
CC(=O)Nc1ccc(O)cc1C12CC1C21CN1,CC(=O)Nc1ccc(O)cc1,C13H14N2O2,31,C5H7N
CC(=O)Nc1ccc(OC23CC(N2)S3)cc1,CC(=O)Nc1ccc(O)cc1,C11H12N2O2S,28,C3H5NS
CC(=O)Nc1ccc(OC2COOCO2)cc1,CC(=O)Nc1ccc(O)cc1,C11H13NO5,30,C3H6O3
CC(=O)Nc1ccc(OC(C)[NH2+]C2CC2)cc1,CC(=O)Nc1ccc(O)cc1,C13H19N2O2+,36,C5H12N+
CC(=O)Nc1ccc(OS234=NN5N2C3N54)cc1,CC(=O)Nc1ccc(O)cc1,C9H9N5O2S,26,CH2N4S
NCC(N)CC(=O)Nc1ccc(O)cc1,CC(=O)Nc1ccc(O)cc1,C10H15N3O2,30,C2H8N2
CC(=O)Nc1ccc(O[SH]23=c4sc(n42)=N3)cc1,CC(=O)Nc1ccc(O)cc1,C10H9N3O2S2,26,C2H2N2S2
N=Cn1n2n(CC(=O)Nc3ccc(O)cc3)n12,CC(=O)Nc1ccc(O)cc1,C9H10N6O2,27,CH3N5
CC(=O)Nc1ccc(O)c(C2C=C2I)c1,CC(=O)Nc1ccc(O)cc1,C11H10INO2,25,C3H3I
C=CSCC(=O)Nc1ccc(O)cc1,CC(=O)Nc1ccc(O)cc1,C10H11NO2S,25,C2H4S
NN(CC(=O)Nc1ccc(O)cc1)N=CO,CC(=O)Nc1ccc(O)cc1,C9H12N4O3,28,CH5N3O
O=C(CC(F)NC1CO1)Nc1ccc(O)cc1,CC(=O)Nc1ccc(O)cc1,C11H13FN2O3,30,C3H6FNO
CC(=O)N(c1ccc(O)cc1)C12COCN1C2,CC(=O)Nc1ccc(O)cc1,C12H14N2O3,31,C4H7NO
[NH3+]CCCC(=O)Nc1ccc(O)cc1,CC(=O)Nc1ccc(O)cc1,C10H15N2O2+,29,C2H8N+
CC(=O)N(c1ccc(O)cc1)C(C)(N)OCO,CC(=O)Nc1ccc(O)cc1,C11H16N2O4,33,C3H9NO2
CC(=O)Nc1ccc(O)cc1N1N=N1,CC(=O)Nc1ccc(O)cc1,C8H8N4O2,22,HN3
CC(=O)Nc1ccc(O)cc1C(Cl)C(C)Cl,CC(=O)Nc1ccc(O)cc1,C11H13Cl2NO2,29,C3H6Cl2
CCC(N)(F)N(C(C)=O)c1ccc(O)cc1,CC(=O)Nc1ccc(O)cc1,C11H15FN2O2,31,C3H8FN
CC(=O)Nc1ccc(O)cc1OC(=N)O,CC(=O)Nc1ccc(O)cc1,C9H10N2O4,25,CH3NO2
CC(=O)Nc1ccc(O)c(Nc2nnco2)c1,CC(=O)Nc1ccc(O)cc1,C10H10N4O3,27,C2H3N3O
C=CCC([O-])Oc1cc(O)ccc1NC(C)=O,CC(=O)Nc1ccc(O)cc1,C12H14NO4-,31,C4H7O2-
CC(=O)Nc1ccc(O)c(C(C)[SiH3])c1,CC(=O)Nc1ccc(O)cc1,C10H15NO2Si,29,C2H8Si
CC(=O)Nc1ccc(O)cc1C(F)CCCF,CC(=O)Nc1ccc(O)cc1,C12H15F2NO2,32,C4H8F2
O=C(CCC1=CO1)Nc1ccc(O)cc1,CC(=O)Nc1ccc(O)cc1,C11H11NO3,26,C3H4O
CC(=O)Nc1ccc(OCOC2O[PH3]O2)cc1,CC(=O)Nc1ccc(O)cc1,C10H14NO5P,31,C2H7O3P
CC(=O)Nc1ccc(O)c(OOSO)c1,CC(=O)Nc1ccc(O)cc1,C8H9NO5S,24,H2O3S
CC(=O)Nc1ccc(OS23(=CCl)C4=C2N43)cc1,CC(=O)Nc1ccc(O)cc1,C11H9ClN2O2S,26,C3H2ClNS
CC(=O)Nc1ccc(O[SH]234N5N2C32SC524)cc1,CC(=O)Nc1ccc(O)cc1,C10H9N3O2S2,26,C2H2N2S2
CC(=O)Nc1ccc(OC23C4C56N2N5C436)cc1,CC(=O)Nc1ccc(O)cc1,C12H9N3O2,26,C4H2N2
CC(=O)Nc1ccc(O)cc1C1=CC=[NH+]CS1,CC(=O)Nc1ccc(O)cc1,C12H13N2O2S+,30,C4H6NS+
CC(=O)N(NCOCCCl)c1ccc(O)cc1,CC(=O)Nc1ccc(O)cc1,C11H15ClN2O3,32,C3H8ClNO
CC(=O)Nc1ccc(OOOS[O-])cc1,CC(=O)Nc1ccc(O)cc1,C8H8NO5S-,23,HO3S-
CC(=O)Nc1ccc(O[PH]2([O-])OO2)cc1,CC(=O)Nc1ccc(O)cc1,C8H9NO5P-,24,H2O3P-
CC(=O)Nc1ccc(O)cc1SCC1CC1,CC(=O)Nc1ccc(O)cc1,C12H15NO2S,31,C4H8S
CC(=O)Nc1ccc(OCN2C3=CC2S3)cc1,CC(=O)Nc1ccc(O)cc1,C12H12N2O2S,29,C4H5NS
CC(=O)Nc1ccc(ON(F)CCF)cc1,CC(=O)Nc1ccc(O)cc1,C10H12F2N2O2,28,C2H5F2N
CC(=O)Nc1ccc(O)cc1-c1cc(Cl)cs1,CC(=O)Nc1ccc(O)cc1,C12H10ClNO2S,27,C4H3ClS
CC(=O)Nc1ccc(O)c(C23OC2C3Cl)c1,CC(=O)Nc1ccc(O)cc1,C11H10ClNO3,26,C3H3ClO
CC(=O)Nc1ccc(O)c(NC23C=C2S3)c1,CC(=O)Nc1ccc(O)cc1,C11H10N2O2S,26,C3H3NS
CC(=O)Nc1ccc(O[SH2](=O)P2(=O)CO2)cc1,CC(=O)Nc1ccc(O)cc1,C9H12NO5PS,29,CH5O3PS
CC(=O)Nc1ccc(O)c(C2C=C2I)c1,CC(=O)Nc1ccc(O)cc1,C11H10INO2,25,C3H3I
CC(=O)Nc1ccc(O)cc1-n1oo1,CC(=O)Nc1ccc(O)cc1,C8H8N2O4,22,HNO2
CC(=O)Nc1ccc(O)cc1C=C1N=CS1,CC(=O)Nc1ccc(O)cc1,C11H10N2O2S,26,C3H3NS
CC(=O)Nc1ccc(O)cc1C(Cl)(Cl)C=O,CC(=O)Nc1ccc(O)cc1,C10H9Cl2NO3,25,C2H2Cl2O
CC(=O)Nc1ccc(O)c(C(=N)OCBr)c1,CC(=O)Nc1ccc(O)cc1,C10H11BrN2O3,27,C2H4BrNO
CC(=O)N(COC=CBr)c1ccc(O)cc1,CC(=O)Nc1ccc(O)cc1,C11H12BrNO3,28,C3H5BrO
CC(=O)Nc1ccc(OS(=O)(=O)[O-])cc1,CC(=O)Nc1ccc(O)cc1,C8H8NO5S-,23,HO3S-
CC(CC(=O)Nc1ccc(O)cc1)OI,CC(=O)Nc1ccc(O)cc1,C10H12INO3,27,C2H5IO
CC(=O)N(c1ccc(O)cc1)C(C=O)C(C)Br,CC(=O)Nc1ccc(O)cc1,C12H14BrNO3,31,C4H7BrO
O=C(CC1=NS1)Nc1ccc(O)cc1,CC(=O)Nc1ccc(O)cc1,C9H8N2O2S,22,CHNS
CC(=O)Nc1ccc(O[N+]#N)cc1,CC(=O)Nc1ccc(O)cc1,C8H8N3O2+,21,HN2+
CC(=O)Nc1ccc(O)c(OCCCBr)c1,CC(=O)Nc1ccc(O)cc1,C11H14BrNO3,30,C3H7BrO
NC(CO)CC(=O)Nc1ccc(O)cc1,CC(=O)Nc1ccc(O)cc1,C10H14N2O3,29,C2H7NO
CC(=O)N(c1ccc(O)cc1)C(F)OF,CC(=O)Nc1ccc(O)cc1,C9H9F2NO3,24,CH2F2O
CC(=O)Nc1ccc(O)c(C=COC=O)c1,CC(=O)Nc1ccc(O)cc1,C11H11NO4,27,C3H4O2
CC(=O)N(c1ccc(O)cc1)C(O)C(O)S[O-],CC(=O)Nc1ccc(O)cc1,C10H12NO5S-,29,C2H5O3S-
CC(=O)N(c1ccc(O)cc1)C(Cl)CC(Cl)Cl,CC(=O)Nc1ccc(O)cc1,C11H12Cl3NO2,29,C3H5Cl3
CC(=O)Nc1ccc(OCOS(=O)(=O)O)cc1,CC(=O)Nc1ccc(O)cc1,C9H11NO6S,28,CH4O4S
CC(=O)Nc1ccc(OC2N[PH2]2OCO)cc1,CC(=O)Nc1ccc(O)cc1,C10H15N2O4P,32,C2H8NO2P
O=C(CP(Cl)Cl)Nc1ccc(O)cc1,CC(=O)Nc1ccc(O)cc1,C8H8Cl2NO2P,22,HCl2P
CC(=O)N(CC1OC12CO2)c1ccc(O)cc1,CC(=O)Nc1ccc(O)cc1,C12H13NO4,30,C4H6O2
C=C(CI)CC(=O)Nc1ccc(O)cc1,CC(=O)Nc1ccc(O)cc1,C11H12INO2,27,C3H5I
C=Cc1cc(O)ccc1NC(C)=O,CC(=O)Nc1ccc(O)cc1,C10H11NO2,24,C2H4
COC(Cl)C(=O)Oc1ccc(NC(C)=O)cc1,CC(=O)Nc1ccc(O)cc1,C11H12ClNO4,29,C3H5ClO2
CC(=O)Nc1ccc(O)c([SiH2]C(C)COO)c1,CC(=O)Nc1ccc(O)cc1,C11H17NO4Si,34,C3H10O2Si
CC(=O)Nc1ccc(O)c(OOC(F)SF)c1,CC(=O)Nc1ccc(O)cc1,C9H9F2NO4S,26,CH2F2O2S
CC(=O)Nc1ccc(O)c(C2C([O-])C2O)c1,CC(=O)Nc1ccc(O)cc1,C11H12NO4-,28,C3H5O2-
CC(=O)Nc1ccc(O)cc1C(Br)Br,CC(=O)Nc1ccc(O)cc1,C9H9Br2NO2,23,CH2Br2
C=[SH]1(c2cc(O)ccc2NC(C)=O)CCCC1,CC(=O)Nc1ccc(O)cc1,C13H19NO2S,36,C5H12S
CC(=O)Nc1ccc(ON(C)CCF)cc1,CC(=O)Nc1ccc(O)cc1,C11H15FN2O2,31,C3H8FN
CC(=O)Nc1ccc(O)cc1N(S)C1CS1,CC(=O)Nc1ccc(O)cc1,C10H12N2O2S2,28,C2H5NS2
CC(=O)Nc1ccc(OC(F)(F)C(F)F)cc1,CC(=O)Nc1ccc(O)cc1,C10H9F4NO2,26,C2H2F4
CC(=O)Nc1ccc(O)cc1C1OCN1I,CC(=O)Nc1ccc(O)cc1,C10H11IN2O3,27,C2H4INO
CC(=O)N(c1ccc(O)cc1)C(C)C(C)(N)F,CC(=O)Nc1ccc(O)cc1,C12H17FN2O2,34,C4H10FN
CC(=O)N(c1ccc(O)cc1)C(F)C(F)SF,CC(=O)Nc1ccc(O)cc1,C10H10F3NO2S,27,C2H3F3S
O=C(CO[PH2]1OO1)Nc1ccc(O)cc1,CC(=O)Nc1ccc(O)cc1,C8H10NO5P,25,H3O3P
CC(=O)Nc1ccc(O)c(OC2CS2)c1,CC(=O)Nc1ccc(O)cc1,C10H11NO3S,26,C2H4OS
CC(=O)Nc1ccc(O)cc1C=NCSCS,CC(=O)Nc1ccc(O)cc1,C11H14N2O2S2,31,C3H7NS2
CC(=O)Nc1ccc(O)cc1On1[nH]o1,CC(=O)Nc1ccc(O)cc1,C8H9N3O4,24,H2N2O2
CC(=O)Nc1ccc(OCC(N)Br)cc1,CC(=O)Nc1ccc(O)cc1,C10H13BrN2O2,28,C2H6BrN
CC(=O)Nc1ccc(O)c(C2(O)C=C2[O-])c1,CC(=O)Nc1ccc(O)cc1,C11H10NO4-,26,C3H3O2-
CC(=O)Nc1ccc(O)c(C2CC2)c1,CC(=O)Nc1ccc(O)cc1,C11H13NO2,27,C3H6
CC(=O)Nc1ccc(O)c(OC(F)(F)F)c1,CC(=O)Nc1ccc(O)cc1,C9H8F3NO3,24,CHF3O
CC(=O)Nc1ccc(O)cc1C(CO)CCl,CC(=O)Nc1ccc(O)cc1,C11H14ClNO3,30,C3H7ClO
CC(=O)Nc1ccc(OC2=CCS2)cc1,CC(=O)Nc1ccc(O)cc1,C11H11NO2S,26,C3H4S
CC(=O)Nc1ccc(O)cc1C1=[SH]2(CS)SC12,CC(=O)Nc1ccc(O)cc1,C11H13NO2S3,30,C3H6S3
CC(=O)N(N=NO)c1ccc(O)cc1,CC(=O)Nc1ccc(O)cc1,C8H9N3O3,23,H2N2O
CCCC(C)Cc1cc(O)ccc1NC(C)=O,CC(=O)Nc1ccc(O)cc1,C14H21NO2,38,C6H14
CC(=O)Nc1ccc(O)cc1O[PH2](C)SC=O,CC(=O)Nc1ccc(O)cc1,C10H14NO4PS,31,C2H7O2PS
CC(=O)Nc1ccc(O)cc1S12=CC3OC1[SH2]=23,CC(=O)Nc1ccc(O)cc1,C11H13NO3S2,30,C3H6OS2
O=C(CCOCO)Nc1ccc(O)cc1,CC(=O)Nc1ccc(O)cc1,C10H13NO4,28,C2H6O2
CC(=O)Nc1ccc(O)cc1OC1N=COO1,CC(=O)Nc1ccc(O)cc1,C10H10N2O5,27,C2H3NO3
O=C(CC1=NCS1)Nc1ccc(O)cc1,CC(=O)Nc1ccc(O)cc1,C10H10N2O2S,25,C2H3NS
O=C(CC(F)(F)F)Nc1ccc(O)cc1,CC(=O)Nc1ccc(O)cc1,C9H8F3NO2,23,CHF3
C=CCC(O)Nc1cc(NC(C)=O)ccc1O,CC(=O)Nc1ccc(O)cc1,C12H16N2O3,33,C4H9NO
CC(=O)N(c1ccc(O)cc1)C1(Cl)OO1,CC(=O)Nc1ccc(O)cc1,C9H8ClNO4,23,CHClO2
CC(=O)Nc1ccc(O)cc1C1=C=CO1,CC(=O)Nc1ccc(O)cc1,C11H9NO3,24,C3H2O
C[SiH](CCO)CC(=O)Nc1ccc(O)cc1,CC(=O)Nc1ccc(O)cc1,C11H17NO3Si,33,C3H10OSi
CC(=O)Nc1ccc(OOC2=CC2O)cc1,CC(=O)Nc1ccc(O)cc1,C11H11NO4,27,C3H4O2
CC(=O)Nc1ccc(O)c(C(BO)CO)c1,CC(=O)Nc1ccc(O)cc1,C10H14BNO4,30,C2H7BO2
C=C1On2n1n2-c1cc(NC(C)=O)ccc1O,CC(=O)Nc1ccc(O)cc1,C10H10N4O3,27,C2H3N3O
CC(=O)Nc1ccc(O[SH]23=C=CN2C=C3)cc1,CC(=O)Nc1ccc(O)cc1,C12H12N2O2S,29,C4H5NS
CC(=O)Nc1ccc(O)cc1[N+]12CC3CC31N2,CC(=O)Nc1ccc(O)cc1,C12H14N3O2+,31,C4H7N2+
COCc1cc(O)ccc1NC(C)=O,CC(=O)Nc1ccc(O)cc1,C10H13NO3,27,C2H6O
CC(=O)Nc1ccc(O)c(C(CO)CC[SiH3])c1,CC(=O)Nc1ccc(O)cc1,C12H19NO3Si,36,C4H12OSi
CC(=O)Nc1ccc(O)c(-n2on2O)c1,CC(=O)Nc1ccc(O)cc1,C8H9N3O4,24,H2N2O2
CC(=O)Nc1ccc(O)c(N2C3=C4C[SH2]432)c1,CC(=O)Nc1ccc(O)cc1,C11H12N2O2S,28,C3H5NS
CC(=O)Nc1ccc(O)c(C2OC2(Cl)CO)c1,CC(=O)Nc1ccc(O)cc1,C11H12ClNO4,29,C3H5ClO2
CC(=O)Nc1ccc(O)cc1C([O-])C=O,CC(=O)Nc1ccc(O)cc1,C10H10NO4-,25,C2H3O2-
CC(=O)Nc1ccc(O)c(C2(O)OCC2F)c1,CC(=O)Nc1ccc(O)cc1,C11H12FNO4,29,C3H5FO2
CC(=O)Nc1ccc(OC(Br)(Br)CBr)cc1,CC(=O)Nc1ccc(O)cc1,C10H10Br3NO2,26,C2H3Br3
CC(=O)Nc1ccc(OC(=O)OCC=O)cc1,CC(=O)Nc1ccc(O)cc1,C11H11NO5,28,C3H4O3
C#CC(OC)Oc1cc(NC(C)=O)ccc1O,CC(=O)Nc1ccc(O)cc1,C12H13NO4,30,C4H6O2
C=NC([O-])(OC)Oc1ccc(NC(C)=O)cc1,CC(=O)Nc1ccc(O)cc1,C11H13N2O4-,30,C3H6NO2-
CC(=O)Nc1ccc(O)c(SOOO)c1,CC(=O)Nc1ccc(O)cc1,C8H9NO5S,24,H2O3S
CC(=O)Nc1ccc(OC2C=CC=C2)cc1,CC(=O)Nc1ccc(O)cc1,C13H13NO2,29,C5H6
CC(=O)Nc1ccc(O)cc1C(F)C(C)CF,CC(=O)Nc1ccc(O)cc1,C12H15F2NO2,32,C4H8F2
CC(=O)Nc1ccc(O)cc1NC(O)[PH](=O)O,CC(=O)Nc1ccc(O)cc1,C9H13N2O5P,30,CH6NO3P
CC(=O)Nc1ccc(O)c(C(CF)C(C)F)c1,CC(=O)Nc1ccc(O)cc1,C12H15F2NO2,32,C4H8F2
CC[SiH](CCCl)c1cc(O)ccc1NC(C)=O,CC(=O)Nc1ccc(O)cc1,C12H18ClNO2Si,35,C4H11ClSi
CC(=O)N(c1ccc(O)cc1)C12C=CCC1S2,CC(=O)Nc1ccc(O)cc1,C13H13NO2S,30,C5H6S
CC(=O)Nc1ccc(O)cc1C1(F)OC1(F)F,CC(=O)Nc1ccc(O)cc1,C10H8F3NO3,25,C2HF3O
CC(=O)N(c1ccc(O)cc1)C(C)CI,CC(=O)Nc1ccc(O)cc1,C11H14INO2,29,C3H7I
CC(=O)Nc1ccc(O)cc1N1C2CC21,CC(=O)Nc1ccc(O)cc1,C11H12N2O2,27,C3H5N
CC(=O)Nc1ccc(O)cc1N1CC2=C1S2,CC(=O)Nc1ccc(O)cc1,C11H10N2O2S,26,C3H3NS
CC(=O)Nc1ccc(OC2(N)SS2)cc1,CC(=O)Nc1ccc(O)cc1,C9H10N2O2S2,25,CH3NS2
CC(=O)Nc1ccc(O)c(C(CF)CCF)c1,CC(=O)Nc1ccc(O)cc1,C12H15F2NO2,32,C4H8F2
CC(=O)Nc1ccc(O)cc1C1CO1,CC(=O)Nc1ccc(O)cc1,C10H11NO3,25,C2H4O
C=CNC(Br)Oc1cc(NC(C)=O)ccc1O,CC(=O)Nc1ccc(O)cc1,C11H13BrN2O3,30,C3H6BrNO
CC(=O)Nc1ccc(O)cc1OOSN,CC(=O)Nc1ccc(O)cc1,C8H10N2O4S,25,H3NO2S
CC(=O)Nc1ccc(O)cc1C(C)CCBr,CC(=O)Nc1ccc(O)cc1,C12H16BrNO2,32,C4H9Br
CC(=O)Nc1ccc(O)cc1N1CCO1,CC(=O)Nc1ccc(O)cc1,C10H12N2O3,27,C2H5NO
CC(=O)Nc1ccc(O)cc1SC12NC3N1N32,CC(=O)Nc1ccc(O)cc1,C10H10N4O2S,27,C2H3N3S
CC(=O)Nc1ccc(O)c(-n2[nH]n2SC#N)c1,CC(=O)Nc1ccc(O)cc1,C9H9N5O2S,26,CH2N4S
CC(=O)N(c1ccc(O)cc1)C(F)CCF,CC(=O)Nc1ccc(O)cc1,C11H13F2NO2,29,C3H6F2
C=CN1C[SH]1(=O)Oc1ccc(NC(C)=O)cc1,CC(=O)Nc1ccc(O)cc1,C11H14N2O3S,31,C3H7NOS
CC(=O)Nc1ccc(O)c(C23COC(O2)O3)c1,CC(=O)Nc1ccc(O)cc1,C11H11NO5,28,C3H4O3
CC(=O)Nc1ccc(O)c(NCOCO)c1,CC(=O)Nc1ccc(O)cc1,C10H14N2O4,30,C2H7NO2
O=C(CC(Cl)C(Cl)Cl)Nc1ccc(O)cc1,CC(=O)Nc1ccc(O)cc1,C10H10Cl3NO2,26,C2H3Cl3
CC(=O)Nc1ccc(O)cc1C=CC=S,CC(=O)Nc1ccc(O)cc1,C11H11NO2S,26,C3H4S
CC(=O)Nc1ccc(O[SH]2#CS2)cc1,CC(=O)Nc1ccc(O)cc1,C9H9NO2S2,23,CH2S2
C=CCCC(=O)Nc1ccc(O)cc1,CC(=O)Nc1ccc(O)cc1,C11H13NO2,27,C3H6
CC(=O)Nc1ccc(O)cc1C=CF,CC(=O)Nc1ccc(O)cc1,C10H10FNO2,24,C2H3F
CC(=O)Nc1ccc(OC2(Cl)OC2(Cl)Cl)cc1,CC(=O)Nc1ccc(O)cc1,C10H8Cl3NO3,25,C2HCl3O
CCCC(Cl)CCC(=O)Nc1ccc(O)cc1,CC(=O)Nc1ccc(O)cc1,C13H18ClNO2,35,C5H11Cl
CC(=O)Nc1ccc(O)c(CONBO)c1,CC(=O)Nc1ccc(O)cc1,C9H13BN2O4,29,CH6BNO2
CC(=O)Nc1ccc(ON=CS)cc1,CC(=O)Nc1ccc(O)cc1,C9H10N2O2S,24,CH3NS
CO[SH]1(Oc2ccc(NC(C)=O)cc2)=P(=O)O1,CC(=O)Nc1ccc(O)cc1,C9H12NO5PS,29,CH5O3PS
O=C(CSOO[O-])Nc1ccc(O)cc1,CC(=O)Nc1ccc(O)cc1,C8H8NO5S-,23,HO3S-
CC(=O)Nc1ccc(O)cc1-c1ncc(F)s1,CC(=O)Nc1ccc(O)cc1,C11H9FN2O2S,26,C3H2FNS
CC(=O)N(c1ccc(O)cc1)C(O)CCCl,CC(=O)Nc1ccc(O)cc1,C11H14ClNO3,30,C3H7ClO
N=C(NCC(=O)Nc1ccc(O)cc1)OO,CC(=O)Nc1ccc(O)cc1,C9H11N3O4,27,CH4N2O2
CC(=O)Nc1ccc(O)cc1C1(NO[O-])CC1,CC(=O)Nc1ccc(O)cc1,C11H13N2O4-,30,C3H6NO2-
CCC(S)Sc1cc(O)ccc1NC(C)=O,CC(=O)Nc1ccc(O)cc1,C11H15NO2S2,31,C3H8S2
CC(=O)Nc1ccc(O)cc1C12CN(C=N1)N2,CC(=O)Nc1ccc(O)cc1,C11H12N4O2,29,C3H5N3
CC=COC(Cl)c1cc(O)ccc1NC(C)=O,CC(=O)Nc1ccc(O)cc1,C12H14ClNO3,31,C4H7ClO
CC(=O)Nc1ccc(O[SH4]OC2=C3OC23)cc1,CC(=O)Nc1ccc(O)cc1,C11H13NO4S,30,C3H6O2S
CC(=O)N(C=NON=N)c1ccc(O)cc1,CC(=O)Nc1ccc(O)cc1,C9H10N4O3,26,CH3N3O
O=C(Cc1cscc1Cl)Nc1ccc(O)cc1,CC(=O)Nc1ccc(O)cc1,C12H10ClNO2S,27,C4H3ClS
O=C(CC(CCO)=NF)Nc1ccc(O)cc1,CC(=O)Nc1ccc(O)cc1,C11H13FN2O3,30,C3H6FNO
CC(=O)N(OC(O)SOO)c1ccc(O)cc1,CC(=O)Nc1ccc(O)cc1,C9H11NO6S,28,CH4O4S
CC(=O)Nc1ccc(O)c(OC(O)=CBr)c1,CC(=O)Nc1ccc(O)cc1,C10H10BrNO4,26,C2H3BrO2
CC(=O)Nc1ccc(O)cc1C=O,CC(=O)Nc1ccc(O)cc1,C9H9NO3,22,CH2O
CC(=O)Nc1ccc(O)cc1C(C)Br,CC(=O)Nc1ccc(O)cc1,C10H12BrNO2,26,C2H5Br
CCCCOc1ccc(NC(C)=O)cc1,CC(=O)Nc1ccc(O)cc1,C12H17NO2,32,C4H10
CC(=O)Nc1ccc(O)c(C(CCl)C(Cl)Cl)c1,CC(=O)Nc1ccc(O)cc1,C11H12Cl3NO2,29,C3H5Cl3
CC(=O)Nc1ccc(OC23COC2([O-])O3)cc1,CC(=O)Nc1ccc(O)cc1,C11H10NO5-,27,C3H3O3-
CC(=O)Nc1ccc(O)cc1C1(O)C2OC21C,CC(=O)Nc1ccc(O)cc1,C12H13NO4,30,C4H6O2
CC(=O)Nc1ccc(OC2=N[Se]2)cc1,CC(=O)Nc1ccc(O)cc1,C9H8N2O2Se,22,CHNSe
CC(=O)Nc1ccc(O)cc1C1ON2CC=C12,CC(=O)Nc1ccc(O)cc1,C12H12N2O3,29,C4H5NO
CC(=O)Nc1ccc(O)c(C23OC24C(Cl)C34)c1,CC(=O)Nc1ccc(O)cc1,C12H10ClNO3,27,C4H3ClO
CC(=O)Nc1ccc(O[SH2]23c4cnc2n43)cc1,CC(=O)Nc1ccc(O)cc1,C11H11N3O2S,28,C3H4N2S
C#P(O)OOON(C(C)=O)c1ccc(O)cc1,CC(=O)Nc1ccc(O)cc1,C9H10NO6P,27,CH3O4P
CC(=O)N(c1ccc(O)cc1)C(C)CC[SH2+],CC(=O)Nc1ccc(O)cc1,C12H18NO2S+,34,C4H11S+
CC(=O)N(C=CBr)c1ccc(O)cc1,CC(=O)Nc1ccc(O)cc1,C10H10BrNO2,24,C2H3Br
CC(=O)Nc1ccc(OC2(OF)CC2)cc1,CC(=O)Nc1ccc(O)cc1,C11H12FNO3,28,C3H5FO
CC(=O)Nc1ccc(O[SH]234ON5N2C53O4)cc1,CC(=O)Nc1ccc(O)cc1,C9H9N3O4S,26,CH2N2O2S
CC(=O)Nc1ccc(O)c(Sc2ccsc2)c1,CC(=O)Nc1ccc(O)cc1,C12H11NO2S2,28,C4H4S2
NC1=NON(CC(=O)Nc2ccc(O)cc2)O1,CC(=O)Nc1ccc(O)cc1,C9H10N4O4,27,CH3N3O2
CC(=O)Nc1ccc(O)c(C2(O)C[NH2+]C2O)c1,CC(=O)Nc1ccc(O)cc1,C11H15N2O4+,32,C3H8NO2+
CSc1cc(NC(C)=O)ccc1O,CC(=O)Nc1ccc(O)cc1,C9H11NO2S,24,CH4S
CC(=O)Nc1ccc(O)cc1Nc1cncs1,CC(=O)Nc1ccc(O)cc1,C11H11N3O2S,28,C3H4N2S
CC(=O)Nc1ccc(OC=CCl)cc1,CC(=O)Nc1ccc(O)cc1,C10H10ClNO2,24,C2H3Cl
CC(=O)Nc1ccc(OC2=CC3OC2O3)cc1,CC(=O)Nc1ccc(O)cc1,C12H11NO4,28,C4H4O2
CC(=O)Nc1ccc(OOOC([O-])S)cc1,CC(=O)Nc1ccc(O)cc1,C9H10NO5S-,26,CH3O3S-
CC(=O)Nc1ccc(O)c(C(C)NCl)c1,CC(=O)Nc1ccc(O)cc1,C10H13ClN2O2,28,C2H6ClN
O=C(CC12C=[SH2]1OC2)Nc1ccc(O)cc1,CC(=O)Nc1ccc(O)cc1,C11H13NO3S,29,C3H6OS
O=C(CC(F)CF)Nc1ccc(O)cc1,CC(=O)Nc1ccc(O)cc1,C10H11F2NO2,26,C2H4F2
CCC(CO)POc1ccc(NC(C)=O)cc1,CC(=O)Nc1ccc(O)cc1,C12H18NO3P,35,C4H11OP
CCC(F)c1cc(O)ccc1NC(C)=O,CC(=O)Nc1ccc(O)cc1,C11H14FNO2,29,C3H7F
C=CCC(Cl)CC(=O)Nc1ccc(O)cc1,CC(=O)Nc1ccc(O)cc1,C12H14ClNO2,30,C4H7Cl
CC(=O)Nc1ccc(OOOS)cc1,CC(=O)Nc1ccc(O)cc1,C8H9NO4S,23,H2O2S
CC(=O)Nc1ccc(OC(C)CSCS)cc1,CC(=O)Nc1ccc(O)cc1,C12H17NO2S2,34,C4H10S2
CC(=O)N(c1ccc(O)cc1)C(N)CC(C)Cl,CC(=O)Nc1ccc(O)cc1,C12H17ClN2O2,34,C4H10ClN
CCCN(C(C)=O)c1ccc(O)cc1,CC(=O)Nc1ccc(O)cc1,C11H15NO2,29,C3H8
C=NC(OCBr)c1cc(O)ccc1NC(C)=O,CC(=O)Nc1ccc(O)cc1,C11H13BrN2O3,30,C3H6BrNO
C=C([O-])Oc1cc(O)ccc1NC(C)=O,CC(=O)Nc1ccc(O)cc1,C10H10NO4-,25,C2H3O2-
CC(=O)Nc1ccc(Oc2nc(Cl)c[nH]2)cc1,CC(=O)Nc1ccc(O)cc1,C11H10ClN3O2,27,C3H3ClN2
CC(=O)Nc1ccc(O)cc1O[PH2]=O,CC(=O)Nc1ccc(O)cc1,C8H10NO4P,24,H3O2P
CC(=O)Nc1ccc(O)cc1C1(C=O)CSC1,CC(=O)Nc1ccc(O)cc1,C12H13NO3S,30,C4H6OS
CC(=O)Nc1ccc(O)cc1C(F)=CF,CC(=O)Nc1ccc(O)cc1,C10H9F2NO2,24,C2H2F2
CC(=O)Nc1ccc(ON=C=C(O)O)cc1,CC(=O)Nc1ccc(O)cc1,C10H10N2O4,26,C2H3NO2
CCCOCc1cc(O)ccc1NC(C)=O,CC(=O)Nc1ccc(O)cc1,C12H17NO3,33,C4H10O
O=C(CCSC1CS1)Nc1ccc(O)cc1,CC(=O)Nc1ccc(O)cc1,C11H13NO2S2,29,C3H6S2
CC(=O)Nc1ccc(O)c(NN=C(C)S)c1,CC(=O)Nc1ccc(O)cc1,C10H13N3O2S,29,C2H6N2S
CCCC[SiH](C)c1cc(O)ccc1NC(C)=O,CC(=O)Nc1ccc(O)cc1,C13H21NO2Si,38,C5H14Si
CC(=O)Nc1ccc(OCC(O)CCO)cc1,CC(=O)Nc1ccc(O)cc1,C12H17NO4,34,C4H10O2
CC(=O)Nc1ccc(O)cc1CCSC=S,CC(=O)Nc1ccc(O)cc1,C11H13NO2S2,29,C3H6S2
CC(=O)Nc1ccc(O)cc1C=C(C)Br,CC(=O)Nc1ccc(O)cc1,C11H12BrNO2,27,C3H5Br
CC(=O)Nc1ccc(OC2=CC(Br)CO2)cc1,CC(=O)Nc1ccc(O)cc1,C12H12BrNO3,29,C4H5BrO
CC(=O)Nc1ccc(ON=O)cc1,CC(=O)Nc1ccc(O)cc1,C8H8N2O3,21,HNO
CC(=O)Nc1ccc(OC2CN2OCl)cc1,CC(=O)Nc1ccc(O)cc1,C10H11ClN2O3,27,C2H4ClNO
CC(=O)Nc1ccc(O)cc1OC(=O)O,CC(=O)Nc1ccc(O)cc1,C9H9NO5,24,CH2O3
CC(=O)Nc1ccc(O)c(C(C)(S)CO)c1,CC(=O)Nc1ccc(O)cc1,C11H15NO3S,31,C3H8OS
CC(=O)Nc1ccc(OCSC2OO2)cc1,CC(=O)Nc1ccc(O)cc1,C10H11NO4S,27,C2H4O2S
CC(=O)Nc1ccc(O)cc1C(F)OCF,CC(=O)Nc1ccc(O)cc1,C10H11F2NO3,27,C2H4F2O
CC(=O)Nc1ccc(O)c(OC(C)NN=N)c1,CC(=O)Nc1ccc(O)cc1,C10H14N4O3,31,C2H7N3O
CC(=O)Nc1ccc(O)c(C(F)CC(F)F)c1,CC(=O)Nc1ccc(O)cc1,C11H12F3NO2,29,C3H5F3
CC(=O)N(N=CSN=N)c1ccc(O)cc1,CC(=O)Nc1ccc(O)cc1,C9H10N4O2S,26,CH3N3S
O=C(CSOO[O-])Nc1ccc(O)cc1,CC(=O)Nc1ccc(O)cc1,C8H8NO5S-,23,HO3S-
CC(=O)Nc1ccc(O)c(C(C)(C)Cl)c1,CC(=O)Nc1ccc(O)cc1,C11H14ClNO2,29,C3H7Cl
CC(=O)Nc1ccc(O)c(C(O)(F)F)c1,CC(=O)Nc1ccc(O)cc1,C9H9F2NO3,24,CH2F2O
O=C(CN(Cl)Cl)Nc1ccc(O)cc1,CC(=O)Nc1ccc(O)cc1,C8H8Cl2N2O2,22,HCl2N
C[Se]c1cc(NC(C)=O)ccc1O,CC(=O)Nc1ccc(O)cc1,C9H11NO2Se,24,CH4Se
CC(=O)N(c1ccc(O)cc1)N1N=N1,CC(=O)Nc1ccc(O)cc1,C8H8N4O2,22,HN3
CC(=O)Nc1ccc(O)cc1C1C=C1,CC(=O)Nc1ccc(O)cc1,C11H11NO2,25,C3H4
CC(=O)Nc1ccc(OC2ON2NCS)cc1,CC(=O)Nc1ccc(O)cc1,C10H13N3O3S,30,C2H6N2OS
CC(=O)Nc1ccc(O)c(CCOF)c1,CC(=O)Nc1ccc(O)cc1,C10H12FNO3,27,C2H5FO
CC(=O)Nc1ccc(O)cc1ON=N,CC(=O)Nc1ccc(O)cc1,C8H9N3O3,23,H2N2O
CC(=O)N(C=C1SN=C1Cl)c1ccc(O)cc1,CC(=O)Nc1ccc(O)cc1,C11H9ClN2O2S,26,C3H2ClNS
N#C[Se]CC(=O)Nc1ccc(O)cc1,CC(=O)Nc1ccc(O)cc1,C9H8N2O2Se,22,CHNSe
CC(=O)Nc1ccc(O)cc1C1(Cl)OC1Cl,CC(=O)Nc1ccc(O)cc1,C10H9Cl2NO3,25,C2H2Cl2O
CCCc1cc(NC(C)=O)ccc1O,CC(=O)Nc1ccc(O)cc1,C11H15NO2,29,C3H8
O=C(CCBr)Nc1ccc(O)cc1,CC(=O)Nc1ccc(O)cc1,C9H10BrNO2,23,CH3Br
CC(=O)Nc1ccc(O)c(C[NH3+])c1,CC(=O)Nc1ccc(O)cc1,C9H13N2O2+,26,CH6N+
CC(=O)Nc1ccc(O)cc1CC(C)Cl,CC(=O)Nc1ccc(O)cc1,C11H14ClNO2,29,C3H7Cl
CNCC(=O)Nc1ccc(O)cc1,CC(=O)Nc1ccc(O)cc1,C9H12N2O2,25,CH5N
CC(=O)Nc1ccc(O)cc1C1OC1Br,CC(=O)Nc1ccc(O)cc1,C10H10BrNO3,25,C2H3BrO
C=NCC(=O)Nc1ccc(O)cc1,CC(=O)Nc1ccc(O)cc1,C9H10N2O2,23,CH3N
CC(=O)Nc1ccc(O)c(NC2OCN2Cl)c1,CC(=O)Nc1ccc(O)cc1,C10H12ClN3O3,29,C2H5ClN2O
C#Cc1cc(NC(C)=O)ccc1O,CC(=O)Nc1ccc(O)cc1,C10H9NO2,22,C2H2
O=C(CCC[SH2+])Nc1ccc(O)cc1,CC(=O)Nc1ccc(O)cc1,C10H14NO2S+,28,C2H7S+
CC(=O)N(C=COSCO)c1ccc(O)cc1,CC(=O)Nc1ccc(O)cc1,C11H13NO4S,30,C3H6O2S
CC(=O)Nc1ccc(O)cc1C1=N[Se]1,CC(=O)Nc1ccc(O)cc1,C9H8N2O2Se,22,CHNSe
CC(=O)N(C1=C=CO1)c1ccc(O)cc1,CC(=O)Nc1ccc(O)cc1,C11H9NO3,24,C3H2O
CC(=O)Nc1ccc(O)c(C23CCCC2C3)c1,CC(=O)Nc1ccc(O)cc1,C14H17NO2,34,C6H10
CCNCSc1cc(O)ccc1NC(C)=O,CC(=O)Nc1ccc(O)cc1,C11H16N2O2S,32,C3H9NS
O=C(CC(Cl)Cl)Nc1ccc(O)cc1,CC(=O)Nc1ccc(O)cc1,C9H9Cl2NO2,23,CH2Cl2
CSSCOCCC(=O)Nc1ccc(O)cc1,CC(=O)Nc1ccc(O)cc1,C11H15NO3S2,32,C3H8OS2
CC(=O)Nc1ccc(O)cc1C1C2NC1S2,CC(=O)Nc1ccc(O)cc1,C11H12N2O2S,28,C3H5NS
CC(=O)Nc1ccc(O)c(N(C)CON=O)c1,CC(=O)Nc1ccc(O)cc1,C10H13N3O4,30,C2H6N2O2
CC(=O)Nc1ccc(OOS[PH2](O)C=O)cc1,CC(=O)Nc1ccc(O)cc1,C9H12NO5PS,29,CH5O3PS
CC(=O)Nc1ccc(O)c(OO)c1,CC(=O)Nc1ccc(O)cc1,C8H9NO4,22,H2O2
CC(=O)N(C(=C=O)NO)c1ccc(O)cc1,CC(=O)Nc1ccc(O)cc1,C10H10N2O4,26,C2H3NO2
CC(=O)Nc1ccc(O)cc1C1=C2C#S21CBr,CC(=O)Nc1ccc(O)cc1,C12H10BrNO2S,27,C4H3BrS
CC(=O)Nc1ccc(OC=C2SC2=CCl)cc1,CC(=O)Nc1ccc(O)cc1,C12H10ClNO2S,27,C4H3ClS
CC(=O)Nc1ccc(OC(Br)(Br)CBr)cc1,CC(=O)Nc1ccc(O)cc1,C10H10Br3NO2,26,C2H3Br3
C=NC=C=Cc1cc(O)ccc1NC(C)=O,CC(=O)Nc1ccc(O)cc1,C12H12N2O2,28,C4H5N
CC(=O)Nc1ccc(O)c(C2OC3CN32)c1,CC(=O)Nc1ccc(O)cc1,C11H12N2O3,28,C3H5NO
O=C(CCCCF)Nc1ccc(O)cc1,CC(=O)Nc1ccc(O)cc1,C11H14FNO2,29,C3H7F
CC(=O)Nc1ccc(O)cc1CC1SC1C,CC(=O)Nc1ccc(O)cc1,C12H15NO2S,31,C4H8S
CC(=O)N(c1ccc(O)cc1)C1CC=CO[SH4]1,CC(=O)Nc1ccc(O)cc1,C12H17NO3S,34,C4H10OS
CCC(Br)(OC)c1cc(O)ccc1NC(C)=O,CC(=O)Nc1ccc(O)cc1,C12H16BrNO3,33,C4H9BrO
CC(=O)N(c1ccc(O)cc1)C1(OF)CCO1,CC(=O)Nc1ccc(O)cc1,C11H12FNO4,29,C3H5FO2
CCC(O)(CF)c1cc(NC(C)=O)ccc1O,CC(=O)Nc1ccc(O)cc1,C12H16FNO3,33,C4H9FO
CC(=O)Nc1ccc(O)cc1N(C)CCl,CC(=O)Nc1ccc(O)cc1,C10H13ClN2O2,28,C2H6ClN
C=NC1(c2cc(NC(C)=O)ccc2O)C=CS1,CC(=O)Nc1ccc(O)cc1,C12H12N2O2S,29,C4H5NS
C=C=NN(N)c1cc(O)ccc1NC(C)=O,CC(=O)Nc1ccc(O)cc1,C10H12N4O2,28,C2H5N3
CC(=O)Nc1ccc(OP2([O-])([O-])OO2)cc1,CC(=O)Nc1ccc(O)cc1,C8H8NO6P-2,24,HO4P-2
CC(=O)Nc1ccc(O)cc1C(C=O)CO,CC(=O)Nc1ccc(O)cc1,C11H13NO4,29,C3H6O2
CC(=O)Nc1ccc(O)c(C#CI)c1,CC(=O)Nc1ccc(O)cc1,C10H8INO2,22,C2HI
CCCCCN(C(C)=O)c1ccc(O)cc1,CC(=O)Nc1ccc(O)cc1,C13H19NO2,35,C5H12
CC[SiH](CO)c1cc(O)ccc1NC(C)=O,CC(=O)Nc1ccc(O)cc1,C11H17NO3Si,33,C3H10OSi
C=C(C=COBr)Oc1ccc(NC(C)=O)cc1,CC(=O)Nc1ccc(O)cc1,C12H12BrNO3,29,C4H5BrO
O=C(Cn1ncoc1=O)Nc1ccc(O)cc1,CC(=O)Nc1ccc(O)cc1,C10H9N3O4,26,C2H2N2O2
CC(=O)Nc1ccc(OCC[NH3+])cc1,CC(=O)Nc1ccc(O)cc1,C10H15N2O2+,29,C2H8N+
CC(=O)Nc1ccc(O)c(C[NH3+])c1,CC(=O)Nc1ccc(O)cc1,C9H13N2O2+,26,CH6N+
CC(=O)Nc1ccc(O)cc1CC1CCC1,CC(=O)Nc1ccc(O)cc1,C13H17NO2,33,C5H10
CNC(=O)c1cc(O)ccc1NC(C)=O,CC(=O)Nc1ccc(O)cc1,C10H12N2O3,27,C2H5NO
CC(=O)Nc1ccc(O)c(OC(=O)Cl)c1,CC(=O)Nc1ccc(O)cc1,C9H8ClNO4,23,CHClO2
CC(=O)Nc1ccc(O)cc1CCC[O-],CC(=O)Nc1ccc(O)cc1,C11H14NO3-,29,C3H7O-
CC(=O)Nc1ccc(ON2CN2CNO)cc1,CC(=O)Nc1ccc(O)cc1,C10H14N4O3,31,C2H7N3O
O=C(COOSO[Na])Nc1ccc(O)cc1,CC(=O)Nc1ccc(O)cc1,C8H8NNaO5S,24,HNaO3S
CC(=O)Nc1ccc(O)c(C2=C3CC=C2C3)c1,CC(=O)Nc1ccc(O)cc1,C14H13NO2,30,C6H6
C=CC(O)(CCl)Oc1ccc(NC(C)=O)cc1,CC(=O)Nc1ccc(O)cc1,C12H14ClNO3,31,C4H7ClO
CC(=O)Nc1ccc(O)c(OC(F)(F)F)c1,CC(=O)Nc1ccc(O)cc1,C9H8F3NO3,24,CHF3O
CC(=O)N(C1=C[SH]123C[SH3]2C3)c1ccc(O)cc1,CC(=O)Nc1ccc(O)cc1,C12H17NO2S2,34,C4H10S2
CC(=O)Nc1ccc(O)c(-c2scnc2S)c1,CC(=O)Nc1ccc(O)cc1,C11H10N2O2S2,27,C3H3NS2
CC(=O)Nc1ccc(OC23C=C(N2)C3Cl)cc1,CC(=O)Nc1ccc(O)cc1,C12H11ClN2O2,28,C4H4ClN
CC(=O)N(c1ccc(O)cc1)N(C)C(N)C=S,CC(=O)Nc1ccc(O)cc1,C11H15N3O2S,32,C3H8N2S
CC(=O)Nc1ccc(O)cc1C12OC1OC2Cl,CC(=O)Nc1ccc(O)cc1,C11H10ClNO4,27,C3H3ClO2
CC(=O)Nc1ccc(O)cc1C1=CC=C1,CC(=O)Nc1ccc(O)cc1,C12H11NO2,26,C4H4
C=[NH+]N1CC=C1Oc1ccc(NC(C)=O)cc1,CC(=O)Nc1ccc(O)cc1,C12H14N3O2+,31,C4H7N2+
CC(=O)N(c1ccc(O)cc1)[PH](=O)OCSO,CC(=O)Nc1ccc(O)cc1,C9H12NO5PS,29,CH5O3PS
CC(=O)Nc1ccc(O)cc1OC=CC(Cl)Cl,CC(=O)Nc1ccc(O)cc1,C11H11Cl2NO3,28,C3H4Cl2O
CC(=O)Nc1ccc(O)c(CC2C[SiH]3CC23)c1,CC(=O)Nc1ccc(O)cc1,C13H17NO2Si,34,C5H10Si
CC(=O)Nc1ccc(O)cc1C(O)OOOS,CC(=O)Nc1ccc(O)cc1,C9H11NO6S,28,CH4O4S
CC(=O)Nc1ccc(O[SH]23(N)ON4C2=C43)cc1,CC(=O)Nc1ccc(O)cc1,C10H11N3O3S,28,C2H4N2OS
COC(P)Oc1cc(NC(C)=O)ccc1O,CC(=O)Nc1ccc(O)cc1,C10H14NO4P,30,C2H7O2P
CC(=O)N(c1ccc(O)cc1)C1([SH3]=O)CCC1,CC(=O)Nc1ccc(O)cc1,C12H17NO3S,34,C4H10OS
O=C(CCC1=COC1)Nc1ccc(O)cc1,CC(=O)Nc1ccc(O)cc1,C12H13NO3,29,C4H6O
N=CNC(S)NCC(=O)Nc1ccc(O)cc1,CC(=O)Nc1ccc(O)cc1,C10H14N4O2S,31,C2H7N3S
CC(=O)Nc1ccc(O)cc1P(Cl)Cl,CC(=O)Nc1ccc(O)cc1,C8H8Cl2NO2P,22,HCl2P
CC(=O)N(c1ccc(O)cc1)C(O)O,CC(=O)Nc1ccc(O)cc1,C9H11NO4,25,CH4O2
O=C(CC1C=[SH3]1)Nc1ccc(O)cc1,CC(=O)Nc1ccc(O)cc1,C10H13NO2S,27,C2H6S
C=CSCOc1ccc(NC(C)=O)cc1,CC(=O)Nc1ccc(O)cc1,C11H13NO2S,28,C3H6S
CC(=O)Nc1ccc(O)c(C(C)CBr)c1,CC(=O)Nc1ccc(O)cc1,C11H14BrNO2,29,C3H7Br
CC(=O)Nc1ccc(OC=CBr)cc1,CC(=O)Nc1ccc(O)cc1,C10H10BrNO2,24,C2H3Br
CC(=O)Nc1ccc2c(c1)C=C(S)[SH4]O2,CC(=O)Nc1ccc(O)cc1,C10H13NO2S2,28,C2H6S2
CC(=O)Nc1ccc(O)cc1OC1CN(F)C1,CC(=O)Nc1ccc(O)cc1,C11H13FN2O3,30,C3H6FNO
CC(CBr)CC(=O)Nc1ccc(O)cc1,CC(=O)Nc1ccc(O)cc1,C11H14BrNO2,29,C3H7Br
CC(=O)Nc1ccc(O)cc1B(O)CON,CC(=O)Nc1ccc(O)cc1,C9H13BN2O4,29,CH6BNO2
CC(=O)N(c1ccc(O)cc1)C(C)(C)[O-],CC(=O)Nc1ccc(O)cc1,C11H14NO3-,29,C3H7O-
O=C(COC12NC1O2)Nc1ccc(O)cc1,CC(=O)Nc1ccc(O)cc1,C10H10N2O4,26,C2H3NO2
CC(=O)Nc1ccc(O)c(N(N)C(O)=CCl)c1,CC(=O)Nc1ccc(O)cc1,C10H12ClN3O3,29,C2H5ClN2O
CC(=O)N(OS(=O)(=O)[O-])c1ccc(O)cc1,CC(=O)Nc1ccc(O)cc1,C8H8NO6S-,24,HO4S-
CC(=O)Nc1ccc(O[NH2+]C(C)O)cc1,CC(=O)Nc1ccc(O)cc1,C10H15N2O3+,30,C2H8NO+
CC(=O)Nc1ccc(O)c(N(C)N2C3NC32)c1,CC(=O)Nc1ccc(O)cc1,C11H14N4O2,31,C3H7N3
CC(=O)Nc1ccc(O[SH4][SH2]2=C3C=C2C3)cc1,CC(=O)Nc1ccc(O)cc1,C12H17NO2S2,34,C4H10S2
CC(=O)Nc1ccc(O)c(C2=N[Se]2)c1,CC(=O)Nc1ccc(O)cc1,C9H8N2O2Se,22,CHNSe
O=C(CC1C=NC1=S)Nc1ccc(O)cc1,CC(=O)Nc1ccc(O)cc1,C11H10N2O2S,26,C3H3NS
CC(=O)Nc1ccc(O[SH]234C=C2SC3=C4)cc1,CC(=O)Nc1ccc(O)cc1,C12H11NO2S2,28,C4H4S2
CC(=O)N(c1ccc(O)cc1)[PH2]1OOO1,CC(=O)Nc1ccc(O)cc1,C8H10NO5P,25,H3O3P
CC(=O)N(c1ccc(O)cc1)C12c3cn1n32,CC(=O)Nc1ccc(O)cc1,C11H9N3O2,25,C3H2N2
CC(=O)N(c1ccc(O)cc1)C1OCC1C,CC(=O)Nc1ccc(O)cc1,C12H15NO3,31,C4H8O
CC(=O)N(CNC(=N)S)c1ccc(O)cc1,CC(=O)Nc1ccc(O)cc1,C10H13N3O2S,29,C2H6N2S
CC(=O)Nc1ccc(O)c(-c2cc(Cl)cs2)c1,CC(=O)Nc1ccc(O)cc1,C12H10ClNO2S,27,C4H3ClS
CC(=O)Nc1ccc(O)c(OSOO[Na])c1,CC(=O)Nc1ccc(O)cc1,C8H8NNaO5S,24,HNaO3S
CN=CSc1cc(O)ccc1NC(C)=O,CC(=O)Nc1ccc(O)cc1,C10H12N2O2S,27,C2H5NS
CC(=O)Nc1ccc(OC(Cl)CCl)cc1,CC(=O)Nc1ccc(O)cc1,C10H11Cl2NO2,26,C2H4Cl2
CC(C)[SH+]CC(=O)Nc1ccc(O)cc1,CC(=O)Nc1ccc(O)cc1,C11H16NO2S+,31,C3H9S+
C[Se]c1cc(NC(C)=O)ccc1O,CC(=O)Nc1ccc(O)cc1,C9H11NO2Se,24,CH4Se
C=C(CI)CC(=O)Nc1ccc(O)cc1,CC(=O)Nc1ccc(O)cc1,C11H12INO2,27,C3H5I
CC(=O)N(c1ccc(O)cc1)C1CS1,CC(=O)Nc1ccc(O)cc1,C10H11NO2S,25,C2H4S
CC(=O)Nc1ccc(O)cc1N1C=C=CC1Br,CC(=O)Nc1ccc(O)cc1,C12H11BrN2O2,28,C4H4BrN
CC(=O)Nc1ccc(O)cc1OCO,CC(=O)Nc1ccc(O)cc1,C9H11NO4,25,CH4O2
CC(=O)Nc1ccc(O)c(CSCC(C)O)c1,CC(=O)Nc1ccc(O)cc1,C12H17NO3S,34,C4H10OS
O=C(CC1(Cl)CCC1Cl)Nc1ccc(O)cc1,CC(=O)Nc1ccc(O)cc1,C12H13Cl2NO2,30,C4H6Cl2
CC(=O)Nc1ccc(O)c(C2OOO2)c1,CC(=O)Nc1ccc(O)cc1,C9H9NO5,24,CH2O3
O=C(CCC(Br)CBr)Nc1ccc(O)cc1,CC(=O)Nc1ccc(O)cc1,C11H13Br2NO2,29,C3H6Br2
CCC(F)(CF)N(C(C)=O)c1ccc(O)cc1,CC(=O)Nc1ccc(O)cc1,C12H15F2NO2,32,C4H8F2
CC(=O)Nc1ccc(O)cc1C[NH+](C)C,CC(=O)Nc1ccc(O)cc1,C11H17N2O2+,32,C3H10N+
CC(=O)Nc1ccc(OC=CCl)cc1,CC(=O)Nc1ccc(O)cc1,C10H10ClNO2,24,C2H3Cl
CB(O)CC(O)Oc1ccc(NC(C)=O)cc1,CC(=O)Nc1ccc(O)cc1,C11H16BNO4,33,C3H9BO2
CC[SiH2]CCCc1cc(O)ccc1NC(C)=O,CC(=O)Nc1ccc(O)cc1,C13H21NO2Si,38,C5H14Si
CC(=O)Nc1ccc(OCC(=N)OC=N)cc1,CC(=O)Nc1ccc(O)cc1,C11H13N3O3,30,C3H6N2O
CC(=O)Nc1ccc(O)cc1C1CC1CCl,CC(=O)Nc1ccc(O)cc1,C12H14ClNO2,30,C4H7Cl
CC(=O)Nc1ccc(O)cc1COC=CI,CC(=O)Nc1ccc(O)cc1,C11H12INO3,28,C3H5IO
CC(=O)Nc1ccc(O)c([S+](C)C)c1,CC(=O)Nc1ccc(O)cc1,C10H14NO2S+,28,C2H7S+
C=COc1ccc(NC(C)=O)cc1,CC(=O)Nc1ccc(O)cc1,C10H11NO2,24,C2H4
CN=CNCOc1cc(NC(C)=O)ccc1O,CC(=O)Nc1ccc(O)cc1,C11H15N3O3,32,C3H8N2O
CC(=O)N(C(=O)Cl)c1ccc(O)cc1,CC(=O)Nc1ccc(O)cc1,C9H8ClNO3,22,CHClO
O=C(CN=c1[nH][nH]s1)Nc1ccc(O)cc1,CC(=O)Nc1ccc(O)cc1,C9H10N4O2S,26,CH3N3S
CC(=O)Nc1ccc(O)c(C=Nn2nc[nH]2)c1,CC(=O)Nc1ccc(O)cc1,C10H11N5O2,28,C2H4N4
[NH3+]CCC(=O)Nc1ccc(O)cc1,CC(=O)Nc1ccc(O)cc1,C9H13N2O2+,26,CH6N+
[NH3+]CCC(=O)Nc1ccc(O)cc1,CC(=O)Nc1ccc(O)cc1,C9H13N2O2+,26,CH6N+
CC(=O)Nc1ccc(O)cc1C1C2=CN3C2N13,CC(=O)Nc1ccc(O)cc1,C12H11N3O2,28,C4H4N2
CC(=O)Nc1ccc(O)cc1NC1C=N1,CC(=O)Nc1ccc(O)cc1,C10H11N3O2,26,C2H4N2
CC(=O)Nc1ccc(O)cc1NC#N,CC(=O)Nc1ccc(O)cc1,C9H9N3O2,23,CH2N2
CC(=O)Nc1ccc(OC23C=CC2(Br)N3)cc1,CC(=O)Nc1ccc(O)cc1,C12H11BrN2O2,28,C4H4BrN
CC(=O)Nc1ccc(OC(C)[SH2+])cc1,CC(=O)Nc1ccc(O)cc1,C10H14NO2S+,28,C2H7S+
O=C(CCCCCCBr)Nc1ccc(O)cc1,CC(=O)Nc1ccc(O)cc1,C13H18BrNO2,35,C5H11Br
CC(=O)Nc1ccc(OP(=O)(O)O)cc1,CC(=O)Nc1ccc(O)cc1,C8H10NO5P,25,H3O3P
C[NH2+]C(O)N(C(C)=O)c1ccc(O)cc1,CC(=O)Nc1ccc(O)cc1,C10H15N2O3+,30,C2H8NO+
CC(=O)N(c1ccc(O)cc1)C12OC1O2,CC(=O)Nc1ccc(O)cc1,C10H9NO4,24,C2H2O2
CC(=O)N(c1ccc(O)cc1)C(Cl)C1CC1,CC(=O)Nc1ccc(O)cc1,C12H14ClNO2,30,C4H7Cl
CC(=O)Nc1ccc(OC(F)SF)cc1,CC(=O)Nc1ccc(O)cc1,C9H9F2NO2S,24,CH2F2S
CC[SH+]c1cc(NC(C)=O)ccc1O,CC(=O)Nc1ccc(O)cc1,C10H14NO2S+,28,C2H7S+
CC1=NC(C)(CC(=O)Nc2ccc(O)cc2)O1,CC(=O)Nc1ccc(O)cc1,C12H14N2O3,31,C4H7NO
CC(=O)Nc1ccc(OC(CO)C2NN2)cc1,CC(=O)Nc1ccc(O)cc1,C11H15N3O3,32,C3H8N2O
CC(=O)Nc1ccc(O)cc1S[SH]1=CN=1,CC(=O)Nc1ccc(O)cc1,C9H10N2O2S2,25,CH3NS2
CC(=O)Nc1ccc(O)c(C23C4CC5C2C543)c1,CC(=O)Nc1ccc(O)cc1,C14H13NO2,30,C6H6
O=C(CCF)Nc1ccc(O)cc1,CC(=O)Nc1ccc(O)cc1,C9H10FNO2,23,CH3F
CC(=O)Nc1ccc(O)cc1C(Cl)C(N)CCl,CC(=O)Nc1ccc(O)cc1,C11H14Cl2N2O2,31,C3H7Cl2N
C=CC(Cl)(Cl)Oc1cc(NC(C)=O)ccc1O,CC(=O)Nc1ccc(O)cc1,C11H11Cl2NO3,28,C3H4Cl2O
CC(=O)Nc1ccc(OC2(F)OC2(F)F)cc1,CC(=O)Nc1ccc(O)cc1,C10H8F3NO3,25,C2HF3O
C=C(S)N(C(C)=O)c1ccc(O)cc1,CC(=O)Nc1ccc(O)cc1,C10H11NO2S,25,C2H4S
CC(=O)N(CSC1SCS1)c1ccc(O)cc1,CC(=O)Nc1ccc(O)cc1,C11H13NO2S3,30,C3H6S3
O=C(CC1=COOO1)Nc1ccc(O)cc1,CC(=O)Nc1ccc(O)cc1,C10H9NO5,25,C2H2O3
CC(=O)Nc1ccc(O)c(S2(=N)=CS2)c1,CC(=O)Nc1ccc(O)cc1,C9H10N2O2S2,25,CH3NS2
CC1C2SC=[SH]12CC(=O)Nc1ccc(O)cc1,CC(=O)Nc1ccc(O)cc1,C12H15NO2S2,32,C4H8S2
CC(=O)N(c1ccc(O)cc1)C(F)(F)OF,CC(=O)Nc1ccc(O)cc1,C9H8F3NO3,24,CHF3O
C=C(C)c1cc(NC(C)=O)ccc1O,CC(=O)Nc1ccc(O)cc1,C11H13NO2,27,C3H6
CC(=O)Nc1ccc(O)cc1N1NC(N)S1,CC(=O)Nc1ccc(O)cc1,C9H12N4O2S,28,CH5N3S
O=C(Cn1ccnc1)Nc1ccc(O)cc1Cl,CC(=O)Nc1ccc(O)cc1,C11H10ClN3O2,27,C3H3ClN2
CC(=O)Nc1ccc(O)cc1C1NC(S)N1,CC(=O)Nc1ccc(O)cc1,C10H13N3O2S,29,C2H6N2S
C=CCCc1cc(NC(C)=O)ccc1O,CC(=O)Nc1ccc(O)cc1,C12H15NO2,30,C4H8
CCCOc1cc(NC(C)=O)ccc1O,CC(=O)Nc1ccc(O)cc1,C11H15NO3,30,C3H8O
CC(=O)Nc1ccc(OP(=O)([O-])O[O-])cc1,CC(=O)Nc1ccc(O)cc1,C8H8NO6P-2,24,HO4P-2
CC(=O)N(c1ccc(O)cc1)C1OC(C=O)O1,CC(=O)Nc1ccc(O)cc1,C11H11NO5,28,C3H4O3
CC(=O)Nc1ccc(O)c(C(C[SiH3])CCl)c1,CC(=O)Nc1ccc(O)cc1,C11H16ClNO2Si,32,C3H9ClSi
C=C(I)CCC(=O)Nc1ccc(O)cc1,CC(=O)Nc1ccc(O)cc1,C11H12INO2,27,C3H5I
CCC(Cl)Oc1cc(O)ccc1NC(C)=O,CC(=O)Nc1ccc(O)cc1,C11H14ClNO3,30,C3H7ClO
CC(=O)Nc1ccc(OC(C)C)cc1,CC(=O)Nc1ccc(O)cc1,C11H15NO2,29,C3H8
CC(=O)Nc1ccc(O)cc1O[PH2]1OC(=O)O1,CC(=O)Nc1ccc(O)cc1,C9H10NO6P,27,CH3O4P
O=C(CNc1nnns1)Nc1ccc(O)cc1,CC(=O)Nc1ccc(O)cc1,C9H9N5O2S,26,CH2N4S
CC(=O)Nc1ccc(O)c(C(S)=C=N)c1,CC(=O)Nc1ccc(O)cc1,C10H10N2O2S,25,C2H3NS
CC(=O)Nc1ccc(O)cc1C1C2=S3C(Cl)C213,CC(=O)Nc1ccc(O)cc1,C12H10ClNO2S,27,C4H3ClS
CN=CN=C[SH4]Oc1ccc(NC(C)=O)cc1,CC(=O)Nc1ccc(O)cc1,C11H17N3O2S,34,C3H10N2S
CNC(S)Oc1ccc(NC(C)=O)cc1,CC(=O)Nc1ccc(O)cc1,C10H14N2O2S,29,C2H7NS
CC(=O)Nc1ccc(O)c(CCBr)c1,CC(=O)Nc1ccc(O)cc1,C10H12BrNO2,26,C2H5Br
CC(=O)Nc1ccc(O)cc1[SH]1(C)=CS1,CC(=O)Nc1ccc(O)cc1,C10H13NO2S2,28,C2H6S2
CC(=O)N(C=CO[PH3]O)c1ccc(O)cc1,CC(=O)Nc1ccc(O)cc1,C10H14NO4P,30,C2H7O2P
CCC(Cl)[SiH2]c1cc(O)ccc1NC(C)=O,CC(=O)Nc1ccc(O)cc1,C11H16ClNO2Si,32,C3H9ClSi
CC(=O)Nc1ccc(O)c(C(C)C=CN)c1,CC(=O)Nc1ccc(O)cc1,C12H16N2O2,32,C4H9N
CC(=O)Nc1ccc(OC#N)cc1,CC(=O)Nc1ccc(O)cc1,C9H8N2O2,21,CHN
CC(=O)Nc1ccc(O[As](=O)(O)O)cc1,CC(=O)Nc1ccc(O)cc1,C8H10AsNO5,25,H3AsO3
CC(=O)Nc1ccc(O)c(C2(N=O)NSO2)c1,CC(=O)Nc1ccc(O)cc1,C9H9N3O4S,26,CH2N2O2S
CC(=O)Nc1ccc(O)c(C2([O-])OCO2)c1,CC(=O)Nc1ccc(O)cc1,C10H10NO5-,26,C2H3O3-
O=C(CC(O)C(O)CS)Nc1ccc(O)cc1,CC(=O)Nc1ccc(O)cc1,C11H15NO4S,32,C3H8O2S
CC(=O)Nc1ccc(O)cc1C(CF)C(F)F,CC(=O)Nc1ccc(O)cc1,C11H12F3NO2,29,C3H5F3
CC(=O)Nc1ccc(O)c(C23CN2C(=O)O3)c1,CC(=O)Nc1ccc(O)cc1,C11H10N2O4,27,C3H3NO2
C=NC(S)Oc1ccc(NC(C)=O)cc1,CC(=O)Nc1ccc(O)cc1,C10H12N2O2S,27,C2H5NS
CC(=O)Nc1ccc(O)cc1OC(F)(F)Cl,CC(=O)Nc1ccc(O)cc1,C9H8ClF2NO3,24,CHClF2O
C=C1C=CN=C1N(C(C)=O)c1ccc(O)cc1,CC(=O)Nc1ccc(O)cc1,C13H12N2O2,29,C5H5N
CC(=O)Nc1ccc(O)c(SC2=[SH2]=NC2)c1,CC(=O)Nc1ccc(O)cc1,C10H12N2O2S2,28,C2H5NS2
CC(=O)Nc1ccc(O)cc1C(C)CO,CC(=O)Nc1ccc(O)cc1,C11H15NO3,30,C3H8O
CC(=O)N(OCC1CCC1)c1ccc(O)cc1,CC(=O)Nc1ccc(O)cc1,C13H17NO3,34,C5H10O
CC(=O)Nc1ccc(O)c(C(F)F)c1,CC(=O)Nc1ccc(O)cc1,C9H9F2NO2,23,CH2F2
C=C1On2n1n2-c1cc(NC(C)=O)ccc1O,CC(=O)Nc1ccc(O)cc1,C10H10N4O3,27,C2H3N3O
C=CCNc1cc(O)ccc1NC(C)=O,CC(=O)Nc1ccc(O)cc1,C11H14N2O2,29,C3H7N
CC(=O)Nc1ccc(OP2([O-])([O-])OO2)cc1,CC(=O)Nc1ccc(O)cc1,C8H8NO6P-2,24,HO4P-2
CCCOc1cc(NC(C)=O)ccc1O,CC(=O)Nc1ccc(O)cc1,C11H15NO3,30,C3H8O
CC(=O)Nc1ccc(O)cc1CCOCBr,CC(=O)Nc1ccc(O)cc1,C11H14BrNO3,30,C3H7BrO
CC(=O)Nc1ccc(O)c(C2(I)CC2)c1,CC(=O)Nc1ccc(O)cc1,C11H12INO2,27,C3H5I
CCOc1ccc(NC(C)=O)cc1,CC(=O)Nc1ccc(O)cc1,C10H13NO2,26,C2H6
CC(=O)Nc1ccc(O)cc1OC(=O)Cl,CC(=O)Nc1ccc(O)cc1,C9H8ClNO4,23,CHClO2
CC(=O)Nc1ccc(OC(F)(F)SF)cc1,CC(=O)Nc1ccc(O)cc1,C9H8F3NO2S,24,CHF3S
O=C(CC12C3=C4C1[SH2]432)Nc1ccc(O)cc1,CC(=O)Nc1ccc(O)cc1,C12H11NO2S,27,C4H4S
CC[SH+]CC(=O)Nc1ccc(O)cc1,CC(=O)Nc1ccc(O)cc1,C10H14NO2S+,28,C2H7S+
CC(=O)Nc1ccc(O)c(C#[SeH3])c1,CC(=O)Nc1ccc(O)cc1,C9H11NO2Se,24,CH4Se
O=C(CN1OCOC1O)Nc1ccc(O)cc1,CC(=O)Nc1ccc(O)cc1,C10H12N2O5,29,C2H5NO3
CCC(CS)N(C(C)=O)c1ccc(O)cc1,CC(=O)Nc1ccc(O)cc1,C12H17NO2S,33,C4H10S
C=COC(=C)c1cc(O)ccc1NC(C)=O,CC(=O)Nc1ccc(O)cc1,C12H13NO3,29,C4H6O
CCC1O[PH3]C1c1cc(O)ccc1NC(C)=O,CC(=O)Nc1ccc(O)cc1,C12H18NO3P,35,C4H11OP
CC(=O)Nc1ccc(O)c([SH]23=CON2C3)c1,CC(=O)Nc1ccc(O)cc1,C10H12N2O3S,28,C2H5NOS
CC(=O)Nc1ccc(OCC(C)([SiH3])Cl)cc1,CC(=O)Nc1ccc(O)cc1,C11H16ClNO2Si,32,C3H9ClSi
CC(=O)Nc1ccc(O)cc1N(Br)C=CO,CC(=O)Nc1ccc(O)cc1,C10H11BrN2O3,27,C2H4BrNO
CC(=O)Nc1ccc(O)c(C(F)CCN)c1,CC(=O)Nc1ccc(O)cc1,C11H15FN2O2,31,C3H8FN
CC(=O)Nc1ccc(O[SH]2(C)=COC=N2)cc1,CC(=O)Nc1ccc(O)cc1,C11H14N2O3S,31,C3H7NOS
O=C(CC1(Cl)OO1)Nc1ccc(O)cc1,CC(=O)Nc1ccc(O)cc1,C9H8ClNO4,23,CHClO2
CC(=O)Nc1ccc(OCOC=CCl)cc1,CC(=O)Nc1ccc(O)cc1,C11H12ClNO3,28,C3H5ClO
CC(=O)Nc1ccc(O)c(N2CSC2)c1,CC(=O)Nc1ccc(O)cc1,C10H12N2O2S,27,C2H5NS
CCC(Br)N(C(C)=O)c1ccc(O)cc1,CC(=O)Nc1ccc(O)cc1,C11H14BrNO2,29,C3H7Br
CC(=O)N(C(=O)Cl)c1ccc(O)cc1,CC(=O)Nc1ccc(O)cc1,C9H8ClNO3,22,CHClO
COCc1cc(O)ccc1NC(C)=O,CC(=O)Nc1ccc(O)cc1,C10H13NO3,27,C2H6O
CNOc1cc(NC(C)=O)ccc1O,CC(=O)Nc1ccc(O)cc1,C9H12N2O3,26,CH5NO
O=C(CC=C(O)C=CBr)Nc1ccc(O)cc1,CC(=O)Nc1ccc(O)cc1,C12H12BrNO3,29,C4H5BrO
CC(=O)Nc1ccc(O)cc1N=[SH2]1NOC1O,CC(=O)Nc1ccc(O)cc1,C9H13N3O4S,30,CH6N2O2S
CC(=O)Nc1ccc(OC2(Br)c3con32)cc1,CC(=O)Nc1ccc(O)cc1,C11H9BrN2O3,26,C3H2BrNO
O=C(CC12C=CC(O1)S2)Nc1ccc(O)cc1,CC(=O)Nc1ccc(O)cc1,C12H11NO3S,28,C4H4OS
CC(=O)Nc1ccc(O)cc1C(F)=CF,CC(=O)Nc1ccc(O)cc1,C10H9F2NO2,24,C2H2F2
CC(=O)Nc1ccc(O)c(COCCl)c1,CC(=O)Nc1ccc(O)cc1,C10H12ClNO3,27,C2H5ClO
CC(=O)N(c1ccc(O)cc1)C1NN2C=NC12,CC(=O)Nc1ccc(O)cc1,C11H12N4O2,29,C3H5N3
CC(=O)Nc1ccc(O)cc1NC1(O)SC1O,CC(=O)Nc1ccc(O)cc1,C10H12N2O4S,29,C2H5NO2S
C=CC(N)(F)c1cc(NC(C)=O)ccc1O,CC(=O)Nc1ccc(O)cc1,C11H13FN2O2,29,C3H6FN
C=C1COC1c1cc(O)ccc1NC(C)=O,CC(=O)Nc1ccc(O)cc1,C12H13NO3,29,C4H6O
CC(=O)Nc1ccc(OC(CF)OF)cc1,CC(=O)Nc1ccc(O)cc1,C10H11F2NO3,27,C2H4F2O
O=C(CBC(O)O)Nc1ccc(O)cc1,CC(=O)Nc1ccc(O)cc1,C9H12BNO4,27,CH5BO2
O=C(CCCC[O-])Nc1ccc(O)cc1,CC(=O)Nc1ccc(O)cc1,C11H14NO3-,29,C3H7O-
CC(=O)Nc1ccc(O)c(C2(Cl)OO2)c1,CC(=O)Nc1ccc(O)cc1,C9H8ClNO4,23,CHClO2
CC(=O)Nc1ccc(OS(C)(=O)=NC=O)cc1,CC(=O)Nc1ccc(O)cc1,C10H12N2O4S,29,C2H5NO2S
CN(O)CC(=O)Nc1ccc(O)cc1,CC(=O)Nc1ccc(O)cc1,C9H12N2O3,26,CH5NO
C=COC(Cl)(Cl)c1cc(O)ccc1NC(C)=O,CC(=O)Nc1ccc(O)cc1,C11H11Cl2NO3,28,C3H4Cl2O
CC(=O)Nc1ccc(O[SH2]2=C=C2S)cc1,CC(=O)Nc1ccc(O)cc1,C10H11NO2S2,26,C2H4S2
CC(=O)N(c1ccc(O)cc1)C(CO)CCCl,CC(=O)Nc1ccc(O)cc1,C12H16ClNO3,33,C4H9ClO
O=C(Cc1coo1)Nc1ccc(O)cc1,CC(=O)Nc1ccc(O)cc1,C10H9NO4,24,C2H2O2
CC(=O)Nc1ccc(O)c(BC(O)CCO)c1,CC(=O)Nc1ccc(O)cc1,C11H16BNO4,33,C3H9BO2
CC(=O)Nc1ccc(ONCC(C)Cl)cc1,CC(=O)Nc1ccc(O)cc1,C11H15ClN2O2,31,C3H8ClN
CC(=O)Nc1ccc(O)cc1C1=C=C1O,CC(=O)Nc1ccc(O)cc1,C11H9NO3,24,C3H2O
CC(=O)N(C1=[SH2]2CN1S2)c1ccc(O)cc1,CC(=O)Nc1ccc(O)cc1,C10H12N2O2S2,28,C2H5NS2
CC(=O)Nc1ccc(O)cc1CC[SiH3],CC(=O)Nc1ccc(O)cc1,C10H15NO2Si,29,C2H8Si
CC(=O)Nc1ccc(ON(COS)OO)cc1,CC(=O)Nc1ccc(O)cc1,C9H12N2O5S,29,CH5NO3S
CC(=O)Nc1ccc(O[N+]#N)cc1,CC(=O)Nc1ccc(O)cc1,C8H8N3O2+,21,HN2+
CC(=O)Nc1ccc(O)cc1-c1ccc(Cl)o1,CC(=O)Nc1ccc(O)cc1,C12H10ClNO3,27,C4H3ClO
CC(=O)Nc1ccc(O)c(-c2ooc2CCl)c1,CC(=O)Nc1ccc(O)cc1,C11H10ClNO4,27,C3H3ClO2
CC(=O)N(c1ccc(O)cc1)[Si](C)(C)Cl,CC(=O)Nc1ccc(O)cc1,C10H14ClNO2Si,29,C2H7ClSi
CC(=O)Nc1ccc(O)c(C23CC2CN3C)c1,CC(=O)Nc1ccc(O)cc1,C13H16N2O2,33,C5H9N
O=C(CCC1CC1O)Nc1ccc(O)cc1,CC(=O)Nc1ccc(O)cc1,C12H15NO3,31,C4H8O
CC(=O)N(c1ccc(O)cc1)C1CC1Cl,CC(=O)Nc1ccc(O)cc1,C11H12ClNO2,27,C3H5Cl
CC(=O)Nc1ccc(O)cc1SC=N,CC(=O)Nc1ccc(O)cc1,C9H10N2O2S,24,CH3NS
CC(=O)Nc1ccc(O)c(C23C=[SH2](OC2)S3)c1,CC(=O)Nc1ccc(O)cc1,C11H13NO3S2,30,C3H6OS2
CC(=O)Nc1ccc(O[PH]23OOC(O2)O3)cc1,CC(=O)Nc1ccc(O)cc1,C9H10NO6P,27,CH3O4P
CC(=O)Nc1ccc(OCCI)cc1,CC(=O)Nc1ccc(O)cc1,C10H12INO2,26,C2H5I
C[Se]c1cc(O)ccc1NC(C)=O,CC(=O)Nc1ccc(O)cc1,C9H11NO2Se,24,CH4Se
CC(=O)Nc1ccc(OC(O)S)cc1,CC(=O)Nc1ccc(O)cc1,C9H11NO3S,25,CH4OS
CC(=O)Nc1ccc(OC(C)BOO)cc1,CC(=O)Nc1ccc(O)cc1,C10H14BNO4,30,C2H7BO2
CC(=O)Nc1ccc(O)cc1C=CNC=N,CC(=O)Nc1ccc(O)cc1,C11H13N3O2,29,C3H6N2
C=C[SH2](=NN=C)Oc1ccc(NC(C)=O)cc1,CC(=O)Nc1ccc(O)cc1,C11H15N3O2S,32,C3H8N2S
CC(=O)Nc1ccc(O)cc1N(C#N)CC#N,CC(=O)Nc1ccc(O)cc1,C11H10N4O2,27,C3H3N3
C=CNc1cc(O)ccc1NC(C)=O,CC(=O)Nc1ccc(O)cc1,C10H12N2O2,26,C2H5N
CC(=O)Nc1ccc(O)c(OCC(=N)[O-])c1,CC(=O)Nc1ccc(O)cc1,C10H11N2O4-,27,C2H4NO2-
C=CNC(OO)c1cc(NC(C)=O)ccc1O,CC(=O)Nc1ccc(O)cc1,C11H14N2O4,31,C3H7NO2
O=C(CBOO)Nc1ccc(O)cc1,CC(=O)Nc1ccc(O)cc1,C8H10BNO4,24,H3BO2
CC(=O)Nc1ccc(O)cc1C[SiH](Cl)Cl,CC(=O)Nc1ccc(O)cc1,C9H11Cl2NO2Si,26,CH4Cl2Si
CC(=O)Nc1ccc(O[SH3]=C2OC([O-])O2)cc1,CC(=O)Nc1ccc(O)cc1,C10H12NO5S-,29,C2H5O3S-
CC(=O)Nc1ccc(O)c(C23OC24C(O)C34)c1,CC(=O)Nc1ccc(O)cc1,C12H11NO4,28,C4H4O2
CNC(CF)c1cc(O)ccc1NC(C)=O,CC(=O)Nc1ccc(O)cc1,C11H15FN2O2,31,C3H8FN
C[Se]CC(=O)Nc1ccc(O)cc1,CC(=O)Nc1ccc(O)cc1,C9H11NO2Se,24,CH4Se
CC(=O)N(c1ccc(O)cc1)C1CC1CN,CC(=O)Nc1ccc(O)cc1,C12H16N2O2,32,C4H9N
CC(=O)Nc1ccc(O)cc1N(N)C=N,CC(=O)Nc1ccc(O)cc1,C9H12N4O2,27,CH5N3
CC(=O)Nc1ccc(O)c(P(=O)(O)O)c1,CC(=O)Nc1ccc(O)cc1,C8H10NO5P,25,H3O3P
CSC(S)c1cc(NC(C)=O)ccc1O,CC(=O)Nc1ccc(O)cc1,C10H13NO2S2,28,C2H6S2
C#[SeH2]Oc1ccc(NC(C)=O)cc1,CC(=O)Nc1ccc(O)cc1,C9H11NO2Se,24,CH4Se
CC(=O)Nc1ccc(O)c(P(Cl)Cl)c1,CC(=O)Nc1ccc(O)cc1,C8H8Cl2NO2P,22,HCl2P
CN=[NH+]c1cc(NC(C)=O)ccc1O,CC(=O)Nc1ccc(O)cc1,C9H12N3O2+,26,CH5N2+
CC(=O)Nc1ccc(O)c(C(F)(F)Cl)c1,CC(=O)Nc1ccc(O)cc1,C9H8ClF2NO2,23,CHClF2
CC(=O)Nc1ccc(O)c(C=NC(O)Br)c1,CC(=O)Nc1ccc(O)cc1,C10H11BrN2O3,27,C2H4BrNO
CCC[SiH2]N(C)c1cc(O)ccc1NC(C)=O,CC(=O)Nc1ccc(O)cc1,C12H20N2O2Si,37,C4H13NSi
CC(=O)Nc1ccc(OCOCOC=[NH2+])cc1,CC(=O)Nc1ccc(O)cc1,C11H15N2O4+,32,C3H8NO2+
CC(=O)Nc1ccc(O)c(OCNC(=N)O)c1,CC(=O)Nc1ccc(O)cc1,C10H13N3O4,30,C2H6N2O2
CC(=O)N(C(=O)CCl)c1ccc(O)cc1,CC(=O)Nc1ccc(O)cc1,C10H10ClNO3,25,C2H3ClO
CC(=O)Nc1ccc(O)cc1C1C2OC1N2Br,CC(=O)Nc1ccc(O)cc1,C11H11BrN2O3,28,C3H4BrNO
CC(=O)Nc1ccc(OCN=CSCO)cc1,CC(=O)Nc1ccc(O)cc1,C11H14N2O3S,31,C3H7NOS
CC(=O)Nc1ccc(OC(N)C(C)CS)cc1,CC(=O)Nc1ccc(O)cc1,C12H18N2O2S,35,C4H11NS
CC(=O)Nc1ccc(O[SH2](=O)OC=O)cc1,CC(=O)Nc1ccc(O)cc1,C9H11NO5S,27,CH4O3S
C[SiH2]CCN(C(C)=O)c1ccc(O)cc1,CC(=O)Nc1ccc(O)cc1,C11H17NO2Si,32,C3H10Si
CC(=O)N(CC(C)I)c1ccc(O)cc1,CC(=O)Nc1ccc(O)cc1,C11H14INO2,29,C3H7I
CCCSC(N)c1cc(NC(C)=O)ccc1O,CC(=O)Nc1ccc(O)cc1,C12H18N2O2S,35,C4H11NS
O=C(CC(F)=CF)Nc1ccc(O)cc1,CC(=O)Nc1ccc(O)cc1,C10H9F2NO2,24,C2H2F2
COC(Oc1ccc(NC(C)=O)cc1)C(C)[SiH3],CC(=O)Nc1ccc(O)cc1,C12H19NO3Si,36,C4H12OSi
O=C([O-])CC(=O)Nc1ccc(O)cc1,CC(=O)Nc1ccc(O)cc1,C9H8NO4-,22,CHO2-
CC(=O)Nc1ccc(O)cc1N1C2OC3N2N31,CC(=O)Nc1ccc(O)cc1,C10H10N4O3,27,C2H3N3O
CC(=O)N(c1ccc(O)cc1)C1OC1COCl,CC(=O)Nc1ccc(O)cc1,C11H12ClNO4,29,C3H5ClO2
CC(=O)Nc1ccc(O)cc1C(C)CCBr,CC(=O)Nc1ccc(O)cc1,C12H16BrNO2,32,C4H9Br
CC(=O)Nc1ccc(O)c(OCCI)c1,CC(=O)Nc1ccc(O)cc1,C10H12INO3,27,C2H5IO
CC(=O)Nc1ccc(O)cc1C(=O)[O-],CC(=O)Nc1ccc(O)cc1,C9H8NO4-,22,CHO2-
CC(=O)Nc1ccc(O)c(C2(C)OC(F)O2)c1,CC(=O)Nc1ccc(O)cc1,C11H12FNO4,29,C3H5FO2
C=[PH2]OCc1cc(O)ccc1NC(C)=O,CC(=O)Nc1ccc(O)cc1,C10H14NO3P,29,C2H7OP
CC(=O)N(C(=O)F)c1ccc(O)cc1,CC(=O)Nc1ccc(O)cc1,C9H8FNO3,22,CHFO
CC(=O)Nc1ccc(O)c(NCCF)c1,CC(=O)Nc1ccc(O)cc1,C10H13FN2O2,28,C2H6FN
C=Cc1cc(O)ccc1NC(C)=O,CC(=O)Nc1ccc(O)cc1,C10H11NO2,24,C2H4
CC(=O)Nc1ccc(OC2OC2Br)cc1,CC(=O)Nc1ccc(O)cc1,C10H10BrNO3,25,C2H3BrO
O=C(CON[SH2]1=NC1O)Nc1ccc(O)cc1,CC(=O)Nc1ccc(O)cc1,C9H13N3O4S,30,CH6N2O2S
CC(=O)Nc1ccc(O)c(P(CO[O-])O[O-])c1,CC(=O)Nc1ccc(O)cc1,C9H10NO6P-2,27,CH3O4P-2
CC(=O)Nc1ccc(OC23OC=CC2O3)cc1,CC(=O)Nc1ccc(O)cc1,C12H11NO4,28,C4H4O2
CC(=O)Nc1ccc(O)cc1C1CCCC1S,CC(=O)Nc1ccc(O)cc1,C13H17NO2S,34,C5H10S
CC(=O)Nc1ccc(O)cc1CC1(Br)CO1,CC(=O)Nc1ccc(O)cc1,C11H12BrNO3,28,C3H5BrO
O=C(Cc1ccco1)Nc1ccc(O)c(Cl)c1,CC(=O)Nc1ccc(O)cc1,C12H10ClNO3,27,C4H3ClO
CC(=O)N(N=CNN=CS)c1ccc(O)cc1,CC(=O)Nc1ccc(O)cc1,C10H12N4O2S,29,C2H5N3S
CC(=O)Nc1ccc(O)c(OCCSCS)c1,CC(=O)Nc1ccc(O)cc1,C11H15NO3S2,32,C3H8OS2
O=C(CCN1CCOC1)Nc1ccc(O)cc1,CC(=O)Nc1ccc(O)cc1,C12H16N2O3,33,C4H9NO
CC(=O)Nc1ccc(O)c(C(F)(CF)SF)c1,CC(=O)Nc1ccc(O)cc1,C10H10F3NO2S,27,C2H3F3S
CC(=O)Nc1ccc(O)c(C2C3=CN32)c1,CC(=O)Nc1ccc(O)cc1,C11H10N2O2,25,C3H3N
CC(=O)Nc1ccc(OC2C3CC4SC432)cc1,CC(=O)Nc1ccc(O)cc1,C13H13NO2S,30,C5H6S
CC(=O)Nc1ccc(O)c(C=NCNN)c1,CC(=O)Nc1ccc(O)cc1,C10H14N4O2,30,C2H7N3
CCC(C)(Cl)c1cc(O)ccc1NC(C)=O,CC(=O)Nc1ccc(O)cc1,C12H16ClNO2,32,C4H9Cl
CC(=O)Nc1ccc(O)c(C(N)CCCF)c1,CC(=O)Nc1ccc(O)cc1,C12H17FN2O2,34,C4H10FN
CNCCCNc1cc(O)ccc1NC(C)=O,CC(=O)Nc1ccc(O)cc1,C12H19N3O2,36,C4H12N2
CC(=O)Nc1ccc(O)c(-n2c3cn2cn3)c1,CC(=O)Nc1ccc(O)cc1,C11H10N4O2,27,C3H3N3
CC(=O)Nc1ccc(O)c(N(Cl)Cl)c1,CC(=O)Nc1ccc(O)cc1,C8H8Cl2N2O2,22,HCl2N
CC(=O)Nc1ccc(OC2C3SN23)cc1,CC(=O)Nc1ccc(O)cc1,C10H10N2O2S,25,C2H3NS
CC(=O)Nc1ccc(OC(F)Cl)cc1,CC(=O)Nc1ccc(O)cc1,C9H9ClFNO2,23,CH2ClF
CC(=O)Nc1ccc(OCSCC2CO2)cc1,CC(=O)Nc1ccc(O)cc1,C12H15NO3S,32,C4H8OS
CC(=O)Nc1ccc(OC2=N[Se]2)cc1,CC(=O)Nc1ccc(O)cc1,C9H8N2O2Se,22,CHNSe
COCCC(Cl)c1cc(NC(C)=O)ccc1O,CC(=O)Nc1ccc(O)cc1,C12H16ClNO3,33,C4H9ClO
CC(=O)Nc1ccc(O[PH2]2OOOO2)cc1,CC(=O)Nc1ccc(O)cc1,C8H10NO6P,26,H3O4P
CC(=O)Nc1ccc(OO[SH]23=C4ON2N43)cc1,CC(=O)Nc1ccc(O)cc1,C9H9N3O4S,26,CH2N2O2S
CC(=O)Nc1ccc(O)c(C(F)OC=O)c1,CC(=O)Nc1ccc(O)cc1,C10H10FNO4,26,C2H3FO2
CCC(F)c1cc(O)ccc1NC(C)=O,CC(=O)Nc1ccc(O)cc1,C11H14FNO2,29,C3H7F
CC(=O)N(COCC(=O)Br)c1ccc(O)cc1,CC(=O)Nc1ccc(O)cc1,C11H12BrNO4,29,C3H5BrO2
CC(=O)Nc1ccc(OC(C)I)cc1,CC(=O)Nc1ccc(O)cc1,C10H12INO2,26,C2H5I
BC(O)NOOc1ccc(NC(C)=O)cc1,CC(=O)Nc1ccc(O)cc1,C9H13BN2O4,29,CH6BNO2
CC(=O)N(c1ccc(O)cc1)n1ccs1,CC(=O)Nc1ccc(O)cc1,C10H10N2O2S,25,C2H3NS
CC(=O)Nc1ccc2c(c1)C1=CN3C[SH]13(C)O2,CC(=O)Nc1ccc(O)cc1,C12H14N2O2S,31,C4H7NS
CC(=O)Nc1ccc(O)cc1C1OC1Br,CC(=O)Nc1ccc(O)cc1,C10H10BrNO3,25,C2H3BrO
CC(F)CC(=O)Nc1ccc(O)cc1,CC(=O)Nc1ccc(O)cc1,C10H12FNO2,26,C2H5F
CC(=O)Nc1ccc(O)cc1C12OC3N1N32,CC(=O)Nc1ccc(O)cc1,C10H9N3O3,25,C2H2N2O
CC(=O)Nc1ccc(O)c(C(=N)OC(=O)O)c1,CC(=O)Nc1ccc(O)cc1,C10H10N2O5,27,C2H3NO3
CC(=O)N(SC#CN)c1ccc(O)cc1,CC(=O)Nc1ccc(O)cc1,C10H10N2O2S,25,C2H3NS
C=COSc1cc(NC(C)=O)ccc1O,CC(=O)Nc1ccc(O)cc1,C10H11NO3S,26,C2H4OS
CCc1cc(NC(C)=O)ccc1O,CC(=O)Nc1ccc(O)cc1,C10H13NO2,26,C2H6
CC(=O)N(c1ccc(O)cc1)N1OCC1[O-],CC(=O)Nc1ccc(O)cc1,C10H11N2O4-,27,C2H4NO2-
CC(=O)Nc1ccc(O)cc1CC(C)(F)F,CC(=O)Nc1ccc(O)cc1,C11H13F2NO2,29,C3H6F2
CC(=O)Nc1ccc(OC2(Br)CO2)cc1,CC(=O)Nc1ccc(O)cc1,C10H10BrNO3,25,C2H3BrO
CC(=O)Nc1ccc(O[SH]2(=C=O)CO2)cc1,CC(=O)Nc1ccc(O)cc1,C10H11NO4S,27,C2H4O2S
CC(=O)N(SCCS)c1ccc(O)cc1,CC(=O)Nc1ccc(O)cc1,C10H13NO2S2,28,C2H6S2
O=C(COBO)Nc1ccc(O)cc1,CC(=O)Nc1ccc(O)cc1,C8H10BNO4,24,H3BO2
CC(=O)Nc1ccc(O[SH2]2(C)C=N2)cc1,CC(=O)Nc1ccc(O)cc1,C10H14N2O2S,29,C2H7NS
CC(=O)Nc1ccc(OC(C)C[SiH2]O)cc1,CC(=O)Nc1ccc(O)cc1,C11H17NO3Si,33,C3H10OSi
CC(=O)Nc1ccc(OC23NN(OS2)O3)cc1,CC(=O)Nc1ccc(O)cc1,C9H9N3O4S,26,CH2N2O2S
CC(=O)Nc1ccc(O)cc1COCBr,CC(=O)Nc1ccc(O)cc1,C10H12BrNO3,27,C2H5BrO
CC(=O)Nc1ccc(O)cc1O[PH](=O)O[O-],CC(=O)Nc1ccc(O)cc1,C8H9NO6P-,25,H2O4P-
CC(=O)Nc1ccc(OC2OC3CC32)cc1,CC(=O)Nc1ccc(O)cc1,C12H13NO3,29,C4H6O
O=C(C[SH3]1OC2SCC21)Nc1ccc(O)cc1,CC(=O)Nc1ccc(O)cc1,C11H15NO3S2,32,C3H8OS2
CC(=O)Nc1ccc(O)cc1NCN=CS,CC(=O)Nc1ccc(O)cc1,C10H13N3O2S,29,C2H6N2S
CC(=O)Nc1ccc(O)cc1ON(O)C1C=C1,CC(=O)Nc1ccc(O)cc1,C11H12N2O4,29,C3H5NO2
CC(=O)N(c1ccc(O)cc1)C(O)CO,CC(=O)Nc1ccc(O)cc1,C10H13NO4,28,C2H6O2
CC(=O)N(c1ccc(O)cc1)C1(C)SCC1S,CC(=O)Nc1ccc(O)cc1,C12H15NO2S2,32,C4H8S2
CC(=O)Nc1ccc(O)cc1N(F)C(=O)CF,CC(=O)Nc1ccc(O)cc1,C10H10F2N2O3,27,C2H3F2NO
C=C1CC=[N+](CC(=O)Nc2ccc(O)cc2)S1,CC(=O)Nc1ccc(O)cc1,C12H13N2O2S+,30,C4H6NS+
CC(=O)Nc1ccc(O)cc1C12N=C1CC2C,CC(=O)Nc1ccc(O)cc1,C13H14N2O2,31,C5H7N
CC(=O)Nc1ccc(O[SH]234C5=NN2C3N54)cc1,CC(=O)Nc1ccc(O)cc1,C10H10N4O2S,27,C2H3N3S
CC(=O)Nc1ccc(OCC(F)F)cc1,CC(=O)Nc1ccc(O)cc1,C10H11F2NO2,26,C2H4F2
CC(=O)N(c1ccc(O)cc1)C(Cl)C(N)CCl,CC(=O)Nc1ccc(O)cc1,C11H14Cl2N2O2,31,C3H7Cl2N
C=CN1C=NC1N(C(C)=O)c1ccc(O)cc1,CC(=O)Nc1ccc(O)cc1,C12H13N3O2,30,C4H6N2
CC(=O)Nc1ccc(O)c(C(F)C(F)(F)F)c1,CC(=O)Nc1ccc(O)cc1,C10H9F4NO2,26,C2H2F4
O=C(CC(F)(F)Cl)Nc1ccc(O)cc1,CC(=O)Nc1ccc(O)cc1,C9H8ClF2NO2,23,CHClF2
CC(=O)Nc1ccc(O)c(OC(S)CCN)c1,CC(=O)Nc1ccc(O)cc1,C11H16N2O3S,33,C3H9NOS
CC(=O)Nc1ccc(OC(Cl)C2(Cl)OO2)cc1,CC(=O)Nc1ccc(O)cc1,C10H9Cl2NO4,26,C2H2Cl2O2
CC(=O)Nc1ccc(ON(C)CBr)cc1,CC(=O)Nc1ccc(O)cc1,C10H13BrN2O2,28,C2H6BrN
CSc1cc(O)ccc1NC(C)=O,CC(=O)Nc1ccc(O)cc1,C9H11NO2S,24,CH4S
CCSCC(=O)Nc1ccc(O)cc1,CC(=O)Nc1ccc(O)cc1,C10H13NO2S,27,C2H6S
CC(=O)Nc1ccc(O)c(CCl)c1,CC(=O)Nc1ccc(O)cc1,C9H10ClNO2,23,CH3Cl
CC(=O)N(c1ccc(O)cc1)C1NC([O-])O1,CC(=O)Nc1ccc(O)cc1,C10H11N2O4-,27,C2H4NO2-
CC(=O)Nc1ccc(O)c(C2=N[Se]2)c1,CC(=O)Nc1ccc(O)cc1,C9H8N2O2Se,22,CHNSe
CC(=O)Nc1ccc(OC(C)(C)N)cc1,CC(=O)Nc1ccc(O)cc1,C11H16N2O2,31,C3H9N
CC(=O)Nc1ccc(O)cc1C1CC(F)N1,CC(=O)Nc1ccc(O)cc1,C11H13FN2O2,29,C3H6FN
O=C(CC(Cl)OC(Cl)Cl)Nc1ccc(O)cc1,CC(=O)Nc1ccc(O)cc1,C10H10Cl3NO3,27,C2H3Cl3O
CC(=O)Nc1ccc(O)cc1C([NH3+])CO,CC(=O)Nc1ccc(O)cc1,C10H15N2O3+,30,C2H8NO+
CC(=O)Nc1ccc(O)c(NO)c1,CC(=O)Nc1ccc(O)cc1,C8H10N2O3,23,H3NO
CCCC(F)Cc1cc(O)ccc1NC(C)=O,CC(=O)Nc1ccc(O)cc1,C13H18FNO2,35,C5H11F
CC(=O)Nc1ccc2c(c1)C1=N[SH3](CC1)O2,CC(=O)Nc1ccc(O)cc1,C11H14N2O2S,30,C3H7NS
BCOCOc1cc(O)ccc1NC(C)=O,CC(=O)Nc1ccc(O)cc1,C10H14BNO4,30,C2H7BO2
CC(=O)N(CN(F)CF)c1ccc(O)cc1,CC(=O)Nc1ccc(O)cc1,C10H12F2N2O2,28,C2H5F2N
CC(=O)Nc1ccc(O)c(C2CC(C)C2C)c1,CC(=O)Nc1ccc(O)cc1,C14H19NO2,36,C6H12
CCOCc1cc(NC(C)=O)ccc1O,CC(=O)Nc1ccc(O)cc1,C11H15NO3,30,C3H8O
[NH3+]CCC(=O)Nc1ccc(O)cc1,CC(=O)Nc1ccc(O)cc1,C9H13N2O2+,26,CH6N+
CC(=O)Nc1ccc(OCCBr)cc1,CC(=O)Nc1ccc(O)cc1,C10H12BrNO2,26,C2H5Br
CC(=O)Nc1ccc(O)c(C=NCN)c1,CC(=O)Nc1ccc(O)cc1,C10H13N3O2,28,C2H6N2
CC(=O)Nc1ccc(ON2C(Cl)OC2Cl)cc1,CC(=O)Nc1ccc(O)cc1,C10H10Cl2N2O3,27,C2H3Cl2NO
CC(=O)N(c1ccc(O)cc1)C(F)(F)OC=N,CC(=O)Nc1ccc(O)cc1,C10H10F2N2O3,27,C2H3F2NO
CNCNOc1ccc(NC(C)=O)cc1,CC(=O)Nc1ccc(O)cc1,C10H15N3O2,30,C2H8N2
CC(=O)N(c1ccc(O)cc1)[PH](=O)O[SH2]1=CO1,CC(=O)Nc1ccc(O)cc1,C9H12NO5PS,29,CH5O3PS
CC(=O)Nc1ccc(O[SH2](=O)N=CO)cc1,CC(=O)Nc1ccc(O)cc1,C9H12N2O4S,28,CH5NO2S
CC(=O)Nc1ccc(O)cc1C(S)OO,CC(=O)Nc1ccc(O)cc1,C9H11NO4S,26,CH4O2S
CCOCCOc1ccc(NC(C)=O)cc1,CC(=O)Nc1ccc(O)cc1,C12H17NO3,33,C4H10O
CC(=O)Nc1ccc(O)c(OCC2CC2Br)c1,CC(=O)Nc1ccc(O)cc1,C12H14BrNO3,31,C4H7BrO
CC(=O)Nc1ccc(O)c(C23OC2C3Cl)c1,CC(=O)Nc1ccc(O)cc1,C11H10ClNO3,26,C3H3ClO
CC[S+](C)N(C(C)=O)c1ccc(O)cc1,CC(=O)Nc1ccc(O)cc1,C11H16NO2S+,31,C3H9S+
CC(=O)Nc1ccc(O)cc1C12CN1OC2C,CC(=O)Nc1ccc(O)cc1,C12H14N2O3,31,C4H7NO
CC(=O)N(c1ccc(O)cc1)C(CN)OCO,CC(=O)Nc1ccc(O)cc1,C11H16N2O4,33,C3H9NO2
CC(=O)Nc1ccc(O)cc1C(Cl)OCCN,CC(=O)Nc1ccc(O)cc1,C11H15ClN2O3,32,C3H8ClNO
CC(=O)Nc1ccc(O)cc1C(Cl)C1=CO1,CC(=O)Nc1ccc(O)cc1,C11H10ClNO3,26,C3H3ClO
CC(=O)Nc1ccc(O)cc1N(N)CC(=N)O,CC(=O)Nc1ccc(O)cc1,C10H14N4O3,31,C2H7N3O
COC1C[N+]1(O)Oc1ccc(NC(C)=O)cc1,CC(=O)Nc1ccc(O)cc1,C11H15N2O4+,32,C3H8NO2+
CC(=O)Nc1ccc(O)cc1C1O[PH3]C(=O)O1,CC(=O)Nc1ccc(O)cc1,C10H12NO5P,29,C2H5O3P
C=CC([NH3+])C(C)CC(=O)Nc1ccc(O)cc1,CC(=O)Nc1ccc(O)cc1,C13H19N2O2+,36,C5H12N+
CB(NO)Oc1cc(NC(C)=O)ccc1O,CC(=O)Nc1ccc(O)cc1,C9H13BN2O4,29,CH6BNO2
COC(=O)OCc1cc(NC(C)=O)ccc1O,CC(=O)Nc1ccc(O)cc1,C11H13NO5,30,C3H6O3
CC(=O)N(c1ccc(O)cc1)n1c2c3n1C32,CC(=O)Nc1ccc(O)cc1,C11H9N3O2,25,C3H2N2
CCC(=O)Nc1ccc(O[PH3]ON=CO)cc1,CC(=O)Nc1ccc(O)cc1,C10H15N2O4P,32,C2H8NO2P
CC(=O)Nc1ccc(O)c(C(N)CC(C)S)c1,CC(=O)Nc1ccc(O)cc1,C12H18N2O2S,35,C4H11NS
CC(=O)Nc1ccc(O)cc1SOC([O-])O,CC(=O)Nc1ccc(O)cc1,C9H10NO5S-,26,CH3O3S-
CC(=O)Nc1ccc(O[SH3](C)N2C=C2)cc1,CC(=O)Nc1ccc(O)cc1,C11H16N2O2S,32,C3H9NS
O=C(CC1C2CC13NC23)Nc1ccc(O)cc1,CC(=O)Nc1ccc(O)cc1,C13H14N2O2,31,C5H7N
CC(=O)Nc1ccc(O)c(C2=C(O)C=C2)c1,CC(=O)Nc1ccc(O)cc1,C12H11NO3,27,C4H4O
CC(=O)Nc1ccc(OC(C)C[SiH2]Cl)cc1,CC(=O)Nc1ccc(O)cc1,C11H16ClNO2Si,32,C3H9ClSi
C[Se]c1cc(NC(C)=O)ccc1O,CC(=O)Nc1ccc(O)cc1,C9H11NO2Se,24,CH4Se
CC(=O)Nc1ccc(O)cc1C(CCl)C(Cl)Cl,CC(=O)Nc1ccc(O)cc1,C11H12Cl3NO2,29,C3H5Cl3
C=C(C#CN=N)c1cc(O)ccc1NC(C)=O,CC(=O)Nc1ccc(O)cc1,C12H11N3O2,28,C4H4N2
CC(=O)Nc1ccc(O)c(C(F)(CF)OF)c1,CC(=O)Nc1ccc(O)cc1,C10H10F3NO3,27,C2H3F3O
CC(=O)Nc1ccc(OC(Cl)OC(C)Cl)cc1,CC(=O)Nc1ccc(O)cc1,C11H13Cl2NO3,30,C3H6Cl2O
CC(=O)Nc1ccc(O)c(N=[SH]2=CS2)c1,CC(=O)Nc1ccc(O)cc1,C9H10N2O2S2,25,CH3NS2
CC(=O)Nc1ccc(OC(Br)OC=O)cc1,CC(=O)Nc1ccc(O)cc1,C10H10BrNO4,26,C2H3BrO2
O=C(CC(OS)OCO)Nc1ccc(O)cc1,CC(=O)Nc1ccc(O)cc1,C10H13NO5S,30,C2H6O3S
CC(=O)Nc1ccc(O[SH3]2C3C=CN32)cc1,CC(=O)Nc1ccc(O)cc1,C11H14N2O2S,30,C3H7NS
CCC(C)Oc1ccc(NC(C)=O)cc1,CC(=O)Nc1ccc(O)cc1,C12H17NO2,32,C4H10
CC(=O)Nc1ccc(O)c(N2CN=COC2)c1,CC(=O)Nc1ccc(O)cc1,C11H13N3O3,30,C3H6N2O
CC(=O)Nc1ccc(O)cc1C1NN1C=N,CC(=O)Nc1ccc(O)cc1,C10H12N4O2,28,C2H5N3
CC(=O)N(c1ccc(O)cc1)N(Cl)Cl,CC(=O)Nc1ccc(O)cc1,C8H8Cl2N2O2,22,HCl2N
CC(CCC(=O)Nc1ccc(O)cc1)OOCl,CC(=O)Nc1ccc(O)cc1,C11H14ClNO4,31,C3H7ClO2
O=C(CC12C3=[SH2]1C32)Nc1ccc(O)cc1,CC(=O)Nc1ccc(O)cc1,C11H11NO2S,26,C3H4S
CC(=O)Nc1ccc(O)cc1C(CCl)C(Cl)Cl,CC(=O)Nc1ccc(O)cc1,C11H12Cl3NO2,29,C3H5Cl3
C=NOc1ccc(NC(C)=O)cc1,CC(=O)Nc1ccc(O)cc1,C9H10N2O2,23,CH3N
CC(=O)Nc1ccc(OC2C3C4(Cl)OC234)cc1,CC(=O)Nc1ccc(O)cc1,C12H10ClNO3,27,C4H3ClO
CC(=O)Nc1ccc(O)cc1C1=CCCC1C,CC(=O)Nc1ccc(O)cc1,C14H17NO2,34,C6H10
CC(=O)Nc1ccc(O)cc1OC=C(F)CN,CC(=O)Nc1ccc(O)cc1,C11H13FN2O3,30,C3H6FNO
CC(=O)Nc1ccc(O)c(-c2cc[nH]c2Br)c1,CC(=O)Nc1ccc(O)cc1,C12H11BrN2O2,28,C4H4BrN
CC(=O)Nc1ccc(O)cc1C1O[SH3]2CC1O2,CC(=O)Nc1ccc(O)cc1,C11H15NO4S,32,C3H8O2S
C=CC(=CN)c1cc(O)ccc1NC(C)=O,CC(=O)Nc1ccc(O)cc1,C12H14N2O2,30,C4H7N
CC(=O)Nc1ccc(O)cc1NCN1CNC1,CC(=O)Nc1ccc(O)cc1,C11H16N4O2,33,C3H9N3
CC(=O)Nc1ccc(O)c(N2OC2O)c1,CC(=O)Nc1ccc(O)cc1,C9H10N2O4,25,CH3NO2
CC(=O)N(C1=C[SH3](C)C1)c1ccc(O)cc1,CC(=O)Nc1ccc(O)cc1,C12H17NO2S,33,C4H10S
C#[SH](C)c1cc(NC(C)=O)ccc1O,CC(=O)Nc1ccc(O)cc1,C10H13NO2S,27,C2H6S
CC(=O)Nc1ccc(O)cc1OC(=O)O,CC(=O)Nc1ccc(O)cc1,C9H9NO5,24,CH2O3
O=C(CC=NCS)Nc1ccc(O)cc1,CC(=O)Nc1ccc(O)cc1,C10H12N2O2S,27,C2H5NS
O=C(CSOO[O-])Nc1ccc(O)cc1,CC(=O)Nc1ccc(O)cc1,C8H8NO5S-,23,HO3S-
CC(=O)Nc1ccc(ON(O)C(C)O)cc1,CC(=O)Nc1ccc(O)cc1,C10H14N2O4,30,C2H7NO2
CC(=O)Nc1ccc(O)cc1OC1(O)NO[PH3]1,CC(=O)Nc1ccc(O)cc1,C9H13N2O5P,30,CH6NO3P
CC(=O)N(c1ccc(O)cc1)C(N)(F)CF,CC(=O)Nc1ccc(O)cc1,C10H12F2N2O2,28,C2H5F2N
CC(=O)N(c1ccc(O)cc1)N1CNSC1,CC(=O)Nc1ccc(O)cc1,C10H13N3O2S,29,C2H6N2S
CC(=O)Nc1ccc(OCOC(=O)F)cc1,CC(=O)Nc1ccc(O)cc1,C10H10FNO4,26,C2H3FO2
O=C(CSOO)Nc1ccc(O)cc1,CC(=O)Nc1ccc(O)cc1,C8H9NO4S,23,H2O2S
CC(=O)Nc1ccc(O)cc1C1([O-])OC2OC21,CC(=O)Nc1ccc(O)cc1,C11H10NO5-,27,C3H3O3-
CBCOOc1cc(NC(C)=O)ccc1O,CC(=O)Nc1ccc(O)cc1,C10H14BNO4,30,C2H7BO2
CC(=O)Nc1ccc(O)cc1C(O)=NCBr,CC(=O)Nc1ccc(O)cc1,C10H11BrN2O3,27,C2H4BrNO
CC(=O)Nc1ccc(O)cc1CC1NCC1F,CC(=O)Nc1ccc(O)cc1,C12H15FN2O2,32,C4H8FN
C=COOc1cc(O)ccc1NC(C)=O,CC(=O)Nc1ccc(O)cc1,C10H11NO4,26,C2H4O2
CC(=O)N(CNON=CCl)c1ccc(O)cc1,CC(=O)Nc1ccc(O)cc1,C10H12ClN3O3,29,C2H5ClN2O
CC(=O)Nc1ccc(On2[nH]o2)cc1,CC(=O)Nc1ccc(O)cc1,C8H9N3O3,23,H2N2O
CC(=O)Nc1ccc(O)cc1C(F)Cl,CC(=O)Nc1ccc(O)cc1,C9H9ClFNO2,23,CH2ClF
C=[PH2]OC(ON)N(C(C)=O)c1ccc(O)cc1,CC(=O)Nc1ccc(O)cc1,C10H15N2O4P,32,C2H8NO2P
C=CC12N3N1C32Oc1ccc(NC(C)=O)cc1,CC(=O)Nc1ccc(O)cc1,C12H11N3O2,28,C4H4N2
CC(=O)N(c1ccc(O)cc1)C(F)C(O)(F)F,CC(=O)Nc1ccc(O)cc1,C10H10F3NO3,27,C2H3F3O
CNC(Cl)C(Cl)Oc1ccc(NC(C)=O)cc1,CC(=O)Nc1ccc(O)cc1,C11H14Cl2N2O2,31,C3H7Cl2N
C=NN(CC(=O)Nc1ccc(O)cc1)O[SH3]=O,CC(=O)Nc1ccc(O)cc1,C9H13N3O4S,30,CH6N2O2S
O=C(CC(O)=C(F)F)Nc1ccc(O)cc1,CC(=O)Nc1ccc(O)cc1,C10H9F2NO3,25,C2H2F2O
CC(=O)Nc1ccc(OC=C(F)OF)cc1,CC(=O)Nc1ccc(O)cc1,C10H9F2NO3,25,C2H2F2O
CC(=O)N(CC(F)(F)F)c1ccc(O)cc1,CC(=O)Nc1ccc(O)cc1,C10H10F3NO2,26,C2H3F3
CC(=O)Nc1ccc(O)c([PH]2(O)OO2)c1,CC(=O)Nc1ccc(O)cc1,C8H10NO5P,25,H3O3P
CC(=O)Nc1ccc(O)cc1C(Br)C(C)C,CC(=O)Nc1ccc(O)cc1,C12H16BrNO2,32,C4H9Br
CC(=O)Nc1ccc(O)c(C2=C(I)[SH]=C=C2)c1,CC(=O)Nc1ccc(O)cc1,C12H10INO2S,27,C4H3IS
CC(=O)Nc1ccc(O)c(N2CC2)c1,CC(=O)Nc1ccc(O)cc1,C10H12N2O2,26,C2H5N
CC(=O)Nc1ccc(O)cc1C(C)CF,CC(=O)Nc1ccc(O)cc1,C11H14FNO2,29,C3H7F
CC(=O)Nc1ccc(O)cc1OC1CSC1C,CC(=O)Nc1ccc(O)cc1,C12H15NO3S,32,C4H8OS
CC(=O)Nc1ccc(O)cc1C(Cl)Cl,CC(=O)Nc1ccc(O)cc1,C9H9Cl2NO2,23,CH2Cl2
CC(=O)Nc1ccc(O)cc1ON(N)OS,CC(=O)Nc1ccc(O)cc1,C8H11N3O4S,27,H4N2O2S
CC(=O)Nc1ccc(O[SH2]23N=CC(=N2)N3)cc1,CC(=O)Nc1ccc(O)cc1,C10H12N4O2S,29,C2H5N3S
CC(=O)Nc1ccc(OC[SeH])cc1,CC(=O)Nc1ccc(O)cc1,C9H11NO2Se,24,CH4Se
CC(=O)Nc1ccc(O)c(C(=N)CN)c1,CC(=O)Nc1ccc(O)cc1,C10H13N3O2,28,C2H6N2
CC(=O)Nc1ccc(O)cc1C1=C([O-])OC1,CC(=O)Nc1ccc(O)cc1,C11H10NO4-,26,C3H3O2-
CC(=O)Nc1ccc(O[SH2]2=CC3=C2C=C3)cc1,CC(=O)Nc1ccc(O)cc1,C13H13NO2S,30,C5H6S
O=C(CBOCO)Nc1ccc(O)cc1,CC(=O)Nc1ccc(O)cc1,C9H12BNO4,27,CH5BO2
NOSOC(O)CC(=O)Nc1ccc(O)cc1,CC(=O)Nc1ccc(O)cc1,C9H12N2O5S,29,CH5NO3S
CC(=O)Nc1ccc(O)cc1-c1[nH]n2c1N2,CC(=O)Nc1ccc(O)cc1,C10H10N4O2,26,C2H3N3
CC(=O)Nc1ccc(O)cc1C(Br)C=O,CC(=O)Nc1ccc(O)cc1,C10H10BrNO3,25,C2H3BrO
CC(=O)Nc1ccc(O)c(C2(O[O-])C=C2)c1,CC(=O)Nc1ccc(O)cc1,C11H10NO4-,26,C3H3O2-
CC(=O)N(c1ccc(O)cc1)C(Cl)C(C)(O)Cl,CC(=O)Nc1ccc(O)cc1,C11H13Cl2NO3,30,C3H6Cl2O
CC(=O)N(c1ccc(O)cc1)C([O-])OC1CN1,CC(=O)Nc1ccc(O)cc1,C11H13N2O4-,30,C3H6NO2-
CC(=O)Nc1ccc(OC2=CC2)cc1,CC(=O)Nc1ccc(O)cc1,C11H11NO2,25,C3H4
CC(=O)Nc1ccc(O)cc1C12N=C(O1)C2Br,CC(=O)Nc1ccc(O)cc1,C11H9BrN2O3,26,C3H2BrNO
CC(=O)N(C=C(C)Br)c1ccc(O)cc1,CC(=O)Nc1ccc(O)cc1,C11H12BrNO2,27,C3H5Br
CC(=O)Nc1ccc(O)cc1C12N3C4N5C41C352,CC(=O)Nc1ccc(O)cc1,C12H9N3O2,26,C4H2N2
CC(=O)Nc1ccc(O)c(N2OCC2I)c1,CC(=O)Nc1ccc(O)cc1,C10H11IN2O3,27,C2H4INO
CC(=O)N(c1ccc(O)cc1)C(F)(F)Cl,CC(=O)Nc1ccc(O)cc1,C9H8ClF2NO2,23,CHClF2
O=C(CC(C=NO)=CBr)Nc1ccc(O)cc1,CC(=O)Nc1ccc(O)cc1,C11H11BrN2O3,28,C3H4BrNO
O=C(CSCO)Nc1ccc(O)cc1,CC(=O)Nc1ccc(O)cc1,C9H11NO3S,25,CH4OS
O=C(Cn1c2cnc1-2)Nc1ccc(O)cc1,CC(=O)Nc1ccc(O)cc1,C11H9N3O2,25,C3H2N2
C=CC(C)Oc1ccc(NC(C)=O)cc1,CC(=O)Nc1ccc(O)cc1,C12H15NO2,30,C4H8
CC(=O)Nc1ccc(O)c(C=NNS)c1,CC(=O)Nc1ccc(O)cc1,C9H11N3O2S,26,CH4N2S
CC(=O)Nc1ccc(O)c(C2=[SH]([O-])(O)O2)c1,CC(=O)Nc1ccc(O)cc1,C9H10NO5S-,26,CH3O3S-
CC(=O)Nc1ccc(OC2CS2)cc1,CC(=O)Nc1ccc(O)cc1,C10H11NO2S,25,C2H4S
CC(=O)Nc1ccc(OC2=CC3CC=C23)cc1,CC(=O)Nc1ccc(O)cc1,C14H13NO2,30,C6H6
CC=C(CC(=O)Nc1ccc(O)cc1)OF,CC(=O)Nc1ccc(O)cc1,C11H12FNO3,28,C3H5FO
CC(=O)Nc1ccc(O)cc1C(Cl)C=O,CC(=O)Nc1ccc(O)cc1,C10H10ClNO3,25,C2H3ClO
CC(=O)N(COC=O)c1ccc(O)cc1,CC(=O)Nc1ccc(O)cc1,C10H11NO4,26,C2H4O2
CC(=O)Nc1ccc(O[SH2]23C=CSC2N3)cc1,CC(=O)Nc1ccc(O)cc1,C11H14N2O2S2,31,C3H7NS2
CC(=O)Nc1ccc(O)cc1C1(F)OC1(F)F,CC(=O)Nc1ccc(O)cc1,C10H8F3NO3,25,C2HF3O
CC(=O)Nc1ccc(OC(Cl)C(N)CCl)cc1,CC(=O)Nc1ccc(O)cc1,C11H14Cl2N2O2,31,C3H7Cl2N
CC(=O)Nc1ccc(O[SH3]2OC3=C2O3)cc1,CC(=O)Nc1ccc(O)cc1,C10H11NO4S,27,C2H4O2S
CC(=O)Nc1ccc(OCN)cc1,CC(=O)Nc1ccc(O)cc1,C9H12N2O2,25,CH5N
CC(=O)Nc1ccc(O)cc1C1(S)CC=C=[NH+]1,CC(=O)Nc1ccc(O)cc1,C12H13N2O2S+,30,C4H6NS+
CC(=O)Nc1ccc(O)cc1C1COC1[O-],CC(=O)Nc1ccc(O)cc1,C11H12NO4-,28,C3H5O2-
CC(=O)Nc1ccc(O)cc1OCOC=CBr,CC(=O)Nc1ccc(O)cc1,C11H12BrNO4,29,C3H5BrO2
C#[SH]=CCC(=O)Nc1ccc(O)cc1,CC(=O)Nc1ccc(O)cc1,C10H11NO2S,25,C2H4S
CC(=O)N(c1ccc(O)cc1)C(F)(F)SF,CC(=O)Nc1ccc(O)cc1,C9H8F3NO2S,24,CHF3S
CC(=O)Nc1ccc(O)cc1C1OC2=C1OC2,CC(=O)Nc1ccc(O)cc1,C12H11NO4,28,C4H4O2
O=C(CN1CSS1)Nc1ccc(O)cc1,CC(=O)Nc1ccc(O)cc1,C9H10N2O2S2,25,CH3NS2
CC(=O)Nc1ccc(OCNO[PH](=O)O)cc1,CC(=O)Nc1ccc(O)cc1,C9H13N2O5P,30,CH6NO3P
CC(=O)Nc1ccc(O)cc1[PH2]1COOOC1,CC(=O)Nc1ccc(O)cc1,C10H14NO5P,31,C2H7O3P
CC(=O)N(c1ccc(O)cc1)S12=C3C4=S=13C2S4,CC(=O)Nc1ccc(O)cc1,C11H9NO2S3,26,C3H2S3
CC(=O)Nc1ccc(O)c(C2C(Cl)CC2Cl)c1,CC(=O)Nc1ccc(O)cc1,C12H13Cl2NO2,30,C4H6Cl2
CCC(=O)Nc1ccc(O[PH3]OC2OS2)cc1,CC(=O)Nc1ccc(O)cc1,C10H14NO4PS,31,C2H7O2PS
C=CSC(=N)Oc1ccc(NC(C)=O)cc1,CC(=O)Nc1ccc(O)cc1,C11H12N2O2S,28,C3H5NS
CCCC(CC)Oc1ccc(NC(C)=O)cc1,CC(=O)Nc1ccc(O)cc1,C14H21NO2,38,C6H14
CSN(C#N)COc1ccc(NC(C)=O)cc1,CC(=O)Nc1ccc(O)cc1,C11H13N3O2S,30,C3H6N2S
CC(=O)Nc1ccc(O)cc1NN,CC(=O)Nc1ccc(O)cc1,C8H11N3O2,24,H4N2
CC(=O)OCOCC(=O)Nc1ccc(O)cc1,CC(=O)Nc1ccc(O)cc1,C11H13NO5,30,C3H6O3
CC(=O)Nc1ccc(O)c(C2(C)OCCO2)c1,CC(=O)Nc1ccc(O)cc1,C12H15NO4,32,C4H8O2
CC(=O)Nc1ccc(O)c(C2(CO)C3CC32)c1,CC(=O)Nc1ccc(O)cc1,C13H15NO3,32,C5H8O
CC(=O)Nc1ccc(ON2COC3NN32)cc1,CC(=O)Nc1ccc(O)cc1,C10H12N4O3,29,C2H5N3O
CC(=O)Nc1ccc(O)cc1C(OCl)C(C)Cl,CC(=O)Nc1ccc(O)cc1,C11H13Cl2NO3,30,C3H6Cl2O
CC(=O)Nc1ccc(O)c(N(F)CCF)c1,CC(=O)Nc1ccc(O)cc1,C10H12F2N2O2,28,C2H5F2N
CC(=O)Nc1ccc(OC(=N)S)cc1,CC(=O)Nc1ccc(O)cc1,C9H10N2O2S,24,CH3NS
O=C(CC(F)(F)SF)Nc1ccc(O)cc1,CC(=O)Nc1ccc(O)cc1,C9H8F3NO2S,24,CHF3S
CC(=O)Nc1ccc(O)c(SNC(C)C)c1,CC(=O)Nc1ccc(O)cc1,C11H16N2O2S,32,C3H9NS
O=C(CN1C=C2C=CC21)Nc1ccc(O)cc1,CC(=O)Nc1ccc(O)cc1,C13H12N2O2,29,C5H5N
CC(=O)Nc1ccc(O)c(CF)c1,CC(=O)Nc1ccc(O)cc1,C9H10FNO2,23,CH3F
CN1C=[SH2]1CC(=O)Nc1ccc(O)cc1,CC(=O)Nc1ccc(O)cc1,C10H14N2O2S,29,C2H7NS
CC(=O)Nc1ccc(Oc2ccco2)cc1,CC(=O)Nc1ccc(O)cc1,C12H11NO3,27,C4H4O
CC(=O)Nc1ccc(O[SH]2(F)=NC3=C=C32)cc1,CC(=O)Nc1ccc(O)cc1,C11H9FN2O2S,26,C3H2FNS
O=C(CC(F)(F)CSF)Nc1ccc(O)cc1,CC(=O)Nc1ccc(O)cc1,C10H10F3NO2S,27,C2H3F3S
CC(=O)N(CC(C)(Br)Br)c1ccc(O)cc1,CC(=O)Nc1ccc(O)cc1,C11H13Br2NO2,29,C3H6Br2
CC(=O)N(c1ccc(O)cc1)C1(OCl)OC1Cl,CC(=O)Nc1ccc(O)cc1,C10H9Cl2NO4,26,C2H2Cl2O2
N=COC(N)OCC(=O)Nc1ccc(O)cc1,CC(=O)Nc1ccc(O)cc1,C10H13N3O4,30,C2H6N2O2
CC(=O)Nc1ccc(O)c(CC(N)NCO)c1,CC(=O)Nc1ccc(O)cc1,C11H17N3O3,34,C3H10N2O
O=C(Cn1n2cnsn12)Nc1ccc(O)cc1,CC(=O)Nc1ccc(O)cc1,C9H9N5O2S,26,CH2N4S
CC(=O)Nc1ccc(OC2(S)CO2)cc1,CC(=O)Nc1ccc(O)cc1,C10H11NO3S,26,C2H4OS
CC(=O)Nc1ccc(O)cc1C1NCS1,CC(=O)Nc1ccc(O)cc1,C10H12N2O2S,27,C2H5NS
C=COC(=C)N(C(C)=O)c1ccc(O)cc1,CC(=O)Nc1ccc(O)cc1,C12H13NO3,29,C4H6O
CC(=O)Nc1ccc(O)cc1C(Br)(Br)CBr,CC(=O)Nc1ccc(O)cc1,C10H10Br3NO2,26,C2H3Br3
CC(=O)Nc1ccc(O)cc1C1(F)OOC1F,CC(=O)Nc1ccc(O)cc1,C10H9F2NO4,26,C2H2F2O2
CC(=O)Nc1ccc(O)cc1N1CN1,CC(=O)Nc1ccc(O)cc1,C9H11N3O2,25,CH4N2
CC(=O)Nc1ccc(O)cc1C(Br)Br,CC(=O)Nc1ccc(O)cc1,C9H9Br2NO2,23,CH2Br2
CC(=O)Nc1ccc2c(c1)OC(=O)OC[SH4]O2,CC(=O)Nc1ccc(O)cc1,C10H13NO5S,30,C2H6O3S
CC(=O)Nc1ccc(OOONSO)cc1,CC(=O)Nc1ccc(O)cc1,C8H10N2O5S,26,H3NO3S
CC(=O)Nc1ccc(O)cc1OP([O-])C([O-])O,CC(=O)Nc1ccc(O)cc1,C9H10NO6P-2,27,CH3O4P-2
CC(=O)Nc1ccc(O)cc1CSOC=N,CC(=O)Nc1ccc(O)cc1,C10H12N2O3S,28,C2H5NOS
CC(=O)Nc1ccc(O)cc1C1ON2O[SH2]12O,CC(=O)Nc1ccc(O)cc1,C9H12N2O5S,29,CH5NO3S
CC(=O)Nc1ccc(O[Se]C#N)cc1,CC(=O)Nc1ccc(O)cc1,C9H8N2O2Se,22,CHNSe
CC(=O)Nc1ccc(O)c(CCCNCl)c1,CC(=O)Nc1ccc(O)cc1,C11H15ClN2O2,31,C3H8ClN
CC(=O)Nc1ccc(O)c(OC2=NC(O)O2)c1,CC(=O)Nc1ccc(O)cc1,C10H10N2O5,27,C2H3NO3
CC(=O)Nc1ccc(O[PH2]2CCO2)cc1,CC(=O)Nc1ccc(O)cc1,C10H14NO3P,29,C2H7OP
CC(=O)Nc1ccc(OC2(CBr)CO2)cc1,CC(=O)Nc1ccc(O)cc1,C11H12BrNO3,28,C3H5BrO
CC(=O)Nc1ccc(O)c(C(Br)Br)c1,CC(=O)Nc1ccc(O)cc1,C9H9Br2NO2,23,CH2Br2
CC(=O)Nc1ccc(O)cc1N=CO,CC(=O)Nc1ccc(O)cc1,C9H10N2O3,24,CH3NO
CC(=O)Nc1ccc(O)cc1C1(S)OCO1,CC(=O)Nc1ccc(O)cc1,C10H11NO4S,27,C2H4O2S
C=NCC(CC)c1cc(O)ccc1NC(C)=O,CC(=O)Nc1ccc(O)cc1,C13H18N2O2,35,C5H11N
CC(=O)Nc1ccc(O)cc1C=C1OC=CS1,CC(=O)Nc1ccc(O)cc1,C12H11NO3S,28,C4H4OS
CC(=O)Nc1ccc(O)c(C2(O)C=C2Cl)c1,CC(=O)Nc1ccc(O)cc1,C11H10ClNO3,26,C3H3ClO
CC(=O)Nc1ccc(O[SH3]=C=S)cc1,CC(=O)Nc1ccc(O)cc1,C9H11NO2S2,25,CH4S2
CC(=O)Nc1ccc(O)cc1C1C(O)=C2CC21,CC(=O)Nc1ccc(O)cc1,C13H13NO3,30,C5H6O
CC(=O)Nc1ccc(O)c(COCN=S)c1,CC(=O)Nc1ccc(O)cc1,C10H12N2O3S,28,C2H5NOS
CC(=O)Nc1ccc(OC(F)=CF)cc1,CC(=O)Nc1ccc(O)cc1,C10H9F2NO2,24,C2H2F2
CC(=O)Nc1ccc(OC23SC=CC2S3)cc1,CC(=O)Nc1ccc(O)cc1,C12H11NO2S2,28,C4H4S2
CC(=O)Nc1ccc(O)cc1O[AsH](=O)O,CC(=O)Nc1ccc(O)cc1,C8H10AsNO5,25,H3AsO3
CC(=O)Nc1ccc(O)c(OOOSCN)c1,CC(=O)Nc1ccc(O)cc1,C9H12N2O5S,29,CH5NO3S
O=C(CC1(Br)CCO1)Nc1ccc(O)cc1,CC(=O)Nc1ccc(O)cc1,C11H12BrNO3,28,C3H5BrO
CC(=O)Nc1ccc(O)c(C2N3N4OC243)c1,CC(=O)Nc1ccc(O)cc1,C10H9N3O3,25,C2H2N2O
C=NSC(=N)Nc1cc(NC(C)=O)ccc1O,CC(=O)Nc1ccc(O)cc1,C10H12N4O2S,29,C2H5N3S
CC(=O)Nc1ccc(OC2=NC3CN23)cc1,CC(=O)Nc1ccc(O)cc1,C11H11N3O2,27,C3H4N2
CNc1cc(NC(C)=O)ccc1O,CC(=O)Nc1ccc(O)cc1,C9H12N2O2,25,CH5N
C=CC(NBr)Oc1cc(NC(C)=O)ccc1O,CC(=O)Nc1ccc(O)cc1,C11H13BrN2O3,30,C3H6BrNO
C=NCC(C)Cc1cc(NC(C)=O)ccc1O,CC(=O)Nc1ccc(O)cc1,C13H18N2O2,35,C5H11N
CC(=O)Nc1ccc(O)cc1C12CC13OC32Cl,CC(=O)Nc1ccc(O)cc1,C12H10ClNO3,27,C4H3ClO
CC(=O)N(C(F)=CF)c1ccc(O)cc1,CC(=O)Nc1ccc(O)cc1,C10H9F2NO2,24,C2H2F2
CC(=O)Nc1ccc(O)c(C#[SH]2C=N2)c1,CC(=O)Nc1ccc(O)cc1,C10H10N2O2S,25,C2H3NS
CNNCC(=O)Nc1ccc(O)cc1,CC(=O)Nc1ccc(O)cc1,C9H13N3O2,27,CH6N2
CC(=O)Nc1ccc(O)c(NC(S)C(O)O)c1,CC(=O)Nc1ccc(O)cc1,C10H14N2O4S,31,C2H7NO2S
CC(=O)Nc1ccc(O)cc1-c1nnc(S)o1,CC(=O)Nc1ccc(O)cc1,C10H9N3O3S,26,C2H2N2OS
CCCN(Cl)c1cc(NC(C)=O)ccc1O,CC(=O)Nc1ccc(O)cc1,C11H15ClN2O2,31,C3H8ClN
CC(=O)Nc1ccc(OC23CC4(C2)OC34)cc1,CC(=O)Nc1ccc(O)cc1,C13H13NO3,30,C5H6O
CC(=O)Nc1ccc(O)cc1C1C2C3N4C2C134,CC(=O)Nc1ccc(O)cc1,C13H12N2O2,29,C5H5N
C=C(N)CSSc1cc(O)ccc1NC(C)=O,CC(=O)Nc1ccc(O)cc1,C11H14N2O2S2,31,C3H7NS2
NCCC(=O)Nc1ccc(O)cc1,CC(=O)Nc1ccc(O)cc1,C9H12N2O2,25,CH5N
CC(=O)N(CC(F)F)c1ccc(O)cc1,CC(=O)Nc1ccc(O)cc1,C10H11F2NO2,26,C2H4F2
CC(=O)Nc1ccc(O)c(CCCCl)c1,CC(=O)Nc1ccc(O)cc1,C11H14ClNO2,29,C3H7Cl
CC(=O)Nc1ccc(O)c(C2(Br)N3C4SC432)c1,CC(=O)Nc1ccc(O)cc1,C11H9BrN2O2S,26,C3H2BrNS
CC(=O)Nc1ccc(O)cc1N1NON=C1O,CC(=O)Nc1ccc(O)cc1,C9H10N4O4,27,CH3N3O2
CCC[SH+]CC(=O)Nc1ccc(O)cc1,CC(=O)Nc1ccc(O)cc1,C11H16NO2S+,31,C3H9S+
CC(=O)Nc1ccc(O)cc1C1(Br)C=C2SN21,CC(=O)Nc1ccc(O)cc1,C11H9BrN2O2S,26,C3H2BrNS
O=C(Cn1n2cc(O)n12)Nc1ccc(O)cc1,CC(=O)Nc1ccc(O)cc1,C10H10N4O3,27,C2H3N3O
CC(=O)Nc1ccc(O)c(C2=N[Se]2)c1,CC(=O)Nc1ccc(O)cc1,C9H8N2O2Se,22,CHNSe
CSCC(NO)N(C(C)=O)c1ccc(O)cc1,CC(=O)Nc1ccc(O)cc1,C11H16N2O3S,33,C3H9NOS
C=CN(C(C)=O)c1ccc(O)cc1,CC(=O)Nc1ccc(O)cc1,C10H11NO2,24,C2H4
CC(=O)Nc1ccc(O[SH3]2On3on32)cc1,CC(=O)Nc1ccc(O)cc1,C8H11N3O4S,27,H4N2O2S
C[NH2+]N(C(C)=O)c1ccc(O)cc1,CC(=O)Nc1ccc(O)cc1,C9H13N2O2+,26,CH6N+
CC(=O)N(c1ccc(O)cc1)C1CCCCN1,CC(=O)Nc1ccc(O)cc1,C13H18N2O2,35,C5H11N
CC(=O)Nc1ccc(O)c(COC2=CO2)c1,CC(=O)Nc1ccc(O)cc1,C11H11NO4,27,C3H4O2
CC(CC(=O)Nc1ccc(O)cc1)NF,CC(=O)Nc1ccc(O)cc1,C10H13FN2O2,28,C2H6FN
CC(=O)Nc1ccc(O)c(C=CF)c1,CC(=O)Nc1ccc(O)cc1,C10H10FNO2,24,C2H3F
O=C(CC12C=C(C1)O2)Nc1ccc(O)cc1,CC(=O)Nc1ccc(O)cc1,C12H11NO3,27,C4H4O
CC(=O)N(c1ccc(O)cc1)C1NC(O)O1,CC(=O)Nc1ccc(O)cc1,C10H12N2O4,28,C2H5NO2
CC(=O)Nc1ccc(O[SH3]=C2NN2C=N)cc1,CC(=O)Nc1ccc(O)cc1,C10H14N4O2S,31,C2H7N3S
O=C(CN1C2C=CC1O2)Nc1ccc(O)cc1,CC(=O)Nc1ccc(O)cc1,C12H12N2O3,29,C4H5NO
CC(=O)Nc1ccc(OC(F)C(F)(F)F)cc1,CC(=O)Nc1ccc(O)cc1,C10H9F4NO2,26,C2H2F4
CC(=O)Nc1ccc(O)c(NCCBr)c1,CC(=O)Nc1ccc(O)cc1,C10H13BrN2O2,28,C2H6BrN
CC(=O)N(c1ccc(O)cc1)C(N)(F)CF,CC(=O)Nc1ccc(O)cc1,C10H12F2N2O2,28,C2H5F2N
CCC[SH+]c1cc(O)ccc1NC(C)=O,CC(=O)Nc1ccc(O)cc1,C11H16NO2S+,31,C3H9S+
C#[SH](Cl)OOCC(=O)Nc1ccc(O)cc1,CC(=O)Nc1ccc(O)cc1,C9H10ClNO4S,26,CH3ClO2S
CC(=O)Nc1ccc(O)c(OC2CCC2C)c1,CC(=O)Nc1ccc(O)cc1,C13H17NO3,34,C5H10O
CC(=O)Nc1ccc(O[PH]2([O-])OC2([O-])O)cc1,CC(=O)Nc1ccc(O)cc1,C9H10NO6P-2,27,CH3O4P-2
CC(=O)Nc1ccc(O)cc1C=CCCCl,CC(=O)Nc1ccc(O)cc1,C12H14ClNO2,30,C4H7Cl
CC(=O)Nc1ccc(OP2([O-])(O)OO2)cc1,CC(=O)Nc1ccc(O)cc1,C8H9NO6P-,25,H2O4P-
NNCC(=O)Nc1ccc(O)cc1,CC(=O)Nc1ccc(O)cc1,C8H11N3O2,24,H4N2
CC(=O)N(c1ccc(O)cc1)C(O)CO,CC(=O)Nc1ccc(O)cc1,C10H13NO4,28,C2H6O2
O=C(Cc1nc(Br)co1)Nc1ccc(O)cc1,CC(=O)Nc1ccc(O)cc1,C11H9BrN2O3,26,C3H2BrNO
CC(=O)Nc1ccc(O)cc1C(C)=COBr,CC(=O)Nc1ccc(O)cc1,C11H12BrNO3,28,C3H5BrO
CC(=O)Nc1ccc(OC(Cl)Cl)cc1,CC(=O)Nc1ccc(O)cc1,C9H9Cl2NO2,23,CH2Cl2
CCOOCOc1cc(NC(C)=O)ccc1O,CC(=O)Nc1ccc(O)cc1,C11H15NO5,32,C3H8O3
CC(=O)Nc1ccc(O[SH]2(=O)C3=NC2=N3)cc1,CC(=O)Nc1ccc(O)cc1,C10H9N3O3S,26,C2H2N2OS
CC(=O)Nc1ccc(OC2OOC23N=N3)cc1,CC(=O)Nc1ccc(O)cc1,C10H9N3O4,26,C2H2N2O2
O=C(CC(S)N=S)Nc1ccc(O)cc1,CC(=O)Nc1ccc(O)cc1,C9H10N2O2S2,25,CH3NS2
CC(=O)Nc1ccc(O)cc1N=O,CC(=O)Nc1ccc(O)cc1,C8H8N2O3,21,HNO
CC(=O)Nc1ccc(O)cc1C(=O)F,CC(=O)Nc1ccc(O)cc1,C9H8FNO3,22,CHFO
CC(=O)N(CNCF)c1ccc(O)cc1,CC(=O)Nc1ccc(O)cc1,C10H13FN2O2,28,C2H6FN
CC(=O)Nc1ccc(O)cc1C1C23CC12S3,CC(=O)Nc1ccc(O)cc1,C12H11NO2S,27,C4H4S
CC(=O)Nc1ccc(OCC=CC=N)cc1,CC(=O)Nc1ccc(O)cc1,C12H14N2O2,30,C4H7N
CC(=O)N(CC(C)(C)N)c1ccc(O)cc1,CC(=O)Nc1ccc(O)cc1,C12H18N2O2,34,C4H11N
CC(=O)N(c1ccc(O)cc1)C1(Cl)CC1OCl,CC(=O)Nc1ccc(O)cc1,C11H11Cl2NO3,28,C3H4Cl2O
CC(=O)Nc1ccc(OC(F)(F)C(F)F)cc1,CC(=O)Nc1ccc(O)cc1,C10H9F4NO2,26,C2H2F4
CC1C(CC(=O)Nc2ccc(O)cc2)C2OC12,CC(=O)Nc1ccc(O)cc1,C13H15NO3,32,C5H8O
CC(=O)Nc1ccc(OC(Cl)(CCl)OCl)cc1,CC(=O)Nc1ccc(O)cc1,C10H10Cl3NO3,27,C2H3Cl3O
CC(=O)Nc1ccc(O)cc1C(Cl)CC(C)Cl,CC(=O)Nc1ccc(O)cc1,C12H15Cl2NO2,32,C4H8Cl2
CC(=O)Nc1ccc(OC23CC(C)C2C3)cc1,CC(=O)Nc1ccc(O)cc1,C14H17NO2,34,C6H10
CC(=O)Nc1ccc(OC(C)C)cc1,CC(=O)Nc1ccc(O)cc1,C11H15NO2,29,C3H8
CC(=O)Nc1ccc(O)c(C2CC2Br)c1,CC(=O)Nc1ccc(O)cc1,C11H12BrNO2,27,C3H5Br
CC(=O)N(OC1CC12C=C2)c1ccc(O)cc1,CC(=O)Nc1ccc(O)cc1,C13H13NO3,30,C5H6O
O=C(COOC(F)SF)Nc1ccc(O)cc1,CC(=O)Nc1ccc(O)cc1,C9H9F2NO4S,26,CH2F2O2S
CC(=O)Nc1ccc(OCSNC=NO)cc1,CC(=O)Nc1ccc(O)cc1,C10H13N3O3S,30,C2H6N2OS
O=C(O)CC(=O)Nc1ccc(O)cc1,CC(=O)Nc1ccc(O)cc1,C9H9NO4,23,CH2O2
CC(=O)Nc1ccc(OC(F)(F)Cl)cc1,CC(=O)Nc1ccc(O)cc1,C9H8ClF2NO2,23,CHClF2
O=C(COPOO)Nc1ccc(O)cc1,CC(=O)Nc1ccc(O)cc1,C8H10NO5P,25,H3O3P
O=C(Cn1cncc1Br)Nc1ccc(O)cc1,CC(=O)Nc1ccc(O)cc1,C11H10BrN3O2,27,C3H3BrN2
CC(=O)Nc1ccc(O)c(NN)c1,CC(=O)Nc1ccc(O)cc1,C8H11N3O2,24,H4N2
CC(=O)Nc1ccc(O)c(C2(Br)COOC2)c1,CC(=O)Nc1ccc(O)cc1,C11H12BrNO4,29,C3H5BrO2
CC(=O)Nc1ccc(OC(Cl)C(O)CCl)cc1,CC(=O)Nc1ccc(O)cc1,C11H13Cl2NO3,30,C3H6Cl2O
CC(=O)Nc1ccc(O)cc1C(F)(F)F,CC(=O)Nc1ccc(O)cc1,C9H8F3NO2,23,CHF3
CC(=O)Nc1ccc(O)c(-c2ooc2[O-])c1,CC(=O)Nc1ccc(O)cc1,C10H8NO5-,24,C2HO3-
O=C(CN1C(=S)C=C1Br)Nc1ccc(O)cc1,CC(=O)Nc1ccc(O)cc1,C11H9BrN2O2S,26,C3H2BrNS
CC(=O)Nc1ccc(O[PH2]2OC3OC2O3)cc1,CC(=O)Nc1ccc(O)cc1,C10H12NO5P,29,C2H5O3P
CC(=O)Nc1ccc(O)cc1C(Cl)=CCl,CC(=O)Nc1ccc(O)cc1,C10H9Cl2NO2,24,C2H2Cl2
CC(=O)Nc1ccc(O)cc1C1=CC=C1,CC(=O)Nc1ccc(O)cc1,C12H11NO2,26,C4H4
O=C(Cc1coc(Cl)c1)Nc1ccc(O)cc1,CC(=O)Nc1ccc(O)cc1,C12H10ClNO3,27,C4H3ClO
C=[PH](OOOO)c1cc(O)ccc1NC(C)=O,CC(=O)Nc1ccc(O)cc1,C9H12NO6P,29,CH5O4P
CC(=O)Nc1ccc(OCC(CCl)OCl)cc1,CC(=O)Nc1ccc(O)cc1,C11H13Cl2NO3,30,C3H6Cl2O
CC(=O)N(c1ccc(O)cc1)C1CSCCO1,CC(=O)Nc1ccc(O)cc1,C12H15NO3S,32,C4H8OS
CC(=O)Nc1ccc(O)cc1NOONC#N,CC(=O)Nc1ccc(O)cc1,C9H10N4O4,27,CH3N3O2
NC(O)C=C(O)CC(=O)Nc1ccc(O)cc1,CC(=O)Nc1ccc(O)cc1,C11H14N2O4,31,C3H7NO2
CC(=O)Nc1ccc(OCC2C=[SH3]S2)cc1,CC(=O)Nc1ccc(O)cc1,C11H15NO2S2,31,C3H8S2
CC(=O)N(c1ccc(O)cc1)C1OCC(Br)O1,CC(=O)Nc1ccc(O)cc1,C11H12BrNO4,29,C3H5BrO2
CC(=O)Nc1ccc(O)cc1OC(F)C(F)F,CC(=O)Nc1ccc(O)cc1,C10H10F3NO3,27,C2H3F3O
CC(=O)Nc1ccc(O)c(C2=C(O)O2)c1,CC(=O)Nc1ccc(O)cc1,C10H9NO4,24,C2H2O2
CNNc1cc(NC(C)=O)ccc1O,CC(=O)Nc1ccc(O)cc1,C9H13N3O2,27,CH6N2
C=C(OOO)c1cc(O)ccc1NC(C)=O,CC(=O)Nc1ccc(O)cc1,C10H11NO5,27,C2H4O3
O=C(CC(F)(Cl)OF)Nc1ccc(O)cc1,CC(=O)Nc1ccc(O)cc1,C9H8ClF2NO3,24,CHClF2O
CC(=O)Nc1ccc(O)c([SH]234SC5=S26=C3C564)c1,CC(=O)Nc1ccc(O)cc1,C11H9NO2S3,26,C3H2S3
CC(=O)N(C=CON(Cl)Cl)c1ccc(O)cc1,CC(=O)Nc1ccc(O)cc1,C10H10Cl2N2O3,27,C2H3Cl2NO
CC(=O)Nc1ccc(OC23c4cn2n43)cc1,CC(=O)Nc1ccc(O)cc1,C11H9N3O2,25,C3H2N2
C=C(N(Cl)CC)N(C(C)=O)c1ccc(O)cc1,CC(=O)Nc1ccc(O)cc1,C12H15ClN2O2,32,C4H8ClN
C=CC(F)c1cc(NC(C)=O)ccc1O,CC(=O)Nc1ccc(O)cc1,C11H12FNO2,27,C3H5F
CC(F)C(O)CC(=O)Nc1ccc(O)cc1,CC(=O)Nc1ccc(O)cc1,C11H14FNO3,30,C3H7FO
CC(=O)Nc1ccc(O[SH2]23C4=CSC2N43)cc1,CC(=O)Nc1ccc(O)cc1,C11H12N2O2S2,29,C3H5NS2
CC(=O)Nc1ccc(O)c(C(=O)Cl)c1,CC(=O)Nc1ccc(O)cc1,C9H8ClNO3,22,CHClO
CC(=O)Nc1ccc(OC2N=COCO2)cc1,CC(=O)Nc1ccc(O)cc1,C11H12N2O4,29,C3H5NO2
O=C(CC(OOF)SF)Nc1ccc(O)cc1,CC(=O)Nc1ccc(O)cc1,C9H9F2NO4S,26,CH2F2O2S
CC(=O)Nc1ccc(O)c(C2C(Cl)C2Cl)c1,CC(=O)Nc1ccc(O)cc1,C11H11Cl2NO2,27,C3H4Cl2
CC(=O)Nc1ccc(OC23CN2C3=CCl)cc1,CC(=O)Nc1ccc(O)cc1,C12H11ClN2O2,28,C4H4ClN
CC(=O)Nc1ccc(O)cc1-c1nncs1,CC(=O)Nc1ccc(O)cc1,C10H9N3O2S,25,C2H2N2S
CC(=O)Nc1ccc(O)cc1C(Br)(Br)Br,CC(=O)Nc1ccc(O)cc1,C9H8Br3NO2,23,CHBr3
CC(=O)Nc1ccc(O)c(ON=O)c1,CC(=O)Nc1ccc(O)cc1,C8H8N2O4,22,HNO2
CC(=O)Nc1ccc(OC23NC=C(O2)O3)cc1,CC(=O)Nc1ccc(O)cc1,C11H10N2O4,27,C3H3NO2
CC(=O)Nc1ccc(Oc2nccnn2)cc1,CC(=O)Nc1ccc(O)cc1,C11H10N4O2,27,C3H3N3
CC(=O)Nc1ccc(O[PH](=O)OO[O-])cc1,CC(=O)Nc1ccc(O)cc1,C8H9NO6P-,25,H2O4P-
CC(=O)Nc1ccc(OC([SiH3])CCCl)cc1,CC(=O)Nc1ccc(O)cc1,C11H16ClNO2Si,32,C3H9ClSi
O=C(CC=CC(F)(F)F)Nc1ccc(O)cc1,CC(=O)Nc1ccc(O)cc1,C11H10F3NO2,27,C3H3F3
CC(=O)Nc1ccc(OS(F)(F)(F)(F)F)cc1,CC(=O)Nc1ccc(O)cc1,C8H8F5NO2S,25,HF5S
O=C(CN1C=NCN=C1)Nc1ccc(O)cc1,CC(=O)Nc1ccc(O)cc1,C11H12N4O2,29,C3H5N3
C=NCOCN(C(C)=O)c1ccc(O)cc1,CC(=O)Nc1ccc(O)cc1,C11H14N2O3,30,C3H7NO
CC(=O)Nc1ccc(OS234=CC2=C3CO4)cc1,CC(=O)Nc1ccc(O)cc1,C12H11NO3S,28,C4H4OS
CC(=O)Nc1ccc(O)cc1SONOO,CC(=O)Nc1ccc(O)cc1,C8H10N2O5S,26,H3NO3S
CC(=O)N(C1=N[Se]1)c1ccc(O)cc1,CC(=O)Nc1ccc(O)cc1,C9H8N2O2Se,22,CHNSe
CC(=O)Nc1ccc(O)cc1C1(F)CC1(F)F,CC(=O)Nc1ccc(O)cc1,C11H10F3NO2,27,C3H3F3
CC(=O)Nc1ccc(O)c(C(F)=CO)c1,CC(=O)Nc1ccc(O)cc1,C10H10FNO3,25,C2H3FO
CC(=O)Nc1ccc(OS23(=CO2)C2CC23)cc1,CC(=O)Nc1ccc(O)cc1,C12H13NO3S,30,C4H6OS
O=C(CSOOO)Nc1ccc(O)cc1,CC(=O)Nc1ccc(O)cc1,C8H9NO5S,24,H2O3S
CC(=O)Nc1ccc(O)c(OO)c1,CC(=O)Nc1ccc(O)cc1,C8H9NO4,22,H2O2
CC(=O)Nc1ccc(O)cc1CBr,CC(=O)Nc1ccc(O)cc1,C9H10BrNO2,23,CH3Br
CC(=O)Nc1ccc(OP(=O)(O)OCO)cc1,CC(=O)Nc1ccc(O)cc1,C9H12NO6P,29,CH5O4P
CC(=O)N(ON=O)c1ccc(O)cc1,CC(=O)Nc1ccc(O)cc1,C8H8N2O4,22,HNO2
CC(=O)Nc1ccc(O)c(C(F)(F)F)c1,CC(=O)Nc1ccc(O)cc1,C9H8F3NO2,23,CHF3
CC(=O)Nc1ccc(O)c(N=NC2CN=N2)c1,CC(=O)Nc1ccc(O)cc1,C10H11N5O2,28,C2H4N4
CC(=O)Nc1ccc(O)cc1N=NC=N,CC(=O)Nc1ccc(O)cc1,C9H10N4O2,25,CH3N3
CC(=O)Nc1ccc(O)c(N(N)C2=NO2)c1,CC(=O)Nc1ccc(O)cc1,C9H10N4O3,26,CH3N3O
CC(=O)Nc1ccc(O)c(SC2C3CN32)c1,CC(=O)Nc1ccc(O)cc1,C11H12N2O2S,28,C3H5NS
CC(=O)Nc1ccc(OC(=O)OC=O)cc1,CC(=O)Nc1ccc(O)cc1,C10H9NO5,25,C2H2O3
CCOSc1cc(NC(C)=O)ccc1O,CC(=O)Nc1ccc(O)cc1,C10H13NO3S,28,C2H6OS
NNCC(=O)Nc1ccc(O)cc1,CC(=O)Nc1ccc(O)cc1,C8H11N3O2,24,H4N2
C=CSCCCC(=O)Nc1ccc(O)cc1,CC(=O)Nc1ccc(O)cc1,C12H15NO2S,31,C4H8S
CC(=O)Nc1ccc(OC2=C3CC2(S)C3)cc1,CC(=O)Nc1ccc(O)cc1,C13H13NO2S,30,C5H6S
CC(=O)Nc1ccc(OCC2C3CN2O3)cc1,CC(=O)Nc1ccc(O)cc1,C12H14N2O3,31,C4H7NO
O=C(CCCCl)Nc1ccc(O)cc1,CC(=O)Nc1ccc(O)cc1,C10H12ClNO2,26,C2H5Cl
CC(=O)Nc1ccc(O)c(C2=N[Se]2)c1,CC(=O)Nc1ccc(O)cc1,C9H8N2O2Se,22,CHNSe
CCCC(F)CN(C(C)=O)c1ccc(O)cc1,CC(=O)Nc1ccc(O)cc1,C13H18FNO2,35,C5H11F
CC(=O)Nc1ccc(O)c(C=CI)c1,CC(=O)Nc1ccc(O)cc1,C10H10INO2,24,C2H3I
CC(=O)N(c1ccc(O)cc1)C12S[SH2]13CC23,CC(=O)Nc1ccc(O)cc1,C11H13NO2S2,29,C3H6S2
CCC[SiH2]CN(C(C)=O)c1ccc(O)cc1,CC(=O)Nc1ccc(O)cc1,C12H19NO2Si,35,C4H12Si
CC(=O)Nc1ccc(O)c(C=CBr)c1,CC(=O)Nc1ccc(O)cc1,C10H10BrNO2,24,C2H3Br
CC(=O)N(OO)c1ccc(O)cc1,CC(=O)Nc1ccc(O)cc1,C8H9NO4,22,H2O2
C=C1N=C(Oc2cc(O)ccc2NC(C)=O)O1,CC(=O)Nc1ccc(O)cc1,C11H10N2O4,27,C3H3NO2
CC(=O)Nc1ccc(O[SH]23=[SH2](S2)C2=CC23)cc1,CC(=O)Nc1ccc(O)cc1,C11H13NO2S3,30,C3H6S3
COc1cc(O)ccc1NC(C)=O,CC(=O)Nc1ccc(O)cc1,C9H11NO3,24,CH4O
C=C(N)CC(=O)Nc1ccc(O)cc1,CC(=O)Nc1ccc(O)cc1,C10H12N2O2,26,C2H5N
CCC(OF)c1cc(O)ccc1NC(C)=O,CC(=O)Nc1ccc(O)cc1,C11H14FNO3,30,C3H7FO
O=CSCOCC(=O)Nc1ccc(O)cc1,CC(=O)Nc1ccc(O)cc1,C10H11NO4S,27,C2H4O2S
NN=C(O)NCC(=O)Nc1ccc(O)cc1,CC(=O)Nc1ccc(O)cc1,C9H12N4O3,28,CH5N3O
CC(=O)Nc1ccc(O)c(C2C3C4=C(C4)[NH+]32)c1,CC(=O)Nc1ccc(O)cc1,C13H13N2O2+,30,C5H6N+
O=C(Cn1ncc(O)n1)Nc1ccc(O)cc1,CC(=O)Nc1ccc(O)cc1,C10H10N4O3,27,C2H3N3O
CC(=O)Nc1ccc(O)c(C(=O)OCl)c1,CC(=O)Nc1ccc(O)cc1,C9H8ClNO4,23,CHClO2
O=C(CNC1CCOC1)Nc1ccc(O)cc1,CC(=O)Nc1ccc(O)cc1,C12H16N2O3,33,C4H9NO
CC(=O)Nc1ccc(O)cc1C(F)CCN,CC(=O)Nc1ccc(O)cc1,C11H15FN2O2,31,C3H8FN
CC(=O)Nc1ccc(O)c(OC(=N)OCO)c1,CC(=O)Nc1ccc(O)cc1,C10H12N2O5,29,C2H5NO3
CC(=O)Nc1ccc(O)c(O[PH](=O)OC=O)c1,CC(=O)Nc1ccc(O)cc1,C9H10NO6P,27,CH3O4P
CC(=O)Nc1ccc(O)c(CC(F)CCO)c1,CC(=O)Nc1ccc(O)cc1,C12H16FNO3,33,C4H9FO
CC(=O)Nc1ccc(O)cc1C(Cl)Cl,CC(=O)Nc1ccc(O)cc1,C9H9Cl2NO2,23,CH2Cl2
CC(=O)Nc1ccc(O)cc1CN=NN=CO,CC(=O)Nc1ccc(O)cc1,C10H12N4O3,29,C2H5N3O
O=C(CC(Cl)OC(Cl)Cl)Nc1ccc(O)cc1,CC(=O)Nc1ccc(O)cc1,C10H10Cl3NO3,27,C2H3Cl3O
C=C(N)CC(=O)Nc1ccc(O)cc1,CC(=O)Nc1ccc(O)cc1,C10H12N2O2,26,C2H5N
CCC(c1cc(NC(C)=O)ccc1O)[SiH](C)Cl,CC(=O)Nc1ccc(O)cc1,C12H18ClNO2Si,35,C4H11ClSi
CC(=O)Nc1ccc(O)cc1C1(C)C=C(O)O1,CC(=O)Nc1ccc(O)cc1,C12H13NO4,30,C4H6O2
CCNCCSc1cc(O)ccc1NC(C)=O,CC(=O)Nc1ccc(O)cc1,C12H18N2O2S,35,C4H11NS
CCC(N)=Cc1cc(NC(C)=O)ccc1O,CC(=O)Nc1ccc(O)cc1,C12H16N2O2,32,C4H9N
CC(=O)Nc1ccc(O)c(OCC(C)CF)c1,CC(=O)Nc1ccc(O)cc1,C12H16FNO3,33,C4H9FO
CC(=O)Nc1ccc(O)c(OO)c1,CC(=O)Nc1ccc(O)cc1,C8H9NO4,22,H2O2
CC(=O)N(NN=c1o[nH]o1)c1ccc(O)cc1,CC(=O)Nc1ccc(O)cc1,C9H10N4O4,27,CH3N3O2
C=NOC(O)Oc1ccc(NC(C)=O)cc1,CC(=O)Nc1ccc(O)cc1,C10H12N2O4,28,C2H5NO2
CC(=O)N(c1ccc(O)cc1)C12SC3CN1C32,CC(=O)Nc1ccc(O)cc1,C12H12N2O2S,29,C4H5NS
CC(=O)Nc1ccc(O)c(On2oo2)c1,CC(=O)Nc1ccc(O)cc1,C8H8N2O5,23,HNO3
C=CC(=C)c1cc(O)ccc1NC(C)=O,CC(=O)Nc1ccc(O)cc1,C12H13NO2,28,C4H6
CC(=O)Nc1ccc(O)c(C(C)(C)N)c1,CC(=O)Nc1ccc(O)cc1,C11H16N2O2,31,C3H9N
BOOCC(=O)Nc1ccc(O)cc1,CC(=O)Nc1ccc(O)cc1,C8H10BNO4,24,H3BO2
CC(=O)Nc1ccc(O)cc1C12OC1([O-])O2,CC(=O)Nc1ccc(O)cc1,C10H8NO5-,24,C2HO3-
O=C(CC1=[SH2]=NCC1)Nc1ccc(O)cc1,CC(=O)Nc1ccc(O)cc1,C11H14N2O2S,30,C3H7NS
CC(=O)Nc1ccc(OOCF)cc1,CC(=O)Nc1ccc(O)cc1,C9H10FNO3,24,CH3FO
CC(=O)Nc1ccc(OC(=O)[O-])cc1,CC(=O)Nc1ccc(O)cc1,C9H8NO4-,22,CHO2-
CC(=O)Nc1ccc(O)c(C2=C3OC3O2)c1,CC(=O)Nc1ccc(O)cc1,C11H9NO4,25,C3H2O2
CC(=O)Nc1ccc(O)c(CSC=S)c1,CC(=O)Nc1ccc(O)cc1,C10H11NO2S2,26,C2H4S2
C[NH2+]C[NH2+]C(C)c1cc(NC(C)=O)ccc1O,CC(=O)Nc1ccc(O)cc1,C12H21N3O2+2,38,C4H14N2+2
CC(=O)Nc1ccc(OCC[SiH2]CCl)cc1,CC(=O)Nc1ccc(O)cc1,C11H16ClNO2Si,32,C3H9ClSi
CC(=O)Nc1ccc(O)c(CCC(O)CCl)c1,CC(=O)Nc1ccc(O)cc1,C12H16ClNO3,33,C4H9ClO
O=C(CC(SO)C([O-])O)Nc1ccc(O)cc1,CC(=O)Nc1ccc(O)cc1,C10H12NO5S-,29,C2H5O3S-
CC(=O)Nc1ccc(O)cc1C(=S)N1OC1=O,CC(=O)Nc1ccc(O)cc1,C10H8N2O4S,25,C2HNO2S
CC(=O)Nc1ccc(O)c(C(=CCl)OCl)c1,CC(=O)Nc1ccc(O)cc1,C10H9Cl2NO3,25,C2H2Cl2O
C=C(OCI)N(C(C)=O)c1ccc(O)cc1,CC(=O)Nc1ccc(O)cc1,C11H12INO3,28,C3H5IO
CC(=O)Nc1ccc(O)c(O[NH+](C)C)c1,CC(=O)Nc1ccc(O)cc1,C10H15N2O3+,30,C2H8NO+
CC(=O)N(c1ccc(O)cc1)n1oo1,CC(=O)Nc1ccc(O)cc1,C8H8N2O4,22,HNO2
CC(=O)Nc1ccc(Oc2nc(S)ns2)cc1,CC(=O)Nc1ccc(O)cc1,C10H9N3O2S2,26,C2H2N2S2
CC(=O)Nc1ccc(ONCC=N)cc1,CC(=O)Nc1ccc(O)cc1,C10H13N3O2,28,C2H6N2
CC(=O)N(c1ccc(O)cc1)C1(F)OC1(O)F,CC(=O)Nc1ccc(O)cc1,C10H9F2NO4,26,C2H2F2O2
CC(=O)Nc1ccc(O)c(N2C#[Se]2)c1,CC(=O)Nc1ccc(O)cc1,C9H8N2O2Se,22,CHNSe
CCC(F)(CF)c1cc(O)ccc1NC(C)=O,CC(=O)Nc1ccc(O)cc1,C12H15F2NO2,32,C4H8F2
CC(=O)Nc1ccc(O)c(C2OC3ON32)c1,CC(=O)Nc1ccc(O)cc1,C10H10N2O4,26,C2H3NO2
CC(=O)Nc1ccc(O)c(N2C3CC34OC24)c1,CC(=O)Nc1ccc(O)cc1,C12H12N2O3,29,C4H5NO
CC(=O)Nc1ccc(O)cc1SC1COCO1,CC(=O)Nc1ccc(O)cc1,C11H13NO4S,30,C3H6O2S
CC(=O)Nc1ccc2c(c1)ON(N)O2,CC(=O)Nc1ccc(O)cc1,C8H9N3O3,23,H2N2O
CC(=O)Nc1ccc(O)cc1SOOCl,CC(=O)Nc1ccc(O)cc1,C8H8ClNO4S,23,HClO2S
C=CC(O)N=Cc1cc(NC(C)=O)ccc1O,CC(=O)Nc1ccc(O)cc1,C12H14N2O3,31,C4H7NO
CC(=O)Nc1ccc(OS(F)(F)(F)(F)F)cc1,CC(=O)Nc1ccc(O)cc1,C8H8F5NO2S,25,HF5S
CC(=O)Nc1ccc(O)cc1C(CS)C1CS1,CC(=O)Nc1ccc(O)cc1,C12H15NO2S2,32,C4H8S2
O=C(Cc1csc(I)c1)Nc1ccc(O)cc1,CC(=O)Nc1ccc(O)cc1,C12H10INO2S,27,C4H3IS
CC(=O)Nc1ccc(O[SH]2(F)(F)OC2=O)cc1,CC(=O)Nc1ccc(O)cc1,C9H9F2NO4S,26,CH2F2O2S
CC(=O)Nc1ccc(OC2=NC(CS)N2)cc1,CC(=O)Nc1ccc(O)cc1,C11H13N3O2S,30,C3H6N2S
CN(CBr)CC(=O)Nc1ccc(O)cc1,CC(=O)Nc1ccc(O)cc1,C10H13BrN2O2,28,C2H6BrN
CCC(c1cc(O)ccc1NC(C)=O)C(C)C,CC(=O)Nc1ccc(O)cc1,C14H21NO2,38,C6H14
CC(=O)Nc1ccc(OC2(Cl)CC2C)cc1,CC(=O)Nc1ccc(O)cc1,C12H14ClNO2,30,C4H7Cl
CC(=O)Nc1ccc(O)c(NN=O)c1,CC(=O)Nc1ccc(O)cc1,C8H9N3O3,23,H2N2O
C[NH2+]CC(C)(O)c1cc(NC(C)=O)ccc1O,CC(=O)Nc1ccc(O)cc1,C12H19N2O3+,36,C4H12NO+
CC(=O)Nc1ccc(O)c([N+]#N)c1,CC(=O)Nc1ccc(O)cc1,C8H8N3O2+,21,HN2+
CC(=O)N(c1ccc(O)cc1)C(C)(O)C1OO1,CC(=O)Nc1ccc(O)cc1,C11H13NO5,30,C3H6O3
CC(=O)Nc1ccc(ONC2C3OC23O)cc1,CC(=O)Nc1ccc(O)cc1,C11H12N2O4,29,C3H5NO2
CC(=O)Nc1ccc(O)c(CF)c1,CC(=O)Nc1ccc(O)cc1,C9H10FNO2,23,CH3F
CC(=O)Nc1ccc(O[PH](=O)O[O-])cc1,CC(=O)Nc1ccc(O)cc1,C8H9NO5P-,24,H2O3P-
O=C(CCCC1OCO1)Nc1ccc(O)cc1,CC(=O)Nc1ccc(O)cc1,C12H15NO4,32,C4H8O2
C[SH+]CCOc1ccc(NC(C)=O)cc1,CC(=O)Nc1ccc(O)cc1,C11H16NO2S+,31,C3H9S+
CC(=O)N(c1ccc(O)cc1)C(F)(F)C(F)F,CC(=O)Nc1ccc(O)cc1,C10H9F4NO2,26,C2H2F4
CC(=O)Nc1ccc(O)c(OC(O)OC=N)c1,CC(=O)Nc1ccc(O)cc1,C10H12N2O5,29,C2H5NO3
CC(=O)Nc1ccc(O)c(C2(Br)OCO2)c1,CC(=O)Nc1ccc(O)cc1,C10H10BrNO4,26,C2H3BrO2
CC(=O)Nc1ccc(O)c(CCC[O-])c1,CC(=O)Nc1ccc(O)cc1,C11H14NO3-,29,C3H7O-
CC(=O)Nc1ccc(O)c(N2N3CN2C3)c1,CC(=O)Nc1ccc(O)cc1,C10H12N4O2,28,C2H5N3
O=[AsH2]OOCC(=O)Nc1ccc(O)cc1,CC(=O)Nc1ccc(O)cc1,C8H10AsNO5,25,H3AsO3
C[SH+]Cc1cc(O)ccc1NC(C)=O,CC(=O)Nc1ccc(O)cc1,C10H14NO2S+,28,C2H7S+
CC(=O)Nc1ccc(O)c(NCCCl)c1,CC(=O)Nc1ccc(O)cc1,C10H13ClN2O2,28,C2H6ClN
CC(=O)Nc1ccc(O)cc1OOS,CC(=O)Nc1ccc(O)cc1,C8H9NO4S,23,H2O2S
CC[NH2+]C1(c2cc(NC(C)=O)ccc2O)CC1,CC(=O)Nc1ccc(O)cc1,C13H19N2O2+,36,C5H12N+
CC(=O)Nc1ccc(O[SH2](=O)C=O)cc1,CC(=O)Nc1ccc(O)cc1,C9H11NO4S,26,CH4O2S
N=C(O)NC=CCC(=O)Nc1ccc(O)cc1,CC(=O)Nc1ccc(O)cc1,C11H13N3O3,30,C3H6N2O
CCOc1cc(O)ccc1NC(C)=O,CC(=O)Nc1ccc(O)cc1,C10H13NO3,27,C2H6O
CC(=O)Nc1ccc(O)cc1C=C1ONN1N,CC(=O)Nc1ccc(O)cc1,C10H12N4O3,29,C2H5N3O
CC(=O)Nc1ccc(O)c(C(C)Cl)c1,CC(=O)Nc1ccc(O)cc1,C10H12ClNO2,26,C2H5Cl
CC(=O)Nc1ccc(OC(=N)N2NCN2)cc1,CC(=O)Nc1ccc(O)cc1,C10H13N5O2,30,C2H6N4
CC(=O)Nc1ccc(O)c(-c2ooc2O)c1,CC(=O)Nc1ccc(O)cc1,C10H9NO5,25,C2H2O3
CC(=O)Nc1ccc(O)cc1C1CC2CC1C2,CC(=O)Nc1ccc(O)cc1,C14H17NO2,34,C6H10
CC(=O)Nc1ccc(OCc2ccoc2)cc1,CC(=O)Nc1ccc(O)cc1,C13H13NO3,30,C5H6O
CC(=O)Nc1ccc(Oc2nccnn2)cc1,CC(=O)Nc1ccc(O)cc1,C11H10N4O2,27,C3H3N3
Cc1ncn(CC(=O)Nc2ccc(O)cc2)n1,CC(=O)Nc1ccc(O)cc1,C11H12N4O2,29,C3H5N3
CC(=O)Nc1ccc(O)cc1OO[PH](=O)[O-],CC(=O)Nc1ccc(O)cc1,C8H9NO6P-,25,H2O4P-
CC(=O)Nc1ccc(O[SH3]2C=CN=C2)cc1,CC(=O)Nc1ccc(O)cc1,C11H14N2O2S,30,C3H7NS
CC(=O)Nc1ccc(O)c(C23NC2C3O)c1,CC(=O)Nc1ccc(O)cc1,C11H12N2O3,28,C3H5NO
CCCC(CN)c1cc(O)ccc1NC(C)=O,CC(=O)Nc1ccc(O)cc1,C13H20N2O2,37,C5H13N
CC(=O)Nc1ccc(O[SH2]23C=C2OC=N3)cc1,CC(=O)Nc1ccc(O)cc1,C11H12N2O3S,29,C3H5NOS
CC(=O)N(c1ccc(O)cc1)C1OO1,CC(=O)Nc1ccc(O)cc1,C9H9NO4,23,CH2O2
C[NH2+]CC(C)([NH3+])c1cc(O)ccc1NC(C)=O,CC(=O)Nc1ccc(O)cc1,C12H21N3O2+2,38,C4H14N2+2
COc1cc(NC(C)=O)ccc1O,CC(=O)Nc1ccc(O)cc1,C9H11NO3,24,CH4O
O=C(COC(F)=C(F)F)Nc1ccc(O)cc1,CC(=O)Nc1ccc(O)cc1,C10H8F3NO3,25,C2HF3O
CC(=O)N(C=C1N=CS1)c1ccc(O)cc1,CC(=O)Nc1ccc(O)cc1,C11H10N2O2S,26,C3H3NS
CC(=O)N(c1ccc(O)cc1)C1OCCC1Br,CC(=O)Nc1ccc(O)cc1,C12H14BrNO3,31,C4H7BrO
CCC(Cl)CCc1cc(NC(C)=O)ccc1O,CC(=O)Nc1ccc(O)cc1,C13H18ClNO2,35,C5H11Cl
C#CCCOc1ccc(NC(C)=O)cc1,CC(=O)Nc1ccc(O)cc1,C12H13NO2,28,C4H6
CC(=O)N(C=C1C=CO1)c1ccc(O)cc1,CC(=O)Nc1ccc(O)cc1,C12H11NO3,27,C4H4O
CC(=O)N(c1ccc(O)cc1)C(C)(N)S,CC(=O)Nc1ccc(O)cc1,C10H14N2O2S,29,C2H7NS
C[SiH2]C(C)c1cc(O)ccc1NC(C)=O,CC(=O)Nc1ccc(O)cc1,C11H17NO2Si,32,C3H10Si
CC(=O)Nc1ccc(O)cc1C1OO1,CC(=O)Nc1ccc(O)cc1,C9H9NO4,23,CH2O2
CC(=O)Nc1ccc(ONON=CO)cc1,CC(=O)Nc1ccc(O)cc1,C9H11N3O4,27,CH4N2O2
CC(=O)Nc1ccc(ONNC#N)cc1,CC(=O)Nc1ccc(O)cc1,C9H10N4O2,25,CH3N3
CC(=O)Nc1ccc(OP([O-])(=C[O-])OO)cc1,CC(=O)Nc1ccc(O)cc1,C9H10NO6P-2,27,CH3O4P-2
CC(=O)Nc1ccc(O)c(P(Cl)Cl)c1,CC(=O)Nc1ccc(O)cc1,C8H8Cl2NO2P,22,HCl2P
N=COC(Cl)NCC(=O)Nc1ccc(O)cc1,CC(=O)Nc1ccc(O)cc1,C10H12ClN3O3,29,C2H5ClN2O
CC(=O)Nc1ccc(O)cc1NC12C[SH2]1=N2,CC(=O)Nc1ccc(O)cc1,C10H13N3O2S,29,C2H6N2S
CC(=O)Nc1ccc(OCN)cc1,CC(=O)Nc1ccc(O)cc1,C9H12N2O2,25,CH5N
COCNOc1cc(NC(C)=O)ccc1O,CC(=O)Nc1ccc(O)cc1,C10H14N2O4,30,C2H7NO2
CC(=O)Nc1ccc(O)cc1CBr,CC(=O)Nc1ccc(O)cc1,C9H10BrNO2,23,CH3Br
CC[SiH2]N(C(C)=O)c1ccc(O)cc1,CC(=O)Nc1ccc(O)cc1,C10H15NO2Si,29,C2H8Si
CC(=O)Nc1ccc(O)c(OCCO)c1,CC(=O)Nc1ccc(O)cc1,C10H13NO4,28,C2H6O2
CC(=O)Nc1ccc(O)c(ONOC(C)C)c1,CC(=O)Nc1ccc(O)cc1,C11H16N2O4,33,C3H9NO2
COC(Cl)C(N)N(C(C)=O)c1ccc(O)cc1,CC(=O)Nc1ccc(O)cc1,C11H15ClN2O3,32,C3H8ClNO
CC(=O)Nc1ccc(O)c(C2=Nc3[nH][nH]c32)c1,CC(=O)Nc1ccc(O)cc1,C11H10N4O2,27,C3H3N3
CC(=O)Nc1ccc(O)cc1O[PH2](S)C(=O)O,CC(=O)Nc1ccc(O)cc1,C9H12NO5PS,29,CH5O3PS
CCCC(C)(N)c1cc(NC(C)=O)ccc1O,CC(=O)Nc1ccc(O)cc1,C13H20N2O2,37,C5H13N
CCc1cc(O)ccc1NC(C)=O,CC(=O)Nc1ccc(O)cc1,C10H13NO2,26,C2H6
CC(=O)Nc1ccc2cc1O[SH3](OC=S)O2,CC(=O)Nc1ccc(O)cc1,C9H11NO4S2,27,CH4O2S2
CC(=O)Nc1ccc(O)cc1N(CO)N=O,CC(=O)Nc1ccc(O)cc1,C9H11N3O4,27,CH4N2O2
O=C(CC(CO)CS)Nc1ccc(O)cc1,CC(=O)Nc1ccc(O)cc1,C11H15NO3S,31,C3H8OS
CC(=O)Nc1ccc(ON(N)C=NN)cc1,CC(=O)Nc1ccc(O)cc1,C9H13N5O2,29,CH6N4
CC(=O)Nc1ccc(OC2OC3CNC32)cc1,CC(=O)Nc1ccc(O)cc1,C12H14N2O3,31,C4H7NO
CC(=O)Nc1ccc(O)cc1O[PH](C)(O)C=N,CC(=O)Nc1ccc(O)cc1,C10H15N2O4P,32,C2H8NO2P
CC(=O)N(c1ccc(O)cc1)C1OC1F,CC(=O)Nc1ccc(O)cc1,C10H10FNO3,25,C2H3FO
CC(=O)Nc1ccc(O)cc1N1CSC2ON21,CC(=O)Nc1ccc(O)cc1,C10H11N3O3S,28,C2H4N2OS
CC(=O)Nc1ccc(OC(Br)CC(C)C)cc1,CC(=O)Nc1ccc(O)cc1,C13H18BrNO2,35,C5H11Br
CC(=O)N(C1=CCC(C)C1)c1ccc(O)cc1,CC(=O)Nc1ccc(O)cc1,C14H17NO2,34,C6H10
CC(=O)Nc1ccc(OC23S[SH2]4=C5C2C543)cc1,CC(=O)Nc1ccc(O)cc1,C12H11NO2S2,28,C4H4S2
CC(=O)Nc1ccc(OC(C)(F)CF)cc1,CC(=O)Nc1ccc(O)cc1,C11H13F2NO2,29,C3H6F2
COC(Br)N=Cc1cc(NC(C)=O)ccc1O,CC(=O)Nc1ccc(O)cc1,C11H13BrN2O3,30,C3H6BrNO
CC(=O)Nc1ccc(OCn2on2O)cc1,CC(=O)Nc1ccc(O)cc1,C9H11N3O4,27,CH4N2O2
CC(=O)Nc1ccc(O)cc1OCO,CC(=O)Nc1ccc(O)cc1,C9H11NO4,25,CH4O2
C=CC(Cl)c1cc(NC(C)=O)ccc1O,CC(=O)Nc1ccc(O)cc1,C11H12ClNO2,27,C3H5Cl
C=CS1(C)#[SH2]Oc2ccc(NC(C)=O)cc2C1,CC(=O)Nc1ccc(O)cc1,C12H17NO2S2,34,C4H10S2
CC(=O)Nc1ccc(OC(Br)(Br)CBr)cc1,CC(=O)Nc1ccc(O)cc1,C10H10Br3NO2,26,C2H3Br3
CSC(CC(=O)Nc1ccc(O)cc1)SC,CC(=O)Nc1ccc(O)cc1,C11H15NO2S2,31,C3H8S2
CC(=O)N(c1ccc(O)cc1)C1OCCC1[O-],CC(=O)Nc1ccc(O)cc1,C12H14NO4-,31,C4H7O2-
CC(=O)Nc1ccc(OBOCO)cc1,CC(=O)Nc1ccc(O)cc1,C9H12BNO4,27,CH5BO2
CC(=O)Nc1ccc2c(c1)OC=N[SH2]1(CO1)O2,CC(=O)Nc1ccc(O)cc1,C10H12N2O4S,29,C2H5NO2S
CC(=O)N(c1ccc(O)cc1)[PH2]1OO1,CC(=O)Nc1ccc(O)cc1,C8H10NO4P,24,H3O2P
CC(=O)Nc1ccc(O)c(C(Cl)C(=O)Cl)c1,CC(=O)Nc1ccc(O)cc1,C10H9Cl2NO3,25,C2H2Cl2O
CC(=O)Nc1ccc(O)cc1C(F)F,CC(=O)Nc1ccc(O)cc1,C9H9F2NO2,23,CH2F2
CC(=O)Nc1ccc(OCOC=O)cc1,CC(=O)Nc1ccc(O)cc1,C10H11NO4,26,C2H4O2
C=C(CI)CC(=O)Nc1ccc(O)cc1,CC(=O)Nc1ccc(O)cc1,C11H12INO2,27,C3H5I
CC(=O)N(c1ccc(O)cc1)C(F)CCCF,CC(=O)Nc1ccc(O)cc1,C12H15F2NO2,32,C4H8F2
CC(CNF)CC(=O)Nc1ccc(O)cc1,CC(=O)Nc1ccc(O)cc1,C11H15FN2O2,31,C3H8FN
C=CC(S)C(=O)c1cc(O)ccc1NC(C)=O,CC(=O)Nc1ccc(O)cc1,C12H13NO3S,30,C4H6OS
CC(=O)Nc1ccc(O)c(OC=COC=O)c1,CC(=O)Nc1ccc(O)cc1,C11H11NO5,28,C3H4O3
CC(=O)Nc1ccc(O)c(C=CSC=N)c1,CC(=O)Nc1ccc(O)cc1,C11H12N2O2S,28,C3H5NS
CC(=O)Nc1ccc(OS23=NC=2C3)cc1,CC(=O)Nc1ccc(O)cc1,C10H10N2O2S,25,C2H3NS
O=C(C[SH]1#CSC2C=C21)Nc1ccc(O)cc1,CC(=O)Nc1ccc(O)cc1,C12H11NO2S2,28,C4H4S2
CC(=O)N(c1ccc(O)cc1)N(N)C=N,CC(=O)Nc1ccc(O)cc1,C9H12N4O2,27,CH5N3
CC(=O)Nc1ccc(O)c(C2CCC(Cl)O2)c1,CC(=O)Nc1ccc(O)cc1,C12H14ClNO3,31,C4H7ClO
C=COCOCOc1ccc(NC(C)=O)cc1,CC(=O)Nc1ccc(O)cc1,C12H15NO4,32,C4H8O2
CC(=O)Nc1ccc(O)c(OC2CCCS2)c1,CC(=O)Nc1ccc(O)cc1,C12H15NO3S,32,C4H8OS
CC(=O)Nc1ccc(O)cc1C#[SH]1C2=C(Cl)C21,CC(=O)Nc1ccc(O)cc1,C12H10ClNO2S,27,C4H3ClS
CC(=O)N(c1ccc(O)cc1)c1cnno1,CC(=O)Nc1ccc(O)cc1,C10H9N3O3,25,C2H2N2O
CCC(C)C(Cl)c1cc(NC(C)=O)ccc1O,CC(=O)Nc1ccc(O)cc1,C13H18ClNO2,35,C5H11Cl
CC(=O)N(c1ccc(O)cc1)C1(O)OO1,CC(=O)Nc1ccc(O)cc1,C9H9NO5,24,CH2O3
CC(=O)Nc1ccc(O)cc1C(C)C([NH3+])CO,CC(=O)Nc1ccc(O)cc1,C12H19N2O3+,36,C4H12NO+
CC(=O)Nc1ccc(O)cc1C(Cl)CCl,CC(=O)Nc1ccc(O)cc1,C10H11Cl2NO2,26,C2H4Cl2
CC(=O)Nc1ccc(O)c(OCCC=O)c1,CC(=O)Nc1ccc(O)cc1,C11H13NO4,29,C3H6O2
CC(=O)Nc1ccc(O[SH]23(C)NC=C2S3)cc1,CC(=O)Nc1ccc(O)cc1,C11H14N2O2S2,31,C3H7NS2
CC(=O)Nc1ccc(O)c(C2C3OC(C)N32)c1,CC(=O)Nc1ccc(O)cc1,C12H14N2O3,31,C4H7NO
O=C(CC1=N[Se]1)Nc1ccc(O)cc1,CC(=O)Nc1ccc(O)cc1,C9H8N2O2Se,22,CHNSe
O=CCC(=O)Nc1ccc(O)cc1,CC(=O)Nc1ccc(O)cc1,C9H9NO3,22,CH2O
CSc1cc(NC(C)=O)ccc1O,CC(=O)Nc1ccc(O)cc1,C9H11NO2S,24,CH4S
CC(=O)Nc1ccc(O)c(C2OOO2)c1,CC(=O)Nc1ccc(O)cc1,C9H9NO5,24,CH2O3
CNCOCCc1cc(NC(C)=O)ccc1O,CC(=O)Nc1ccc(O)cc1,C12H18N2O3,35,C4H11NO
CC(=O)Nc1ccc(Oc2nsc(=O)o2)cc1,CC(=O)Nc1ccc(O)cc1,C10H8N2O4S,25,C2HNO2S
CC(=O)N(c1ccc(O)cc1)N1C2=[SH3]C21,CC(=O)Nc1ccc(O)cc1,C10H12N2O2S,27,C2H5NS
CC[SiH2]c1cc(O)ccc1NC(C)=O,CC(=O)Nc1ccc(O)cc1,C10H15NO2Si,29,C2H8Si
CCOC(=N)Oc1cc(NC(C)=O)ccc1O,CC(=O)Nc1ccc(O)cc1,C11H14N2O4,31,C3H7NO2
CCSOCC(=O)Nc1ccc(O)cc1,CC(=O)Nc1ccc(O)cc1,C10H13NO3S,28,C2H6OS
CC(=O)Nc1ccc(OCC2C#CO2)cc1,CC(=O)Nc1ccc(O)cc1,C12H11NO3,27,C4H4O
CC(=O)Nc1ccc(O)c(N2C[NH2+]2)c1,CC(=O)Nc1ccc(O)cc1,C9H12N3O2+,26,CH5N2+
CCc1cc(NC(C)=O)ccc1O,CC(=O)Nc1ccc(O)cc1,C10H13NO2,26,C2H6
CC(=O)N(c1ccc(O)cc1)C(F)(Cl)C(=O)F,CC(=O)Nc1ccc(O)cc1,C10H8ClF2NO3,25,C2HClF2O
CC(=O)Nc1ccc(OC=C(O)Br)cc1,CC(=O)Nc1ccc(O)cc1,C10H10BrNO3,25,C2H3BrO
CC(=O)N(c1ccc(O)cc1)c1ncoc1Br,CC(=O)Nc1ccc(O)cc1,C11H9BrN2O3,26,C3H2BrNO
CC(=O)Nc1ccc(O)c(CCC(C)I)c1,CC(=O)Nc1ccc(O)cc1,C12H16INO2,32,C4H9I
C=C(CC)CC(=O)Nc1ccc(O)cc1,CC(=O)Nc1ccc(O)cc1,C12H15NO2,30,C4H8
CC(=O)Nc1ccc(O)cc1C12CC1CO2,CC(=O)Nc1ccc(O)cc1,C12H13NO3,29,C4H6O
CC(S)CCC(=O)Nc1ccc(O)cc1,CC(=O)Nc1ccc(O)cc1,C11H15NO2S,30,C3H8S
CC(=O)Nc1ccc(O)c(NC(F)(F)CF)c1,CC(=O)Nc1ccc(O)cc1,C10H11F3N2O2,28,C2H4F3N
CC(=O)Nc1ccc(O)cc1C1NN[NH2+]1,CC(=O)Nc1ccc(O)cc1,C9H13N4O2+,28,CH6N3+
CC(=O)N(O[PH](=O)OO)c1ccc(O)cc1,CC(=O)Nc1ccc(O)cc1,C8H10NO6P,26,H3O4P
CC(=O)Nc1ccc(O)cc1OCNC=N,CC(=O)Nc1ccc(O)cc1,C10H13N3O3,29,C2H6N2O
O=C(CC1[SH4]C2CCC21)Nc1ccc(O)cc1,CC(=O)Nc1ccc(O)cc1,C13H19NO2S,36,C5H12S
CC(=O)Nc1ccc(O)cc1C(C)CCC[NH3+],CC(=O)Nc1ccc(O)cc1,C13H21N2O2+,38,C5H14N+
CC(=O)N(c1ccc(O)cc1)C(F)CNF,CC(=O)Nc1ccc(O)cc1,C10H12F2N2O2,28,C2H5F2N
CC(=O)Nc1ccc(O)c(C23C4=[SH2]5C2[SH2]453)c1,CC(=O)Nc1ccc(O)cc1,C11H13NO2S2,29,C3H6S2
CC(=O)Nc1ccc(OC2CS2)cc1,CC(=O)Nc1ccc(O)cc1,C10H11NO2S,25,C2H4S
CC(=O)N(CC1CCCC1)c1ccc(O)cc1,CC(=O)Nc1ccc(O)cc1,C14H19NO2,36,C6H12
CC(=O)N(c1ccc(O)cc1)C1OC(C)(Cl)O1,CC(=O)Nc1ccc(O)cc1,C11H12ClNO4,29,C3H5ClO2
CC=C(Br)c1cc(O)ccc1NC(C)=O,CC(=O)Nc1ccc(O)cc1,C11H12BrNO2,27,C3H5Br
CCC(S)(S)CCC(=O)Nc1ccc(O)cc1,CC(=O)Nc1ccc(O)cc1,C12H17NO2S2,34,C4H10S2
CCCCC[SiH2]N(C(C)=O)c1ccc(O)cc1,CC(=O)Nc1ccc(O)cc1,C13H21NO2Si,38,C5H14Si
CC(=O)Nc1ccc(O[SH3]2C=COC=N2)cc1,CC(=O)Nc1ccc(O)cc1,C11H14N2O3S,31,C3H7NOS
CC(=O)Nc1ccc(O[SiH](C)C)cc1,CC(=O)Nc1ccc(O)cc1,C10H15NO2Si,29,C2H8Si
CC(=O)N(c1ccc(O)cc1)C(O)CBr,CC(=O)Nc1ccc(O)cc1,C10H12BrNO3,27,C2H5BrO
CC(=O)N(c1ccc(O)cc1)C1(O)NCC1=S,CC(=O)Nc1ccc(O)cc1,C11H12N2O3S,29,C3H5NOS
CC(=O)Nc1ccc(O[SH3]2C=C=C2)cc1,CC(=O)Nc1ccc(O)cc1,C11H13NO2S,28,C3H6S
CC(=O)Nc1ccc(O)cc1C1CC1O[O-],CC(=O)Nc1ccc(O)cc1,C11H12NO4-,28,C3H5O2-
CC(=O)Nc1ccc(O)cc1OOOS[O-],CC(=O)Nc1ccc(O)cc1,C8H8NO6S-,24,HO4S-
CC[SiH](C)C(O)Oc1ccc(NC(C)=O)cc1,CC(=O)Nc1ccc(O)cc1,C12H19NO3Si,36,C4H12OSi
CC(=O)Nc1ccc(O)c(NOC=N)c1,CC(=O)Nc1ccc(O)cc1,C9H11N3O3,26,CH4N2O
N=C(F)CCCC(=O)Nc1ccc(O)cc1,CC(=O)Nc1ccc(O)cc1,C11H13FN2O2,29,C3H6FN
CC(=O)Nc1ccc(O)c(C(=N)O)c1,CC(=O)Nc1ccc(O)cc1,C9H10N2O3,24,CH3NO
CC[SiH](CCl)Cc1cc(O)ccc1NC(C)=O,CC(=O)Nc1ccc(O)cc1,C12H18ClNO2Si,35,C4H11ClSi
C=CC=C(C)Oc1ccc(NC(C)=O)cc1,CC(=O)Nc1ccc(O)cc1,C13H15NO2,31,C5H8
CC(=O)Nc1ccc(O)cc1OC1O[PH]1(O)O,CC(=O)Nc1ccc(O)cc1,C9H12NO6P,29,CH5O4P
C=COC(F)c1cc(NC(C)=O)ccc1O,CC(=O)Nc1ccc(O)cc1,C11H12FNO3,28,C3H5FO
CC(=O)Nc1ccc(O)c(C=C2N=C(Cl)S2)c1,CC(=O)Nc1ccc(O)cc1,C11H9ClN2O2S,26,C3H2ClNS
O=C(CC(F)C(F)CF)Nc1ccc(O)cc1,CC(=O)Nc1ccc(O)cc1,C11H12F3NO2,29,C3H5F3
C=C1C=C1c1cc(O)ccc1NC(C)=O,CC(=O)Nc1ccc(O)cc1,C12H11NO2,26,C4H4
O=C(COSOO)Nc1ccc(O)cc1,CC(=O)Nc1ccc(O)cc1,C8H9NO5S,24,H2O3S
CC(=O)N(c1ccc(O)cc1)[PH](=O)O,CC(=O)Nc1ccc(O)cc1,C8H10NO4P,24,H3O2P
CC(=O)N(c1ccc(O)cc1)[SH]1(C)=COS1,CC(=O)Nc1ccc(O)cc1,C10H13NO3S2,29,C2H6OS2
CC(=O)Nc1ccc(O)cc1C12OC13NCC32,CC(=O)Nc1ccc(O)cc1,C12H12N2O3,29,C4H5NO
CC(=O)Nc1ccc(O)c(C(F)C(F)F)c1,CC(=O)Nc1ccc(O)cc1,C10H10F3NO2,26,C2H3F3
CC(=O)Nc1ccc(O)c(N2N=N2)c1,CC(=O)Nc1ccc(O)cc1,C8H8N4O2,22,HN3
CCOSOOc1cc(NC(C)=O)ccc1O,CC(=O)Nc1ccc(O)cc1,C10H13NO5S,30,C2H6O3S
O=C(CC=C(OCl)OCl)Nc1ccc(O)cc1,CC(=O)Nc1ccc(O)cc1,C10H9Cl2NO4,26,C2H2Cl2O2
CNN(C(C)=O)c1ccc(O)cc1,CC(=O)Nc1ccc(O)cc1,C9H12N2O2,25,CH5N
CC(=O)Nc1ccc(O)c(C(C)(O)F)c1,CC(=O)Nc1ccc(O)cc1,C10H12FNO3,27,C2H5FO
CC(=O)N(c1ccc(O)cc1)[NH+](C)CC(C)C,CC(=O)Nc1ccc(O)cc1,C13H21N2O2+,38,C5H14N+
CC[SiH2]OCOc1cc(NC(C)=O)ccc1O,CC(=O)Nc1ccc(O)cc1,C11H17NO4Si,34,C3H10O2Si
CCNOC(S)CC(=O)Nc1ccc(O)cc1,CC(=O)Nc1ccc(O)cc1,C11H16N2O3S,33,C3H9NOS
CC(=O)Nc1ccc(O)cc1C12N=CC1C2Cl,CC(=O)Nc1ccc(O)cc1,C12H11ClN2O2,28,C4H4ClN
O=C(CN1CC=CC1)Nc1ccc(O)cc1,CC(=O)Nc1ccc(O)cc1,C12H14N2O2,30,C4H7N
CC(=O)N(CNN=S)c1ccc(O)cc1,CC(=O)Nc1ccc(O)cc1,C9H11N3O2S,26,CH4N2S
CC(=O)Nc1ccc(O)cc1C=COOCl,CC(=O)Nc1ccc(O)cc1,C10H10ClNO4,26,C2H3ClO2
CCC(CI)c1cc(O)ccc1NC(C)=O,CC(=O)Nc1ccc(O)cc1,C12H16INO2,32,C4H9I
CC(=O)Nc1ccc(O)c(C(=O)O)c1,CC(=O)Nc1ccc(O)cc1,C9H9NO4,23,CH2O2
CC(=O)Nc1ccc(OC(C)CF)cc1,CC(=O)Nc1ccc(O)cc1,C11H14FNO2,29,C3H7F
CC(=O)Nc1ccc(OS23#CC2SC3=S)cc1,CC(=O)Nc1ccc(O)cc1,C11H9NO2S3,26,C3H2S3
O=C(CN1COC(O)O1)Nc1ccc(O)cc1,CC(=O)Nc1ccc(O)cc1,C10H12N2O5,29,C2H5NO3
CCC(F)CCc1cc(NC(C)=O)ccc1O,CC(=O)Nc1ccc(O)cc1,C13H18FNO2,35,C5H11F
O=C(CN1NC=CN1)Nc1ccc(O)cc1,CC(=O)Nc1ccc(O)cc1,C10H12N4O2,28,C2H5N3
CC(=O)Nc1ccc(O)c(CCNN)c1,CC(=O)Nc1ccc(O)cc1,C10H15N3O2,30,C2H8N2
CC(=O)Nc1ccc(O)c([SH2]23OC2OS3)c1,CC(=O)Nc1ccc(O)cc1,C9H11NO4S2,27,CH4O2S2
CC(=O)Nc1ccc(O)cc1C(F)CF,CC(=O)Nc1ccc(O)cc1,C10H11F2NO2,26,C2H4F2
CC(=O)Nc1ccc(O)c(CN)c1,CC(=O)Nc1ccc(O)cc1,C9H12N2O2,25,CH5N
CCOCOc1cc(NC(C)=O)ccc1O,CC(=O)Nc1ccc(O)cc1,C11H15NO4,31,C3H8O2
CC(=O)Nc1ccc(O)c(CCCNN)c1,CC(=O)Nc1ccc(O)cc1,C11H17N3O2,33,C3H10N2
BOOCC(=O)Nc1ccc(O)cc1,CC(=O)Nc1ccc(O)cc1,C8H10BNO4,24,H3BO2
CC(=O)Nc1ccc(OC23C=COC2O3)cc1,CC(=O)Nc1ccc(O)cc1,C12H11NO4,28,C4H4O2
CC(=O)N(c1ccc(O)cc1)[PH](=O)O[O-],CC(=O)Nc1ccc(O)cc1,C8H9NO5P-,24,H2O3P-
CC(=O)N(SC12C3C1N32)c1ccc(O)cc1,CC(=O)Nc1ccc(O)cc1,C11H10N2O2S,26,C3H3NS
CC(=O)N(c1ccc(O)cc1)C12N=C(NO1)O2,CC(=O)Nc1ccc(O)cc1,C10H9N3O4,26,C2H2N2O2
CC(=O)N(c1ccc(O)cc1)C1CC2CC=C21,CC(=O)Nc1ccc(O)cc1,C14H15NO2,32,C6H8
CC(=O)Nc1ccc(O)cc1C1CC=[SH3]1,CC(=O)Nc1ccc(O)cc1,C11H15NO2S,30,C3H8S
CC(=O)Nc1ccc(O)c(N2CC2CCF)c1,CC(=O)Nc1ccc(O)cc1,C12H15FN2O2,32,C4H8FN
C=CN1CN1Oc1ccc(NC(C)=O)cc1,CC(=O)Nc1ccc(O)cc1,C11H13N3O2,29,C3H6N2
CC(=O)Nc1ccc(O)c(N(N)C=O)c1,CC(=O)Nc1ccc(O)cc1,C9H11N3O3,26,CH4N2O
CC(=O)Nc1ccc(O)c(C2CSSCO2)c1,CC(=O)Nc1ccc(O)cc1,C11H13NO3S2,30,C3H6OS2
CC(=O)Nc1ccc(O)c(C2(F)OC2F)c1,CC(=O)Nc1ccc(O)cc1,C10H9F2NO3,25,C2H2F2O
CCC(CO)N(C(C)=O)c1ccc(O)cc1,CC(=O)Nc1ccc(O)cc1,C12H17NO3,33,C4H10O
CC(=O)Nc1ccc(O)c(C(F)C(F)F)c1,CC(=O)Nc1ccc(O)cc1,C10H10F3NO2,26,C2H3F3
CC(=O)Nc1ccc(O)c(C2(OF)CN2F)c1,CC(=O)Nc1ccc(O)cc1,C10H10F2N2O3,27,C2H3F2NO
CC(=O)N(C#S(F)(F)F)c1ccc(O)cc1,CC(=O)Nc1ccc(O)cc1,C9H8F3NO2S,24,CHF3S
CC(=O)N(C(=N)OC=NO)c1ccc(O)cc1,CC(=O)Nc1ccc(O)cc1,C10H11N3O4,28,C2H4N2O2
O=C(CC(F)(F)Cl)Nc1ccc(O)cc1,CC(=O)Nc1ccc(O)cc1,C9H8ClF2NO2,23,CHClF2
CC(=O)Nc1ccc(OC2(N)N=N2)cc1,CC(=O)Nc1ccc(O)cc1,C9H10N4O2,25,CH3N3
C=C(Br)c1cc(O)ccc1NC(C)=O,CC(=O)Nc1ccc(O)cc1,C10H10BrNO2,24,C2H3Br
CC(=O)Nc1ccc(OC23C=CN2C3)cc1,CC(=O)Nc1ccc(O)cc1,C12H12N2O2,28,C4H5N
CC[SiH2]C(C)c1cc(O)ccc1NC(C)=O,CC(=O)Nc1ccc(O)cc1,C12H19NO2Si,35,C4H12Si
CC(=O)Nc1ccc(O[PH2]2CCO2)cc1,CC(=O)Nc1ccc(O)cc1,C10H14NO3P,29,C2H7OP
CC(=O)Nc1ccc(O)cc1C1OC1[O-],CC(=O)Nc1ccc(O)cc1,C10H10NO4-,25,C2H3O2-
CC(=O)Nc1ccc(O)c(NSC=NCO)c1,CC(=O)Nc1ccc(O)cc1,C10H13N3O3S,30,C2H6N2OS
CC(=O)Nc1ccc(OC(C)I)cc1,CC(=O)Nc1ccc(O)cc1,C10H12INO2,26,C2H5I
CC(=O)Nc1ccc(ON2C=C3S[SH3]32)cc1,CC(=O)Nc1ccc(O)cc1,C10H12N2O2S2,28,C2H5NS2
CC(=O)Nc1ccc(O)c(OC[PH3]CC=O)c1,CC(=O)Nc1ccc(O)cc1,C11H16NO4P,33,C3H9O2P
CC(=O)Nc1ccc(O)cc1C(I)=C1C=CS1,CC(=O)Nc1ccc(O)cc1,C12H10INO2S,27,C4H3IS
CC(=O)Nc1ccc(O)c(C(F)=CF)c1,CC(=O)Nc1ccc(O)cc1,C10H9F2NO2,24,C2H2F2
CC(=O)Nc1ccc(OC(Br)CCO)cc1,CC(=O)Nc1ccc(O)cc1,C11H14BrNO3,30,C3H7BrO
CC(=O)Nc1ccc(OCN2CN2C)cc1,CC(=O)Nc1ccc(O)cc1,C11H15N3O2,31,C3H8N2
CC(=O)Nc1ccc(O)cc1CCCCCl,CC(=O)Nc1ccc(O)cc1,C12H16ClNO2,32,C4H9Cl
C=CSCCOc1ccc(NC(C)=O)cc1,CC(=O)Nc1ccc(O)cc1,C12H15NO2S,31,C4H8S
CC(=O)Nc1ccc(O)c(OC=NC=CBr)c1,CC(=O)Nc1ccc(O)cc1,C11H11BrN2O3,28,C3H4BrNO
CC(=O)Nc1ccc(OC23C=C2CC3)cc1,CC(=O)Nc1ccc(O)cc1,C13H13NO2,29,C5H6
CCC(NN)c1cc(NC(C)=O)ccc1O,CC(=O)Nc1ccc(O)cc1,C11H17N3O2,33,C3H10N2
CC(=O)N(c1ccc(O)cc1)C(C)OC=N,CC(=O)Nc1ccc(O)cc1,C11H14N2O3,30,C3H7NO
CC(=O)Nc1ccc(O)c(C(O)=P([O-])([O-])O)c1,CC(=O)Nc1ccc(O)cc1,C9H10NO6P-2,27,CH3O4P-2
CC(=O)Nc1ccc(OCCC(C)Cl)cc1,CC(=O)Nc1ccc(O)cc1,C12H16ClNO2,32,C4H9Cl
CC(=O)Nc1ccc(O)cc1C12OCC1(C)O2,CC(=O)Nc1ccc(O)cc1,C12H13NO4,30,C4H6O2
CNC(O)CCc1cc(O)ccc1NC(C)=O,CC(=O)Nc1ccc(O)cc1,C12H18N2O3,35,C4H11NO
CC(=O)Nc1ccc(O)cc1N1C2NC3SC321,CC(=O)Nc1ccc(O)cc1,C11H11N3O2S,28,C3H4N2S
CC(=O)Nc1ccc(O)c(N2N3C4=CC3N42)c1,CC(=O)Nc1ccc(O)cc1,C11H10N4O2,27,C3H3N3
COC(Cl)C(O)c1cc(NC(C)=O)ccc1O,CC(=O)Nc1ccc(O)cc1,C11H14ClNO4,31,C3H7ClO2
O=C(CN1N=N1)Nc1ccc(O)cc1,CC(=O)Nc1ccc(O)cc1,C8H8N4O2,22,HN3
CC(=O)Nc1ccc(O)cc1CSC=N,CC(=O)Nc1ccc(O)cc1,C10H12N2O2S,27,C2H5NS
O=C(CC(F)Cl)Nc1ccc(O)cc1,CC(=O)Nc1ccc(O)cc1,C9H9ClFNO2,23,CH2ClF
CC(=O)Nc1ccc(O)c(-n2on2C=N)c1,CC(=O)Nc1ccc(O)cc1,C9H10N4O3,26,CH3N3O
CC(=O)Nc1ccc(OOO[PH2]=O)cc1,CC(=O)Nc1ccc(O)cc1,C8H10NO5P,25,H3O3P
C=CN(C)C(N)c1cc(NC(C)=O)ccc1O,CC(=O)Nc1ccc(O)cc1,C12H17N3O2,34,C4H10N2
CC(=O)Nc1ccc(O)cc1C12C3SC1(Cl)N32,CC(=O)Nc1ccc(O)cc1,C11H9ClN2O2S,26,C3H2ClNS
CC(=O)Nc1ccc(O)cc1C(C)(Cl)C(Cl)Cl,CC(=O)Nc1ccc(O)cc1,C11H12Cl3NO2,29,C3H5Cl3
C#S(C)(S)CC(=O)Nc1ccc(O)cc1,CC(=O)Nc1ccc(O)cc1,C10H13NO2S2,28,C2H6S2
C=CC(N)(F)Cc1cc(O)ccc1NC(C)=O,CC(=O)Nc1ccc(O)cc1,C12H15FN2O2,32,C4H8FN
CC(=O)Nc1ccc(O)c(-n2ccc(Br)c2)c1,CC(=O)Nc1ccc(O)cc1,C12H11BrN2O2,28,C4H4BrN
CC(=O)N(C1=NC=CSS1)c1ccc(O)cc1,CC(=O)Nc1ccc(O)cc1,C11H10N2O2S2,27,C3H3NS2
CC(=O)Nc1ccc(O[SH2]23CC2SC3=S)cc1,CC(=O)Nc1ccc(O)cc1,C11H13NO2S3,30,C3H6S3
CC(=O)Nc1ccc(OC2(C3=CC3)C=C2)cc1,CC(=O)Nc1ccc(O)cc1,C14H13NO2,30,C6H6
O=C(CC12CCC(C1)O2)Nc1ccc(O)cc1,CC(=O)Nc1ccc(O)cc1,C13H15NO3,32,C5H8O
CC(=O)N(c1ccc(O)cc1)N(C)N,CC(=O)Nc1ccc(O)cc1,C9H13N3O2,27,CH6N2
CC(=O)Nc1ccc(O)cc1C(O)CNCCl,CC(=O)Nc1ccc(O)cc1,C11H15ClN2O3,32,C3H8ClNO
CC(=O)Nc1ccc(O)c(C2=C=[SH2](O)NO2)c1,CC(=O)Nc1ccc(O)cc1,C10H12N2O4S,29,C2H5NO2S
CC(=O)Nc1ccc(O)cc1NN=O,CC(=O)Nc1ccc(O)cc1,C8H9N3O3,23,H2N2O
CC(=O)Nc1ccc(O)cc1OOCOS,CC(=O)Nc1ccc(O)cc1,C9H11NO5S,27,CH4O3S
O=C(C[SiH](Cl)CCl)Nc1ccc(O)cc1,CC(=O)Nc1ccc(O)cc1,C9H11Cl2NO2Si,26,CH4Cl2Si
CC(=O)Nc1ccc(O)c(N=O)c1,CC(=O)Nc1ccc(O)cc1,C8H8N2O3,21,HNO
CCOC(I)=Nc1cc(NC(C)=O)ccc1O,CC(=O)Nc1ccc(O)cc1,C11H13IN2O3,30,C3H6INO
N#CSCC(=O)Nc1ccc(O)cc1,CC(=O)Nc1ccc(O)cc1,C9H8N2O2S,22,CHNS
CC(=O)Nc1ccc(O)cc1SOO[O-],CC(=O)Nc1ccc(O)cc1,C8H8NO5S-,23,HO3S-
C=C(F)N(C(C)=O)c1ccc(O)cc1,CC(=O)Nc1ccc(O)cc1,C10H10FNO2,24,C2H3F
C=NCC(=O)Nc1ccc(O)cc1,CC(=O)Nc1ccc(O)cc1,C9H10N2O2,23,CH3N
CC(Cl)(CCO)CC(=O)Nc1ccc(O)cc1,CC(=O)Nc1ccc(O)cc1,C12H16ClNO3,33,C4H9ClO
CC(=O)N(CC(Cl)CNCl)c1ccc(O)cc1,CC(=O)Nc1ccc(O)cc1,C11H14Cl2N2O2,31,C3H7Cl2N
COCC(C)Oc1cc(O)ccc1NC(C)=O,CC(=O)Nc1ccc(O)cc1,C12H17NO4,34,C4H10O2
O=C(CC1C23CC12S3)Nc1ccc(O)cc1,CC(=O)Nc1ccc(O)cc1,C12H11NO2S,27,C4H4S
O=C(CNn1oo1)Nc1ccc(O)cc1,CC(=O)Nc1ccc(O)cc1,C8H9N3O4,24,H2N2O2
C=C[N+]1=CC(c2cc(O)ccc2NC(C)=O)=C1,CC(=O)Nc1ccc(O)cc1,C13H13N2O2+,30,C5H6N+
CC(=O)Nc1ccc(O)cc1C1=C2OCSN21,CC(=O)Nc1ccc(O)cc1,C11H10N2O3S,27,C3H3NOS
CC(=O)Nc1ccc(O)cc1C1(F)CC1CF,CC(=O)Nc1ccc(O)cc1,C12H13F2NO2,30,C4H6F2
CC(=O)Nc1ccc(O)cc1ON1CN2CC21,CC(=O)Nc1ccc(O)cc1,C11H13N3O3,30,C3H6N2O
CC(=O)N(C[NH3+])c1ccc(O)cc1,CC(=O)Nc1ccc(O)cc1,C9H13N2O2+,26,CH6N+
CC(=O)Nc1ccc(O)c(C2CCCN2O)c1,CC(=O)Nc1ccc(O)cc1,C12H16N2O3,33,C4H9NO
CC(=O)Nc1ccc(O)cc1C1=CCC(Br)=N1,CC(=O)Nc1ccc(O)cc1,C12H11BrN2O2,28,C4H4BrN
O=C(CC1(F)CC1)Nc1ccc(O)cc1,CC(=O)Nc1ccc(O)cc1,C11H12FNO2,27,C3H5F
CC(=O)Nc1ccc(O)c(C2O[SH2]23OC3Cl)c1,CC(=O)Nc1ccc(O)cc1,C10H12ClNO4S,29,C2H5ClO2S
CCCCSc1cc(NC(C)=O)ccc1O,CC(=O)Nc1ccc(O)cc1,C12H17NO2S,33,C4H10S
CC(=O)Nc1ccc(O)cc1CP(=O)([O-])O[O-],CC(=O)Nc1ccc(O)cc1,C9H10NO6P-2,27,CH3O4P-2
CC(=O)Nc1ccc(OC(C)Br)cc1,CC(=O)Nc1ccc(O)cc1,C10H12BrNO2,26,C2H5Br
CC(=O)Nc1ccc(OP(=O)([O-])[O-])cc1,CC(=O)Nc1ccc(O)cc1,C8H8NO5P-2,23,HO3P-2
CC(=O)Nc1ccc(O)c(C([O-])(O)C=O)c1,CC(=O)Nc1ccc(O)cc1,C10H10NO5-,26,C2H3O3-
CC(=O)Nc1ccc(O)c(CC2CC(C)C2)c1,CC(=O)Nc1ccc(O)cc1,C14H19NO2,36,C6H12
CC(=O)Nc1ccc(O)c(NCCCN)c1,CC(=O)Nc1ccc(O)cc1,C11H17N3O2,33,C3H10N2
CC(=O)Nc1ccc(O)cc1C1=C2NN(C)C21,CC(=O)Nc1ccc(O)cc1,C12H13N3O2,30,C4H6N2
CC(=O)N(CCCC(C)Br)c1ccc(O)cc1,CC(=O)Nc1ccc(O)cc1,C13H18BrNO2,35,C5H11Br
CC(=O)Nc1ccc(O)cc1[Si](C)(CCl)CCl,CC(=O)Nc1ccc(O)cc1,C11H15Cl2NO2Si,32,C3H8Cl2Si
CC(=O)Nc1ccc(O)c(OCSC=N)c1,CC(=O)Nc1ccc(O)cc1,C10H12N2O3S,28,C2H5NOS
CC(=O)Nc1ccc(O)cc1OO,CC(=O)Nc1ccc(O)cc1,C8H9NO4,22,H2O2
CC(=O)Nc1ccc(O)cc1C1OCN2NC12,CC(=O)Nc1ccc(O)cc1,C11H13N3O3,30,C3H6N2O
O=CC(F)CC(=O)Nc1ccc(O)cc1,CC(=O)Nc1ccc(O)cc1,C10H10FNO3,25,C2H3FO
CC(=O)Nc1ccc(O)c(CC(Cl)CCl)c1,CC(=O)Nc1ccc(O)cc1,C11H13Cl2NO2,29,C3H6Cl2
CC(=O)Nc1ccc(O)cc1C=CCBr,CC(=O)Nc1ccc(O)cc1,C11H12BrNO2,27,C3H5Br
CC(=O)Nc1ccc(O)cc1N(N=C=S)OO,CC(=O)Nc1ccc(O)cc1,C9H9N3O4S,26,CH2N2O2S
CC(=O)Nc1ccc(O)cc1C(CF)C(F)F,CC(=O)Nc1ccc(O)cc1,C11H12F3NO2,29,C3H5F3
C=COOC(O)CC(=O)Nc1ccc(O)cc1,CC(=O)Nc1ccc(O)cc1,C11H13NO5,30,C3H6O3
O=C(C[PH]1([O-])OC([O-])O1)Nc1ccc(O)cc1,CC(=O)Nc1ccc(O)cc1,C9H10NO6P-2,27,CH3O4P-2
CC(=O)Nc1ccc(O[SH3]2C=CCC2)cc1,CC(=O)Nc1ccc(O)cc1,C12H17NO2S,33,C4H10S
CC(=O)Nc1ccc(O)cc1C(C)OCN,CC(=O)Nc1ccc(O)cc1,C11H16N2O3,32,C3H9NO
CCNCCOc1ccc(NC(C)=O)cc1,CC(=O)Nc1ccc(O)cc1,C12H18N2O2,34,C4H11N
N=C(N)NNCC(=O)Nc1ccc(O)cc1,CC(=O)Nc1ccc(O)cc1,C9H13N5O2,29,CH6N4
CC(=O)Nc1ccc(O)cc1COC=CBr,CC(=O)Nc1ccc(O)cc1,C11H12BrNO3,28,C3H5BrO
CC(=O)Nc1ccc(O)cc1NN=O,CC(=O)Nc1ccc(O)cc1,C8H9N3O3,23,H2N2O
COC(O)=NCC(=O)Nc1ccc(O)cc1,CC(=O)Nc1ccc(O)cc1,C10H12N2O4,28,C2H5NO2
CC(=O)Nc1ccc(O)c(C=NCN(O)O)c1,CC(=O)Nc1ccc(O)cc1,C10H13N3O4,30,C2H6N2O2
COC(=S)CC(=O)Nc1ccc(O)cc1,CC(=O)Nc1ccc(O)cc1,C10H11NO3S,26,C2H4OS
CC(=O)Nc1ccc(O)c(NC(F)C(=O)F)c1,CC(=O)Nc1ccc(O)cc1,C10H10F2N2O3,27,C2H3F2NO
CCNNCC(=O)Nc1ccc(O)cc1,CC(=O)Nc1ccc(O)cc1,C10H15N3O2,30,C2H8N2
CNCC(=O)Nc1ccc(O)cc1,CC(=O)Nc1ccc(O)cc1,C9H12N2O2,25,CH5N
CC(=O)Nc1ccc(O)cc1C1ON2CC12Br,CC(=O)Nc1ccc(O)cc1,C11H11BrN2O3,28,C3H4BrNO
O=C(CCCCC1OO1)Nc1ccc(O)cc1,CC(=O)Nc1ccc(O)cc1,C12H15NO4,32,C4H8O2
CC(=O)Nc1ccc(O)c(C(C)C2=CC[SiH2]2)c1,CC(=O)Nc1ccc(O)cc1,C13H17NO2Si,34,C5H10Si
CC(=O)Nc1ccc(O)cc1S12#CC(=N1)C2Cl,CC(=O)Nc1ccc(O)cc1,C11H9ClN2O2S,26,C3H2ClNS
CC(=O)Nc1ccc(OCC2OC=CO2)cc1,CC(=O)Nc1ccc(O)cc1,C12H13NO4,30,C4H6O2
CC(=O)Nc1ccc(OS(C)(=O)=O)cc1S,CC(=O)Nc1ccc(O)cc1,C9H11NO4S2,27,CH4O2S2
NCOCC(=O)Nc1ccc(O)cc1,CC(=O)Nc1ccc(O)cc1,C9H12N2O3,26,CH5NO
CNCC(=O)Nc1ccc(O)cc1,CC(=O)Nc1ccc(O)cc1,C9H12N2O2,25,CH5N
CC(=O)N(CF)c1ccc(O)cc1,CC(=O)Nc1ccc(O)cc1,C9H10FNO2,23,CH3F
C=C(Cl)c1cc(O)ccc1NC(C)=O,CC(=O)Nc1ccc(O)cc1,C10H10ClNO2,24,C2H3Cl
COSc1cc(O)ccc1NC(C)=O,CC(=O)Nc1ccc(O)cc1,C9H11NO3S,25,CH4OS
CC(CC(=O)Nc1ccc(O)cc1)NCN,CC(=O)Nc1ccc(O)cc1,C11H17N3O2,33,C3H10N2
CC(=O)N(COC(=N)Br)c1ccc(O)cc1,CC(=O)Nc1ccc(O)cc1,C10H11BrN2O3,27,C2H4BrNO
CC(=O)N(OC(Cl)=C(Cl)Cl)c1ccc(O)cc1,CC(=O)Nc1ccc(O)cc1,C10H8Cl3NO3,25,C2HCl3O
CC(=O)Nc1ccc2c(c1)[SH2]1=[SH]34C=[SH2](O2)C3=C14,CC(=O)Nc1ccc(O)cc1,C11H13NO2S3,30,C3H6S3
C#Cc1cc(NC(C)=O)ccc1O,CC(=O)Nc1ccc(O)cc1,C10H9NO2,22,C2H2
CC(=O)N(c1ccc(O)cc1)C(O)CN,CC(=O)Nc1ccc(O)cc1,C10H14N2O3,29,C2H7NO
O=C(CC1(NF)OC1F)Nc1ccc(O)cc1,CC(=O)Nc1ccc(O)cc1,C10H10F2N2O3,27,C2H3F2NO
C=C(C(Cl)Cl)N(C(C)=O)c1ccc(O)cc1,CC(=O)Nc1ccc(O)cc1,C11H11Cl2NO2,27,C3H4Cl2
CC(=O)Nc1ccc(O)c(C2N(C)C23C#C3)c1,CC(=O)Nc1ccc(O)cc1,C13H12N2O2,29,C5H5N
CC(=O)Nc1ccc(O)cc1OC(O)OC=N,CC(=O)Nc1ccc(O)cc1,C10H12N2O5,29,C2H5NO3
CC(=O)N(CCCCl)c1ccc(O)cc1,CC(=O)Nc1ccc(O)cc1,C11H14ClNO2,29,C3H7Cl
CC(=O)N(c1ccc(O)cc1)C1C2SC3SC321,CC(=O)Nc1ccc(O)cc1,C12H11NO2S2,28,C4H4S2
CC(=O)Nc1ccc(O)cc1C1(O)OC1(Cl)Cl,CC(=O)Nc1ccc(O)cc1,C10H9Cl2NO4,26,C2H2Cl2O2
CC(=O)N(c1ccc(O)cc1)C(C)CBr,CC(=O)Nc1ccc(O)cc1,C11H14BrNO2,29,C3H7Br
CC(=O)Nc1ccc(O)cc1N(O)N=CC=N,CC(=O)Nc1ccc(O)cc1,C10H12N4O3,29,C2H5N3O
CC(=O)N(c1ccc(O)cc1)C1N=N1,CC(=O)Nc1ccc(O)cc1,C9H9N3O2,23,CH2N2
CSCSCC(=O)Nc1ccc(O)cc1,CC(=O)Nc1ccc(O)cc1,C10H13NO2S2,28,C2H6S2
C=C([O-])OC(=O)c1cc(NC(C)=O)ccc1O,CC(=O)Nc1ccc(O)cc1,C11H10NO5-,27,C3H3O3-
CC(=O)N(c1ccc(O)cc1)C(Br)CBr,CC(=O)Nc1ccc(O)cc1,C10H11Br2NO2,26,C2H4Br2
CC(=O)N(c1ccc(O)cc1)c1ccc(S)o1,CC(=O)Nc1ccc(O)cc1,C12H11NO3S,28,C4H4OS
CC(=O)Nc1ccc(O)c(C(C)I)c1,CC(=O)Nc1ccc(O)cc1,C10H12INO2,26,C2H5I
COC(C)COOc1ccc(NC(C)=O)cc1,CC(=O)Nc1ccc(O)cc1,C12H17NO4,34,C4H10O2
C=C(CC(=O)Nc1ccc(O)cc1)N1CC1,CC(=O)Nc1ccc(O)cc1,C12H14N2O2,30,C4H7N
CC(=O)N(c1ccc(O)cc1)N(Cl)Cl,CC(=O)Nc1ccc(O)cc1,C8H8Cl2N2O2,22,HCl2N
CC(=O)Nc1ccc(O)c([N+]#N)c1,CC(=O)Nc1ccc(O)cc1,C8H8N3O2+,21,HN2+
CC(=O)Nc1ccc(OCOC[PH2]=O)cc1,CC(=O)Nc1ccc(O)cc1,C10H14NO4P,30,C2H7O2P
CC(=O)Nc1ccc(O)cc1C(O)N1NCO1,CC(=O)Nc1ccc(O)cc1,C10H13N3O4,30,C2H6N2O2
CC(=O)N(C=CC(C)(O)O)c1ccc(O)cc1,CC(=O)Nc1ccc(O)cc1,C12H15NO4,32,C4H8O2
CC(=O)Nc1ccc(O)c(COC=O)c1,CC(=O)Nc1ccc(O)cc1,C10H11NO4,26,C2H4O2
CC(=O)N([SiH2]C(C)Cl)c1ccc(O)cc1,CC(=O)Nc1ccc(O)cc1,C10H14ClNO2Si,29,C2H7ClSi
CC(=O)N(c1ccc(O)cc1)N1COC1I,CC(=O)Nc1ccc(O)cc1,C10H11IN2O3,27,C2H4INO
CC(=O)Nc1ccc(OC2CSCO2)cc1,CC(=O)Nc1ccc(O)cc1,C11H13NO3S,29,C3H6OS
CC(=O)N(C=CI)c1ccc(O)cc1,CC(=O)Nc1ccc(O)cc1,C10H10INO2,24,C2H3I
CC(F)CCCC(=O)Nc1ccc(O)cc1,CC(=O)Nc1ccc(O)cc1,C12H16FNO2,32,C4H9F
CC(=O)Nc1ccc(O)c(-c2nn[nH]n2)c1,CC(=O)Nc1ccc(O)cc1,C9H9N5O2,25,CH2N4
CC(=O)Nc1ccc(O)cc1CC1CC(O)S1,CC(=O)Nc1ccc(O)cc1,C12H15NO3S,32,C4H8OS
CC(=O)Nc1ccc(O)c(OOS[O-])c1,CC(=O)Nc1ccc(O)cc1,C8H8NO5S-,23,HO3S-
C#[SH]1CC(c2cc(O)ccc2NC(C)=O)C=N1,CC(=O)Nc1ccc(O)cc1,C12H14N2O2S,31,C4H7NS
COB(O)c1cc(O)ccc1NC(C)=O,CC(=O)Nc1ccc(O)cc1,C9H12BNO4,27,CH5BO2
COC(Br)=NCC(=O)Nc1ccc(O)cc1,CC(=O)Nc1ccc(O)cc1,C10H11BrN2O3,27,C2H4BrNO
CON(C(C)=O)c1ccc(O)cc1,CC(=O)Nc1ccc(O)cc1,C9H11NO3,24,CH4O
COC(Cl)C(C)N(C(C)=O)c1ccc(O)cc1,CC(=O)Nc1ccc(O)cc1,C12H16ClNO3,33,C4H9ClO
CC(=O)Nc1ccc(OC23C4C2C43S)cc1,CC(=O)Nc1ccc(O)cc1,C12H11NO2S,27,C4H4S
CC(=O)Nc1ccc(O[SH3]2CC3C4C3C42)cc1,CC(=O)Nc1ccc(O)cc1,C13H17NO2S,34,C5H10S
CC(=O)Nc1ccc(O)cc1CCCCl,CC(=O)Nc1ccc(O)cc1,C11H14ClNO2,29,C3H7Cl
C[N+](C)(CCO)CC(=O)Nc1ccc(O)cc1,CC(=O)Nc1ccc(O)cc1,C12H19N2O3+,36,C4H12NO+
CC(=O)Nc1ccc(O)c(C(C)(O)C(C)[NH3+])c1,CC(=O)Nc1ccc(O)cc1,C12H19N2O3+,36,C4H12NO+
CC(=O)Nc1ccc(OOOSO[O-])cc1,CC(=O)Nc1ccc(O)cc1,C8H8NO6S-,24,HO4S-
CC(=O)Nc1ccc(OC(=N)C2OCS2)cc1,CC(=O)Nc1ccc(O)cc1,C11H12N2O3S,29,C3H5NOS
CC(=O)Nc1ccc(O)cc1CCC(C)F,CC(=O)Nc1ccc(O)cc1,C12H16FNO2,32,C4H9F
CC(=O)Nc1ccc(OC(Br)Br)cc1,CC(=O)Nc1ccc(O)cc1,C9H9Br2NO2,23,CH2Br2
CC(=O)Nc1ccc(O)c(OCCBr)c1,CC(=O)Nc1ccc(O)cc1,C10H12BrNO3,27,C2H5BrO
CC(=O)Nc1ccc(O)cc1CC1CC1C,CC(=O)Nc1ccc(O)cc1,C13H17NO2,33,C5H10
O=C(CC#[SH]=S)Nc1ccc(O)cc1,CC(=O)Nc1ccc(O)cc1,C9H9NO2S2,23,CH2S2
CC(=O)Nc1ccc(ONC2C=[SH3]CC2)cc1,CC(=O)Nc1ccc(O)cc1,C12H18N2O2S,35,C4H11NS
CC(C)([NH3+])CC(=O)Nc1ccc(O)cc1,CC(=O)Nc1ccc(O)cc1,C11H17N2O2+,32,C3H10N+
C[SiH2]C(c1cc(NC(C)=O)ccc1O)C(C)Cl,CC(=O)Nc1ccc(O)cc1,C12H18ClNO2Si,35,C4H11ClSi
CC(=O)Nc1ccc(O)cc1NC12C3C1N32,CC(=O)Nc1ccc(O)cc1,C11H11N3O2,27,C3H4N2
CC(=O)Nc1ccc(OCC[SiH3])cc1,CC(=O)Nc1ccc(O)cc1,C10H15NO2Si,29,C2H8Si
CC(=O)Nc1ccc(OCC(Br)CCO)cc1,CC(=O)Nc1ccc(O)cc1,C12H16BrNO3,33,C4H9BrO
CC(=O)Nc1ccc(O)c(OCCC2NN2)c1,CC(=O)Nc1ccc(O)cc1,C11H15N3O3,32,C3H8N2O
NC(O)CC(O)CC(=O)Nc1ccc(O)cc1,CC(=O)Nc1ccc(O)cc1,C11H16N2O4,33,C3H9NO2
C[SiH2]Cc1cc(O)ccc1NC(C)=O,CC(=O)Nc1ccc(O)cc1,C10H15NO2Si,29,C2H8Si
C=NCC(F)c1cc(NC(C)=O)ccc1O,CC(=O)Nc1ccc(O)cc1,C11H13FN2O2,29,C3H6FN
CC(=O)Nc1ccc(OC(C)(O)OCO)cc1,CC(=O)Nc1ccc(O)cc1,C11H15NO5,32,C3H8O3
CC(=O)Nc1ccc(O)c(OO[IH2]([O-])[O-])c1,CC(=O)Nc1ccc(O)cc1,C8H10INO6-2,26,H3IO4-2
CC(=O)Nc1ccc(OCn2n3n2C3)cc1,CC(=O)Nc1ccc(O)cc1,C10H12N4O2,28,C2H5N3
CC(=O)Nc1ccc(O)cc1C(C)[SiH2]Cl,CC(=O)Nc1ccc(O)cc1,C10H14ClNO2Si,29,C2H7ClSi
CC(=O)Nc1ccc(O)c(C(=O)[O-])c1,CC(=O)Nc1ccc(O)cc1,C9H8NO4-,22,CHO2-
CC(=O)Nc1ccc(O)c(C2(O)OCO2)c1,CC(=O)Nc1ccc(O)cc1,C10H11NO5,27,C2H4O3
CC(=O)Nc1ccc(O)c(C2=COC2)c1,CC(=O)Nc1ccc(O)cc1,C11H11NO3,26,C3H4O
O=C(COC1=CO1)Nc1ccc(O)cc1,CC(=O)Nc1ccc(O)cc1,C10H9NO4,24,C2H2O2
CC(=O)Nc1ccc(O)cc1CC(Cl)[SiH](C)Cl,CC(=O)Nc1ccc(O)cc1,C11H15Cl2NO2Si,32,C3H8Cl2Si
CC(=O)Nc1ccc(O)c(C2(C)CC2)c1,CC(=O)Nc1ccc(O)cc1,C12H15NO2,30,C4H8
O=C(CCC[SH2+])Nc1ccc(O)cc1,CC(=O)Nc1ccc(O)cc1,C10H14NO2S+,28,C2H7S+
CC(=O)Nc1ccc(OCCCC(C)Br)cc1,CC(=O)Nc1ccc(O)cc1,C13H18BrNO2,35,C5H11Br
CC(=O)Nc1ccc(O)cc1OC(=N)CBr,CC(=O)Nc1ccc(O)cc1,C10H11BrN2O3,27,C2H4BrNO
O=C(CSC1=CC1)Nc1ccc(O)cc1,CC(=O)Nc1ccc(O)cc1,C11H11NO2S,26,C3H4S
CC(=O)Nc1ccc(O)cc1C1C2OC(=O)N21,CC(=O)Nc1ccc(O)cc1,C11H10N2O4,27,C3H3NO2
CC(=O)Nc1ccc(O)cc1C12N3C1(F)C32S,CC(=O)Nc1ccc(O)cc1,C11H9FN2O2S,26,C3H2FNS
CCCSCC(=O)Nc1ccc(O)cc1,CC(=O)Nc1ccc(O)cc1,C11H15NO2S,30,C3H8S
NCOCC(=O)Nc1ccc(O)cc1,CC(=O)Nc1ccc(O)cc1,C9H12N2O3,26,CH5NO
CC(=O)Nc1ccc(OSOO[O-])cc1,CC(=O)Nc1ccc(O)cc1,C8H8NO5S-,23,HO3S-
CC(=O)N(OCO)c1ccc(O)cc1,CC(=O)Nc1ccc(O)cc1,C9H11NO4,25,CH4O2
CC(=O)N(c1ccc(O)cc1)C12SCn3n1n32,CC(=O)Nc1ccc(O)cc1,C10H10N4O2S,27,C2H3N3S
C=C(C=N)OCCC(=O)Nc1ccc(O)cc1,CC(=O)Nc1ccc(O)cc1,C12H14N2O3,31,C4H7NO
C=NNONc1cc(NC(C)=O)ccc1O,CC(=O)Nc1ccc(O)cc1,C9H12N4O3,28,CH5N3O
C=C(CN)C(Cl)c1cc(O)ccc1NC(C)=O,CC(=O)Nc1ccc(O)cc1,C12H15ClN2O2,32,C4H8ClN
CCNC(O)c1cc(O)ccc1NC(C)=O,CC(=O)Nc1ccc(O)cc1,C11H16N2O3,32,C3H9NO
C=C(I)OCCC(=O)Nc1ccc(O)cc1,CC(=O)Nc1ccc(O)cc1,C11H12INO3,28,C3H5IO
CCCC=C(S)c1cc(NC(C)=O)ccc1O,CC(=O)Nc1ccc(O)cc1,C13H17NO2S,34,C5H10S
CC(=O)N(c1ccc(O)cc1)C(C=O)CBr,CC(=O)Nc1ccc(O)cc1,C11H12BrNO3,28,C3H5BrO
CC(=O)Nc1ccc(O)c(C(O)CF)c1,CC(=O)Nc1ccc(O)cc1,C10H12FNO3,27,C2H5FO
CC[NH+](C)N(C(C)=O)c1ccc(O)cc1,CC(=O)Nc1ccc(O)cc1,C11H17N2O2+,32,C3H10N+
C=C(CC(F)F)c1cc(NC(C)=O)ccc1O,CC(=O)Nc1ccc(O)cc1,C12H13F2NO2,30,C4H6F2
CC(=O)Nc1ccc(O)c(C=C(Cl)Cl)c1,CC(=O)Nc1ccc(O)cc1,C10H9Cl2NO2,24,C2H2Cl2
CC(=O)Nc1ccc(O)cc1[SH]12=C=NC1=N2,CC(=O)Nc1ccc(O)cc1,C10H9N3O2S,25,C2H2N2S
C=CC(S)(S)Oc1ccc(NC(C)=O)cc1,CC(=O)Nc1ccc(O)cc1,C11H13NO2S2,29,C3H6S2
CC(=O)Nc1ccc(O)cc1C1C23C4C2C143,CC(=O)Nc1ccc(O)cc1,C13H11NO2,27,C5H4
CC(=O)Nc1ccc(OC2(Cl)CC2Cl)cc1,CC(=O)Nc1ccc(O)cc1,C11H11Cl2NO2,27,C3H4Cl2
CC(=O)Nc1ccc(O)c(C=O)c1,CC(=O)Nc1ccc(O)cc1,C9H9NO3,22,CH2O
CC(=O)N(c1ccc(O)cc1)C1(C)NC(C)S1,CC(=O)Nc1ccc(O)cc1,C12H16N2O2S,33,C4H9NS
CC(=O)Nc1ccc(O)c(OCBCCO)c1,CC(=O)Nc1ccc(O)cc1,C11H16BNO4,33,C3H9BO2
CC(=O)Nc1ccc(O)cc1OC(F)SOF,CC(=O)Nc1ccc(O)cc1,C9H9F2NO4S,26,CH2F2O2S
CC(=O)Nc1ccc(O)cc1C1CCCSS1,CC(=O)Nc1ccc(O)cc1,C12H15NO2S2,32,C4H8S2
C=[SH2]1OC1c1cc(O)ccc1NC(C)=O,CC(=O)Nc1ccc(O)cc1,C10H13NO3S,28,C2H6OS
NNCC(=O)Nc1ccc(O)cc1,CC(=O)Nc1ccc(O)cc1,C8H11N3O2,24,H4N2
CC(=O)Nc1ccc(O)c(C23C4=[SH]25C4O[SH3]35)c1,CC(=O)Nc1ccc(O)cc1,C11H13NO3S2,30,C3H6OS2
CC(=O)Nc1ccc(O)cc1C(Cl)(Cl)Cl,CC(=O)Nc1ccc(O)cc1,C9H8Cl3NO2,23,CHCl3
O=C(CC1(S)CC=C=[SH3]1)Nc1ccc(O)cc1,CC(=O)Nc1ccc(O)cc1,C12H15NO2S2,32,C4H8S2
C=C1OCCC1CC(=O)Nc1ccc(O)cc1,CC(=O)Nc1ccc(O)cc1,C13H15NO3,32,C5H8O
CC(=O)Nc1ccc(ON2CO2)cc1,CC(=O)Nc1ccc(O)cc1,C9H10N2O3,24,CH3NO
CC(=O)Nc1ccc(O)cc1C(F)(Cl)C(=O)F,CC(=O)Nc1ccc(O)cc1,C10H8ClF2NO3,25,C2HClF2O
CO[SiH](CO)CN(C(C)=O)c1ccc(O)cc1,CC(=O)Nc1ccc(O)cc1,C11H17NO4Si,34,C3H10O2Si
CC(=O)Nc1ccc(O)cc1CC(C)CCF,CC(=O)Nc1ccc(O)cc1,C13H18FNO2,35,C5H11F
CC(=O)Nc1ccc(O)c(-c2cscc2Cl)c1,CC(=O)Nc1ccc(O)cc1,C12H10ClNO2S,27,C4H3ClS
CC(=O)Nc1ccc(O)cc1OC1CCOC1,CC(=O)Nc1ccc(O)cc1,C12H15NO4,32,C4H8O2
CC(=O)N(c1ccc(O)cc1)C1NCC1=O,CC(=O)Nc1ccc(O)cc1,C11H12N2O3,28,C3H5NO
CC(=O)Nc1ccc(O)cc1C(Cl)CCl,CC(=O)Nc1ccc(O)cc1,C10H11Cl2NO2,26,C2H4Cl2
O=C(CC1=COOO1)Nc1ccc(O)cc1,CC(=O)Nc1ccc(O)cc1,C10H9NO5,25,C2H2O3
CC(=O)N(c1ccc(O)cc1)C1CN1CCF,CC(=O)Nc1ccc(O)cc1,C12H15FN2O2,32,C4H8FN
CSSCC(=O)Nc1ccc(O)cc1,CC(=O)Nc1ccc(O)cc1,C9H11NO2S2,25,CH4S2
CC(=O)Nc1ccc(O)cc1CCC(C)OBr,CC(=O)Nc1ccc(O)cc1,C12H16BrNO3,33,C4H9BrO
COOc1cc(NC(C)=O)ccc1O,CC(=O)Nc1ccc(O)cc1,C9H11NO4,25,CH4O2
BC(OON)c1cc(NC(C)=O)ccc1O,CC(=O)Nc1ccc(O)cc1,C9H13BN2O4,29,CH6BNO2
CC(=O)Nc1ccc(OC(F)(F)C(F)F)cc1,CC(=O)Nc1ccc(O)cc1,C10H9F4NO2,26,C2H2F4
CC(=O)Nc1ccc(O)c(C(=O)[O-])c1,CC(=O)Nc1ccc(O)cc1,C9H8NO4-,22,CHO2-
O=C(CN=C(O)C(F)F)Nc1ccc(O)cc1,CC(=O)Nc1ccc(O)cc1,C10H10F2N2O3,27,C2H3F2NO
CCSN(C=O)N(C(C)=O)c1ccc(O)cc1,CC(=O)Nc1ccc(O)cc1,C11H14N2O3S,31,C3H7NOS
CN=C(CC(=O)Nc1ccc(O)cc1)OCl,CC(=O)Nc1ccc(O)cc1,C10H11ClN2O3,27,C2H4ClNO
O=C(C[PH2]1OOO1)Nc1ccc(O)cc1,CC(=O)Nc1ccc(O)cc1,C8H10NO5P,25,H3O3P
CC(=O)Nc1ccc(OS2(#CCl)C3=CN32)cc1,CC(=O)Nc1ccc(O)cc1,C11H9ClN2O2S,26,C3H2ClNS
CC(=O)Nc1ccc(O[SH]234C5C2[SH3]3C54)cc1,CC(=O)Nc1ccc(O)cc1,C11H15NO2S2,31,C3H8S2
CC(=O)Nc1ccc(O)cc1C12N[NH+]3CC1C32,CC(=O)Nc1ccc(O)cc1,C12H14N3O2+,31,C4H7N2+
CC(=O)Nc1ccc(O)c(C(C)(C)Cl)c1,CC(=O)Nc1ccc(O)cc1,C11H14ClNO2,29,C3H7Cl
CC(=O)N(c1ccc(O)cc1)C1CC(C)(Cl)N1,CC(=O)Nc1ccc(O)cc1,C12H15ClN2O2,32,C4H8ClN
O=C(Cc1nc(F)cs1)Nc1ccc(O)cc1,CC(=O)Nc1ccc(O)cc1,C11H9FN2O2S,26,C3H2FNS
CC(=O)Nc1ccc(OC=CNC2=CS2)cc1,CC(=O)Nc1ccc(O)cc1,C12H12N2O2S,29,C4H5NS
CC=C1C=C1Oc1ccc(NC(C)=O)cc1,CC(=O)Nc1ccc(O)cc1,C13H13NO2,29,C5H6
CC(=O)Nc1ccc(OP(=O)(C[O-])O[O-])cc1,CC(=O)Nc1ccc(O)cc1,C9H10NO6P-2,27,CH3O4P-2
CC(=O)Nc1ccc(OCCCN)cc1,CC(=O)Nc1ccc(O)cc1,C11H16N2O2,31,C3H9N
CC(=O)Nc1ccc(O)cc1C(F)CCO,CC(=O)Nc1ccc(O)cc1,C11H14FNO3,30,C3H7FO
CC(=O)Nc1ccc(O[SH]2(C)=CC=N2)cc1,CC(=O)Nc1ccc(O)cc1,C11H14N2O2S,30,C3H7NS
CC(=O)Nc1ccc(O)c(C(F)(F)F)c1,CC(=O)Nc1ccc(O)cc1,C9H8F3NO2,23,CHF3
O=C(CN1OOO1)Nc1ccc(O)cc1,CC(=O)Nc1ccc(O)cc1,C8H8N2O5,23,HNO3
CC(=O)Nc1ccc(O)c(C23C45C6C24[SH]635Cl)c1,CC(=O)Nc1ccc(O)cc1,C12H10ClNO2S,27,C4H3ClS
CC(=O)Nc1ccc(O)cc1CCCCBr,CC(=O)Nc1ccc(O)cc1,C12H16BrNO2,32,C4H9Br
CC(=O)Nc1ccc(O)cc1CCNCl,CC(=O)Nc1ccc(O)cc1,C10H13ClN2O2,28,C2H6ClN
CC(=O)Nc1ccc(O)cc1C1C=C2C=C21,CC(=O)Nc1ccc(O)cc1,C13H11NO2,27,C5H4
CC(=O)Nc1ccc(OC=CCBr)cc1,CC(=O)Nc1ccc(O)cc1,C11H12BrNO2,27,C3H5Br
CC(=O)Nc1ccc(O)cc1C1C(F)C1NO,CC(=O)Nc1ccc(O)cc1,C11H13FN2O3,30,C3H6FNO
CC(=O)Nc1ccc(O)cc1C(C)(C)C,CC(=O)Nc1ccc(O)cc1,C12H17NO2,32,C4H10
CC(=O)Nc1ccc(O)cc1C(Cl)C(C)C=O,CC(=O)Nc1ccc(O)cc1,C12H14ClNO3,31,C4H7ClO
O=C(CCCC[SiH2]O)Nc1ccc(O)cc1,CC(=O)Nc1ccc(O)cc1,C11H17NO3Si,33,C3H10OSi
CC(=O)Nc1ccc(O)c(OON=C[SH3]=O)c1,CC(=O)Nc1ccc(O)cc1,C9H12N2O5S,29,CH5NO3S
O=C(CO[PH](=O)O[O-])Nc1ccc(O)cc1,CC(=O)Nc1ccc(O)cc1,C8H9NO6P-,25,H2O4P-
O=C(Cn1[nH]o1)Nc1ccc(O)cc1,CC(=O)Nc1ccc(O)cc1,C8H9N3O3,23,H2N2O
CC(=O)Nc1ccc(OCOOC=O)cc1,CC(=O)Nc1ccc(O)cc1,C10H11NO5,27,C2H4O3
CCC(CS)c1cc(O)ccc1NC(C)=O,CC(=O)Nc1ccc(O)cc1,C12H17NO2S,33,C4H10S
CC(=O)Nc1ccc(O)c(C2(N)OCCO2)c1,CC(=O)Nc1ccc(O)cc1,C11H14N2O4,31,C3H7NO2
CC(=O)Nc1ccc(O)c(NN)c1,CC(=O)Nc1ccc(O)cc1,C8H11N3O2,24,H4N2
CC(=O)N(c1ccc(O)cc1)C(Cl)C(Cl)OCl,CC(=O)Nc1ccc(O)cc1,C10H10Cl3NO3,27,C2H3Cl3O
CC(=O)Nc1ccc(O)c(OC=C[O-])c1,CC(=O)Nc1ccc(O)cc1,C10H10NO4-,25,C2H3O2-
CC(=O)Nc1ccc(O)c(C(CN)CS)c1,CC(=O)Nc1ccc(O)cc1,C11H16N2O2S,32,C3H9NS
C=C(OO)c1cc(NC(C)=O)ccc1O,CC(=O)Nc1ccc(O)cc1,C10H11NO4,26,C2H4O2
CC(=O)Nc1ccc(O)c(C(C)CI)c1,CC(=O)Nc1ccc(O)cc1,C11H14INO2,29,C3H7I
COCBOc1cc(NC(C)=O)ccc1O,CC(=O)Nc1ccc(O)cc1,C10H14BNO4,30,C2H7BO2
O=C(Cn1oo1)Nc1ccc(O)cc1,CC(=O)Nc1ccc(O)cc1,C8H8N2O4,22,HNO2
CC(=O)Nc1ccc(O)c(ON=O)c1,CC(=O)Nc1ccc(O)cc1,C8H8N2O4,22,HNO2
CCCC1C=C1c1cc(O)ccc1NC(C)=O,CC(=O)Nc1ccc(O)cc1,C14H17NO2,34,C6H10
CC(=O)Nc1ccc(O)c(C2(I)CO2)c1,CC(=O)Nc1ccc(O)cc1,C10H10INO3,25,C2H3IO
CC(=O)Nc1ccc(OC(F)(F)SF)cc1,CC(=O)Nc1ccc(O)cc1,C9H8F3NO2S,24,CHF3S
N=C=[SH](S)=CCC(=O)Nc1ccc(O)cc1,CC(=O)Nc1ccc(O)cc1,C10H12N2O2S2,28,C2H5NS2
NCCCCCC(=O)Nc1ccc(O)cc1,CC(=O)Nc1ccc(O)cc1,C12H18N2O2,34,C4H11N
CC(=O)Nc1ccc(O)c(C2CCC(C)S2)c1,CC(=O)Nc1ccc(O)cc1,C13H17NO2S,34,C5H10S
CC(=O)N(c1ccc(O)cc1)C1NC(F)(F)O1,CC(=O)Nc1ccc(O)cc1,C10H10F2N2O3,27,C2H3F2NO
CC(=O)Nc1ccc(O)c(C(F)(CF)SF)c1,CC(=O)Nc1ccc(O)cc1,C10H10F3NO2S,27,C2H3F3S
O=C(CC(Cl)C(Cl)Cl)Nc1ccc(O)cc1,CC(=O)Nc1ccc(O)cc1,C10H10Cl3NO2,26,C2H3Cl3
CC(=O)Nc1ccc(OCC(O)Cl)cc1,CC(=O)Nc1ccc(O)cc1,C10H12ClNO3,27,C2H5ClO
CC(=O)Nc1ccc(O)c(C(F)(F)C(=O)F)c1,CC(=O)Nc1ccc(O)cc1,C10H8F3NO3,25,C2HF3O
O=C(CN1OO[SH2]1=O)Nc1ccc(O)cc1,CC(=O)Nc1ccc(O)cc1,C8H10N2O5S,26,H3NO3S
CC(=O)Nc1ccc(O)c(C(Br)OC=N)c1,CC(=O)Nc1ccc(O)cc1,C10H11BrN2O3,27,C2H4BrNO
CC(=O)Nc1ccc(OC(C)F)cc1,CC(=O)Nc1ccc(O)cc1,C10H12FNO2,26,C2H5F
O=C(CN(Cl)Cl)Nc1ccc(O)cc1,CC(=O)Nc1ccc(O)cc1,C8H8Cl2N2O2,22,HCl2N
CCC(C)c1cc(NC(C)=O)ccc1O,CC(=O)Nc1ccc(O)cc1,C12H17NO2,32,C4H10
CC(=O)Nc1ccc(O)c(C2(C)C=CCC2)c1,CC(=O)Nc1ccc(O)cc1,C14H17NO2,34,C6H10
C=NCC(=C)Oc1cc(NC(C)=O)ccc1O,CC(=O)Nc1ccc(O)cc1,C12H14N2O3,31,C4H7NO
CC(=O)Nc1ccc(O)c(SC=S)c1,CC(=O)Nc1ccc(O)cc1,C9H9NO2S2,23,CH2S2
CC(=O)Nc1ccc(O)cc1C(=O)[O-],CC(=O)Nc1ccc(O)cc1,C9H8NO4-,22,CHO2-
CC(=O)Nc1ccc(O)c(C2(C3CO3)CO2)c1,CC(=O)Nc1ccc(O)cc1,C12H13NO4,30,C4H6O2
CC(=O)Nc1ccc(OC2(C)C=CC2)cc1,CC(=O)Nc1ccc(O)cc1,C13H15NO2,31,C5H8
CNCC(F)=Cc1cc(NC(C)=O)ccc1O,CC(=O)Nc1ccc(O)cc1,C12H15FN2O2,32,C4H8FN
CC(=O)N(c1ccc(O)cc1)[NH+](C)C,CC(=O)Nc1ccc(O)cc1,C10H15N2O2+,29,C2H8N+
CC(=O)Nc1ccc(O)cc1NN,CC(=O)Nc1ccc(O)cc1,C8H11N3O2,24,H4N2
CC(=O)Nc1ccc(O)c(C(F)CF)c1,CC(=O)Nc1ccc(O)cc1,C10H11F2NO2,26,C2H4F2
C=NN(CC=N)CC(=O)Nc1ccc(O)cc1,CC(=O)Nc1ccc(O)cc1,C11H14N4O2,31,C3H7N3
CC(=O)Nc1ccc(O[SH]23=CC(=[NH+]2)C=C3)cc1,CC(=O)Nc1ccc(O)cc1,C12H13N2O2S+,30,C4H6NS+
CC(=O)Nc1ccc(O)cc1C(F)(F)S,CC(=O)Nc1ccc(O)cc1,C9H9F2NO2S,24,CH2F2S
CC(=O)Nc1ccc(O)c([SH3]2SC3C=C32)c1,CC(=O)Nc1ccc(O)cc1,C11H13NO2S2,29,C3H6S2
C=CCOc1ccc(NC(C)=O)cc1,CC(=O)Nc1ccc(O)cc1,C11H13NO2,27,C3H6
COC1(Br)CN1CC(=O)Nc1ccc(O)cc1,CC(=O)Nc1ccc(O)cc1,C11H13BrN2O3,30,C3H6BrNO
CC(=O)N(CC(S)OO)c1ccc(O)cc1,CC(=O)Nc1ccc(O)cc1,C10H13NO4S,29,C2H6O2S
CC[SiH2]Oc1ccc(NC(C)=O)cc1,CC(=O)Nc1ccc(O)cc1,C10H15NO2Si,29,C2H8Si
CC(=O)N(c1ccc(O)cc1)C(Cl)OC=N,CC(=O)Nc1ccc(O)cc1,C10H11ClN2O3,27,C2H4ClNO
CC(=O)Nc1ccc(O)cc1SN(C=N)CN,CC(=O)Nc1ccc(O)cc1,C10H14N4O2S,31,C2H7N3S
CC(=O)N(CC(O)(O)S)c1ccc(O)cc1,CC(=O)Nc1ccc(O)cc1,C10H13NO4S,29,C2H6O2S
CC(=O)Nc1ccc(O)c(C23N=COC2O3)c1,CC(=O)Nc1ccc(O)cc1,C11H10N2O4,27,C3H3NO2
CC(=O)Nc1ccc(O)c(C(C)NBr)c1,CC(=O)Nc1ccc(O)cc1,C10H13BrN2O2,28,C2H6BrN
CC(=O)Nc1ccc(O)c(OCS)c1,CC(=O)Nc1ccc(O)cc1,C9H11NO3S,25,CH4OS
CC(=O)Nc1ccc(O)c(C(C)CNF)c1,CC(=O)Nc1ccc(O)cc1,C11H15FN2O2,31,C3H8FN
CC(=O)Nc1ccc(O)cc1C1C2OC23OC13,CC(=O)Nc1ccc(O)cc1,C12H11NO4,28,C4H4O2
CC(=O)Nc1ccc(O)c(C(O)=C[O-])c1,CC(=O)Nc1ccc(O)cc1,C10H10NO4-,25,C2H3O2-
CC(=O)Nc1ccc(O)c(N2C=NC=NN2)c1,CC(=O)Nc1ccc(O)cc1,C10H11N5O2,28,C2H4N4
O=C(CSNNOO)Nc1ccc(O)cc1,CC(=O)Nc1ccc(O)cc1,C8H11N3O4S,27,H4N2O2S
O=C(CBC(O)NO)Nc1ccc(O)cc1,CC(=O)Nc1ccc(O)cc1,C9H13BN2O4,29,CH6BNO2
CCCC=Cc1cc(O)ccc1NC(C)=O,CC(=O)Nc1ccc(O)cc1,C13H17NO2,33,C5H10
CN(CC(=O)Nc1ccc(O)cc1)C(=S)CO,CC(=O)Nc1ccc(O)cc1,C11H14N2O3S,31,C3H7NOS
CC(=O)N(c1ccc(O)cc1)N1C(CO)N1C,CC(=O)Nc1ccc(O)cc1,C11H15N3O3,32,C3H8N2O
CC(=O)Nc1ccc(O)cc1N1CN1O,CC(=O)Nc1ccc(O)cc1,C9H11N3O3,26,CH4N2O
CC(=O)Nc1ccc(O)cc1C#[SH3],CC(=O)Nc1ccc(O)cc1,C9H11NO2S,24,CH4S
CC(=O)N(ON)c1ccc(O)cc1,CC(=O)Nc1ccc(O)cc1,C8H10N2O3,23,H3NO
O=C(CC1(Cl)OCO1)Nc1ccc(O)cc1,CC(=O)Nc1ccc(O)cc1,C10H10ClNO4,26,C2H3ClO2
CC(=O)N(c1ccc(O)cc1)N1CN1,CC(=O)Nc1ccc(O)cc1,C9H11N3O2,25,CH4N2
CC(=O)Nc1ccc(O)c(OC(S)CCO)c1,CC(=O)Nc1ccc(O)cc1,C11H15NO4S,32,C3H8O2S
CCCCN(C(C)=O)c1ccc(O)cc1,CC(=O)Nc1ccc(O)cc1,C12H17NO2,32,C4H10
CC=C(I)N(C(C)=O)c1ccc(O)cc1,CC(=O)Nc1ccc(O)cc1,C11H12INO2,27,C3H5I
CC(=O)Nc1ccc(O)cc1C1(N)n2n3n1n23,CC(=O)Nc1ccc(O)cc1,C9H10N6O2,27,CH3N5
CC(=O)Nc1ccc(O)c(C2(S)C=[SH2]=C2)c1,CC(=O)Nc1ccc(O)cc1,C11H13NO2S2,29,C3H6S2
CC(=O)Nc1ccc(ONC2C=COS2)cc1,CC(=O)Nc1ccc(O)cc1,C11H12N2O3S,29,C3H5NOS
CC(=O)Nc1ccc(O)c(C(C)Br)c1,CC(=O)Nc1ccc(O)cc1,C10H12BrNO2,26,C2H5Br
C=C(Br)N(C=O)c1cc(O)ccc1NC(C)=O,CC(=O)Nc1ccc(O)cc1,C11H11BrN2O3,28,C3H4BrNO
CC(=O)Nc1ccc(O)c(OC(Br)C(=O)Cl)c1,CC(=O)Nc1ccc(O)cc1,C10H9BrClNO4,26,C2H2BrClO2
CC(=O)Nc1ccc(O)cc1NCCN,CC(=O)Nc1ccc(O)cc1,C10H15N3O2,30,C2H8N2
O=C(CC(Br)C(Br)Br)Nc1ccc(O)cc1,CC(=O)Nc1ccc(O)cc1,C10H10Br3NO2,26,C2H3Br3
CC(=O)N(c1ccc(O)cc1)C(CO)OS[O-],CC(=O)Nc1ccc(O)cc1,C10H12NO5S-,29,C2H5O3S-
CNC(C)NCc1cc(NC(C)=O)ccc1O,CC(=O)Nc1ccc(O)cc1,C12H19N3O2,36,C4H12N2
O=C(CN1C=CSC1)Nc1ccc(O)cc1,CC(=O)Nc1ccc(O)cc1,C11H12N2O2S,28,C3H5NS
COC(I)c1cc(O)ccc1NC(C)=O,CC(=O)Nc1ccc(O)cc1,C10H12INO3,27,C2H5IO
CC(=O)Nc1ccc(O)cc1C1(F)OC1(F)Cl,CC(=O)Nc1ccc(O)cc1,C10H8ClF2NO3,25,C2HClF2O
O=C(CC1(CCO)CC1)Nc1ccc(O)cc1,CC(=O)Nc1ccc(O)cc1,C13H17NO3,34,C5H10O
CCON(O)c1cc(O)ccc1NC(C)=O,CC(=O)Nc1ccc(O)cc1,C10H14N2O4,30,C2H7NO2
CC(=O)Nc1ccc(O)c(OC(C)(C)CCl)c1,CC(=O)Nc1ccc(O)cc1,C12H16ClNO3,33,C4H9ClO
CCC(CCl)c1cc(O)ccc1NC(C)=O,CC(=O)Nc1ccc(O)cc1,C12H16ClNO2,32,C4H9Cl
O=C(CCS)Nc1ccc(O)cc1,CC(=O)Nc1ccc(O)cc1,C9H11NO2S,24,CH4S
CC(=O)N(c1ccc(O)cc1)C1CC2CC2[SiH2]1,CC(=O)Nc1ccc(O)cc1,C13H17NO2Si,34,C5H10Si
CC(=O)Nc1ccc(O)cc1C(=O)Cl,CC(=O)Nc1ccc(O)cc1,C9H8ClNO3,22,CHClO
CC(=O)Nc1ccc(O)cc1C(F)C1CN1,CC(=O)Nc1ccc(O)cc1,C11H13FN2O2,29,C3H6FN
CC(=O)N(c1ccc(O)cc1)C(C=O)C(O)O,CC(=O)Nc1ccc(O)cc1,C11H13NO5,30,C3H6O3
CCCC[SiH2]Cc1cc(O)ccc1NC(C)=O,CC(=O)Nc1ccc(O)cc1,C13H21NO2Si,38,C5H14Si
CC(=O)Nc1ccc(O)cc1C1N2NN1O2,CC(=O)Nc1ccc(O)cc1,C9H10N4O3,26,CH3N3O
CC(=O)Nc1ccc(O)c(OC[PH3]C=O)c1,CC(=O)Nc1ccc(O)cc1,C10H14NO4P,30,C2H7O2P
CC(=O)N(c1ccc(O)cc1)N1CN1C=N,CC(=O)Nc1ccc(O)cc1,C10H12N4O2,28,C2H5N3
C=C(C)c1cc(O)ccc1NC(C)=O,CC(=O)Nc1ccc(O)cc1,C11H13NO2,27,C3H6
CC(=O)Nc1ccc(ON2N=N2)cc1,CC(=O)Nc1ccc(O)cc1,C8H8N4O2,22,HN3
CC(=O)Nc1ccc(OC(C)C[SiH](Cl)Cl)cc1,CC(=O)Nc1ccc(O)cc1,C11H15Cl2NO2Si,32,C3H8Cl2Si
CC(=O)Nc1ccc(OC(O)(Cl)OS)cc1,CC(=O)Nc1ccc(O)cc1,C9H10ClNO4S,26,CH3ClO2S
CC(=O)Nc1ccc(O)c(NOCBO)c1,CC(=O)Nc1ccc(O)cc1,C9H13BN2O4,29,CH6BNO2
CNOc1ccc(NC(C)=O)cc1,CC(=O)Nc1ccc(O)cc1,C9H12N2O2,25,CH5N
CC(=O)Nc1ccc(O)cc1CCC(C)I,CC(=O)Nc1ccc(O)cc1,C12H16INO2,32,C4H9I
CCC(S)Nc1cc(O)ccc1NC(C)=O,CC(=O)Nc1ccc(O)cc1,C11H16N2O2S,32,C3H9NS
CN=C(O)N(C)N(C(C)=O)c1ccc(O)cc1,CC(=O)Nc1ccc(O)cc1,C11H15N3O3,32,C3H8N2O
CC(=O)Nc1ccc(O)c([AsH]OOO)c1,CC(=O)Nc1ccc(O)cc1,C8H10AsNO5,25,H3AsO3
CC(=O)Nc1ccc(OP(=O)(O)OCO)cc1,CC(=O)Nc1ccc(O)cc1,C9H12NO6P,29,CH5O4P
CC(=O)Nc1ccc(O)cc1C1=CCC=C1,CC(=O)Nc1ccc(O)cc1,C13H13NO2,29,C5H6
CC(=O)Nc1ccc(O)c(C(N)=N[NH3+])c1,CC(=O)Nc1ccc(O)cc1,C9H13N4O2+,28,CH6N3+
CC[PH](=O)OCC(=O)Nc1ccc(O)cc1,CC(=O)Nc1ccc(O)cc1,C10H14NO4P,30,C2H7O2P
CC(=O)Nc1ccc(O[SH]234N=C2N3CO4)cc1,CC(=O)Nc1ccc(O)cc1,C10H11N3O3S,28,C2H4N2OS
CC(=O)Nc1ccc(OC(F)C(F)(F)F)cc1,CC(=O)Nc1ccc(O)cc1,C10H9F4NO2,26,C2H2F4
CC(=O)Nc1ccc(O)cc1C(=O)OCl,CC(=O)Nc1ccc(O)cc1,C9H8ClNO4,23,CHClO2
CC(=O)Nc1ccc(O[SH3]2C=CC2=O)cc1,CC(=O)Nc1ccc(O)cc1,C11H13NO3S,29,C3H6OS
CC(=O)Nc1ccc(O)c(OCCO)c1,CC(=O)Nc1ccc(O)cc1,C10H13NO4,28,C2H6O2
CC(=O)Nc1ccc(O)c(C(Br)CN)c1,CC(=O)Nc1ccc(O)cc1,C10H13BrN2O2,28,C2H6BrN
CC(=O)Nc1ccc(O)cc1C1=C2C=C2C1,CC(=O)Nc1ccc(O)cc1,C13H11NO2,27,C5H4
C=CC(=N)c1cc(O)ccc1NC(C)=O,CC(=O)Nc1ccc(O)cc1,C11H12N2O2,27,C3H5N
CC(=O)Nc1ccc(O)c(-c2nc3cn2-3)c1,CC(=O)Nc1ccc(O)cc1,C11H9N3O2,25,C3H2N2
C=[PH](OC)c1cc(O)ccc1NC(C)=O,CC(=O)Nc1ccc(O)cc1,C10H14NO3P,29,C2H7OP
CC(=O)Nc1ccc(O)cc1NCCC(C)C,CC(=O)Nc1ccc(O)cc1,C13H20N2O2,37,C5H13N
CON(C(C)=O)c1ccc(O)cc1,CC(=O)Nc1ccc(O)cc1,C9H11NO3,24,CH4O
CC(=O)Nc1ccc(O)c([PH](=CO)C(C)O)c1,CC(=O)Nc1ccc(O)cc1,C11H16NO4P,33,C3H9O2P
CC(=O)Nc1ccc(OC2=CC=CCS2)cc1,CC(=O)Nc1ccc(O)cc1,C13H13NO2S,30,C5H6S
COC(=S)SCc1cc(NC(C)=O)ccc1O,CC(=O)Nc1ccc(O)cc1,C11H13NO3S2,30,C3H6OS2
CC(=O)Nc1ccc(OCC2([O-])OO2)cc1,CC(=O)Nc1ccc(O)cc1,C10H10NO5-,26,C2H3O3-
O=C(COSO[O-])Nc1ccc(O)cc1,CC(=O)Nc1ccc(O)cc1,C8H8NO5S-,23,HO3S-
CC(=O)Nc1ccc(O)cc1[SH2]1=C(OO[O-])C1,CC(=O)Nc1ccc(O)cc1,C10H12NO5S-,29,C2H5O3S-
CC(=O)Nc1ccc(O)cc1C(=O)C([O-])O,CC(=O)Nc1ccc(O)cc1,C10H10NO5-,26,C2H3O3-
CC(=O)Nc1ccc(O)c(CC[SiH2]Cl)c1,CC(=O)Nc1ccc(O)cc1,C10H14ClNO2Si,29,C2H7ClSi
CC(=O)Nc1ccc(O)c(OON=O)c1,CC(=O)Nc1ccc(O)cc1,C8H8N2O5,23,HNO3
CC(=O)Nc1ccc(ON=CC2=CS2)cc1,CC(=O)Nc1ccc(O)cc1,C11H10N2O2S,26,C3H3NS
CC(=O)Nc1ccc(O)c(OCC(C)N)c1,CC(=O)Nc1ccc(O)cc1,C11H16N2O3,32,C3H9NO
CC(=O)Nc1ccc(O)cc1OCCOS,CC(=O)Nc1ccc(O)cc1,C10H13NO4S,29,C2H6O2S
CO[NH+](C)c1cc(NC(C)=O)ccc1O,CC(=O)Nc1ccc(O)cc1,C10H15N2O3+,30,C2H8NO+
CC(=O)N(c1ccc(O)cc1)C1N=NC(=N)O1,CC(=O)Nc1ccc(O)cc1,C10H10N4O3,27,C2H3N3O
NCCNCCC(=O)Nc1ccc(O)cc1,CC(=O)Nc1ccc(O)cc1,C11H17N3O2,33,C3H10N2
C=CN(N)C(=C)c1cc(O)ccc1NC(C)=O,CC(=O)Nc1ccc(O)cc1,C12H15N3O2,32,C4H8N2
CC(COON)CC(=O)Nc1ccc(O)cc1,CC(=O)Nc1ccc(O)cc1,C11H16N2O4,33,C3H9NO2
CC(=O)Nc1ccc(O)c(C2=C=CC=C2)c1,CC(=O)Nc1ccc(O)cc1,C13H11NO2,27,C5H4
O=C(Cc1ccsc1)Nc1ccc(O)c(Cl)c1,CC(=O)Nc1ccc(O)cc1,C12H10ClNO2S,27,C4H3ClS
CC(=O)Nc1ccc(O)cc1C=C(O)OO,CC(=O)Nc1ccc(O)cc1,C10H11NO5,27,C2H4O3
CC(=O)Nc1ccc(O)cc1SC1n2[nH]n21,CC(=O)Nc1ccc(O)cc1,C9H10N4O2S,26,CH3N3S
CC(=O)Nc1ccc(O)cc1[SH]1(=O)OC1[O-],CC(=O)Nc1ccc(O)cc1,C9H10NO5S-,26,CH3O3S-
O=C(CSC1=CN1)Nc1ccc(O)cc1,CC(=O)Nc1ccc(O)cc1,C10H10N2O2S,25,C2H3NS
CC(=O)Nc1ccc(OCN(F)CF)cc1,CC(=O)Nc1ccc(O)cc1,C10H12F2N2O2,28,C2H5F2N
CC(Cl)NCC(=O)Nc1ccc(O)cc1,CC(=O)Nc1ccc(O)cc1,C10H13ClN2O2,28,C2H6ClN
O=C1CN2S345=S2(N3)(Oc2ccc(cc2)N1)C4=C5,CC(=O)Nc1ccc(O)cc1,C10H9N3O2S2,26,C2H2N2S2
CC(=O)Nc1ccc(O)c(C2=C(O)C=NC2)c1,CC(=O)Nc1ccc(O)cc1,C12H12N2O3,29,C4H5NO
O=NOCCC(=O)Nc1ccc(O)cc1,CC(=O)Nc1ccc(O)cc1,C9H10N2O4,25,CH3NO2
CCOC(Br)c1cc(O)ccc1NC(C)=O,CC(=O)Nc1ccc(O)cc1,C11H14BrNO3,30,C3H7BrO
CC(=O)Nc1ccc(O)cc1C(F)(F)CN,CC(=O)Nc1ccc(O)cc1,C10H12F2N2O2,28,C2H5F2N
CC(=O)Nc1ccc(O)cc1CN(O)C=N,CC(=O)Nc1ccc(O)cc1,C10H13N3O3,29,C2H6N2O
CC(=O)Nc1ccc(ONCC2(Cl)CC2)cc1,CC(=O)Nc1ccc(O)cc1,C12H15ClN2O2,32,C4H8ClN
CC(=O)N(c1ccc(O)cc1)C(C)C1CS1,CC(=O)Nc1ccc(O)cc1,C12H15NO2S,31,C4H8S
CC(=O)Nc1ccc(O)cc1OCNN=O,CC(=O)Nc1ccc(O)cc1,C9H11N3O4,27,CH4N2O2
CC(=O)Nc1ccc(O)c(C2CC(F)C2F)c1,CC(=O)Nc1ccc(O)cc1,C12H13F2NO2,30,C4H6F2
CCSSc1cc(NC(C)=O)ccc1O,CC(=O)Nc1ccc(O)cc1,C10H13NO2S2,28,C2H6S2
CC(=O)N(c1ccc(O)cc1)C(O)OSOO,CC(=O)Nc1ccc(O)cc1,C9H11NO6S,28,CH4O4S
CC(=O)N(c1ccc(O)cc1)C(O)C[SiH3],CC(=O)Nc1ccc(O)cc1,C10H15NO3Si,30,C2H8OSi
CC(=O)Nc1ccc(O)c(OOO[PH2]=O)c1,CC(=O)Nc1ccc(O)cc1,C8H10NO6P,26,H3O4P
CC(=O)Nc1ccc(O)c(C23OC2C2CC23)c1,CC(=O)Nc1ccc(O)cc1,C13H13NO3,30,C5H6O
CC(=O)Nc1ccc(O)c(C(=O)Cl)c1,CC(=O)Nc1ccc(O)cc1,C9H8ClNO3,22,CHClO
CC(=O)Nc1ccc(O)c(CCC(O)CO)c1,CC(=O)Nc1ccc(O)cc1,C12H17NO4,34,C4H10O2
C=NC=NCCN(C(C)=O)c1ccc(O)cc1,CC(=O)Nc1ccc(O)cc1,C12H15N3O2,32,C4H8N2
C=CN(CS)c1cc(NC(C)=O)ccc1O,CC(=O)Nc1ccc(O)cc1,C11H14N2O2S,30,C3H7NS
CC(=O)Nc1ccc(OOC([O-])C=O)cc1,CC(=O)Nc1ccc(O)cc1,C10H10NO5-,26,C2H3O3-
C[SiH2]C(C)C(Cl)CC(=O)Nc1ccc(O)cc1,CC(=O)Nc1ccc(O)cc1,C12H18ClNO2Si,35,C4H11ClSi
CCOCc1cc(O)ccc1NC(C)=O,CC(=O)Nc1ccc(O)cc1,C11H15NO3,30,C3H8O
CC(=O)Nc1ccc(O)c(N2N=N2)c1,CC(=O)Nc1ccc(O)cc1,C8H8N4O2,22,HN3
CC(=O)Nc1ccc(O)c(-c2ncon2)c1,CC(=O)Nc1ccc(O)cc1,C10H9N3O3,25,C2H2N2O
CC(=O)Nc1ccc(OOP([O-])O[O-])cc1,CC(=O)Nc1ccc(O)cc1,C8H8NO6P-2,24,HO4P-2
CN1CSC1CC(=O)Nc1ccc(O)cc1,CC(=O)Nc1ccc(O)cc1,C11H14N2O2S,30,C3H7NS
CCSCC(=N)N(C(C)=O)c1ccc(O)cc1,CC(=O)Nc1ccc(O)cc1,C12H16N2O2S,33,C4H9NS
CC(=O)Nc1ccc(OC(C)F)cc1,CC(=O)Nc1ccc(O)cc1,C10H12FNO2,26,C2H5F
CC(=O)Nc1ccc(O)cc1[SH3]1C=CC1C,CC(=O)Nc1ccc(O)cc1,C12H17NO2S,33,C4H10S
CC(=O)Nc1ccc(O[SH3]2n3cc(O)n32)cc1,CC(=O)Nc1ccc(O)cc1,C10H13N3O3S,30,C2H6N2OS
CC(=O)Nc1ccc(O)cc1ON=CN,CC(=O)Nc1ccc(O)cc1,C9H11N3O3,26,CH4N2O
CC(=O)N(c1ccc(O)cc1)C1(Cl)OO1,CC(=O)Nc1ccc(O)cc1,C9H8ClNO4,23,CHClO2
CC(=O)Nc1ccc(O)c(NCC(C)O)c1,CC(=O)Nc1ccc(O)cc1,C11H16N2O3,32,C3H9NO
CC(=O)Nc1ccc(O)cc1CCNOCCl,CC(=O)Nc1ccc(O)cc1,C11H15ClN2O3,32,C3H8ClNO
CC(=O)Nc1ccc(O)cc1C1CSO1,CC(=O)Nc1ccc(O)cc1,C10H11NO3S,26,C2H4OS
CC(=O)Nc1ccc(O)cc1C12CC1(OCl)O2,CC(=O)Nc1ccc(O)cc1,C11H10ClNO4,27,C3H3ClO2
O=C(CP(=O)([O-])O[O-])Nc1ccc(O)cc1,CC(=O)Nc1ccc(O)cc1,C8H8NO6P-2,24,HO4P-2
CC(=O)Nc1ccc(O)c(C2(Cl)OO2)c1,CC(=O)Nc1ccc(O)cc1,C9H8ClNO4,23,CHClO2
CC(=O)Nc1ccc(O)c(N=C=N)c1,CC(=O)Nc1ccc(O)cc1,C9H9N3O2,23,CH2N2
CNNN(C(C)=O)c1ccc(O)cc1,CC(=O)Nc1ccc(O)cc1,C9H13N3O2,27,CH6N2
CC(=O)Nc1ccc(O[SH]2(S)=NC=C=C2)cc1,CC(=O)Nc1ccc(O)cc1,C11H12N2O2S2,29,C3H5NS2
CC(=O)N(c1ccc(O)cc1)C(Br)Br,CC(=O)Nc1ccc(O)cc1,C9H9Br2NO2,23,CH2Br2
CC(=O)Nc1ccc(O)c(OCC(C)Cl)c1,CC(=O)Nc1ccc(O)cc1,C11H14ClNO3,30,C3H7ClO
CC(=O)Nc1ccc(OC2=[SH3]NC=N2)cc1,CC(=O)Nc1ccc(O)cc1,C10H13N3O2S,29,C2H6N2S
O=C(CNCC(Cl)CCl)Nc1ccc(O)cc1,CC(=O)Nc1ccc(O)cc1,C11H14Cl2N2O2,31,C3H7Cl2N
O=C(CC1OCC(O)O1)Nc1ccc(O)cc1,CC(=O)Nc1ccc(O)cc1,C11H13NO5,30,C3H6O3
N#[N+]CC(=O)Nc1ccc(O)cc1,CC(=O)Nc1ccc(O)cc1,C8H8N3O2+,21,HN2+
CC(=O)Nc1ccc(O)c(C(C)OCF)c1,CC(=O)Nc1ccc(O)cc1,C11H14FNO3,30,C3H7FO
N=CON(O)CC(=O)Nc1ccc(O)cc1,CC(=O)Nc1ccc(O)cc1,C9H11N3O4,27,CH4N2O2
CC(=O)Nc1ccc(OC2C3=NC2=N3)cc1,CC(=O)Nc1ccc(O)cc1,C11H9N3O2,25,C3H2N2
CC(=O)Nc1ccc(O)c(N2COC2[O-])c1,CC(=O)Nc1ccc(O)cc1,C10H11N2O4-,27,C2H4NO2-
CC(CC(=O)Nc1ccc(O)cc1)OCl,CC(=O)Nc1ccc(O)cc1,C10H12ClNO3,27,C2H5ClO
O=C(Cn1oo1)Nc1ccc(O)cc1,CC(=O)Nc1ccc(O)cc1,C8H8N2O4,22,HNO2
CC(=O)Nc1ccc(O)cc1C1(O)CCC1=N,CC(=O)Nc1ccc(O)cc1,C12H14N2O3,31,C4H7NO
C=C(Br)C(O)Oc1ccc(NC(C)=O)cc1,CC(=O)Nc1ccc(O)cc1,C11H12BrNO3,28,C3H5BrO
CC(=O)Nc1ccc(OC(F)OF)cc1,CC(=O)Nc1ccc(O)cc1,C9H9F2NO3,24,CH2F2O
C=C[SH2](=N)Oc1ccc(NC(C)=O)cc1,CC(=O)Nc1ccc(O)cc1,C10H14N2O2S,29,C2H7NS
CCN(N)c1cc(NC(C)=O)ccc1O,CC(=O)Nc1ccc(O)cc1,C10H15N3O2,30,C2H8N2
CC(=O)Nc1ccc(O)c(C(C)CNCF)c1,CC(=O)Nc1ccc(O)cc1,C12H17FN2O2,34,C4H10FN
CCCC(C)c1cc(O)ccc1NC(C)=O,CC(=O)Nc1ccc(O)cc1,C13H19NO2,35,C5H12
CCC(C)(Cl)Nc1cc(O)ccc1NC(C)=O,CC(=O)Nc1ccc(O)cc1,C12H17ClN2O2,34,C4H10ClN
CC(=O)Nc1ccc(OS(F)(F)(F)(F)F)cc1,CC(=O)Nc1ccc(O)cc1,C8H8F5NO2S,25,HF5S
CC(=O)Nc1ccc(O)cc1SCCN,CC(=O)Nc1ccc(O)cc1,C10H14N2O2S,29,C2H7NS
O=C(CC(O)=[SH](=O)[O-])Nc1ccc(O)cc1,CC(=O)Nc1ccc(O)cc1,C9H10NO5S-,26,CH3O3S-
O=C(CN1N=COCO1)Nc1ccc(O)cc1,CC(=O)Nc1ccc(O)cc1,C10H11N3O4,28,C2H4N2O2
CC(=O)Nc1ccc(O)cc1CCCNN,CC(=O)Nc1ccc(O)cc1,C11H17N3O2,33,C3H10N2
CCNOc1ccc(NC(C)=O)cc1,CC(=O)Nc1ccc(O)cc1,C10H14N2O2,28,C2H7N
CC=COOc1cc(O)ccc1NC(C)=O,CC(=O)Nc1ccc(O)cc1,C11H13NO4,29,C3H6O2
CC(=O)Nc1ccc(Oc2ccco2)cc1,CC(=O)Nc1ccc(O)cc1,C12H11NO3,27,C4H4O
CC(=O)Nc1ccc(O[S+]2CC2)cc1,CC(=O)Nc1ccc(O)cc1,C10H12NO2S+,28,C2H7S+
CC(=O)Nc1ccc(O)c(C(F)C(=O)F)c1,CC(=O)Nc1ccc(O)cc1,C10H9F2NO3,25,C2H2F2O
CC(=O)N(C=N)c1ccc(O)cc1,CC(=O)Nc1ccc(O)cc1,C9H10N2O2,23,CH3N
CC(=O)Nc1ccc(ONC23N=C2NN3)cc1,CC(=O)Nc1ccc(O)cc1,C10H11N5O2,28,C2H4N4
O=C(CC(F)CF)Nc1ccc(O)cc1,CC(=O)Nc1ccc(O)cc1,C10H11F2NO2,26,C2H4F2
CC(=O)Nc1ccc(OC=CCl)cc1,CC(=O)Nc1ccc(O)cc1,C10H10ClNO2,24,C2H3Cl
CC=Cc1cc(O)ccc1NC(C)=O,CC(=O)Nc1ccc(O)cc1,C11H13NO2,27,C3H6
CC(=O)Nc1ccc(OC(F)OF)cc1,CC(=O)Nc1ccc(O)cc1,C9H9F2NO3,24,CH2F2O
CC(=O)Nc1ccc(OC(F)(F)Cl)cc1,CC(=O)Nc1ccc(O)cc1,C9H8ClF2NO2,23,CHClF2
CC(=O)Nc1ccc(O)cc1C1=C2C3CNC123,CC(=O)Nc1ccc(O)cc1,C13H12N2O2,29,C5H5N
CC(=O)Nc1ccc(O)c(C(F)(F)Cl)c1,CC(=O)Nc1ccc(O)cc1,C9H8ClF2NO2,23,CHClF2
CC(=O)Nc1ccc(OC23OCNN2O3)cc1,CC(=O)Nc1ccc(O)cc1,C10H11N3O4,28,C2H4N2O2
CCCc1cc(NC(C)=O)ccc1O,CC(=O)Nc1ccc(O)cc1,C11H15NO2,29,C3H8
CSC(C)N(O)c1cc(NC(C)=O)ccc1O,CC(=O)Nc1ccc(O)cc1,C11H16N2O3S,33,C3H9NOS
CC(=O)Nc1ccc(OC(=N)S)cc1,CC(=O)Nc1ccc(O)cc1,C9H10N2O2S,24,CH3NS
O=C(CNC1=[SH2]2NC12)Nc1ccc(O)cc1,CC(=O)Nc1ccc(O)cc1,C10H13N3O2S,29,C2H6N2S
CC(=O)Nc1ccc(OP(=O)([O-])O[O-])cc1,CC(=O)Nc1ccc(O)cc1,C8H8NO6P-2,24,HO4P-2
C=NON(CO)CC(=O)Nc1ccc(O)cc1,CC(=O)Nc1ccc(O)cc1,C10H13N3O4,30,C2H6N2O2
CC(=O)Nc1ccc(O)cc1C1CS1,CC(=O)Nc1ccc(O)cc1,C10H11NO2S,25,C2H4S
CC(=O)Nc1ccc(O[SH2]2(Cl)CC(=O)O2)cc1,CC(=O)Nc1ccc(O)cc1,C10H12ClNO4S,29,C2H5ClO2S
CO[PH](=O)Oc1ccc(NC(C)=O)cc1,CC(=O)Nc1ccc(O)cc1,C9H12NO4P,27,CH5O2P
O=C(CC(Cl)(Cl)CCl)Nc1ccc(O)cc1,CC(=O)Nc1ccc(O)cc1,C10H10Cl3NO2,26,C2H3Cl3
CC(=O)Nc1ccc(OC(CO)C(C)S)cc1,CC(=O)Nc1ccc(O)cc1,C12H17NO3S,34,C4H10OS
CC(=O)Nc1ccc(OC(F)(CF)NF)cc1,CC(=O)Nc1ccc(O)cc1,C10H11F3N2O2,28,C2H4F3N
CC(=O)Nc1ccc(O)c(C=COO)c1,CC(=O)Nc1ccc(O)cc1,C10H11NO4,26,C2H4O2
O=C(CC1C=[SH2]([O-])OO1)Nc1ccc(O)cc1,CC(=O)Nc1ccc(O)cc1,C10H12NO5S-,29,C2H5O3S-
C=CSCCN(C(C)=O)c1ccc(O)cc1,CC(=O)Nc1ccc(O)cc1,C12H15NO2S,31,C4H8S
CC(=O)Nc1ccc(O)c(OC(O)(S)CO)c1,CC(=O)Nc1ccc(O)cc1,C10H13NO5S,30,C2H6O3S
CC(=O)Nc1ccc(OC(F)(F)C(F)F)cc1,CC(=O)Nc1ccc(O)cc1,C10H9F4NO2,26,C2H2F4
COOCBc1cc(O)ccc1NC(C)=O,CC(=O)Nc1ccc(O)cc1,C10H14BNO4,30,C2H7BO2
CC(=O)Nc1ccc(OC2(S)N=CN=N2)cc1,CC(=O)Nc1ccc(O)cc1,C10H10N4O2S,27,C2H3N3S
C=NOOOCC(=O)Nc1ccc(O)cc1,CC(=O)Nc1ccc(O)cc1,C9H10N2O5,26,CH3NO3
CC(=O)Nc1ccc(O)cc1OC(C)CS,CC(=O)Nc1ccc(O)cc1,C11H15NO3S,31,C3H8OS
CC(=O)Nc1ccc(O)c(C(C)CCCO)c1,CC(=O)Nc1ccc(O)cc1,C13H19NO3,36,C5H12O
CC(=O)Nc1ccc2c(c1)C[SH2](C)(CC=N)O2,CC(=O)Nc1ccc(O)cc1,C12H18N2O2S,35,C4H11NS
CC(=O)Nc1ccc(OC=CBr)cc1,CC(=O)Nc1ccc(O)cc1,C10H10BrNO2,24,C2H3Br
C=C(C([O-])O)N(C(C)=O)c1ccc(O)cc1,CC(=O)Nc1ccc(O)cc1,C11H12NO4-,28,C3H5O2-
CC(=O)Nc1ccc(O)c(OC=N)c1,CC(=O)Nc1ccc(O)cc1,C9H10N2O3,24,CH3NO
CC(=O)Nc1ccc(O)c(C23C[SH2]24C=NC34)c1,CC(=O)Nc1ccc(O)cc1,C12H14N2O2S,31,C4H7NS
CC(=O)Nc1ccc(O)cc1C1(O)NCC1Cl,CC(=O)Nc1ccc(O)cc1,C11H13ClN2O3,30,C3H6ClNO
CC(=O)Nc1ccc(O)c(OCCBr)c1,CC(=O)Nc1ccc(O)cc1,C10H12BrNO3,27,C2H5BrO
C#CCSc1cc(NC(C)=O)ccc1O,CC(=O)Nc1ccc(O)cc1,C11H11NO2S,26,C3H4S
COC(=NO)NCC(=O)Nc1ccc(O)cc1,CC(=O)Nc1ccc(O)cc1,C10H13N3O4,30,C2H6N2O2
CC(=O)Nc1ccc(O)cc1C1CC1,CC(=O)Nc1ccc(O)cc1,C11H13NO2,27,C3H6
CC(=O)Nc1ccc(OC(F)Cl)cc1,CC(=O)Nc1ccc(O)cc1,C9H9ClFNO2,23,CH2ClF
CC(=O)Nc1ccc(O)cc1C1=COCO1,CC(=O)Nc1ccc(O)cc1,C11H11NO4,27,C3H4O2
O=C(CSCO)Nc1ccc(O)cc1,CC(=O)Nc1ccc(O)cc1,C9H11NO3S,25,CH4OS
CC(=O)Nc1ccc(O)cc1C(=NN)N1CN1,CC(=O)Nc1ccc(O)cc1,C10H13N5O2,30,C2H6N4
CC(=O)Nc1ccc(OC=C2C=CON2)cc1,CC(=O)Nc1ccc(O)cc1,C12H12N2O3,29,C4H5NO
CC(=O)N(c1ccc(O)cc1)S1#[SH2]C(C)CC=1,CC(=O)Nc1ccc(O)cc1,C12H17NO2S2,34,C4H10S2
CC(=O)Nc1ccc(O)c(OCCN)c1,CC(=O)Nc1ccc(O)cc1,C10H14N2O3,29,C2H7NO
CC(=O)Nc1ccc(O)c(C2NCOO2)c1,CC(=O)Nc1ccc(O)cc1,C10H12N2O4,28,C2H5NO2
CC(=O)Nc1ccc(O)cc1C1(N)OCC1C,CC(=O)Nc1ccc(O)cc1,C12H16N2O3,33,C4H9NO
CC(=O)Nc1ccc(O)cc1C1C=NCO1,CC(=O)Nc1ccc(O)cc1,C11H12N2O3,28,C3H5NO
CC(=O)Nc1ccc(O)cc1OCCN,CC(=O)Nc1ccc(O)cc1,C10H14N2O3,29,C2H7NO
CC(=O)Nc1ccc(O)cc1CC(C)[O-],CC(=O)Nc1ccc(O)cc1,C11H14NO3-,29,C3H7O-
CCC(C)(Br)Cc1cc(NC(C)=O)ccc1O,CC(=O)Nc1ccc(O)cc1,C13H18BrNO2,35,C5H11Br
COP(=O)(OC)Oc1ccc(NC(C)=O)cc1,CC(=O)Nc1ccc(O)cc1,C10H14NO5P,31,C2H7O3P
CC(=O)Nc1ccc(OC(Cl)C2(Cl)OO2)cc1,CC(=O)Nc1ccc(O)cc1,C10H9Cl2NO4,26,C2H2Cl2O2
CC(=O)Nc1ccc(O)c(OSC(N)(N)O)c1,CC(=O)Nc1ccc(O)cc1,C9H13N3O4S,30,CH6N2O2S
CC(=O)Nc1ccc(O)cc1OCC(C)Cl,CC(=O)Nc1ccc(O)cc1,C11H14ClNO3,30,C3H7ClO
CCC(C)CON(C(C)=O)c1ccc(O)cc1,CC(=O)Nc1ccc(O)cc1,C13H19NO3,36,C5H12O
O=C(CC1(O)CC1CCl)Nc1ccc(O)cc1,CC(=O)Nc1ccc(O)cc1,C12H14ClNO3,31,C4H7ClO
O=C(COC1=CO1)Nc1ccc(O)cc1,CC(=O)Nc1ccc(O)cc1,C10H9NO4,24,C2H2O2
CC(=O)Nc1ccc(On2cc3nc2-3)cc1,CC(=O)Nc1ccc(O)cc1,C11H9N3O2,25,C3H2N2
CC(=O)Nc1ccc(O)cc1CCl,CC(=O)Nc1ccc(O)cc1,C9H10ClNO2,23,CH3Cl
CC(=O)Nc1ccc(O)c(-c2sccc2Br)c1,CC(=O)Nc1ccc(O)cc1,C12H10BrNO2S,27,C4H3BrS
CC(=O)Nc1ccc(O)c(BC(O)CO)c1,CC(=O)Nc1ccc(O)cc1,C10H14BNO4,30,C2H7BO2
CC(=O)Nc1ccc(O[SH2]23CC(=NO2)O3)cc1,CC(=O)Nc1ccc(O)cc1,C10H12N2O4S,29,C2H5NO2S
CC(=O)Nc1ccc(O)cc1OCC[SiH3],CC(=O)Nc1ccc(O)cc1,C10H15NO3Si,30,C2H8OSi
CC(=O)Nc1ccc(O)cc1C1(Cl)OC1(Cl)Cl,CC(=O)Nc1ccc(O)cc1,C10H8Cl3NO3,25,C2HCl3O
CC(=O)N(C=C1OC1=O)c1ccc(O)cc1,CC(=O)Nc1ccc(O)cc1,C11H9NO4,25,C3H2O2
CSCNCC(=O)Nc1ccc(O)cc1,CC(=O)Nc1ccc(O)cc1,C10H14N2O2S,29,C2H7NS
CSC1OC=C1c1cc(NC(C)=O)ccc1O,CC(=O)Nc1ccc(O)cc1,C12H13NO3S,30,C4H6OS
C=NN1NC1c1cc(O)ccc1NC(C)=O,CC(=O)Nc1ccc(O)cc1,C10H12N4O2,28,C2H5N3
CC(=O)Nc1ccc2c(c1)S1(=CC=C(Br)N=1)O2,CC(=O)Nc1ccc(O)cc1,C11H9BrN2O2S,26,C3H2BrNS
CC(=O)Nc1ccc(O)c(C(=O)[O-])c1,CC(=O)Nc1ccc(O)cc1,C9H8NO4-,22,CHO2-
C#CCC(=O)Nc1ccc(O)cc1,CC(=O)Nc1ccc(O)cc1,C10H9NO2,22,C2H2
CC(=O)N(c1ccc(O)cc1)C1(CO)OC1O,CC(=O)Nc1ccc(O)cc1,C11H13NO5,30,C3H6O3
CC(=O)N(C(O)=CCCl)c1ccc(O)cc1,CC(=O)Nc1ccc(O)cc1,C11H12ClNO3,28,C3H5ClO
CC(=O)Nc1ccc(O)c(N=CNO)c1,CC(=O)Nc1ccc(O)cc1,C9H11N3O3,26,CH4N2O
CC(=O)Nc1ccc(OC=C2CO2)cc1,CC(=O)Nc1ccc(O)cc1,C11H11NO3,26,C3H4O
CC(=O)Nc1ccc(O)c(C(=O)F)c1,CC(=O)Nc1ccc(O)cc1,C9H8FNO3,22,CHFO
CC(=O)Nc1ccc(O)cc1C1OC=CCO1,CC(=O)Nc1ccc(O)cc1,C12H13NO4,30,C4H6O2
O=C(CC(Br)CBr)Nc1ccc(O)cc1,CC(=O)Nc1ccc(O)cc1,C10H11Br2NO2,26,C2H4Br2
O=COCOCC(=O)Nc1ccc(O)cc1,CC(=O)Nc1ccc(O)cc1,C10H11NO5,27,C2H4O3
CC(=O)Nc1ccc(O)c(C=C2C=NC2)c1,CC(=O)Nc1ccc(O)cc1,C12H12N2O2,28,C4H5N
CC(=O)Nc1ccc(OS(=O)(=O)F)cc1,CC(=O)Nc1ccc(O)cc1,C8H8FNO4S,23,HFO2S
CC(=O)Nc1ccc(O)c(C23CC2N2CC23)c1,CC(=O)Nc1ccc(O)cc1,C13H14N2O2,31,C5H7N
C=C(c1cc(O)ccc1NC(C)=O)C(C)(O)Cl,CC(=O)Nc1ccc(O)cc1,C12H14ClNO3,31,C4H7ClO
CC(=O)N(C(=N)OC(N)O)c1ccc(O)cc1,CC(=O)Nc1ccc(O)cc1,C10H13N3O4,30,C2H6N2O2
C=C(I)CC(=O)Nc1ccc(O)cc1,CC(=O)Nc1ccc(O)cc1,C10H10INO2,24,C2H3I
CC(=O)Nc1ccc(OS2(=S)=C=CC=C2)cc1,CC(=O)Nc1ccc(O)cc1,C12H11NO2S2,28,C4H4S2
CC(=O)Nc1ccc(ONCSC2CS2)cc1,CC(=O)Nc1ccc(O)cc1,C11H14N2O2S2,31,C3H7NS2
O=C(COC(Br)=CO)Nc1ccc(O)cc1,CC(=O)Nc1ccc(O)cc1,C10H10BrNO4,26,C2H3BrO2
CC(=O)Nc1ccc(O)c(CC[SiH2]CCO)c1,CC(=O)Nc1ccc(O)cc1,C12H19NO3Si,36,C4H12OSi
COC(Cl)c1cc(NC(C)=O)ccc1O,CC(=O)Nc1ccc(O)cc1,C10H12ClNO3,27,C2H5ClO
CC(=O)Nc1ccc(O)c(OOOOS)c1,CC(=O)Nc1ccc(O)cc1,C8H9NO6S,25,H2O4S
CC(=O)Nc1ccc(O)c(O[Na])c1,CC(=O)Nc1ccc(O)cc1,C8H8NNaO3,21,HNaO
C=CC(c1cc(O)ccc1NC(C)=O)C(N)F,CC(=O)Nc1ccc(O)cc1,C12H15FN2O2,32,C4H8FN
CC(=O)N(ON=NO)c1ccc(O)cc1,CC(=O)Nc1ccc(O)cc1,C8H9N3O4,24,H2N2O2
CC(=O)Nc1ccc(OP2([O-])([O-])OCO2)cc1,CC(=O)Nc1ccc(O)cc1,C9H10NO6P-2,27,CH3O4P-2
CC(=O)Nc1ccc(O)c(C(I)CO)c1,CC(=O)Nc1ccc(O)cc1,C10H12INO3,27,C2H5IO
CC(=O)Nc1ccc(O)cc1CC(Br)CBr,CC(=O)Nc1ccc(O)cc1,C11H13Br2NO2,29,C3H6Br2
CC(=O)Nc1ccc(OC=S2#[SH]=C2)cc1,CC(=O)Nc1ccc(O)cc1,C10H11NO2S2,26,C2H4S2
CC[SiH2]CCCc1cc(NC(C)=O)ccc1O,CC(=O)Nc1ccc(O)cc1,C13H21NO2Si,38,C5H14Si
CC(O)(CBr)CC(=O)Nc1ccc(O)cc1,CC(=O)Nc1ccc(O)cc1,C11H14BrNO3,30,C3H7BrO
O=C(CCBr)Nc1ccc(O)cc1,CC(=O)Nc1ccc(O)cc1,C9H10BrNO2,23,CH3Br
CC(=O)N(C=C(F)F)c1ccc(O)cc1,CC(=O)Nc1ccc(O)cc1,C10H9F2NO2,24,C2H2F2
CC(=O)N(c1ccc(O)cc1)C(C)(Br)Br,CC(=O)Nc1ccc(O)cc1,C10H11Br2NO2,26,C2H4Br2
C[SiH2]CCC(Cl)c1cc(NC(C)=O)ccc1O,CC(=O)Nc1ccc(O)cc1,C12H18ClNO2Si,35,C4H11ClSi
CC(=O)Nc1ccc(O)cc1C(=O)Cl,CC(=O)Nc1ccc(O)cc1,C9H8ClNO3,22,CHClO
CNN=CNN(C(C)=O)c1ccc(O)cc1,CC(=O)Nc1ccc(O)cc1,C10H14N4O2,30,C2H7N3
C=CNC(=N)Oc1ccc(NC(C)=O)cc1,CC(=O)Nc1ccc(O)cc1,C11H13N3O2,29,C3H6N2
O=C(CC1=CC=N1)Nc1ccc(O)cc1,CC(=O)Nc1ccc(O)cc1,C11H10N2O2,25,C3H3N
CC(=O)N(Cn1[nH][nH]1)c1ccc(O)cc1,CC(=O)Nc1ccc(O)cc1,C9H12N4O2,27,CH5N3
CC(=O)N(c1ccc(O)cc1)C1CC2CC21,CC(=O)Nc1ccc(O)cc1,C13H15NO2,31,C5H8
CC(=O)N(c1ccc(O)cc1)C1(Cl)OCN1C,CC(=O)Nc1ccc(O)cc1,C11H13ClN2O3,30,C3H6ClNO
O=C(CC(F)=CF)Nc1ccc(O)cc1,CC(=O)Nc1ccc(O)cc1,C10H9F2NO2,24,C2H2F2
C=COOOCC(=O)Nc1ccc(O)cc1,CC(=O)Nc1ccc(O)cc1,C10H11NO5,27,C2H4O3
C=C([O-])OCC(=O)Nc1ccc(O)cc1,CC(=O)Nc1ccc(O)cc1,C10H10NO4-,25,C2H3O2-
CC(=O)Nc1ccc(O)c(-n2c3cn2[nH]3)c1,CC(=O)Nc1ccc(O)cc1,C10H10N4O2,26,C2H3N3
CC(=O)Nc1ccc(ON(C)NC2CC2)cc1,CC(=O)Nc1ccc(O)cc1,C12H17N3O2,34,C4H10N2
CC(=O)Nc1ccc(O)c(OCBCO)c1,CC(=O)Nc1ccc(O)cc1,C10H14BNO4,30,C2H7BO2
CON(C(C)=O)c1ccc(O)cc1,CC(=O)Nc1ccc(O)cc1,C9H11NO3,24,CH4O
CC(=O)N(c1ccc(O)cc1)N1CC(C=O)O1,CC(=O)Nc1ccc(O)cc1,C11H12N2O4,29,C3H5NO2
CC(=O)Nc1ccc(OSC2=[SH3]CC2)cc1,CC(=O)Nc1ccc(O)cc1,C11H15NO2S2,31,C3H8S2
CC(=O)Nc1ccc(O)cc1N1N=N1,CC(=O)Nc1ccc(O)cc1,C8H8N4O2,22,HN3
CC(=O)Nc1ccc(O)c(C2(Cl)OC2(Cl)Cl)c1,CC(=O)Nc1ccc(O)cc1,C10H8Cl3NO3,25,C2HCl3O
CC(=O)Nc1ccc(OC23C=CN2C3)cc1,CC(=O)Nc1ccc(O)cc1,C12H12N2O2,28,C4H5N
CC(=O)Nc1ccc(O)c(N=CCCF)c1,CC(=O)Nc1ccc(O)cc1,C11H13FN2O2,29,C3H6FN
CCC1CC(N(C(C)=O)c2ccc(O)cc2)C1,CC(=O)Nc1ccc(O)cc1,C14H19NO2,36,C6H12
CC(Br)CC(=O)Nc1ccc(O)cc1,CC(=O)Nc1ccc(O)cc1,C10H12BrNO2,26,C2H5Br
CC(=O)Nc1ccc(O[PH2]=O)c(O)c1,CC(=O)Nc1ccc(O)cc1,C8H10NO4P,24,H3O2P
CCC=COc1cc(NC(C)=O)ccc1O,CC(=O)Nc1ccc(O)cc1,C12H15NO3,31,C4H8O
CC(=O)N(c1ccc(O)cc1)N1C23C4=C5[SH2]2=S5413,CC(=O)Nc1ccc(O)cc1,C11H10N2O2S2,27,C3H3NS2
O=C(CC=COI)Nc1ccc(O)cc1,CC(=O)Nc1ccc(O)cc1,C10H10INO3,25,C2H3IO
CC(=O)Nc1ccc(O)cc1N1N=N1,CC(=O)Nc1ccc(O)cc1,C8H8N4O2,22,HN3
CCC(C[SH2+])c1cc(O)ccc1NC(C)=O,CC(=O)Nc1ccc(O)cc1,C12H18NO2S+,34,C4H11S+
O=C([O-])CC(=O)Nc1ccc(O)cc1,CC(=O)Nc1ccc(O)cc1,C9H8NO4-,22,CHO2-
CC(=O)Nc1ccc(O)c(C(F)F)c1,CC(=O)Nc1ccc(O)cc1,C9H9F2NO2,23,CH2F2
CC(=O)Nc1ccc(O)cc1C1CC2C(C)[SiH]12,CC(=O)Nc1ccc(O)cc1,C13H17NO2Si,34,C5H10Si
CC(=O)Nc1ccc(O)c(O[Na])c1,CC(=O)Nc1ccc(O)cc1,C8H8NNaO3,21,HNaO
O=C(Cc1ooc1[O-])Nc1ccc(O)cc1,CC(=O)Nc1ccc(O)cc1,C10H8NO5-,24,C2HO3-
O=C(CCI)Nc1ccc(O)cc1,CC(=O)Nc1ccc(O)cc1,C9H10INO2,23,CH3I
CC(=O)Nc1ccc(O)cc1CC1(C)C=NC1,CC(=O)Nc1ccc(O)cc1,C13H16N2O2,33,C5H9N
CC(=O)Nc1ccc(O)c(OC(=O)C[O-])c1,CC(=O)Nc1ccc(O)cc1,C10H10NO5-,26,C2H3O3-
CC[NH2+]C(OC)N(C(C)=O)c1ccc(O)cc1,CC(=O)Nc1ccc(O)cc1,C12H19N2O3+,36,C4H12NO+
CC(=O)Nc1ccc(O)cc1C=COCNF,CC(=O)Nc1ccc(O)cc1,C11H13FN2O3,30,C3H6FNO
O=C(CCCCCI)Nc1ccc(O)cc1,CC(=O)Nc1ccc(O)cc1,C12H16INO2,32,C4H9I
CCC([SiH3])CCOc1ccc(NC(C)=O)cc1,CC(=O)Nc1ccc(O)cc1,C13H21NO2Si,38,C5H14Si
CC#CCC(=O)Nc1ccc(O)cc1,CC(=O)Nc1ccc(O)cc1,C11H11NO2,25,C3H4
CC(=O)Nc1ccc(O)cc1C(N)SC=CO,CC(=O)Nc1ccc(O)cc1,C11H14N2O3S,31,C3H7NOS
CC(=O)Nc1ccc(O)cc1C1OC(=O)O1,CC(=O)Nc1ccc(O)cc1,C10H9NO5,25,C2H2O3
CC(=O)Nc1ccc(O[SH3]2N3N4C(N)C432)cc1,CC(=O)Nc1ccc(O)cc1,C10H14N4O2S,31,C2H7N3S
CC(=O)Nc1ccc(O)c(C(C)C(N)N)c1,CC(=O)Nc1ccc(O)cc1,C11H17N3O2,33,C3H10N2
C#CC([O-])(O)c1cc(NC(C)=O)ccc1O,CC(=O)Nc1ccc(O)cc1,C11H10NO4-,26,C3H3O2-
CC(=O)Nc1ccc(O)cc1S1(=O)=NC#CO1,CC(=O)Nc1ccc(O)cc1,C10H8N2O4S,25,C2HNO2S
CC(=O)N(OCO)c1ccc(O)cc1,CC(=O)Nc1ccc(O)cc1,C9H11NO4,25,CH4O2
C#[SH2]CC(=O)Nc1ccc(O)cc1,CC(=O)Nc1ccc(O)cc1,C9H11NO2S,24,CH4S
O=C(COSO)Nc1ccc(O)cc1,CC(=O)Nc1ccc(O)cc1,C8H9NO4S,23,H2O2S
CC(=O)Nc1ccc(O[PH]2(O)OCOO2)cc1,CC(=O)Nc1ccc(O)cc1,C9H12NO6P,29,CH5O4P
CC(=O)Nc1ccc(O)c(C(C)OC(C)Cl)c1,CC(=O)Nc1ccc(O)cc1,C12H16ClNO3,33,C4H9ClO
CC(=O)Nc1ccc(OP(=O)(O)OO)cc1,CC(=O)Nc1ccc(O)cc1,C8H10NO6P,26,H3O4P
CC(=O)Nc1ccc(O)c(C2CC(Cl)O2)c1,CC(=O)Nc1ccc(O)cc1,C11H12ClNO3,28,C3H5ClO
CC(=O)N(c1ccc(O)cc1)C12CC1N2O,CC(=O)Nc1ccc(O)cc1,C11H12N2O3,28,C3H5NO
CC(=O)Nc1ccc(O)cc1C12SC=C(S1)S2,CC(=O)Nc1ccc(O)cc1,C11H9NO2S3,26,C3H2S3
CC(=O)Nc1ccc(O)c(C(F)F)c1,CC(=O)Nc1ccc(O)cc1,C9H9F2NO2,23,CH2F2
CC(=O)Nc1ccc(O)cc1-n1[nH]cc1N,CC(=O)Nc1ccc(O)cc1,C10H12N4O2,28,C2H5N3
CC(=O)Nc1ccc(O)cc1N(C)C,CC(=O)Nc1ccc(O)cc1,C10H14N2O2,28,C2H7N
CC(=O)Nc1ccc(OC(=C=O)OO)cc1,CC(=O)Nc1ccc(O)cc1,C10H9NO5,25,C2H2O3
CC(=O)Nc1ccc(O)c(C(CF)=C(N)O)c1,CC(=O)Nc1ccc(O)cc1,C11H13FN2O3,30,C3H6FNO
CC(=O)Nc1ccc(O)cc1C12C3=C4C(C31)[SH3]42,CC(=O)Nc1ccc(O)cc1,C13H13NO2S,30,C5H6S
O=C(CSC(F)F)Nc1ccc(O)cc1,CC(=O)Nc1ccc(O)cc1,C9H9F2NO2S,24,CH2F2S
C=C1[NH+]=CC(c2cc(NC(C)=O)ccc2O)S1,CC(=O)Nc1ccc(O)cc1,C12H13N2O2S+,30,C4H6NS+
CC(=O)Nc1ccc(OC(=O)Cl)cc1,CC(=O)Nc1ccc(O)cc1,C9H8ClNO3,22,CHClO
CC(=O)Nc1ccc(OC(C)(N)NCO)cc1,CC(=O)Nc1ccc(O)cc1,C11H17N3O3,34,C3H10N2O
CC(=O)Nc1ccc(O)cc1OO,CC(=O)Nc1ccc(O)cc1,C8H9NO4,22,H2O2
CC(=O)Nc1ccc(O)cc1-c1c[nH]n2[nH]n12,CC(=O)Nc1ccc(O)cc1,C10H11N5O2,28,C2H4N4
CC(=O)Nc1ccc(O[Se]C#N)cc1,CC(=O)Nc1ccc(O)cc1,C9H8N2O2Se,22,CHNSe
CC(=O)N(c1ccc(O)cc1)C(F)F,CC(=O)Nc1ccc(O)cc1,C9H9F2NO2,23,CH2F2
CC(=O)Nc1ccc(O)cc1[SH2]1=C=NS1,CC(=O)Nc1ccc(O)cc1,C9H10N2O2S2,25,CH3NS2
CC(=O)Nc1ccc(O)cc1C1CCC(C)C1,CC(=O)Nc1ccc(O)cc1,C14H19NO2,36,C6H12
C=CC=CN(C(C)=O)c1ccc(O)cc1,CC(=O)Nc1ccc(O)cc1,C12H13NO2,28,C4H6
CC(=O)Nc1ccc(O[N+](=N)CN)cc1,CC(=O)Nc1ccc(O)cc1,C9H13N4O2+,28,CH6N3+
O=C(CC=COC(=O)[O-])Nc1ccc(O)cc1,CC(=O)Nc1ccc(O)cc1,C11H10NO5-,27,C3H3O3-
O=C(CN1C2=COC21Br)Nc1ccc(O)cc1,CC(=O)Nc1ccc(O)cc1,C11H9BrN2O3,26,C3H2BrNO
CC(=O)Nc1ccc(O)c(OCCF)c1,CC(=O)Nc1ccc(O)cc1,C10H12FNO3,27,C2H5FO
C#C[NH+]=CC(=C)c1cc(O)ccc1NC(C)=O,CC(=O)Nc1ccc(O)cc1,C13H13N2O2+,30,C5H6N+
CC(C)(N)C(F)CC(=O)Nc1ccc(O)cc1,CC(=O)Nc1ccc(O)cc1,C12H17FN2O2,34,C4H10FN
CC(=O)Nc1ccc(OC23ON2N3C=S)cc1,CC(=O)Nc1ccc(O)cc1,C10H9N3O3S,26,C2H2N2OS
CCC(F)CN(C(C)=O)c1ccc(O)cc1,CC(=O)Nc1ccc(O)cc1,C12H16FNO2,32,C4H9F
CC(=O)Nc1ccc(O)cc1N1N=N1,CC(=O)Nc1ccc(O)cc1,C8H8N4O2,22,HN3
O=C(Cn1on1O)Nc1ccc(O)cc1,CC(=O)Nc1ccc(O)cc1,C8H9N3O4,24,H2N2O2
C=CNCCNc1cc(NC(C)=O)ccc1O,CC(=O)Nc1ccc(O)cc1,C12H17N3O2,34,C4H10N2
CC(=O)Nc1ccc(O)c(C(C)CCN)c1,CC(=O)Nc1ccc(O)cc1,C12H18N2O2,34,C4H11N
O=C(CC1C(F)CC1F)Nc1ccc(O)cc1,CC(=O)Nc1ccc(O)cc1,C12H13F2NO2,30,C4H6F2
CC(=O)Nc1ccc(OP([O-])(O)=C([O-])O)cc1,CC(=O)Nc1ccc(O)cc1,C9H10NO6P-2,27,CH3O4P-2
CC(=O)Nc1ccc(O)c(C2COC[PH2]2O)c1,CC(=O)Nc1ccc(O)cc1,C11H16NO4P,33,C3H9O2P
CC(=O)Nc1ccc(OCOC(=N)NN)cc1,CC(=O)Nc1ccc(O)cc1,C10H14N4O3,31,C2H7N3O
CC(=O)Nc1ccc(OC2(Br)C3=CSC32)cc1,CC(=O)Nc1ccc(O)cc1,C12H10BrNO2S,27,C4H3BrS
CC(=O)N(c1ccc(O)cc1)c1cocn1,CC(=O)Nc1ccc(O)cc1,C11H10N2O3,26,C3H3NO
CC(=O)N(c1ccc(O)cc1)C12CCN(C1)C2,CC(=O)Nc1ccc(O)cc1,C13H16N2O2,33,C5H9N
CC(=O)Nc1ccc(O)c(C2OC2C(C)[O-])c1,CC(=O)Nc1ccc(O)cc1,C12H14NO4-,31,C4H7O2-
C=CC(COO)c1cc(O)ccc1NC(C)=O,CC(=O)Nc1ccc(O)cc1,C12H15NO4,32,C4H8O2
CC(=O)Nc1ccc(OS(F)(F)(F)(F)F)cc1,CC(=O)Nc1ccc(O)cc1,C8H8F5NO2S,25,HF5S
NCOCC(=O)Nc1ccc(O)cc1,CC(=O)Nc1ccc(O)cc1,C9H12N2O3,26,CH5NO
CC(=O)Nc1ccc(O)cc1C(=O)OC[O-],CC(=O)Nc1ccc(O)cc1,C10H10NO5-,26,C2H3O3-
C=C[SH4]Oc1ccc(NC(C)=O)c(C=NC)c1,CC(=O)Nc1ccc(O)cc1,C12H18N2O2S,35,C4H11NS
CC(=O)Nc1ccc(O)c(C(F)F)c1,CC(=O)Nc1ccc(O)cc1,C9H9F2NO2,23,CH2F2
CC(=O)Nc1ccc(O)c(CCC(Br)CO)c1,CC(=O)Nc1ccc(O)cc1,C12H16BrNO3,33,C4H9BrO
CC(=O)Nc1ccc(OCCC2CCC2)cc1,CC(=O)Nc1ccc(O)cc1,C14H19NO2,36,C6H12
CC(=O)Nc1ccc(O)c(C2C=N2)c1,CC(=O)Nc1ccc(O)cc1,C10H10N2O2,24,C2H3N
CC(=O)N(C(=O)Cl)c1ccc(O)cc1,CC(=O)Nc1ccc(O)cc1,C9H8ClNO3,22,CHClO
CC(=O)Nc1ccc(O)c(C(CF)OF)c1,CC(=O)Nc1ccc(O)cc1,C10H11F2NO3,27,C2H4F2O
CCC12NC1C2Oc1ccc(NC(C)=O)cc1,CC(=O)Nc1ccc(O)cc1,C13H16N2O2,33,C5H9N
C#CCCOc1ccc(NC(C)=O)cc1,CC(=O)Nc1ccc(O)cc1,C12H13NO2,28,C4H6
CC(=O)Nc1ccc(O)c([Si](C)(Cl)C(C)Cl)c1,CC(=O)Nc1ccc(O)cc1,C11H15Cl2NO2Si,32,C3H8Cl2Si
CCCNSc1cc(O)ccc1NC(C)=O,CC(=O)Nc1ccc(O)cc1,C11H16N2O2S,32,C3H9NS
CC(=O)Nc1ccc(O)c(OOC(F)=CF)c1,CC(=O)Nc1ccc(O)cc1,C10H9F2NO4,26,C2H2F2O2
CC(=O)Nc1ccc(O)c([PH2]2OOO2)c1,CC(=O)Nc1ccc(O)cc1,C8H10NO5P,25,H3O3P
CC(=O)Nc1ccc(O)c(C2CC([O-])O2)c1,CC(=O)Nc1ccc(O)cc1,C11H12NO4-,28,C3H5O2-
CC[NH2+]COCc1cc(NC(C)=O)ccc1O,CC(=O)Nc1ccc(O)cc1,C12H19N2O3+,36,C4H12NO+
O=C(CC(Cl)CCl)Nc1ccc(O)cc1,CC(=O)Nc1ccc(O)cc1,C10H11Cl2NO2,26,C2H4Cl2
CC(=NCBr)OCC(=O)Nc1ccc(O)cc1,CC(=O)Nc1ccc(O)cc1,C11H13BrN2O3,30,C3H6BrNO
CC(=O)Nc1ccc(O)cc1CC1CC2CC12,CC(=O)Nc1ccc(O)cc1,C14H17NO2,34,C6H10
CC(=O)Nc1ccc(O)c(OC(Cl)C(=O)Br)c1,CC(=O)Nc1ccc(O)cc1,C10H9BrClNO4,26,C2H2BrClO2
CC(=O)Nc1ccc(O)cc1C(=O)[O-],CC(=O)Nc1ccc(O)cc1,C9H8NO4-,22,CHO2-
CC(=O)Nc1ccc(O)cc1[SH](#CS)OO,CC(=O)Nc1ccc(O)cc1,C9H11NO4S2,27,CH4O2S2
CCCCN(C)c1cc(NC(C)=O)ccc1O,CC(=O)Nc1ccc(O)cc1,C13H20N2O2,37,C5H13N
C=[SH](=Cc1cc(NC(C)=O)ccc1O)OOCl,CC(=O)Nc1ccc(O)cc1,C10H12ClNO4S,29,C2H5ClO2S
CC(=O)N(c1ccc(O)cc1)C(C)C(N)C[SiH3],CC(=O)Nc1ccc(O)cc1,C12H20N2O2Si,37,C4H13NSi
CC(=O)Nc1ccc(ONCCCF)cc1,CC(=O)Nc1ccc(O)cc1,C11H15FN2O2,31,C3H8FN
CC(=O)Nc1ccc(O)cc1C=C1OC=C1Br,CC(=O)Nc1ccc(O)cc1,C12H10BrNO3,27,C4H3BrO
CC(=O)Nc1ccc(O)c(C=CC(Cl)Cl)c1,CC(=O)Nc1ccc(O)cc1,C11H11Cl2NO2,27,C3H4Cl2
CC(=O)Nc1ccc(O)c(C2c3n[nH]n32)c1,CC(=O)Nc1ccc(O)cc1,C10H10N4O2,26,C2H3N3
CCC(Cl)CON(C(C)=O)c1ccc(O)cc1,CC(=O)Nc1ccc(O)cc1,C12H16ClNO3,33,C4H9ClO
CC(=O)Nc1ccc(O)c(SCOC=N)c1,CC(=O)Nc1ccc(O)cc1,C10H12N2O3S,28,C2H5NOS
CC(=O)Nc1ccc(O)cc1-n1[nH]n1C#N,CC(=O)Nc1ccc(O)cc1,C9H9N5O2,25,CH2N4
CC(F)CC(=O)Nc1ccc(O)cc1,CC(=O)Nc1ccc(O)cc1,C10H12FNO2,26,C2H5F
O=C(COP(=O)([O-])C[O-])Nc1ccc(O)cc1,CC(=O)Nc1ccc(O)cc1,C9H10NO6P-2,27,CH3O4P-2
CC(=O)Nc1ccc(O)cc1C(C)CF,CC(=O)Nc1ccc(O)cc1,C11H14FNO2,29,C3H7F
CC(=O)N(CC(C)CCl)c1ccc(O)cc1,CC(=O)Nc1ccc(O)cc1,C12H16ClNO2,32,C4H9Cl
CC(=O)N(c1ccc(O)cc1)C(NO)OC=N,CC(=O)Nc1ccc(O)cc1,C10H13N3O4,30,C2H6N2O2
CC(=O)Nc1ccc(O)c(C=C2OC=CO2)c1,CC(=O)Nc1ccc(O)cc1,C12H11NO4,28,C4H4O2
CC(=O)N(c1ccc(O)cc1)C1OCC1I,CC(=O)Nc1ccc(O)cc1,C11H12INO3,28,C3H5IO
CC(=O)Nc1ccc(O)c(C2=C(O[SH4]Cl)O2)c1,CC(=O)Nc1ccc(O)cc1,C10H12ClNO4S,29,C2H5ClO2S
CC(=O)Nc1ccc(O)cc1C(F)C(F)F,CC(=O)Nc1ccc(O)cc1,C10H10F3NO2,26,C2H3F3
CC(=O)Nc1ccc(O)c(CC(F)(F)F)c1,CC(=O)Nc1ccc(O)cc1,C10H10F3NO2,26,C2H3F3
CC(=O)Nc1ccc(ON2COC2Cl)cc1,CC(=O)Nc1ccc(O)cc1,C10H11ClN2O3,27,C2H4ClNO
CC(=O)Nc1ccc(O)cc1C(Br)(Br)Br,CC(=O)Nc1ccc(O)cc1,C9H8Br3NO2,23,CHBr3
O=C(C[O-])CC(=O)Nc1ccc(O)cc1,CC(=O)Nc1ccc(O)cc1,C10H10NO4-,25,C2H3O2-
CC(=O)Nc1ccc(O)cc1C(C)OCOS,CC(=O)Nc1ccc(O)cc1,C11H15NO4S,32,C3H8O2S
CC(=O)Nc1ccc(O)c(C=COC=NO)c1,CC(=O)Nc1ccc(O)cc1,C11H12N2O4,29,C3H5NO2
CC(=O)Nc1ccc(O)c(CCC=CCO)c1,CC(=O)Nc1ccc(O)cc1,C13H17NO3,34,C5H10O
C=CN(C(=N)N)c1cc(O)ccc1NC(C)=O,CC(=O)Nc1ccc(O)cc1,C11H14N4O2,31,C3H7N3
CC(=O)Nc1ccc(OS234=CC2C3=C4)cc1I,CC(=O)Nc1ccc(O)cc1,C12H10INO2S,27,C4H3IS
CC[SH+]COc1ccc(NC(C)=O)cc1,CC(=O)Nc1ccc(O)cc1,C11H16NO2S+,31,C3H9S+
CC[SiH](CO)Oc1cc(O)ccc1NC(C)=O,CC(=O)Nc1ccc(O)cc1,C11H17NO4Si,34,C3H10O2Si
CC(Cl)(CCCl)CC(=O)Nc1ccc(O)cc1,CC(=O)Nc1ccc(O)cc1,C12H15Cl2NO2,32,C4H8Cl2
CC[SiH2]C(C)Oc1ccc(NC(C)=O)cc1,CC(=O)Nc1ccc(O)cc1,C12H19NO2Si,35,C4H12Si
CC(=O)Nc1ccc(O)c(C2CCNC2)c1,CC(=O)Nc1ccc(O)cc1,C12H16N2O2,32,C4H9N
CC(=O)N(c1ccc(O)cc1)N(C=N)COCl,CC(=O)Nc1ccc(O)cc1,C10H12ClN3O3,29,C2H5ClN2O
CC(=O)Nc1ccc(OC2(Cl)C3N4C2N34)cc1,CC(=O)Nc1ccc(O)cc1,C11H10ClN3O2,27,C3H3ClN2
CC(=O)Nc1ccc(OP(=O)([O-])[O-])cc1,CC(=O)Nc1ccc(O)cc1,C8H8NO5P-2,23,HO3P-2
O=C(CC(O)CI)Nc1ccc(O)cc1,CC(=O)Nc1ccc(O)cc1,C10H12INO3,27,C2H5IO
CC(=O)N(c1ccc(O)cc1)C(F)(F)CF,CC(=O)Nc1ccc(O)cc1,C10H10F3NO2,26,C2H3F3
N=C(S)CC(=O)Nc1ccc(O)cc1,CC(=O)Nc1ccc(O)cc1,C9H10N2O2S,24,CH3NS
CC(=O)Nc1ccc(O)cc1C1OC=C1Cl,CC(=O)Nc1ccc(O)cc1,C11H10ClNO3,26,C3H3ClO
CC(=O)Nc1ccc(O)cc1C(C)C(F)F,CC(=O)Nc1ccc(O)cc1,C11H13F2NO2,29,C3H6F2
CC[SiH](C)Oc1ccc(NC(C)=O)cc1,CC(=O)Nc1ccc(O)cc1,C11H17NO2Si,32,C3H10Si
CC(=O)Nc1ccc(O)c(C23COC(O2)O3)c1,CC(=O)Nc1ccc(O)cc1,C11H11NO5,28,C3H4O3
CC(=O)N(N=C=[Se])c1ccc(O)cc1,CC(=O)Nc1ccc(O)cc1,C9H8N2O2Se,22,CHNSe
CC(=O)Nc1ccc(O)c(C2(I)CO2)c1,CC(=O)Nc1ccc(O)cc1,C10H10INO3,25,C2H3IO
CCCc1cc(NC(C)=O)ccc1O,CC(=O)Nc1ccc(O)cc1,C11H15NO2,29,C3H8
CC(=O)Nc1ccc(O)cc1O[PH](=O)O,CC(=O)Nc1ccc(O)cc1,C8H10NO5P,25,H3O3P
CC(=O)Nc1ccc(O)cc1C=CBr,CC(=O)Nc1ccc(O)cc1,C10H10BrNO2,24,C2H3Br
CC(=O)Nc1ccc(O)cc1OCO,CC(=O)Nc1ccc(O)cc1,C9H11NO4,25,CH4O2
C=NOc1ccc(NC(C)=O)cc1,CC(=O)Nc1ccc(O)cc1,C9H10N2O2,23,CH3N
COC[SiH2]COc1ccc(NC(C)=O)cc1,CC(=O)Nc1ccc(O)cc1,C11H17NO3Si,33,C3H10OSi
C=CCC(=C)Oc1ccc(NC(C)=O)cc1,CC(=O)Nc1ccc(O)cc1,C13H15NO2,31,C5H8
CSC1(c2cc(O)ccc2NC(C)=O)OCO1,CC(=O)Nc1ccc(O)cc1,C11H13NO4S,30,C3H6O2S
C=Cc1cc(NC(C)=O)ccc1O,CC(=O)Nc1ccc(O)cc1,C10H11NO2,24,C2H4
CC(=O)Nc1ccc(O)cc1C#N,CC(=O)Nc1ccc(O)cc1,C9H8N2O2,21,CHN
CC(=O)N(CCNF)c1ccc(O)cc1,CC(=O)Nc1ccc(O)cc1,C10H13FN2O2,28,C2H6FN
CCC(C)c1cc(O)ccc1NC(C)=O,CC(=O)Nc1ccc(O)cc1,C12H17NO2,32,C4H10
CCC(CCO)CC(=O)Nc1ccc(O)cc1,CC(=O)Nc1ccc(O)cc1,C13H19NO3,36,C5H12O
C=NCOCN(C(C)=O)c1ccc(O)cc1,CC(=O)Nc1ccc(O)cc1,C11H14N2O3,30,C3H7NO
CC(=O)Nc1ccc(O)cc1C1(I)CO1,CC(=O)Nc1ccc(O)cc1,C10H10INO3,25,C2H3IO
CC(=O)Nc1ccc(O)c(C(=O)OC(Cl)Br)c1,CC(=O)Nc1ccc(O)cc1,C10H9BrClNO4,26,C2H2BrClO2
C#CSCOc1ccc(NC(C)=O)cc1,CC(=O)Nc1ccc(O)cc1,C11H11NO2S,26,C3H4S
CCN(F)c1cc(O)ccc1NC(C)=O,CC(=O)Nc1ccc(O)cc1,C10H13FN2O2,28,C2H6FN
CC(=O)N(C1=NC(O)N=N1)c1ccc(O)cc1,CC(=O)Nc1ccc(O)cc1,C10H10N4O3,27,C2H3N3O
CC(=O)Nc1ccc(O)cc1C(F)OF,CC(=O)Nc1ccc(O)cc1,C9H9F2NO3,24,CH2F2O
CC(=O)N(c1ccc(O)cc1)C(C)CN(N)S,CC(=O)Nc1ccc(O)cc1,C11H17N3O2S,34,C3H10N2S
CC(=O)Nc1ccc(O)cc1C(F)Cl,CC(=O)Nc1ccc(O)cc1,C9H9ClFNO2,23,CH2ClF
CC(=O)Nc1ccc(O)c(BCOO)c1,CC(=O)Nc1ccc(O)cc1,C9H12BNO4,27,CH5BO2
C=CC[SH3](N=C)Oc1ccc(NC(C)=O)cc1,CC(=O)Nc1ccc(O)cc1,C12H18N2O2S,35,C4H11NS
CC(=O)Nc1ccc(O)cc1C12CC1C2O,CC(=O)Nc1ccc(O)cc1,C12H13NO3,29,C4H6O
CC(=O)N([N+]#N)c1ccc(O)cc1,CC(=O)Nc1ccc(O)cc1,C8H8N3O2+,21,HN2+
C=C(I)c1cc(NC(C)=O)ccc1O,CC(=O)Nc1ccc(O)cc1,C10H10INO2,24,C2H3I
CC(=O)Nc1ccc(O)c(C(Cl)CCCl)c1,CC(=O)Nc1ccc(O)cc1,C11H13Cl2NO2,29,C3H6Cl2
CC(=O)Nc1ccc(OC2COCC2Br)cc1,CC(=O)Nc1ccc(O)cc1,C12H14BrNO3,31,C4H7BrO
CC(=O)Nc1ccc(O)cc1C(=N)OC(Cl)Cl,CC(=O)Nc1ccc(O)cc1,C10H10Cl2N2O3,27,C2H3Cl2NO
CC(=O)Nc1ccc(O)cc1N(O)C1CNN1,CC(=O)Nc1ccc(O)cc1,C10H14N4O3,31,C2H7N3O
CC(=O)N(CCOBr)c1ccc(O)cc1,CC(=O)Nc1ccc(O)cc1,C10H12BrNO3,27,C2H5BrO
O=C(CCOF)Nc1ccc(O)c(F)c1,CC(=O)Nc1ccc(O)cc1,C9H9F2NO3,24,CH2F2O
CC(=O)N(c1ccc(O)cc1)C1(C(Cl)Cl)OO1,CC(=O)Nc1ccc(O)cc1,C10H9Cl2NO4,26,C2H2Cl2O2
O=C(CC(F)C(=O)F)Nc1ccc(O)cc1,CC(=O)Nc1ccc(O)cc1,C10H9F2NO3,25,C2H2F2O
CC(=O)N(CCCCBr)c1ccc(O)cc1,CC(=O)Nc1ccc(O)cc1,C12H16BrNO2,32,C4H9Br
CC(=O)Nc1ccc(O)cc1-n1cc(C)c[nH+]1,CC(=O)Nc1ccc(O)cc1,C12H14N3O2+,31,C4H7N2+
CC1(CC(=O)Nc2ccc(O)cc2)CCCS1,CC(=O)Nc1ccc(O)cc1,C13H17NO2S,34,C5H10S
CC(=O)Nc1ccc(O)c(C2CC(N)(F)O2)c1,CC(=O)Nc1ccc(O)cc1,C11H13FN2O3,30,C3H6FNO
CC(=O)Nc1ccc(O)c(-c2nc(Cl)cs2)c1,CC(=O)Nc1ccc(O)cc1,C11H9ClN2O2S,26,C3H2ClNS
CC(=O)Nc1ccc(O)cc1CC1CC2CC12,CC(=O)Nc1ccc(O)cc1,C14H17NO2,34,C6H10
O=C(CC(Br)C(Br)Br)Nc1ccc(O)cc1,CC(=O)Nc1ccc(O)cc1,C10H10Br3NO2,26,C2H3Br3
CC(=O)N(c1ccc(O)cc1)N1N=NN=CS1,CC(=O)Nc1ccc(O)cc1,C9H9N5O2S,26,CH2N4S
CCC(Cl)(Cl)Oc1cc(O)ccc1NC(C)=O,CC(=O)Nc1ccc(O)cc1,C11H13Cl2NO3,30,C3H6Cl2O
CC(=O)Nc1ccc(O)c(N2C=NCN2C)c1,CC(=O)Nc1ccc(O)cc1,C11H14N4O2,31,C3H7N3
CC(=O)Nc1ccc(OC2N=CN=C2O)cc1,CC(=O)Nc1ccc(O)cc1,C11H11N3O3,28,C3H4N2O
CC(=O)Nc1ccc(O)c(NC2=CCC2C)c1,CC(=O)Nc1ccc(O)cc1,C13H16N2O2,33,C5H9N
O=C(CC(Cl)(Br)C1OO1)Nc1ccc(O)cc1,CC(=O)Nc1ccc(O)cc1,C10H9BrClNO4,26,C2H2BrClO2
CCCCCc1cc(O)ccc1NC(C)=O,CC(=O)Nc1ccc(O)cc1,C13H19NO2,35,C5H12
CC(=O)Nc1ccc(O)c(C2(O)CC2O)c1,CC(=O)Nc1ccc(O)cc1,C11H13NO4,29,C3H6O2
CC(=O)Nc1ccc(O)c(C2CCCN2Cl)c1,CC(=O)Nc1ccc(O)cc1,C12H15ClN2O2,32,C4H8ClN
O=C(CC1=NCOO1)Nc1ccc(O)cc1,CC(=O)Nc1ccc(O)cc1,C10H10N2O4,26,C2H3NO2
CC(=O)Nc1ccc(O)c(C2=CC3CC=C23)c1,CC(=O)Nc1ccc(O)cc1,C14H13NO2,30,C6H6
CC(=O)Nc1ccc(O)c(C(F)(F)F)c1,CC(=O)Nc1ccc(O)cc1,C9H8F3NO2,23,CHF3
CC(=O)Nc1ccc(O)c(C2C=CO2)c1,CC(=O)Nc1ccc(O)cc1,C11H11NO3,26,C3H4O
CC(=O)N(c1ccc(O)cc1)C1C=[NH+]C2NC21,CC(=O)Nc1ccc(O)cc1,C12H14N3O2+,31,C4H7N2+
O=C(CC1OC1=O)Nc1ccc(O)cc1,CC(=O)Nc1ccc(O)cc1,C10H9NO4,24,C2H2O2
CC(=O)N(C1=S23=C1C2(F)N3)c1ccc(O)cc1,CC(=O)Nc1ccc(O)cc1,C11H9FN2O2S,26,C3H2FNS
CC(=O)Nc1ccc(O)c([SiH](Cl)CCl)c1,CC(=O)Nc1ccc(O)cc1,C9H11Cl2NO2Si,26,CH4Cl2Si
CC(=O)Nc1ccc(O)cc1C12C=C(Cl)C1S2,CC(=O)Nc1ccc(O)cc1,C12H10ClNO2S,27,C4H3ClS
COC1N=C1CC(=O)Nc1ccc(O)cc1,CC(=O)Nc1ccc(O)cc1,C11H12N2O3,28,C3H5NO
CC(=O)N(c1ccc(O)cc1)C1[SH4]C2OC1O2,CC(=O)Nc1ccc(O)cc1,C11H15NO4S,32,C3H8O2S
CC(=O)Nc1ccc(On2ccnc2Br)cc1,CC(=O)Nc1ccc(O)cc1,C11H10BrN3O2,27,C3H3BrN2
C[NH2+]C(C)COOc1ccc(NC(C)=O)cc1,CC(=O)Nc1ccc(O)cc1,C12H19N2O3+,36,C4H12NO+
CC(=O)Nc1ccc(O)c(C(C)(C)CCO)c1,CC(=O)Nc1ccc(O)cc1,C13H19NO3,36,C5H12O
CC(=O)N(c1ccc(O)cc1)C1(C)C[SH2](=O)S1,CC(=O)Nc1ccc(O)cc1,C11H15NO3S2,32,C3H8OS2
CC(=O)Nc1ccc(O)cc1-c1nnco1,CC(=O)Nc1ccc(O)cc1,C10H9N3O3,25,C2H2N2O
O=C(CC=[SH2]=CS)Nc1ccc(O)cc1,CC(=O)Nc1ccc(O)cc1,C10H13NO2S2,28,C2H6S2
CC(=O)Nc1ccc(O)cc1OCCN,CC(=O)Nc1ccc(O)cc1,C10H14N2O3,29,C2H7NO
CC(=O)Nc1ccc(O)c(C2(CN)N=N2)c1,CC(=O)Nc1ccc(O)cc1,C10H12N4O2,28,C2H5N3
CC(=O)N(c1ccc(O)cc1)C(F)C(F)F,CC(=O)Nc1ccc(O)cc1,C10H10F3NO2,26,C2H3F3
CCC(C)=COc1ccc(NC(C)=O)cc1,CC(=O)Nc1ccc(O)cc1,C13H17NO2,33,C5H10
C=C(O)c1cc(O)ccc1NC(C)=O,CC(=O)Nc1ccc(O)cc1,C10H11NO3,25,C2H4O
CC(=O)Nc1ccc(O)cc1SCO,CC(=O)Nc1ccc(O)cc1,C9H11NO3S,25,CH4OS
CC(=O)Nc1ccc(OC(C)CI)cc1,CC(=O)Nc1ccc(O)cc1,C11H14INO2,29,C3H7I
CC(=O)Nc1ccc(O[SH2]2=CC2)cc1,CC(=O)Nc1ccc(O)cc1,C10H13NO2S,27,C2H6S
CC(=O)N(C1=COOO1)c1ccc(O)cc1,CC(=O)Nc1ccc(O)cc1,C10H9NO5,25,C2H2O3
CC(=O)Nc1ccc(O)c(C2OO2)c1,CC(=O)Nc1ccc(O)cc1,C9H9NO4,23,CH2O2
C[S+](C)CCCC(=O)Nc1ccc(O)cc1,CC(=O)Nc1ccc(O)cc1,C12H18NO2S+,34,C4H11S+
CC(=O)Nc1ccc(O[SH]23=C4C2=C3C4Cl)cc1,CC(=O)Nc1ccc(O)cc1,C12H10ClNO2S,27,C4H3ClS
COC(=N[O-])c1cc(O)ccc1NC(C)=O,CC(=O)Nc1ccc(O)cc1,C10H11N2O4-,27,C2H4NO2-
CC(=O)Nc1ccc(O)c(C2NC3CNN32)c1,CC(=O)Nc1ccc(O)cc1,C11H14N4O2,31,C3H7N3
CNC(F)N(C(C)=O)c1ccc(O)cc1,CC(=O)Nc1ccc(O)cc1,C10H13FN2O2,28,C2H6FN
CC(=O)Nc1ccc(O)cc1C1N=C1N=CBr,CC(=O)Nc1ccc(O)cc1,C11H10BrN3O2,27,C3H3BrN2
CC(=O)Nc1ccc(O)c(C(Br)=CO)c1,CC(=O)Nc1ccc(O)cc1,C10H10BrNO3,25,C2H3BrO
CC(=O)Nc1ccc(O)cc1C(F)=NOCF,CC(=O)Nc1ccc(O)cc1,C10H10F2N2O3,27,C2H3F2NO
O=C(CN[SH2]1=NOCO1)Nc1ccc(O)cc1,CC(=O)Nc1ccc(O)cc1,C9H13N3O4S,30,CH6N2O2S
CC(=O)Nc1ccc(O)c(NC2(O)CNO2)c1,CC(=O)Nc1ccc(O)cc1,C10H13N3O4,30,C2H6N2O2
CCCC(I)c1cc(O)ccc1NC(C)=O,CC(=O)Nc1ccc(O)cc1,C12H16INO2,32,C4H9I
CC(=O)Nc1ccc(O)cc1C(F)OCCF,CC(=O)Nc1ccc(O)cc1,C11H13F2NO3,30,C3H6F2O
CC(=O)N(c1ccc(O)cc1)C(Br)C(Br)Br,CC(=O)Nc1ccc(O)cc1,C10H10Br3NO2,26,C2H3Br3
N=C(O)NNCC(=O)Nc1ccc(O)cc1,CC(=O)Nc1ccc(O)cc1,C9H12N4O3,28,CH5N3O
CC(=O)Nc1ccc(OC23CC24[SH2]2=C[SH2]234)cc1,CC(=O)Nc1ccc(O)cc1,C12H15NO2S2,32,C4H8S2
CC(=O)Nc1ccc(ON2COOSC2)cc1,CC(=O)Nc1ccc(O)cc1,C10H12N2O4S,29,C2H5NO2S
NC1=CSNN1CC(=O)Nc1ccc(O)cc1,CC(=O)Nc1ccc(O)cc1,C10H12N4O2S,29,C2H5N3S
O=C(CC1(Br)C2C3SC321)Nc1ccc(O)cc1,CC(=O)Nc1ccc(O)cc1,C12H10BrNO2S,27,C4H3BrS
CC(=O)Nc1ccc(O)c(C=CI)c1,CC(=O)Nc1ccc(O)cc1,C10H10INO2,24,C2H3I
CC(=O)Nc1ccc(O)cc1C(Br)Br,CC(=O)Nc1ccc(O)cc1,C9H9Br2NO2,23,CH2Br2
CC(=O)Nc1ccc(O)c(C(C)(Cl)CCl)c1,CC(=O)Nc1ccc(O)cc1,C11H13Cl2NO2,29,C3H6Cl2
CC(=O)Nc1ccc(O)cc1N=O,CC(=O)Nc1ccc(O)cc1,C8H8N2O3,21,HNO
C=CC(=C)CCC(=O)Nc1ccc(O)cc1,CC(=O)Nc1ccc(O)cc1,C13H15NO2,31,C5H8
C=CCC(Br)CN(C(C)=O)c1ccc(O)cc1,CC(=O)Nc1ccc(O)cc1,C13H16BrNO2,33,C5H9Br
CC(=O)Nc1ccc(O)c(OSN(N)O)c1,CC(=O)Nc1ccc(O)cc1,C8H11N3O4S,27,H4N2O2S
CC(=O)Nc1ccc(O)c(OC(C)CON)c1,CC(=O)Nc1ccc(O)cc1,C11H16N2O4,33,C3H9NO2
CC(=O)Nc1ccc(O)c(OC(F)(F)Cl)c1,CC(=O)Nc1ccc(O)cc1,C9H8ClF2NO3,24,CHClF2O
CC(=O)Nc1ccc(O)c(NCN)c1,CC(=O)Nc1ccc(O)cc1,C9H13N3O2,27,CH6N2
CC(=O)Nc1ccc(O)cc1B(O)CO,CC(=O)Nc1ccc(O)cc1,C9H12BNO4,27,CH5BO2
O=C(Cn1ncnn1)Nc1ccc(O)cc1,CC(=O)Nc1ccc(O)cc1,C9H9N5O2,25,CH2N4
N#CNCC(=O)Nc1ccc(O)cc1,CC(=O)Nc1ccc(O)cc1,C9H9N3O2,23,CH2N2
CC(=O)Nc1ccc(O[SH3]=c2nn2)cc1,CC(=O)Nc1ccc(O)cc1,C9H11N3O2S,26,CH4N2S
O=C(COO[PH2]1C=C1O)Nc1ccc(O)cc1,CC(=O)Nc1ccc(O)cc1,C10H12NO5P,29,C2H5O3P
CC(=O)Nc1ccc(O)c(N2C3=NSC32)c1,CC(=O)Nc1ccc(O)cc1,C10H9N3O2S,25,C2H2N2S
CC(=O)Nc1ccc(O)cc1ON1C=[SH2]1O,CC(=O)Nc1ccc(O)cc1,C9H12N2O4S,28,CH5NO2S
CC(=O)Nc1ccc(ON[S+]2C=C=CC2)cc1,CC(=O)Nc1ccc(O)cc1,C12H13N2O2S+,30,C4H6NS+
CC(=O)Nc1ccc(OC2CC2)cc1,CC(=O)Nc1ccc(O)cc1,C11H13NO2,27,C3H6
O=C(CC12CCC(C1)[SH4]2)Nc1ccc(O)cc1,CC(=O)Nc1ccc(O)cc1,C13H19NO2S,36,C5H12S
CC(=O)Nc1ccc(O)c(OSOCl)c1,CC(=O)Nc1ccc(O)cc1,C8H8ClNO4S,23,HClO2S
CC(=O)Nc1ccc(OCC(C)C(C)C)cc1,CC(=O)Nc1ccc(O)cc1,C14H21NO2,38,C6H14
CC(=O)N(CSOC(O)Cl)c1ccc(O)cc1,CC(=O)Nc1ccc(O)cc1,C10H12ClNO4S,29,C2H5ClO2S
C=CCONCC(=O)Nc1ccc(O)cc1,CC(=O)Nc1ccc(O)cc1,C11H14N2O3,30,C3H7NO
CC(=O)Nc1ccc(O)c(C(=O)[O-])c1,CC(=O)Nc1ccc(O)cc1,C9H8NO4-,22,CHO2-
O=C(Cc1cc(Cl)co1)Nc1ccc(O)cc1,CC(=O)Nc1ccc(O)cc1,C12H10ClNO3,27,C4H3ClO
CC(=O)Nc1ccc(OC2(Cl)OC2(Cl)Cl)cc1,CC(=O)Nc1ccc(O)cc1,C10H8Cl3NO3,25,C2HCl3O
CC(=O)Nc1ccc(OC2CCCC2)cc1,CC(=O)Nc1ccc(O)cc1,C13H17NO2,33,C5H10
C=COC=COc1cc(O)ccc1NC(C)=O,CC(=O)Nc1ccc(O)cc1,C12H13NO4,30,C4H6O2
CC(=O)Nc1ccc(O)cc1C1C2OC1(Cl)O2,CC(=O)Nc1ccc(O)cc1,C11H10ClNO4,27,C3H3ClO2
O=C(CC=CF)Nc1ccc(O)cc1,CC(=O)Nc1ccc(O)cc1,C10H10FNO2,24,C2H3F
O=C(CC1CC1O[NH2+]O)Nc1ccc(O)cc1,CC(=O)Nc1ccc(O)cc1,C11H15N2O4+,32,C3H8NO2+
CCOC(N)(S)c1cc(NC(C)=O)ccc1O,CC(=O)Nc1ccc(O)cc1,C11H16N2O3S,33,C3H9NOS
CC(=O)Nc1ccc(O)c(NC(O)=NC=N)c1,CC(=O)Nc1ccc(O)cc1,C10H12N4O3,29,C2H5N3O
CC(=O)Nc1ccc(O)c(C(F)(CF)NF)c1,CC(=O)Nc1ccc(O)cc1,C10H11F3N2O2,28,C2H4F3N
O=C(CN1CN=CN1)Nc1ccc(O)cc1,CC(=O)Nc1ccc(O)cc1,C10H12N4O2,28,C2H5N3
CC(=O)Nc1ccc(O)cc1O[Na],CC(=O)Nc1ccc(O)cc1,C8H8NNaO3,21,HNaO
CC(=O)Nc1ccc(O)cc1OC1CC(Cl)O1,CC(=O)Nc1ccc(O)cc1,C11H12ClNO4,29,C3H5ClO2
CC(=O)Nc1ccc(O)cc1C(Cl)Cl,CC(=O)Nc1ccc(O)cc1,C9H9Cl2NO2,23,CH2Cl2
BC(O)(O)c1cc(O)ccc1NC(C)=O,CC(=O)Nc1ccc(O)cc1,C9H12BNO4,27,CH5BO2
O=C(CCCO)Nc1ccc(O)cc1,CC(=O)Nc1ccc(O)cc1,C10H13NO3,27,C2H6O
CC(=O)Nc1ccc(OS2(C)#S(=O)O2)cc1,CC(=O)Nc1ccc(O)cc1,C9H11NO4S2,27,CH4O2S2
CC(=O)Nc1ccc(OC[NH+]=N)cc1,CC(=O)Nc1ccc(O)cc1,C9H12N3O2+,26,CH5N2+
O=C(CC(F)SF)Nc1ccc(O)cc1,CC(=O)Nc1ccc(O)cc1,C9H9F2NO2S,24,CH2F2S
COC(OC=N)Oc1ccc(NC(C)=O)cc1,CC(=O)Nc1ccc(O)cc1,C11H14N2O4,31,C3H7NO2
CC(=O)Nc1ccc(O)c(C2SS2)c1,CC(=O)Nc1ccc(O)cc1,C9H9NO2S2,23,CH2S2
CCC(CC(=O)Nc1ccc(O)cc1)C(C)Cl,CC(=O)Nc1ccc(O)cc1,C13H18ClNO2,35,C5H11Cl
CC(=O)Nc1ccc(OP(=O)(O)OC=O)cc1,CC(=O)Nc1ccc(O)cc1,C9H10NO6P,27,CH3O4P
CC(=O)Nc1ccc(O)c(C(=O)Cl)c1,CC(=O)Nc1ccc(O)cc1,C9H8ClNO3,22,CHClO
O=C(C[NH2+]CCO)Nc1ccc(O)cc1,CC(=O)Nc1ccc(O)cc1,C10H15N2O3+,30,C2H8NO+
CC(=O)Nc1ccc(O)c(C2C=C2)c1,CC(=O)Nc1ccc(O)cc1,C11H11NO2,25,C3H4
CC(=O)Nc1ccc(OP(=O)([O-])[O-])cc1,CC(=O)Nc1ccc(O)cc1,C8H8NO5P-2,23,HO3P-2
CCCC[NH2+]CC(=O)Nc1ccc(O)cc1,CC(=O)Nc1ccc(O)cc1,C12H19N2O2+,35,C4H12N+
CC(=O)Nc1ccc(O[SH3]2C#C2)cc1,CC(=O)Nc1ccc(O)cc1,C10H11NO2S,25,C2H4S
CC(=O)N(c1ccc(O)cc1)c1c2n(O)n1-2,CC(=O)Nc1ccc(O)cc1,C10H9N3O3,25,C2H2N2O
CC(=O)Nc1ccc(O)cc1C1=CC1I,CC(=O)Nc1ccc(O)cc1,C11H10INO2,25,C3H3I
C=NCC(C)COc1ccc(NC(C)=O)cc1,CC(=O)Nc1ccc(O)cc1,C13H18N2O2,35,C5H11N
CC=Cc1cc(O)ccc1NC(C)=O,CC(=O)Nc1ccc(O)cc1,C11H13NO2,27,C3H6
CC(=O)Nc1ccc(O)cc1CCC(Br)Br,CC(=O)Nc1ccc(O)cc1,C11H13Br2NO2,29,C3H6Br2
CC(=O)Nc1ccc(O)c(OC([O-])CC=O)c1,CC(=O)Nc1ccc(O)cc1,C11H12NO5-,29,C3H5O3-
CC(=O)Nc1ccc(O)cc1C(F)(F)C(=O)F,CC(=O)Nc1ccc(O)cc1,C10H8F3NO3,25,C2HF3O
CC(=O)Nc1ccc(OCOCI)cc1,CC(=O)Nc1ccc(O)cc1,C10H12INO3,27,C2H5IO
C=C1N2C(CC(=O)Nc3ccc(O)cc3)N12,CC(=O)Nc1ccc(O)cc1,C11H11N3O2,27,C3H4N2
CC(=O)Nc1ccc(O)cc1C(F)Cl,CC(=O)Nc1ccc(O)cc1,C9H9ClFNO2,23,CH2ClF
CC(=O)Nc1ccc(O)cc1C1OON1C,CC(=O)Nc1ccc(O)cc1,C10H12N2O4,28,C2H5NO2
CC(=O)Nc1ccc(O)c(C(OF)=C(F)Cl)c1,CC(=O)Nc1ccc(O)cc1,C10H8ClF2NO3,25,C2HClF2O
CC(=O)Nc1ccc(O)c(C2(N)C3CC2C3)c1,CC(=O)Nc1ccc(O)cc1,C13H16N2O2,33,C5H9N
CC(=O)N(c1ccc(O)cc1)C1CCCO1,CC(=O)Nc1ccc(O)cc1,C12H15NO3,31,C4H8O
CC(=O)Nc1ccc(O)cc1C[SH2]12CC1N2,CC(=O)Nc1ccc(O)cc1,C11H16N2O2S,32,C3H9NS
CC(=O)Nc1ccc(OC[PH2]2OCO2)cc1,CC(=O)Nc1ccc(O)cc1,C10H14NO4P,30,C2H7O2P
CC[SH+]CC(=O)Nc1ccc(O)cc1,CC(=O)Nc1ccc(O)cc1,C10H14NO2S+,28,C2H7S+
CC(I)CCC(=O)Nc1ccc(O)cc1,CC(=O)Nc1ccc(O)cc1,C11H14INO2,29,C3H7I
C=CC(CF)NOc1ccc(NC(C)=O)cc1,CC(=O)Nc1ccc(O)cc1,C12H15FN2O2,32,C4H8FN
CC(=O)Nc1ccc(OS(F)(F)(F)(F)F)cc1,CC(=O)Nc1ccc(O)cc1,C8H8F5NO2S,25,HF5S
O=C(CCC1CN=CO1)Nc1ccc(O)cc1,CC(=O)Nc1ccc(O)cc1,C12H14N2O3,31,C4H7NO
CCCCC(=O)Nc1ccc(O)c(Cl)c1,CC(=O)Nc1ccc(O)cc1,C11H14ClNO2,29,C3H7Cl
O=C(COSO)Nc1ccc(O)cc1,CC(=O)Nc1ccc(O)cc1,C8H9NO4S,23,H2O2S
CC(=O)Nc1ccc(O)c(C23ONSN2O3)c1,CC(=O)Nc1ccc(O)cc1,C9H9N3O4S,26,CH2N2O2S
CC(=O)N(OCN)c1ccc(O)cc1,CC(=O)Nc1ccc(O)cc1,C9H12N2O3,26,CH5NO
N=CCC(=O)Nc1ccc(O)cc1,CC(=O)Nc1ccc(O)cc1,C9H10N2O2,23,CH3N
CC(=O)N(c1ccc(O)cc1)C(O)O,CC(=O)Nc1ccc(O)cc1,C9H11NO4,25,CH4O2
CC(=O)Nc1ccc(O)cc1C12CNC1C2,CC(=O)Nc1ccc(O)cc1,C12H14N2O2,30,C4H7N
CC(=O)Nc1ccc(O)cc1-c1cc(Cl)c[nH]1,CC(=O)Nc1ccc(O)cc1,C12H11ClN2O2,28,C4H4ClN
C=COC(OC)N(C(C)=O)c1ccc(O)cc1,CC(=O)Nc1ccc(O)cc1,C12H15NO4,32,C4H8O2
CC(=O)Nc1ccc(O)cc1OCF,CC(=O)Nc1ccc(O)cc1,C9H10FNO3,24,CH3FO
O=C(CCCF)Nc1ccc(O)cc1,CC(=O)Nc1ccc(O)cc1,C10H12FNO2,26,C2H5F
CC(=O)Nc1ccc(O)c(SC(=N)S)c1,CC(=O)Nc1ccc(O)cc1,C9H10N2O2S2,25,CH3NS2
C=C(Oc1cc(O)ccc1NC(C)=O)C(Cl)Cl,CC(=O)Nc1ccc(O)cc1,C11H11Cl2NO3,28,C3H4Cl2O
CC(=O)Nc1ccc(O)cc1N1O[SH]1(=O)O,CC(=O)Nc1ccc(O)cc1,C8H10N2O5S,26,H3NO3S
CC(=O)Nc1ccc(O)c(OOSO[O-])c1,CC(=O)Nc1ccc(O)cc1,C8H8NO6S-,24,HO4S-
CC(=O)N(C=NC(O)(Cl)Cl)c1ccc(O)cc1,CC(=O)Nc1ccc(O)cc1,C10H10Cl2N2O3,27,C2H3Cl2NO
CC(=O)Nc1ccc(OC(S)SCO)cc1,CC(=O)Nc1ccc(O)cc1,C10H13NO3S2,29,C2H6OS2
C[NH2+][NH2+]CCCCC(=O)Nc1ccc(O)cc1,CC(=O)Nc1ccc(O)cc1,C12H21N3O2+2,38,C4H14N2+2
O=C(COS(=O)(=O)[Na])Nc1ccc(O)cc1,CC(=O)Nc1ccc(O)cc1,C8H8NNaO5S,24,HNaO3S
CC(=O)N(c1ccc(O)cc1)C1(C(C)Cl)CO1,CC(=O)Nc1ccc(O)cc1,C12H14ClNO3,31,C4H7ClO
CC(=O)Nc1ccc(O)cc1SC(=N)S,CC(=O)Nc1ccc(O)cc1,C9H10N2O2S2,25,CH3NS2
O=C(CC=COF)Nc1ccc(O)cc1,CC(=O)Nc1ccc(O)cc1,C10H10FNO3,25,C2H3FO
C=C(Cl)N1N=C1c1cc(O)ccc1NC(C)=O,CC(=O)Nc1ccc(O)cc1,C11H10ClN3O2,27,C3H3ClN2
CC(=O)N(c1ccc(O)cc1)C(CN)CCF,CC(=O)Nc1ccc(O)cc1,C12H17FN2O2,34,C4H10FN
CC(=O)Nc1ccc(O)cc1OC(Cl)(Cl)CCl,CC(=O)Nc1ccc(O)cc1,C10H10Cl3NO3,27,C2H3Cl3O
CC(=O)Nc1ccc(O)c(OSONN)c1,CC(=O)Nc1ccc(O)cc1,C8H11N3O4S,27,H4N2O2S
CC(=O)Nc1ccc(O)cc1CCC[O-],CC(=O)Nc1ccc(O)cc1,C11H14NO3-,29,C3H7O-
CC(=O)Nc1ccc(OC2OCC(F)O2)cc1,CC(=O)Nc1ccc(O)cc1,C11H12FNO4,29,C3H5FO2
C=C(N=O)OCC(=O)Nc1ccc(O)cc1,CC(=O)Nc1ccc(O)cc1,C10H10N2O4,26,C2H3NO2
C=C1CNC1c1cc(O)ccc1NC(C)=O,CC(=O)Nc1ccc(O)cc1,C12H14N2O2,30,C4H7N
C=C1N=CN(c2cc(NC(C)=O)ccc2O)N1,CC(=O)Nc1ccc(O)cc1,C11H12N4O2,29,C3H5N3
CC(=O)Nc1ccc(O)c(NNC#N)c1,CC(=O)Nc1ccc(O)cc1,C9H10N4O2,25,CH3N3
C=C(Cl)c1cc(NC(C)=O)ccc1O,CC(=O)Nc1ccc(O)cc1,C10H10ClNO2,24,C2H3Cl
C=C(COCBr)c1cc(NC(C)=O)ccc1O,CC(=O)Nc1ccc(O)cc1,C12H14BrNO3,31,C4H7BrO
CC(=O)N(C=CC(F)CF)c1ccc(O)cc1,CC(=O)Nc1ccc(O)cc1,C12H13F2NO2,30,C4H6F2
CC(=O)Nc1ccc(O)c(C(Cl)=C(Cl)OCl)c1,CC(=O)Nc1ccc(O)cc1,C10H8Cl3NO3,25,C2HCl3O
NN(CCC(=O)Nc1ccc(O)cc1)C1OS1,CC(=O)Nc1ccc(O)cc1,C10H13N3O3S,30,C2H6N2OS
CC(=O)Nc1ccc(O[PH](=O)O[O-])cc1,CC(=O)Nc1ccc(O)cc1,C8H9NO5P-,24,H2O3P-
CC(=O)Nc1ccc(OC(=N)N=NS)cc1,CC(=O)Nc1ccc(O)cc1,C9H10N4O2S,26,CH3N3S
C=C(OC)c1cc(O)ccc1NC(C)=O,CC(=O)Nc1ccc(O)cc1,C11H13NO3,28,C3H6O
CC(=O)Nc1ccc(O)c(OCC(C)(C)Cl)c1,CC(=O)Nc1ccc(O)cc1,C12H16ClNO3,33,C4H9ClO
CCCCC([NH3+])N(C(C)=O)c1ccc(O)cc1,CC(=O)Nc1ccc(O)cc1,C13H21N2O2+,38,C5H14N+
CC(=O)Nc1ccc(ON2C3SC32)cc1,CC(=O)Nc1ccc(O)cc1,C10H10N2O2S,25,C2H3NS
CC(=O)Nc1ccc(O)c(C(OF)=C(F)F)c1,CC(=O)Nc1ccc(O)cc1,C10H8F3NO3,25,C2HF3O
CC(=O)Nc1ccc(O)c(C2C[NH2+]C(C)C2)c1,CC(=O)Nc1ccc(O)cc1,C13H19N2O2+,36,C5H12N+
CC(=O)Nc1ccc(O)cc1OCCO,CC(=O)Nc1ccc(O)cc1,C10H13NO4,28,C2H6O2
CC(=O)Nc1ccc(O)c(C(F)(F)OCl)c1,CC(=O)Nc1ccc(O)cc1,C9H8ClF2NO3,24,CHClF2O
C[SiH2]CCCc1cc(NC(C)=O)ccc1O,CC(=O)Nc1ccc(O)cc1,C12H19NO2Si,35,C4H12Si
CC(=O)Nc1ccc(O)c(OCCCl)c1,CC(=O)Nc1ccc(O)cc1,C10H12ClNO3,27,C2H5ClO
CC(=O)Nc1ccc(O)cc1C(C)C(C)(C)F,CC(=O)Nc1ccc(O)cc1,C13H18FNO2,35,C5H11F
CC(=O)N(NNN=CS)c1ccc(O)cc1,CC(=O)Nc1ccc(O)cc1,C9H12N4O2S,28,CH5N3S
C=C(F)CC(=O)Nc1ccc(O)cc1,CC(=O)Nc1ccc(O)cc1,C10H10FNO2,24,C2H3F
NSOOCC(=O)Nc1ccc(O)cc1,CC(=O)Nc1ccc(O)cc1,C8H10N2O4S,25,H3NO2S
CC(=O)Nc1ccc(O)c(C2CCOC2)c1,CC(=O)Nc1ccc(O)cc1,C12H15NO3,31,C4H8O
COC=C(Br)Oc1ccc(NC(C)=O)cc1,CC(=O)Nc1ccc(O)cc1,C11H12BrNO3,28,C3H5BrO
N=CNC(=N)NCC(=O)Nc1ccc(O)cc1,CC(=O)Nc1ccc(O)cc1,C10H13N5O2,30,C2H6N4
CC(=O)Nc1ccc(O[SH]23=C=C=C2N3Cl)cc1,CC(=O)Nc1ccc(O)cc1,C11H9ClN2O2S,26,C3H2ClNS
CC(=O)Nc1ccc(OC23C=CC2O3)cc1,CC(=O)Nc1ccc(O)cc1,C12H11NO3,27,C4H4O
CC(=O)Nc1ccc(O)cc1-c1cc1=O,CC(=O)Nc1ccc(O)cc1,C11H9NO3,24,C3H2O
CC(=O)Nc1ccc(O[As](=O)(O)O)cc1,CC(=O)Nc1ccc(O)cc1,C8H10AsNO5,25,H3AsO3
CC(=O)Nc1ccc(O)c(C2C(O)C2(Cl)Cl)c1,CC(=O)Nc1ccc(O)cc1,C11H11Cl2NO3,28,C3H4Cl2O
NCCNCC(=O)Nc1ccc(O)cc1,CC(=O)Nc1ccc(O)cc1,C10H15N3O2,30,C2H8N2
CC(=O)N(c1ccc(O)cc1)C1CC1(Cl)Cl,CC(=O)Nc1ccc(O)cc1,C11H11Cl2NO2,27,C3H4Cl2
CC(=O)Nc1ccc(O)cc1C1(OF)NC1F,CC(=O)Nc1ccc(O)cc1,C10H10F2N2O3,27,C2H3F2NO
O=C(Cc1cc(Cl)co1)Nc1ccc(O)cc1,CC(=O)Nc1ccc(O)cc1,C12H10ClNO3,27,C4H3ClO
O=C(CSC(O)O)Nc1ccc(O)cc1,CC(=O)Nc1ccc(O)cc1,C9H11NO4S,26,CH4O2S
CONCC(N)N(C(C)=O)c1ccc(O)cc1,CC(=O)Nc1ccc(O)cc1,C11H17N3O3,34,C3H10N2O
CC(=O)N(C=C1OC1=CBr)c1ccc(O)cc1,CC(=O)Nc1ccc(O)cc1,C12H10BrNO3,27,C4H3BrO
CC(=O)Nc1ccc(OS(=O)(=O)Cl)cc1,CC(=O)Nc1ccc(O)cc1,C8H8ClNO4S,23,HClO2S
CC(=O)Nc1ccc(O)cc1NC12n3n1n32,CC(=O)Nc1ccc(O)cc1,C9H9N5O2,25,CH2N4
CC(=O)Nc1ccc(O)c(C(F)CF)c1,CC(=O)Nc1ccc(O)cc1,C10H11F2NO2,26,C2H4F2
CC(=O)Nc1ccc(O)c(C(Br)(Br)Br)c1,CC(=O)Nc1ccc(O)cc1,C9H8Br3NO2,23,CHBr3
O=C(CC1=[SH](O)=C1)Nc1ccc(O)cc1,CC(=O)Nc1ccc(O)cc1,C10H11NO3S,26,C2H4OS
CCC(=O)Nc1ccc(O[PH](=N)OOC)cc1,CC(=O)Nc1ccc(O)cc1,C10H15N2O4P,32,C2H8NO2P
CC(=O)Nc1ccc(OS234(CO2)C[PH2]3O4)cc1,CC(=O)Nc1ccc(O)cc1,C10H14NO4PS,31,C2H7O2PS
CC(=O)N(c1ccc(O)cc1)P1(=O)OC(O)O1,CC(=O)Nc1ccc(O)cc1,C9H10NO6P,27,CH3O4P
CC(=O)Nc1ccc(O)c(OP(=O)([O-])O)c1,CC(=O)Nc1ccc(O)cc1,C8H9NO6P-,25,H2O4P-
CCC(Br)CCC(=O)Nc1ccc(O)cc1,CC(=O)Nc1ccc(O)cc1,C12H16BrNO2,32,C4H9Br
CC(=O)Nc1ccc(O)c(N(Cl)Cl)c1,CC(=O)Nc1ccc(O)cc1,C8H8Cl2N2O2,22,HCl2N
CC(=O)N(c1ccc(O)cc1)C1OO1,CC(=O)Nc1ccc(O)cc1,C9H9NO4,23,CH2O2
O=C(COC(O)CCCl)Nc1ccc(O)cc1,CC(=O)Nc1ccc(O)cc1,C11H14ClNO4,31,C3H7ClO2
O=C(C[SiH](Cl)CCl)Nc1ccc(O)cc1,CC(=O)Nc1ccc(O)cc1,C9H11Cl2NO2Si,26,CH4Cl2Si
CC(=O)Nc1ccc(O)cc1C(OCl)=C(Cl)Cl,CC(=O)Nc1ccc(O)cc1,C10H8Cl3NO3,25,C2HCl3O
CC(=O)Nc1ccc(O)c(C#COCCl)c1,CC(=O)Nc1ccc(O)cc1,C11H10ClNO3,26,C3H3ClO
CC(=O)Nc1ccc(O)cc1CC1CO1,CC(=O)Nc1ccc(O)cc1,C11H13NO3,28,C3H6O
CC(=O)Nc1ccc(O)c(OO[PH2]=O)c1,CC(=O)Nc1ccc(O)cc1,C8H10NO5P,25,H3O3P
CC(=O)Nc1ccc(OC2OC(=N)N2O)cc1,CC(=O)Nc1ccc(O)cc1,C10H11N3O4,28,C2H4N2O2
C[SiH2]CC(C)N(C(C)=O)c1ccc(O)cc1,CC(=O)Nc1ccc(O)cc1,C12H19NO2Si,35,C4H12Si
CC(=O)Nc1ccc(O)cc1C1CC1I,CC(=O)Nc1ccc(O)cc1,C11H12INO2,27,C3H5I
CC(=O)Nc1ccc(OC23CC2CC[SiH2]3)cc1,CC(=O)Nc1ccc(O)cc1,C13H17NO2Si,34,C5H10Si
CC(=O)Nc1ccc(O)c(OC(F)=CF)c1,CC(=O)Nc1ccc(O)cc1,C10H9F2NO3,25,C2H2F2O
CC(=O)Nc1ccc(O)cc1C(=O)F,CC(=O)Nc1ccc(O)cc1,C9H8FNO3,22,CHFO
O=C(CN1C=N1)Nc1ccc(O)cc1,CC(=O)Nc1ccc(O)cc1,C9H9N3O2,23,CH2N2
CC(=O)Nc1ccc(OC23OC(O2)O3)cc1,CC(=O)Nc1ccc(O)cc1,C10H9NO5,25,C2H2O3
CC(=O)N(C(O)=C(F)F)c1ccc(O)cc1,CC(=O)Nc1ccc(O)cc1,C10H9F2NO3,25,C2H2F2O
CC(=O)Nc1ccc(O)c(C(OO)=C(Cl)Cl)c1,CC(=O)Nc1ccc(O)cc1,C10H9Cl2NO4,26,C2H2Cl2O2
O=C(COO[IH2](O)OO)Nc1ccc(O)cc1,CC(=O)Nc1ccc(O)cc1,C8H12INO7,29,H5IO5
CC(=O)Nc1ccc(OC(C)S)cc1,CC(=O)Nc1ccc(O)cc1,C10H13NO2S,27,C2H6S
O=C(CC1OC1F)Nc1ccc(O)cc1,CC(=O)Nc1ccc(O)cc1,C10H10FNO3,25,C2H3FO
CC(=O)Nc1ccc(O)cc1C1=C(N)N1,CC(=O)Nc1ccc(O)cc1,C10H11N3O2,26,C2H4N2
C=CC(O)(Cl)N(C(C)=O)c1ccc(O)cc1,CC(=O)Nc1ccc(O)cc1,C11H12ClNO3,28,C3H5ClO
CC(=O)N(c1ccc(O)cc1)C(C)CC[SiH3],CC(=O)Nc1ccc(O)cc1,C12H19NO2Si,35,C4H12Si
CC(=O)Nc1ccc(O)c(NC23C=C2CO3)c1,CC(=O)Nc1ccc(O)cc1,C12H12N2O3,29,C4H5NO
CC(=O)Nc1ccc(O)cc1[SH3]1C=C2OC2C1,CC(=O)Nc1ccc(O)cc1,C12H15NO3S,32,C4H8OS
C=C(CC(=N)O)c1cc(NC(C)=O)ccc1O,CC(=O)Nc1ccc(O)cc1,C12H14N2O3,31,C4H7NO
CC(=O)Nc1ccc(OC2(O)OO2)cc1,CC(=O)Nc1ccc(O)cc1,C9H9NO5,24,CH2O3
CC(=O)Nc1ccc(OC2CC2Br)cc1,CC(=O)Nc1ccc(O)cc1,C11H12BrNO2,27,C3H5Br
CNNCOc1ccc(NC(C)=O)cc1,CC(=O)Nc1ccc(O)cc1,C10H15N3O2,30,C2H8N2
O=C(CCC1NCS1)Nc1ccc(O)cc1,CC(=O)Nc1ccc(O)cc1,C11H14N2O2S,30,C3H7NS
O=C(CONC(O)CS)Nc1ccc(O)cc1,CC(=O)Nc1ccc(O)cc1,C10H14N2O4S,31,C2H7NO2S
CC(=O)Nc1ccc(O)cc1CC(Cl)C=O,CC(=O)Nc1ccc(O)cc1,C11H12ClNO3,28,C3H5ClO
CC(=O)Nc1ccc(O)c(C(Cl)(Cl)Cl)c1,CC(=O)Nc1ccc(O)cc1,C9H8Cl3NO2,23,CHCl3
CNNCN=Cc1cc(O)ccc1NC(C)=O,CC(=O)Nc1ccc(O)cc1,C11H16N4O2,33,C3H9N3
CC(=O)Nc1ccc(OC2(Cl)OCO2)cc1,CC(=O)Nc1ccc(O)cc1,C10H10ClNO4,26,C2H3ClO2
CC(=O)Nc1ccc(O)c(N(N)C2C=NO2)c1,CC(=O)Nc1ccc(O)cc1,C10H12N4O3,29,C2H5N3O
CCC(C)COc1ccc(NC(C)=O)cc1,CC(=O)Nc1ccc(O)cc1,C13H19NO2,35,C5H12
CC(=O)Nc1ccc(O)c(C2(F)CC2)c1,CC(=O)Nc1ccc(O)cc1,C11H12FNO2,27,C3H5F
CCC(C)(Br)Oc1cc(O)ccc1NC(C)=O,CC(=O)Nc1ccc(O)cc1,C12H16BrNO3,33,C4H9BrO
NC(CCl)CCCC(=O)Nc1ccc(O)cc1,CC(=O)Nc1ccc(O)cc1,C12H17ClN2O2,34,C4H10ClN
COSOC(=N)Oc1ccc(NC(C)=O)cc1,CC(=O)Nc1ccc(O)cc1,C10H12N2O4S,29,C2H5NO2S
O=C(C[O-])CC(=O)Nc1ccc(O)cc1,CC(=O)Nc1ccc(O)cc1,C10H10NO4-,25,C2H3O2-
CC(=O)Nc1ccc(O)c(OOC23CC2C3)c1,CC(=O)Nc1ccc(O)cc1,C12H13NO4,30,C4H6O2
CC(=O)N(OCCOC=O)c1ccc(O)cc1,CC(=O)Nc1ccc(O)cc1,C11H13NO5,30,C3H6O3
CC(=O)N(c1ccc(O)cc1)C(I)CO,CC(=O)Nc1ccc(O)cc1,C10H12INO3,27,C2H5IO
CC(=O)Nc1ccc(O)cc1C1=NC2OCN12,CC(=O)Nc1ccc(O)cc1,C11H11N3O3,28,C3H4N2O
CCOCCCCC(=O)Nc1ccc(O)cc1,CC(=O)Nc1ccc(O)cc1,C13H19NO3,36,C5H12O
CC(=O)Nc1ccc(O)cc1-c1ccsc1Cl,CC(=O)Nc1ccc(O)cc1,C12H10ClNO2S,27,C4H3ClS
CC(=O)Nc1ccc(O)c(OSOO[O-])c1,CC(=O)Nc1ccc(O)cc1,C8H8NO6S-,24,HO4S-
CC(=O)N(C=CC=CN)c1ccc(O)cc1,CC(=O)Nc1ccc(O)cc1,C12H14N2O2,30,C4H7N
O=C(Cc1ccoc1)Nc1ccc(O)cc1,CC(=O)Nc1ccc(O)cc1,C12H11NO3,27,C4H4O
CC(F)CC(=O)Nc1ccc(O)cc1,CC(=O)Nc1ccc(O)cc1,C10H12FNO2,26,C2H5F
CC(=O)Nc1ccc(O[PH]23OCC(O2)O3)cc1,CC(=O)Nc1ccc(O)cc1,C10H12NO5P,29,C2H5O3P
CCC(C)C([SiH3])N(C(C)=O)c1ccc(O)cc1,CC(=O)Nc1ccc(O)cc1,C13H21NO2Si,38,C5H14Si
C=[SH]1(N(C(C)=O)c2ccc(O)cc2)NC1=N,CC(=O)Nc1ccc(O)cc1,C10H13N3O2S,29,C2H6N2S
CC(=O)Nc1ccc(O)cc1[PH](=O)OCO,CC(=O)Nc1ccc(O)cc1,C9H12NO5P,28,CH5O3P
CC(=O)Nc1ccc(O)cc1C1OCC1[O-],CC(=O)Nc1ccc(O)cc1,C11H12NO4-,28,C3H5O2-
O=C(COOO[AsH2])Nc1ccc(O)cc1,CC(=O)Nc1ccc(O)cc1,C8H10AsNO5,25,H3AsO3
CC(=O)Nc1ccc(OC(O)CS)cc1,CC(=O)Nc1ccc(O)cc1,C10H13NO3S,28,C2H6OS
CC(=O)Nc1ccc(O)cc1C1C=NO1,CC(=O)Nc1ccc(O)cc1,C10H10N2O3,25,C2H3NO
CC(=O)Nc1ccc(O)cc1C(C)OCC[SiH3],CC(=O)Nc1ccc(O)cc1,C12H19NO3Si,36,C4H12OSi
CCOCC(=O)Nc1ccc(O)cc1,CC(=O)Nc1ccc(O)cc1,C10H13NO3,27,C2H6O
CC(=O)Nc1ccc(OC(F)C(F)F)cc1,CC(=O)Nc1ccc(O)cc1,C10H10F3NO2,26,C2H3F3
O=C(C[SiH](Cl)CCl)Nc1ccc(O)cc1,CC(=O)Nc1ccc(O)cc1,C9H11Cl2NO2Si,26,CH4Cl2Si
O=C(CCc1noo1)Nc1ccc(O)cc1,CC(=O)Nc1ccc(O)cc1,C10H10N2O4,26,C2H3NO2
CC(=O)Nc1ccc(O)c(SNOO)c1,CC(=O)Nc1ccc(O)cc1,C8H10N2O4S,25,H3NO2S
CN(CO)CC(=O)Nc1ccc(O)cc1,CC(=O)Nc1ccc(O)cc1,C10H14N2O3,29,C2H7NO
CC(=O)Nc1ccc(O)c(C(Br)OC=O)c1,CC(=O)Nc1ccc(O)cc1,C10H10BrNO4,26,C2H3BrO2
CC(=O)Nc1ccc(O)c(C2=C(Br)C=C2O)c1,CC(=O)Nc1ccc(O)cc1,C12H10BrNO3,27,C4H3BrO
CC(=O)Nc1ccc(O)c(C(=O)CI)c1,CC(=O)Nc1ccc(O)cc1,C10H10INO3,25,C2H3IO
C=CCC(SC)N(C(C)=O)c1ccc(O)cc1,CC(=O)Nc1ccc(O)cc1,C13H17NO2S,34,C5H10S
CC(=O)N(c1ccc(O)cc1)C1O[PH2]1C,CC(=O)Nc1ccc(O)cc1,C10H14NO3P,29,C2H7OP
CC(=O)Nc1ccc(OC2CCCC2)cc1,CC(=O)Nc1ccc(O)cc1,C13H17NO2,33,C5H10
CC(=O)Nc1ccc(O)cc1C1C[NH+]2SC=C12,CC(=O)Nc1ccc(O)cc1,C12H13N2O2S+,30,C4H6NS+
O=C(CC1=COC1[O-])Nc1ccc(O)cc1,CC(=O)Nc1ccc(O)cc1,C11H10NO4-,26,C3H3O2-
CCC[SiH](Cl)CC(=O)Nc1ccc(O)cc1,CC(=O)Nc1ccc(O)cc1,C11H16ClNO2Si,32,C3H9ClSi
CC(=O)Nc1ccc(O)c(C(F)Cl)c1,CC(=O)Nc1ccc(O)cc1,C9H9ClFNO2,23,CH2ClF
CC(=O)Nc1ccc(O)cc1N(C)CCN,CC(=O)Nc1ccc(O)cc1,C11H17N3O2,33,C3H10N2
CC(=O)Nc1ccc(O)c(C=Nn2n3sn23)c1,CC(=O)Nc1ccc(O)cc1,C9H9N5O2S,26,CH2N4S
CC(=O)Nc1ccc(O)c(-n2ncsc2=N)c1,CC(=O)Nc1ccc(O)cc1,C10H10N4O2S,27,C2H3N3S
CC(=O)Nc1ccc(OS(F)(F)(F)(F)F)cc1,CC(=O)Nc1ccc(O)cc1,C8H8F5NO2S,25,HF5S
CC(=O)Nc1ccc(OC2CNC(S)C2)cc1,CC(=O)Nc1ccc(O)cc1,C12H16N2O2S,33,C4H9NS
CC(=O)Nc1ccc(O)c(C=C(O)OC=N)c1,CC(=O)Nc1ccc(O)cc1,C11H12N2O4,29,C3H5NO2
CC(=O)Nc1ccc(O)c(C2COCC2[O-])c1,CC(=O)Nc1ccc(O)cc1,C12H14NO4-,31,C4H7O2-
O=C(CO[Na])Nc1ccc(O)cc1,CC(=O)Nc1ccc(O)cc1,C8H8NNaO3,21,HNaO
CC(=O)Nc1ccc(O[SH2]23C4C2N43)cc1,CC(=O)Nc1ccc(O)cc1,C10H12N2O2S,27,C2H5NS
CC(=O)Nc1ccc(OC2(F)CCN2)cc1,CC(=O)Nc1ccc(O)cc1,C11H13FN2O2,29,C3H6FN
C=Cc1cc(O)ccc1NC(C)=O,CC(=O)Nc1ccc(O)cc1,C10H11NO2,24,C2H4
O=C(CC#S1=CN1)Nc1ccc(O)cc1,CC(=O)Nc1ccc(O)cc1,C10H10N2O2S,25,C2H3NS
CC(=O)Nc1ccc(O)c(C2CCC(Br)C2)c1,CC(=O)Nc1ccc(O)cc1,C13H16BrNO2,33,C5H9Br
CCNNc1cc(NC(C)=O)ccc1O,CC(=O)Nc1ccc(O)cc1,C10H15N3O2,30,C2H8N2
CC(=O)Nc1ccc(O)cc1C1OCNN1C,CC(=O)Nc1ccc(O)cc1,C11H15N3O3,32,C3H8N2O
CC(=O)Nc1ccc(O)c(CCI)c1,CC(=O)Nc1ccc(O)cc1,C10H12INO2,26,C2H5I
CC(=O)Nc1ccc(O)cc1SC(C)S,CC(=O)Nc1ccc(O)cc1,C10H13NO2S2,28,C2H6S2
CCCCN(C)c1cc(NC(C)=O)ccc1O,CC(=O)Nc1ccc(O)cc1,C13H20N2O2,37,C5H13N
C=COC(C)([O-])c1cc(O)ccc1NC(C)=O,CC(=O)Nc1ccc(O)cc1,C12H14NO4-,31,C4H7O2-
CC(=O)Nc1ccc(O)c(OC([O-])=C=O)c1,CC(=O)Nc1ccc(O)cc1,C10H8NO5-,24,C2HO3-
CC(=O)Nc1ccc(OC23CCN2N3)cc1,CC(=O)Nc1ccc(O)cc1,C11H13N3O2,29,C3H6N2
CC(=O)Nc1ccc(OC2=NCCO2)cc1,CC(=O)Nc1ccc(O)cc1,C11H12N2O3,28,C3H5NO
CC(=O)Nc1ccc(O)c(C[SiH](Cl)Cl)c1,CC(=O)Nc1ccc(O)cc1,C9H11Cl2NO2Si,26,CH4Cl2Si
O=C(CC#CI)Nc1ccc(O)cc1,CC(=O)Nc1ccc(O)cc1,C10H8INO2,22,C2HI
CC(=O)Nc1ccc(O)c(-c2nn3[nH]n3[nH]2)c1,CC(=O)Nc1ccc(O)cc1,C9H10N6O2,27,CH3N5
CC(=O)Nc1ccc(O)cc1OC1(S)CCN1,CC(=O)Nc1ccc(O)cc1,C11H14N2O3S,31,C3H7NOS
CC(=O)N(c1ccc(O)cc1)C(F)(F)F,CC(=O)Nc1ccc(O)cc1,C9H8F3NO2,23,CHF3
O=C(CC1[NH2+]C23CC12S3)Nc1ccc(O)cc1,CC(=O)Nc1ccc(O)cc1,C12H13N2O2S+,30,C4H6NS+
CC(=O)Nc1ccc(ONCC(Cl)CCl)cc1,CC(=O)Nc1ccc(O)cc1,C11H14Cl2N2O2,31,C3H7Cl2N
CC(=O)N([PH3]OC(=O)OO)c1ccc(O)cc1,CC(=O)Nc1ccc(O)cc1,C9H12NO6P,29,CH5O4P
N#CC1SC1NCC(=O)Nc1ccc(O)cc1,CC(=O)Nc1ccc(O)cc1,C11H11N3O2S,28,C3H4N2S
CC(=O)Nc1ccc(O)cc1C(F)(Cl)OF,CC(=O)Nc1ccc(O)cc1,C9H8ClF2NO3,24,CHClF2O
CC(=O)Nc1ccc(O)c(-c2nc(F)cs2)c1,CC(=O)Nc1ccc(O)cc1,C11H9FN2O2S,26,C3H2FNS
CC(=O)Nc1ccc(OCNC(O)=NCl)cc1,CC(=O)Nc1ccc(O)cc1,C10H12ClN3O3,29,C2H5ClN2O
CC(=O)Nc1ccc(O[SH3]2C=CN=C2)cc1,CC(=O)Nc1ccc(O)cc1,C11H14N2O2S,30,C3H7NS
CC(=O)Nc1ccc(OCCOC2CC2)cc1,CC(=O)Nc1ccc(O)cc1,C13H17NO3,34,C5H10O
CC(=O)Nc1ccc(O)c(C2OC3C=C32)c1,CC(=O)Nc1ccc(O)cc1,C12H11NO3,27,C4H4O
CC(=O)Nc1ccc(O)cc1OOOS,CC(=O)Nc1ccc(O)cc1,C8H9NO5S,24,H2O3S
O=C(CCC=CCl)Nc1ccc(O)cc1,CC(=O)Nc1ccc(O)cc1,C11H12ClNO2,27,C3H5Cl
O=C(CC(Cl)(Cl)CCCl)Nc1ccc(O)cc1,CC(=O)Nc1ccc(O)cc1,C11H12Cl3NO2,29,C3H5Cl3
CC(=O)Nc1ccc(OC(Br)OC=O)cc1,CC(=O)Nc1ccc(O)cc1,C10H10BrNO4,26,C2H3BrO2
CCOc1ccc(NC(C)=O)cc1,CC(=O)Nc1ccc(O)cc1,C10H13NO2,26,C2H6
CC(=O)Nc1ccc(O)c(C=N)c1,CC(=O)Nc1ccc(O)cc1,C9H10N2O2,23,CH3N
CC(=O)Nc1ccc(OC(C)C[NH3+])cc1,CC(=O)Nc1ccc(O)cc1,C11H17N2O2+,32,C3H10N+
CC[SiH2]CC(=O)Nc1ccc(O)cc1,CC(=O)Nc1ccc(O)cc1,C10H15NO2Si,29,C2H8Si
CC(=O)Nc1ccc(OC2CC2F)cc1,CC(=O)Nc1ccc(O)cc1,C11H12FNO2,27,C3H5F
CC(=O)Nc1ccc(O)c(C(F)(CF)NF)c1,CC(=O)Nc1ccc(O)cc1,C10H11F3N2O2,28,C2H4F3N
CC(=O)N(C=CC(Br)=C=N)c1ccc(O)cc1,CC(=O)Nc1ccc(O)cc1,C12H11BrN2O2,28,C4H4BrN
CC(=O)Nc1ccc(O)cc1C([SiH3])(Cl)CCCl,CC(=O)Nc1ccc(O)cc1,C11H15Cl2NO2Si,32,C3H8Cl2Si
CC(=O)Nc1ccc(O)c(C2CC(Cl)CO2)c1,CC(=O)Nc1ccc(O)cc1,C12H14ClNO3,31,C4H7ClO
C=[NH+]Nc1cc(O)ccc1NC(C)=O,CC(=O)Nc1ccc(O)cc1,C9H12N3O2+,26,CH5N2+
CC(=O)Nc1ccc(O)cc1C1CC(Cl)(Cl)C1,CC(=O)Nc1ccc(O)cc1,C12H13Cl2NO2,30,C4H6Cl2
C=NC(=C)N=Cc1cc(NC(C)=O)ccc1O,CC(=O)Nc1ccc(O)cc1,C12H13N3O2,30,C4H6N2
CC(=O)Nc1ccc(O)cc1C1[SH3]=C2SC21O,CC(=O)Nc1ccc(O)cc1,C11H13NO3S2,30,C3H6OS2
CC(=O)Nc1ccc(O)c(C2C=C2)c1,CC(=O)Nc1ccc(O)cc1,C11H11NO2,25,C3H4
C=NCOC(I)N(C(C)=O)c1ccc(O)cc1,CC(=O)Nc1ccc(O)cc1,C11H13IN2O3,30,C3H6INO
CC(=O)Nc1ccc(O)c(CCCBr)c1,CC(=O)Nc1ccc(O)cc1,C11H14BrNO2,29,C3H7Br
CC(=O)N([PH2]=C(C)OO)c1ccc(O)cc1,CC(=O)Nc1ccc(O)cc1,C10H14NO4P,30,C2H7O2P
CC[NH2+]N(C(C)=O)c1ccc(O)cc1,CC(=O)Nc1ccc(O)cc1,C10H15N2O2+,29,C2H8N+
C=CN(CCF)CC(=O)Nc1ccc(O)cc1,CC(=O)Nc1ccc(O)cc1,C12H15FN2O2,32,C4H8FN
CC(=O)N(c1ccc(O)cc1)C12CC1C(Br)O2,CC(=O)Nc1ccc(O)cc1,C12H12BrNO3,29,C4H5BrO
CCC(S)Nc1cc(O)ccc1NC(C)=O,CC(=O)Nc1ccc(O)cc1,C11H16N2O2S,32,C3H9NS
CC(=O)Nc1ccc(O)cc1SC#N,CC(=O)Nc1ccc(O)cc1,C9H8N2O2S,22,CHNS
CC(=O)N(c1ccc(O)cc1)S12(NBr)=C3C1=C32,CC(=O)Nc1ccc(O)cc1,C11H9BrN2O2S,26,C3H2BrNS
CN=C(NC)N(C(C)=O)c1ccc(O)cc1,CC(=O)Nc1ccc(O)cc1,C11H15N3O2,31,C3H8N2
CC(=O)Nc1ccc(O)cc1ON,CC(=O)Nc1ccc(O)cc1,C8H10N2O3,23,H3NO
C=CC[SH](C)(=S)Oc1ccc(NC(C)=O)cc1,CC(=O)Nc1ccc(O)cc1,C12H17NO2S2,34,C4H10S2
CC(=O)Nc1ccc(OC=CI)cc1,CC(=O)Nc1ccc(O)cc1,C10H10INO2,24,C2H3I
CC(=O)Nc1ccc(O[SH]2#CS2)cc1,CC(=O)Nc1ccc(O)cc1,C9H9NO2S2,23,CH2S2
C=C1C=C1c1cc(O)ccc1NC(C)=O,CC(=O)Nc1ccc(O)cc1,C12H11NO2,26,C4H4
CCNCN(C)Oc1ccc(NC(C)=O)cc1,CC(=O)Nc1ccc(O)cc1,C12H19N3O2,36,C4H12N2
C=NSc1cc(O)ccc1NC(C)=O,CC(=O)Nc1ccc(O)cc1,C9H10N2O2S,24,CH3NS
CC(=O)Nc1ccc(O)cc1C(CO)CCCl,CC(=O)Nc1ccc(O)cc1,C12H16ClNO3,33,C4H9ClO
CC(=O)Nc1ccc(O)c(OCCCBr)c1,CC(=O)Nc1ccc(O)cc1,C11H14BrNO3,30,C3H7BrO
CC(=O)Nc1ccc(OC(CCCl)NO)cc1,CC(=O)Nc1ccc(O)cc1,C11H15ClN2O3,32,C3H8ClNO
CC(=O)Nc1ccc(OOC(F)(F)OS)cc1,CC(=O)Nc1ccc(O)cc1,C9H9F2NO4S,26,CH2F2O2S
CC(=O)Nc1ccc(O)cc1SC(F)(F)F,CC(=O)Nc1ccc(O)cc1,C9H8F3NO2S,24,CHF3S
COC1[NH2+]C1Oc1cc(NC(C)=O)ccc1O,CC(=O)Nc1ccc(O)cc1,C11H15N2O4+,32,C3H8NO2+
CC(=O)Nc1ccc(O[SH2]2=CSC=N2)cc1,CC(=O)Nc1ccc(O)cc1,C10H12N2O2S2,28,C2H5NS2
CC(=O)N(OON=O)c1ccc(O)cc1,CC(=O)Nc1ccc(O)cc1,C8H8N2O5,23,HNO3
CC(=O)Nc1ccc(O)c(OCOCNS)c1,CC(=O)Nc1ccc(O)cc1,C10H14N2O4S,31,C2H7NO2S
CC(=O)Nc1ccc(OOOCS)cc1,CC(=O)Nc1ccc(O)cc1,C9H11NO4S,26,CH4O2S
CC(=O)Nc1ccc(O)c(C[NH3+])c1,CC(=O)Nc1ccc(O)cc1,C9H13N2O2+,26,CH6N+
CC(=O)Nc1ccc(O)cc1C=COCl,CC(=O)Nc1ccc(O)cc1,C10H10ClNO3,25,C2H3ClO
CC(=O)Nc1ccc(OOc2n[nH][nH]2)cc1,CC(=O)Nc1ccc(O)cc1,C9H10N4O3,26,CH3N3O
CC(=O)Nc1ccc(O)c(C([O-])C2CO2)c1,CC(=O)Nc1ccc(O)cc1,C11H12NO4-,28,C3H5O2-
CC(=O)Nc1ccc(O)c(C2=C(CO)OC2)c1,CC(=O)Nc1ccc(O)cc1,C12H13NO4,30,C4H6O2
C=C=S1(Oc2ccc(NC(C)=O)cc2)=NC1,CC(=O)Nc1ccc(O)cc1,C11H12N2O2S,28,C3H5NS
CC(=O)Nc1ccc(OC2NC(Cl)O2)cc1,CC(=O)Nc1ccc(O)cc1,C10H11ClN2O3,27,C2H4ClNO
CC(=O)Nc1ccc(O)c(C23C=C[SH2]2(C)C3)c1,CC(=O)Nc1ccc(O)cc1,C13H17NO2S,34,C5H10S
CC(=O)Nc1ccc(O)cc1C(C)(Br)Br,CC(=O)Nc1ccc(O)cc1,C10H11Br2NO2,26,C2H4Br2
CC(=O)Nc1ccc(OC2(O)OCO2)cc1,CC(=O)Nc1ccc(O)cc1,C10H11NO5,27,C2H4O3
CC(=O)N(COC=O)c1ccc(O)cc1,CC(=O)Nc1ccc(O)cc1,C10H11NO4,26,C2H4O2
CC(=O)Nc1ccc(O)c(C23CC(OO2)O3)c1,CC(=O)Nc1ccc(O)cc1,C11H11NO5,28,C3H4O3
CC[NH2+]Oc1ccc(NC(C)=O)cc1,CC(=O)Nc1ccc(O)cc1,C10H15N2O2+,29,C2H8N+
CNCCNOc1cc(O)ccc1NC(C)=O,CC(=O)Nc1ccc(O)cc1,C11H17N3O3,34,C3H10N2O
C#CO[SH2](O)(Cl)c1cc(O)ccc1NC(C)=O,CC(=O)Nc1ccc(O)cc1,C10H12ClNO4S,29,C2H5ClO2S
CC(=O)N(CCC1N=CO1)c1ccc(O)cc1,CC(=O)Nc1ccc(O)cc1,C12H14N2O3,31,C4H7NO
CC(=O)Nc1ccc(O)cc1OO,CC(=O)Nc1ccc(O)cc1,C8H9NO4,22,H2O2
CC(=O)Nc1ccc(OOC2CC3CC32)cc1,CC(=O)Nc1ccc(O)cc1,C13H15NO3,32,C5H8O
CC(=O)Nc1ccc(O)cc1C1C2CSCN21,CC(=O)Nc1ccc(O)cc1,C12H14N2O2S,31,C4H7NS
CCC(Cc1cc(NC(C)=O)ccc1O)OF,CC(=O)Nc1ccc(O)cc1,C12H16FNO3,33,C4H9FO
CC(=O)Nc1ccc(O)cc1C[NH3+],CC(=O)Nc1ccc(O)cc1,C9H13N2O2+,26,CH6N+
CC(=O)Nc1ccc(O)cc1C1(Cl)OO1,CC(=O)Nc1ccc(O)cc1,C9H8ClNO4,23,CHClO2
CCOC(=NC)N(C(C)=O)c1ccc(O)cc1,CC(=O)Nc1ccc(O)cc1,C12H16N2O3,33,C4H9NO
CC(=O)Nc1ccc(O)cc1C1OC1(F)F,CC(=O)Nc1ccc(O)cc1,C10H9F2NO3,25,C2H2F2O
O=C(COC1C=C1)Nc1ccc(O)cc1,CC(=O)Nc1ccc(O)cc1,C11H11NO3,26,C3H4O
CC(=O)N(c1ccc(O)cc1)C(N)(Cl)CCCl,CC(=O)Nc1ccc(O)cc1,C11H14Cl2N2O2,31,C3H7Cl2N
CC(=O)Nc1ccc(O)cc1C12OO[PH2](O1)O2,CC(=O)Nc1ccc(O)cc1,C9H10NO6P,27,CH3O4P
C=C(Br)c1cc(NC(C)=O)ccc1O,CC(=O)Nc1ccc(O)cc1,C10H10BrNO2,24,C2H3Br
CC(=O)Nc1ccc(O)cc1OP(=O)([O-])O,CC(=O)Nc1ccc(O)cc1,C8H9NO6P-,25,H2O4P-
CC(=O)Nc1ccc(OC(F)(F)Cl)cc1,CC(=O)Nc1ccc(O)cc1,C9H8ClF2NO2,23,CHClF2
CC(=O)N(c1ccc(O)cc1)C(C)C(C)Br,CC(=O)Nc1ccc(O)cc1,C12H16BrNO2,32,C4H9Br
CC(=O)Nc1ccc(OOCOOSO)cc1,CC(=O)Nc1ccc(O)cc1,C9H11NO6S,28,CH4O4S
CCCC[NH2+][NH2+]c1cc(NC(C)=O)ccc1O,CC(=O)Nc1ccc(O)cc1,C12H21N3O2+2,38,C4H14N2+2
CC(=O)Nc1ccc(O)c(OC(C)Br)c1,CC(=O)Nc1ccc(O)cc1,C10H12BrNO3,27,C2H5BrO
O=NC1(CC(=O)Nc2ccc(O)cc2)SC1=O,CC(=O)Nc1ccc(O)cc1,C10H8N2O4S,25,C2HNO2S
CC(=O)Nc1ccc(OCN)cc1,CC(=O)Nc1ccc(O)cc1,C9H12N2O2,25,CH5N
CC(=O)Nc1ccc(O[SH3]2O[PH]3=CC2O3)cc1,CC(=O)Nc1ccc(O)cc1,C10H14NO4PS,31,C2H7O2PS
O=C(CC=C1C=CN=C1)Nc1ccc(O)cc1,CC(=O)Nc1ccc(O)cc1,C13H12N2O2,29,C5H5N
C=C1C=C(c2cc(NC(C)=O)ccc2O)CS1,CC(=O)Nc1ccc(O)cc1,C13H13NO2S,30,C5H6S
CC(=O)Nc1ccc(O)cc1OC=C1OO1,CC(=O)Nc1ccc(O)cc1,C10H9NO5,25,C2H2O3
CC(=O)N(c1ccc(O)cc1)C1C=C1,CC(=O)Nc1ccc(O)cc1,C11H11NO2,25,C3H4
CC(=O)Nc1ccc(OC(O)(F)C(F)F)cc1,CC(=O)Nc1ccc(O)cc1,C10H10F3NO3,27,C2H3F3O
CC(=O)Nc1ccc(OC2[N+]3=CC4CC423)cc1,CC(=O)Nc1ccc(O)cc1,C13H13N2O2+,30,C5H6N+
CC(=O)Nc1ccc(O)cc1C12C[SH3](C1)OS2,CC(=O)Nc1ccc(O)cc1,C11H15NO3S2,32,C3H8OS2
CC(=O)N(c1ccc(O)cc1)N1CNOC1N,CC(=O)Nc1ccc(O)cc1,C10H14N4O3,31,C2H7N3O
CC(Cl)CC[SiH2]CC(=O)Nc1ccc(O)cc1,CC(=O)Nc1ccc(O)cc1,C12H18ClNO2Si,35,C4H11ClSi
O=C(COC1=CO1)Nc1ccc(O)cc1,CC(=O)Nc1ccc(O)cc1,C10H9NO4,24,C2H2O2
N=C(CN)SCC(=O)Nc1ccc(O)cc1,CC(=O)Nc1ccc(O)cc1,C10H13N3O2S,29,C2H6N2S
CC(=O)N(c1ccc(O)cc1)[SH2]1=CC=N1,CC(=O)Nc1ccc(O)cc1,C10H12N2O2S,27,C2H5NS
O=C(CC#[SH]=S)Nc1ccc(O)cc1,CC(=O)Nc1ccc(O)cc1,C9H9NO2S2,23,CH2S2
CC(=O)Nc1ccc(OC(=O)Cl)cc1,CC(=O)Nc1ccc(O)cc1,C9H8ClNO3,22,CHClO
CC(=O)Nc1ccc(O)c(C23OC2O3)c1,CC(=O)Nc1ccc(O)cc1,C10H9NO4,24,C2H2O2
CC(=O)Nc1ccc(OB(O)O)cc1,CC(=O)Nc1ccc(O)cc1,C8H10BNO4,24,H3BO2
CC(=O)Nc1ccc(O)c(OCNC=NO)c1,CC(=O)Nc1ccc(O)cc1,C10H13N3O4,30,C2H6N2O2
O=C(CC12C=C1C2)Nc1ccc(O)cc1,CC(=O)Nc1ccc(O)cc1,C12H11NO2,26,C4H4
COC(O)([SiH2]C)N(C(C)=O)c1ccc(O)cc1,CC(=O)Nc1ccc(O)cc1,C11H17NO4Si,34,C3H10O2Si
O=C(Cn1nnn1C=S)Nc1ccc(O)cc1,CC(=O)Nc1ccc(O)cc1,C9H9N5O2S,26,CH2N4S
CCNC(C)(C)N(C(C)=O)c1ccc(O)cc1,CC(=O)Nc1ccc(O)cc1,C13H20N2O2,37,C5H13N
CC(=O)Nc1ccc(O)cc1C#N,CC(=O)Nc1ccc(O)cc1,C9H8N2O2,21,CHN
O=C(CP(=O)([O-])[O-])Nc1ccc(O)cc1,CC(=O)Nc1ccc(O)cc1,C8H8NO5P-2,23,HO3P-2
CNCSc1cc(NC(C)=O)ccc1O,CC(=O)Nc1ccc(O)cc1,C10H14N2O2S,29,C2H7NS
O=C=NC(=CBr)CC(=O)Nc1ccc(O)cc1,CC(=O)Nc1ccc(O)cc1,C11H9BrN2O3,26,C3H2BrNO
O=C(CCOC(F)F)Nc1ccc(O)cc1,CC(=O)Nc1ccc(O)cc1,C10H11F2NO3,27,C2H4F2O
O=C(CCC1=C=C1)Nc1ccc(O)cc1,CC(=O)Nc1ccc(O)cc1,C12H11NO2,26,C4H4
C=NCN(CN)c1cc(NC(C)=O)ccc1O,CC(=O)Nc1ccc(O)cc1,C11H16N4O2,33,C3H9N3
CC(=O)Nc1ccc(OC(=N)NC=N)cc1,CC(=O)Nc1ccc(O)cc1,C10H12N4O2,28,C2H5N3
CC(=O)N(C1=S23=C(O2)N3O1)c1ccc(O)cc1,CC(=O)Nc1ccc(O)cc1,C10H8N2O4S,25,C2HNO2S
CC(=O)Nc1ccc(O)c(C2C=N2)c1,CC(=O)Nc1ccc(O)cc1,C10H10N2O2,24,C2H3N
CC(=O)Nc1ccc(O[As](=O)(O)O)cc1,CC(=O)Nc1ccc(O)cc1,C8H10AsNO5,25,H3AsO3
CC(=O)Nc1ccc(O)c(CCCC=N)c1,CC(=O)Nc1ccc(O)cc1,C12H16N2O2,32,C4H9N
O=C(CN1NC1S)Nc1ccc(O)cc1,CC(=O)Nc1ccc(O)cc1,C9H11N3O2S,26,CH4N2S
CC(=O)Nc1ccc(O)c(C(Br)OC(=O)Cl)c1,CC(=O)Nc1ccc(O)cc1,C10H9BrClNO4,26,C2H2BrClO2
CC(=O)N(CC(Br)Br)c1ccc(O)cc1,CC(=O)Nc1ccc(O)cc1,C10H11Br2NO2,26,C2H4Br2
CC(=O)Nc1ccc(O)c(C2OC3OC2O3)c1,CC(=O)Nc1ccc(O)cc1,C11H11NO5,28,C3H4O3
O=C(CCCCI)Nc1ccc(O)cc1,CC(=O)Nc1ccc(O)cc1,C11H14INO2,29,C3H7I
CC(=O)Nc1ccc(OC#N)cc1,CC(=O)Nc1ccc(O)cc1,C9H8N2O2,21,CHN
CC(=O)N(c1ccc(O)cc1)n1oo1,CC(=O)Nc1ccc(O)cc1,C8H8N2O4,22,HNO2
C=C[SH3](OC=O)Oc1ccc(NC(C)=O)cc1,CC(=O)Nc1ccc(O)cc1,C11H15NO4S,32,C3H8O2S
CC(=O)Nc1ccc(OC23c4cn2n43)cc1,CC(=O)Nc1ccc(O)cc1,C11H9N3O2,25,C3H2N2
CC(=O)Nc1ccc(OC23CN2C3)cc1,CC(=O)Nc1ccc(O)cc1,C11H12N2O2,27,C3H5N
C=C1CC1[SiH](C)c1cc(NC(C)=O)ccc1O,CC(=O)Nc1ccc(O)cc1,C13H17NO2Si,34,C5H10Si
O=C(CCSO)Nc1ccc(O)cc1,CC(=O)Nc1ccc(O)cc1,C9H11NO3S,25,CH4OS
CC(=O)Nc1ccc(OC(Cl)OC(=N)Cl)cc1,CC(=O)Nc1ccc(O)cc1,C10H10Cl2N2O3,27,C2H3Cl2NO
CC(=O)Nc1ccc(O)c(OC(F)CCF)c1,CC(=O)Nc1ccc(O)cc1,C11H13F2NO3,30,C3H6F2O
CC(=O)Nc1ccc(O)cc1C(=N)N(C)C=N,CC(=O)Nc1ccc(O)cc1,C11H14N4O2,31,C3H7N3
CC(=O)Nc1ccc(O[PH]2(OO)OO2)cc1,CC(=O)Nc1ccc(O)cc1,C8H10NO6P,26,H3O4P
CC(=O)Nc1ccc(O)cc1[SH](=O)=NO,CC(=O)Nc1ccc(O)cc1,C8H10N2O4S,25,H3NO2S
CC(=O)Nc1ccc(O)cc1N(C=N)C1NN1,CC(=O)Nc1ccc(O)cc1,C10H13N5O2,30,C2H6N4
CC(=O)N(c1ccc(O)cc1)n1on1[SH3]=O,CC(=O)Nc1ccc(O)cc1,C8H11N3O4S,27,H4N2O2S
CC=[PH](O)N(C(C)=O)c1ccc(O)cc1,CC(=O)Nc1ccc(O)cc1,C10H14NO3P,29,C2H7OP
C=NN(C(C)=O)c1ccc(O)cc1,CC(=O)Nc1ccc(O)cc1,C9H10N2O2,23,CH3N
CC(=O)N(C1=[SH2]2OOC12)c1ccc(O)cc1,CC(=O)Nc1ccc(O)cc1,C10H11NO4S,27,C2H4O2S
CC(=O)Nc1ccc(O)cc1-c1nncn1N,CC(=O)Nc1ccc(O)cc1,C10H11N5O2,28,C2H4N4
CC(=O)Nc1ccc(O)cc1CCCCl,CC(=O)Nc1ccc(O)cc1,C11H14ClNO2,29,C3H7Cl
C=C(c1cc(NC(C)=O)ccc1O)C([O-])O,CC(=O)Nc1ccc(O)cc1,C11H12NO4-,28,C3H5O2-
CC(=O)Nc1ccc(OCn2n3n2C3)cc1,CC(=O)Nc1ccc(O)cc1,C10H12N4O2,28,C2H5N3
Cn1[nH]n(CC(=O)Nc2ccc(O)cc2)c1=N,CC(=O)Nc1ccc(O)cc1,C10H13N5O2,30,C2H6N4
CC(=O)Nc1ccc(OCOCCl)cc1,CC(=O)Nc1ccc(O)cc1,C10H12ClNO3,27,C2H5ClO
CC(=O)N1C2=C[SH](=S)(C=C2)Oc2ccc1cc2,CC(=O)Nc1ccc(O)cc1,C12H11NO2S2,28,C4H4S2
CC(=O)Nc1ccc(O)cc1C1CC2NC21,CC(=O)Nc1ccc(O)cc1,C12H14N2O2,30,C4H7N
CC(=O)Nc1ccc(OCC(C)Br)cc1,CC(=O)Nc1ccc(O)cc1,C11H14BrNO2,29,C3H7Br
CC(=O)N(c1ccc(O)cc1)C1CC([NH3+])C1C,CC(=O)Nc1ccc(O)cc1,C13H19N2O2+,36,C5H12N+
CC(=O)Nc1ccc(O)cc1C=C(O)SC=N,CC(=O)Nc1ccc(O)cc1,C11H12N2O3S,29,C3H5NOS
CC(=O)Nc1ccc(O)c(CCCC(Cl)Cl)c1,CC(=O)Nc1ccc(O)cc1,C12H15Cl2NO2,32,C4H8Cl2
CC(=O)Nc1ccc(O)cc1C1OCCC1O,CC(=O)Nc1ccc(O)cc1,C12H15NO4,32,C4H8O2
O=C(CC(F)(F)F)Nc1ccc(O)cc1,CC(=O)Nc1ccc(O)cc1,C9H8F3NO2,23,CHF3
CC(=O)Nc1ccc(O)cc1[NH2+]NC=N,CC(=O)Nc1ccc(O)cc1,C9H13N4O2+,28,CH6N3+
CC(=O)Nc1ccc(O)cc1C1=CN=C1,CC(=O)Nc1ccc(O)cc1,C11H10N2O2,25,C3H3N
N#CNCC(=O)Nc1ccc(O)cc1,CC(=O)Nc1ccc(O)cc1,C9H9N3O2,23,CH2N2
CC(=O)Nc1ccc(OC(F)(F)S)cc1,CC(=O)Nc1ccc(O)cc1,C9H9F2NO2S,24,CH2F2S
CC(=O)Nc1ccc(O)c(S234=NOC2=C3O4)c1,CC(=O)Nc1ccc(O)cc1,C10H8N2O4S,25,C2HNO2S
CC(=O)Nc1ccc(OC(Cl)(Cl)C(=O)Cl)cc1,CC(=O)Nc1ccc(O)cc1,C10H8Cl3NO3,25,C2HCl3O
CC(=O)N(c1ccc(O)cc1)C1(C)[SH3]2CC21S,CC(=O)Nc1ccc(O)cc1,C12H17NO2S2,34,C4H10S2
CC(=O)Nc1ccc(O)c(CS)c1,CC(=O)Nc1ccc(O)cc1,C9H11NO2S,24,CH4S
CC(=O)Nc1ccc(O)c(OO[PH](=O)O)c1,CC(=O)Nc1ccc(O)cc1,C8H10NO6P,26,H3O4P
O=CCC(=O)Nc1ccc(O)cc1,CC(=O)Nc1ccc(O)cc1,C9H9NO3,22,CH2O
CNC(OC=N)c1cc(O)ccc1NC(C)=O,CC(=O)Nc1ccc(O)cc1,C11H15N3O3,32,C3H8N2O
CC(=O)Nc1ccc(ONCN)cc1,CC(=O)Nc1ccc(O)cc1,C9H13N3O2,27,CH6N2
O=C(CS123=C(C1=C2)C3Cl)Nc1ccc(O)cc1,CC(=O)Nc1ccc(O)cc1,C12H10ClNO2S,27,C4H3ClS
CC(=O)Nc1ccc(O)c(SOCO)c1,CC(=O)Nc1ccc(O)cc1,C9H11NO4S,26,CH4O2S
CC(=O)Nc1ccc(OC2(Cl)C=C2C=S)cc1,CC(=O)Nc1ccc(O)cc1,C12H10ClNO2S,27,C4H3ClS
CC(=O)Nc1ccc(O)cc1C1=CC12OO2,CC(=O)Nc1ccc(O)cc1,C11H9NO4,25,C3H2O2
C[SH2](=O)Oc1ccc(NC(=O)CNC=O)cc1,CC(=O)Nc1ccc(O)cc1,C10H14N2O4S,31,C2H7NO2S
CC(=O)Nc1ccc(ON2C=C3ON2O3)cc1,CC(=O)Nc1ccc(O)cc1,C10H9N3O4,26,C2H2N2O2
CC(=O)N(C1=CC23CC2C13)c1ccc(O)cc1,CC(=O)Nc1ccc(O)cc1,C14H13NO2,30,C6H6
CC(=O)N(c1ccc(O)cc1)C12C3C4C1[NH+]3C42,CC(=O)Nc1ccc(O)cc1,C13H13N2O2+,30,C5H6N+
O=C(CN1CSC1)Nc1ccc(O)cc1,CC(=O)Nc1ccc(O)cc1,C10H12N2O2S,27,C2H5NS
CC(=O)Nc1ccc(O)c(C2(Br)OOC2Cl)c1,CC(=O)Nc1ccc(O)cc1,C10H9BrClNO4,26,C2H2BrClO2
O=C(CC(F)C(F)CF)Nc1ccc(O)cc1,CC(=O)Nc1ccc(O)cc1,C11H12F3NO2,29,C3H5F3
CC(=O)Nc1ccc(O)cc1NC=N,CC(=O)Nc1ccc(O)cc1,C9H11N3O2,25,CH4N2
CC(=O)Nc1ccc(O)c(C(C)C(Cl)OO)c1,CC(=O)Nc1ccc(O)cc1,C11H14ClNO4,31,C3H7ClO2
CC(=O)Nc1ccc(O)cc1C([O-])OC1=CO1,CC(=O)Nc1ccc(O)cc1,C11H10NO5-,27,C3H3O3-
CC(=O)Nc1ccc(O)cc1N(Cl)Cl,CC(=O)Nc1ccc(O)cc1,C8H8Cl2N2O2,22,HCl2N
CC(=O)Nc1ccc(O)cc1C(C)CCO,CC(=O)Nc1ccc(O)cc1,C12H17NO3,33,C4H10O
CC(F)(F)CC(=O)Nc1ccc(O)cc1,CC(=O)Nc1ccc(O)cc1,C10H11F2NO2,26,C2H4F2
C#CC(=C)Oc1cc(O)ccc1NC(C)=O,CC(=O)Nc1ccc(O)cc1,C12H11NO3,27,C4H4O
CC(=O)Nc1ccc(OSOOF)cc1,CC(=O)Nc1ccc(O)cc1,C8H8FNO4S,23,HFO2S
CC(=O)Nc1ccc(O)c(OC(F)F)c1,CC(=O)Nc1ccc(O)cc1,C9H9F2NO3,24,CH2F2O
CCCCC(=O)Nc1ccc(O)cc1,CC(=O)Nc1ccc(O)cc1,C11H15NO2,29,C3H8
C=C1SC1c1cc(O)ccc1NC(C)=O,CC(=O)Nc1ccc(O)cc1,C11H11NO2S,26,C3H4S
O=C(CP(=O)([O-])[O-])Nc1ccc(O)cc1,CC(=O)Nc1ccc(O)cc1,C8H8NO5P-2,23,HO3P-2
CC(=O)Nc1ccc(O)cc1C(C)[SH2+],CC(=O)Nc1ccc(O)cc1,C10H14NO2S+,28,C2H7S+
CC(=O)Nc1ccc(O)cc1N=NCS,CC(=O)Nc1ccc(O)cc1,C9H11N3O2S,26,CH4N2S
O=C(COSOO[Na])Nc1ccc(O)cc1,CC(=O)Nc1ccc(O)cc1,C8H8NNaO5S,24,HNaO3S
CC(=O)Nc1ccc(OC([O-])(O)[PH](=O)[O-])cc1,CC(=O)Nc1ccc(O)cc1,C9H10NO6P-2,27,CH3O4P-2
CCN(CNC)c1cc(NC(C)=O)ccc1O,CC(=O)Nc1ccc(O)cc1,C12H19N3O2,36,C4H12N2
CC(=O)Nc1ccc(OC(N)C(C)N)cc1,CC(=O)Nc1ccc(O)cc1,C11H17N3O2,33,C3H10N2
CC(=O)Nc1ccc(O)cc1C1=CCC2SC12,CC(=O)Nc1ccc(O)cc1,C13H13NO2S,30,C5H6S
CC(=O)Nc1ccc(O)c(CCCS)c1,CC(=O)Nc1ccc(O)cc1,C11H15NO2S,30,C3H8S
CC(=O)Nc1ccc(O)c(C(O)CO)c1,CC(=O)Nc1ccc(O)cc1,C10H13NO4,28,C2H6O2
CC(=O)Nc1ccc(OCCN)cc1,CC(=O)Nc1ccc(O)cc1,C10H14N2O2,28,C2H7N
CC(=O)Nc1ccc(O)cc1C(C)C1C#CO1,CC(=O)Nc1ccc(O)cc1,C13H13NO3,30,C5H6O
CC(=O)Nc1ccc(OP(=O)([O-])O[O-])cc1,CC(=O)Nc1ccc(O)cc1,C8H8NO6P-2,24,HO4P-2
C=C1N2C=C[SH2]12Oc1ccc(NC(C)=O)cc1,CC(=O)Nc1ccc(O)cc1,C12H14N2O2S,31,C4H7NS
CC(=O)Nc1ccc(O)c(CCS)c1,CC(=O)Nc1ccc(O)cc1,C10H13NO2S,27,C2H6S
CSN(C(C)=O)c1ccc(O)cc1,CC(=O)Nc1ccc(O)cc1,C9H11NO2S,24,CH4S
CC(=O)Nc1ccc(O)cc1NCCO,CC(=O)Nc1ccc(O)cc1,C10H14N2O3,29,C2H7NO
C=C(I)COc1ccc(NC(C)=O)cc1,CC(=O)Nc1ccc(O)cc1,C11H12INO2,27,C3H5I
CC(=O)Nc1ccc(O)c(N2CC3(Br)N=C23)c1,CC(=O)Nc1ccc(O)cc1,C11H10BrN3O2,27,C3H3BrN2
CC(=O)Nc1ccc(O)cc1C(N)=CN,CC(=O)Nc1ccc(O)cc1,C10H13N3O2,28,C2H6N2
CC(=O)Nc1ccc(O)cc1[SiH2]C(C)Cl,CC(=O)Nc1ccc(O)cc1,C10H14ClNO2Si,29,C2H7ClSi
CC(=O)Nc1ccc(O)cc1C(C)(O)Cl,CC(=O)Nc1ccc(O)cc1,C10H12ClNO3,27,C2H5ClO
CC(=O)N(OC=O)c1ccc(O)cc1,CC(=O)Nc1ccc(O)cc1,C9H9NO4,23,CH2O2
CC(=O)Nc1ccc(O)cc1C(F)(F)SF,CC(=O)Nc1ccc(O)cc1,C9H8F3NO2S,24,CHF3S
O=C(C[SH]12=NN3C1N32)Nc1ccc(O)cc1,CC(=O)Nc1ccc(O)cc1,C9H10N4O2S,26,CH3N3S
CC(=O)Nc1ccc(OCOF)cc1,CC(=O)Nc1ccc(O)cc1,C9H10FNO3,24,CH3FO
O=C(CC#[SH](F)F)Nc1ccc(O)cc1,CC(=O)Nc1ccc(O)cc1,C9H9F2NO2S,24,CH2F2S
O=C(CSC1=CN=C1)Nc1ccc(O)cc1,CC(=O)Nc1ccc(O)cc1,C11H10N2O2S,26,C3H3NS
CNNc1cc(O)ccc1NC(C)=O,CC(=O)Nc1ccc(O)cc1,C9H13N3O2,27,CH6N2
O=C(CCCl)Nc1ccc(O)cc1,CC(=O)Nc1ccc(O)cc1,C9H10ClNO2,23,CH3Cl
CCCNCNOc1ccc(NC(C)=O)cc1,CC(=O)Nc1ccc(O)cc1,C12H19N3O2,36,C4H12N2
CC(=O)Nc1ccc(O)c(CNC2NON2)c1,CC(=O)Nc1ccc(O)cc1,C10H14N4O3,31,C2H7N3O
CC(=O)N(C(=O)C(F)(F)Cl)c1ccc(O)cc1,CC(=O)Nc1ccc(O)cc1,C10H8ClF2NO3,25,C2HClF2O
CCCCOc1cc(NC(C)=O)ccc1O,CC(=O)Nc1ccc(O)cc1,C12H17NO3,33,C4H10O
CC(=O)Nc1ccc(O)c(OC(O)=NO)c1,CC(=O)Nc1ccc(O)cc1,C9H10N2O5,26,CH3NO3
CC(=O)Nc1ccc(O)c(C2C3=C2C3)c1,CC(=O)Nc1ccc(O)cc1,C12H11NO2,26,C4H4
CCCc1cc(O)ccc1NC(C)=O,CC(=O)Nc1ccc(O)cc1,C11H15NO2,29,C3H8
O=CNCC(=O)Nc1ccc(O)cc1,CC(=O)Nc1ccc(O)cc1,C9H10N2O3,24,CH3NO
CC(=O)Nc1ccc(O)c(OOCONS)c1,CC(=O)Nc1ccc(O)cc1,C9H12N2O5S,29,CH5NO3S
CC(=O)Nc1ccc(OCC(=O)OCl)cc1,CC(=O)Nc1ccc(O)cc1,C10H10ClNO4,26,C2H3ClO2
CC(=O)Nc1ccc(O)c([PH3]C2OCO2)c1,CC(=O)Nc1ccc(O)cc1,C10H14NO4P,30,C2H7O2P
CC(=O)Nc1ccc(O)c(NC2COC2=O)c1,CC(=O)Nc1ccc(O)cc1,C11H12N2O4,29,C3H5NO2
O=C(CCCSC=S)Nc1ccc(O)cc1,CC(=O)Nc1ccc(O)cc1,C11H13NO2S2,29,C3H6S2
C=NOOO[PH3]Oc1ccc(NC(C)=O)cc1,CC(=O)Nc1ccc(O)cc1,C9H13N2O5P,30,CH6NO3P
CC(=O)Nc1ccc(O)cc1C(Cl)(CCl)CCl,CC(=O)Nc1ccc(O)cc1,C11H12Cl3NO2,29,C3H5Cl3
CC(=O)Nc1ccc(OCCl)cc1,CC(=O)Nc1ccc(O)cc1,C9H10ClNO2,23,CH3Cl
CC(=O)Nc1ccc(OC(C)O)cc1,CC(=O)Nc1ccc(O)cc1,C10H13NO3,27,C2H6O
CC(=O)Nc1ccc(OP(Cl)Cl)cc1,CC(=O)Nc1ccc(O)cc1,C8H8Cl2NO2P,22,HCl2P
CSC(C)C(C)c1cc(O)ccc1NC(C)=O,CC(=O)Nc1ccc(O)cc1,C13H19NO2S,36,C5H12S
CC(=O)Nc1ccc(O)cc1O[PH2](C)OC=O,CC(=O)Nc1ccc(O)cc1,C10H14NO5P,31,C2H7O3P
CC(=O)Nc1ccc(O)c(SCCN)c1,CC(=O)Nc1ccc(O)cc1,C10H14N2O2S,29,C2H7NS
CC(=O)N(C1=NOOC=C1)c1ccc(O)cc1,CC(=O)Nc1ccc(O)cc1,C11H10N2O4,27,C3H3NO2
CC(=O)N(c1ccc(O)cc1)C(F)OCF,CC(=O)Nc1ccc(O)cc1,C10H11F2NO3,27,C2H4F2O
CC(=O)Nc1ccc(O)c(N(F)C=C(O)F)c1,CC(=O)Nc1ccc(O)cc1,C10H10F2N2O3,27,C2H3F2NO
COC([SiH3])Oc1ccc(NC(C)=O)cc1,CC(=O)Nc1ccc(O)cc1,C10H15NO3Si,30,C2H8OSi
CC(=O)N(CC1(F)CO1)c1ccc(O)cc1,CC(=O)Nc1ccc(O)cc1,C11H12FNO3,28,C3H5FO
CC(=O)Nc1ccc(OS2(F)(F)(F)C=C2)cc1,CC(=O)Nc1ccc(O)cc1,C10H10F3NO2S,27,C2H3F3S
C=NOCOc1ccc(NC(C)=O)cc1,CC(=O)Nc1ccc(O)cc1,C10H12N2O3,27,C2H5NO
CC(=O)Nc1ccc(O)c(OC(C)CN)c1,CC(=O)Nc1ccc(O)cc1,C11H16N2O3,32,C3H9NO
CC(=O)Nc1ccc(O)cc1C1=C=C(S)SS1,CC(=O)Nc1ccc(O)cc1,C11H9NO2S3,26,C3H2S3
CC(=O)Nc1ccc(O)c(C2CCCC2C)c1,CC(=O)Nc1ccc(O)cc1,C14H19NO2,36,C6H12
CC(=O)Nc1ccc(O)c(SCOC=O)c1,CC(=O)Nc1ccc(O)cc1,C10H11NO4S,27,C2H4O2S
CC(=O)Nc1ccc(OC2(N[O-])CCO2)cc1,CC(=O)Nc1ccc(O)cc1,C11H13N2O4-,30,C3H6NO2-
CC(=O)Nc1ccc(O)c(C=CC#N)c1,CC(=O)Nc1ccc(O)cc1,C11H10N2O2,25,C3H3N
COC(=CCl)c1cc(O)ccc1NC(C)=O,CC(=O)Nc1ccc(O)cc1,C11H12ClNO3,28,C3H5ClO
CCCc1cc(O)ccc1NC(C)=O,CC(=O)Nc1ccc(O)cc1,C11H15NO2,29,C3H8
CC(=O)Nc1ccc(OC(=O)C(Br)CO)cc1,CC(=O)Nc1ccc(O)cc1,C11H12BrNO4,29,C3H5BrO2
CC(=O)Nc1ccc(O)c(NCCCOCl)c1,CC(=O)Nc1ccc(O)cc1,C11H15ClN2O3,32,C3H8ClNO
C=NC=NC(=C)c1cc(NC(C)=O)ccc1O,CC(=O)Nc1ccc(O)cc1,C12H13N3O2,30,C4H6N2
N=C(CC(=O)Nc1ccc(O)cc1)C(O)Br,CC(=O)Nc1ccc(O)cc1,C10H11BrN2O3,27,C2H4BrNO
CC(=O)Nc1ccc(O)cc1N=NO,CC(=O)Nc1ccc(O)cc1,C8H9N3O3,23,H2N2O
CC(=O)Nc1ccc(O)cc1C1SCS1,CC(=O)Nc1ccc(O)cc1,C10H11NO2S2,26,C2H4S2
CCNC(CC)c1cc(O)ccc1NC(C)=O,CC(=O)Nc1ccc(O)cc1,C13H20N2O2,37,C5H13N
CC(=O)Nc1ccc(O)cc1C(=O)[O-],CC(=O)Nc1ccc(O)cc1,C9H8NO4-,22,CHO2-
CC(=O)Nc1ccc(O)cc1CC12NC1N2,CC(=O)Nc1ccc(O)cc1,C11H13N3O2,29,C3H6N2
NN=C(O)OCC(=O)Nc1ccc(O)cc1,CC(=O)Nc1ccc(O)cc1,C9H11N3O4,27,CH4N2O2
CC(=O)Nc1ccc(O)cc1C1=CN1,CC(=O)Nc1ccc(O)cc1,C10H10N2O2,24,C2H3N
CC(=O)Nc1ccc(O)c(C(C)CCN)c1,CC(=O)Nc1ccc(O)cc1,C12H18N2O2,34,C4H11N
CC(=O)Nc1ccc(O)c(C2(O)N=C(O)O2)c1,CC(=O)Nc1ccc(O)cc1,C10H10N2O5,27,C2H3NO3
CC(=O)N(c1ccc(O)cc1)C1(C(Cl)Cl)OO1,CC(=O)Nc1ccc(O)cc1,C10H9Cl2NO4,26,C2H2Cl2O2
BOCCOc1cc(NC(C)=O)ccc1O,CC(=O)Nc1ccc(O)cc1,C10H14BNO4,30,C2H7BO2
CC(=O)Nc1ccc(On2n3n(C=N)n23)cc1,CC(=O)Nc1ccc(O)cc1,C9H10N6O2,27,CH3N5
CC(=N)ON=COc1ccc(NC(C)=O)cc1,CC(=O)Nc1ccc(O)cc1,C11H13N3O3,30,C3H6N2O
CC(=O)Nc1ccc(OC#COC(O)Cl)cc1,CC(=O)Nc1ccc(O)cc1,C11H10ClNO4,27,C3H3ClO2
C[SiH2]C(O)OCc1cc(O)ccc1NC(C)=O,CC(=O)Nc1ccc(O)cc1,C11H17NO4Si,34,C3H10O2Si
COBOc1cc(NC(C)=O)ccc1O,CC(=O)Nc1ccc(O)cc1,C9H12BNO4,27,CH5BO2
CC(=O)Nc1ccc(O)c(C2OOO2)c1,CC(=O)Nc1ccc(O)cc1,C9H9NO5,24,CH2O3
CC(=O)N(c1ccc(O)cc1)C1C2=C(N2)C1Br,CC(=O)Nc1ccc(O)cc1,C12H11BrN2O2,28,C4H4BrN
CC(=O)Nc1ccc(O)c(C23C=C(O2)O3)c1,CC(=O)Nc1ccc(O)cc1,C11H9NO4,25,C3H2O2
CC(=O)Nc1ccc(O)cc1CCl,CC(=O)Nc1ccc(O)cc1,C9H10ClNO2,23,CH3Cl
CC(=O)Nc1ccc(O)c(C#CI)c1,CC(=O)Nc1ccc(O)cc1,C10H8INO2,22,C2HI
CC(=O)Nc1ccc(O)cc1[SH2]12N=CC1N2,CC(=O)Nc1ccc(O)cc1,C10H13N3O2S,29,C2H6N2S
O=C(COC(=O)Cl)Nc1ccc(O)cc1,CC(=O)Nc1ccc(O)cc1,C9H8ClNO4,23,CHClO2
CC(=O)Nc1ccc(O)c(C23ONN4C2C43)c1,CC(=O)Nc1ccc(O)cc1,C11H11N3O3,28,C3H4N2O
CC(=O)Nc1ccc(OC2CC2)cc1,CC(=O)Nc1ccc(O)cc1,C11H13NO2,27,C3H6
CC(=O)Nc1ccc(O)c([AsH2]2OOO2)c1,CC(=O)Nc1ccc(O)cc1,C8H10AsNO5,25,H3AsO3
CC(=O)Nc1ccc(O)cc1C(F)=C(F)OF,CC(=O)Nc1ccc(O)cc1,C10H8F3NO3,25,C2HF3O
C=CC(Cl)N(C(C)=O)c1ccc(O)cc1,CC(=O)Nc1ccc(O)cc1,C11H12ClNO2,27,C3H5Cl
O=C(CC=CCBr)Nc1ccc(O)cc1,CC(=O)Nc1ccc(O)cc1,C11H12BrNO2,27,C3H5Br
NC(CCCl)CCC(=O)Nc1ccc(O)cc1,CC(=O)Nc1ccc(O)cc1,C12H17ClN2O2,34,C4H10ClN
CC(=O)N(NNNC=N)c1ccc(O)cc1,CC(=O)Nc1ccc(O)cc1,C9H13N5O2,29,CH6N4
CC(=O)Nc1ccc(O)c(N(F)C(C)F)c1,CC(=O)Nc1ccc(O)cc1,C10H12F2N2O2,28,C2H5F2N
CCC(C)Sc1cc(NC(C)=O)ccc1O,CC(=O)Nc1ccc(O)cc1,C12H17NO2S,33,C4H10S
C=COC([O-])c1cc(O)ccc1NC(C)=O,CC(=O)Nc1ccc(O)cc1,C11H12NO4-,28,C3H5O2-
CC(=O)Nc1ccc(O)c(OCO)c1,CC(=O)Nc1ccc(O)cc1,C9H11NO4,25,CH4O2
CC(=O)Nc1ccc(O)c(C2=CC(Cl)O2)c1,CC(=O)Nc1ccc(O)cc1,C11H10ClNO3,26,C3H3ClO
CC(=O)Nc1ccc(O)cc1C1OOO1,CC(=O)Nc1ccc(O)cc1,C9H9NO5,24,CH2O3
O=C(CC(Cl)C[SiH3])Nc1ccc(O)cc1,CC(=O)Nc1ccc(O)cc1,C10H14ClNO2Si,29,C2H7ClSi
O=CCC(=O)Nc1ccc(O)cc1,CC(=O)Nc1ccc(O)cc1,C9H9NO3,22,CH2O
CC(=O)Nc1ccc(O)c(SCCC2CC2)c1,CC(=O)Nc1ccc(O)cc1,C13H17NO2S,34,C5H10S
CC(=O)N(c1ccc(O)cc1)P(=O)(O)O[O-],CC(=O)Nc1ccc(O)cc1,C8H9NO6P-,25,H2O4P-
CCC(Br)Oc1ccc(NC(C)=O)cc1,CC(=O)Nc1ccc(O)cc1,C11H14BrNO2,29,C3H7Br
CC(=O)Nc1ccc(OC(F)C=C(F)F)cc1,CC(=O)Nc1ccc(O)cc1,C11H10F3NO2,27,C3H3F3
O=C(CC#CI)Nc1ccc(O)cc1,CC(=O)Nc1ccc(O)cc1,C10H8INO2,22,C2HI
O=C(CC12ON1CC2Br)Nc1ccc(O)cc1,CC(=O)Nc1ccc(O)cc1,C11H11BrN2O3,28,C3H4BrNO
COC1CC1c1cc(NC(C)=O)ccc1O,CC(=O)Nc1ccc(O)cc1,C12H15NO3,31,C4H8O
CC(=O)Nc1ccc(O)c(C(Cl)(Br)OC=O)c1,CC(=O)Nc1ccc(O)cc1,C10H9BrClNO4,26,C2H2BrClO2
CC[SiH2]C(C)CN(C(C)=O)c1ccc(O)cc1,CC(=O)Nc1ccc(O)cc1,C13H21NO2Si,38,C5H14Si
CC(=O)Nc1ccc(O)c(C2=C=C3CC32)c1,CC(=O)Nc1ccc(O)cc1,C13H11NO2,27,C5H4
CC(=O)Nc1ccc(O)c(OC=CO)c1,CC(=O)Nc1ccc(O)cc1,C10H11NO4,26,C2H4O2
CC(=O)Nc1ccc(O[SH2]23SC2=C2N=C23)cc1,CC(=O)Nc1ccc(O)cc1,C11H10N2O2S2,27,C3H3NS2
CC(=O)Nc1ccc(O)cc1C(C)C1=C2CC21,CC(=O)Nc1ccc(O)cc1,C14H15NO2,32,C6H8
COC(=CF)c1cc(O)ccc1NC(C)=O,CC(=O)Nc1ccc(O)cc1,C11H12FNO3,28,C3H5FO
CC(=O)Nc1ccc(O)c(C(C)C[SiH](C)Cl)c1,CC(=O)Nc1ccc(O)cc1,C12H18ClNO2Si,35,C4H11ClSi
CC(=O)Nc1ccc(O)cc1OON=O,CC(=O)Nc1ccc(O)cc1,C8H8N2O5,23,HNO3
CC(=O)Nc1ccc(OS234=CN2N3CC4)cc1,CC(=O)Nc1ccc(O)cc1,C11H13N3O2S,30,C3H6N2S
C=C(I)c1cc(O)ccc1NC(C)=O,CC(=O)Nc1ccc(O)cc1,C10H10INO2,24,C2H3I
CC(=O)N(COCCO)c1ccc(O)cc1,CC(=O)Nc1ccc(O)cc1,C11H15NO4,31,C3H8O2
CC[SH+]COc1ccc(NC(C)=O)cc1,CC(=O)Nc1ccc(O)cc1,C11H16NO2S+,31,C3H9S+
O=C(Cc1sccc1Cl)Nc1ccc(O)cc1,CC(=O)Nc1ccc(O)cc1,C12H10ClNO2S,27,C4H3ClS
C=NN(CCN)Oc1ccc(NC(C)=O)cc1,CC(=O)Nc1ccc(O)cc1,C11H16N4O2,33,C3H9N3
CC(F)C(CO)CC(=O)Nc1ccc(O)cc1,CC(=O)Nc1ccc(O)cc1,C12H16FNO3,33,C4H9FO
CC(=O)Nc1ccc(O[SH]2(=O)C=NC2)cc1,CC(=O)Nc1ccc(O)cc1,C10H12N2O3S,28,C2H5NOS
CC(=O)Nc1ccc(O)cc1C=C1C=N1,CC(=O)Nc1ccc(O)cc1,C11H10N2O2,25,C3H3N
C=N[NH2+]NCC(=O)Nc1ccc(O)cc1,CC(=O)Nc1ccc(O)cc1,C9H13N4O2+,28,CH6N3+
CCC(C)Cc1cc(NC(C)=O)ccc1O,CC(=O)Nc1ccc(O)cc1,C13H19NO2,35,C5H12
CC(=O)N([N+]#N)c1ccc(O)cc1,CC(=O)Nc1ccc(O)cc1,C8H8N3O2+,21,HN2+
N=C(Br)OC=CCC(=O)Nc1ccc(O)cc1,CC(=O)Nc1ccc(O)cc1,C11H11BrN2O3,28,C3H4BrNO
CC(=O)Nc1ccc(OC(=O)[O-])cc1,CC(=O)Nc1ccc(O)cc1,C9H8NO4-,22,CHO2-
CC(=O)Nc1ccc(O)c(C2=C=C3C2[SH2]3=O)c1,CC(=O)Nc1ccc(O)cc1,C12H11NO3S,28,C4H4OS
CC(=O)Nc1ccc(O)cc1CCOCBr,CC(=O)Nc1ccc(O)cc1,C11H14BrNO3,30,C3H7BrO
CC(=O)Nc1ccc(O)c(OC(C)C(=N)I)c1,CC(=O)Nc1ccc(O)cc1,C11H13IN2O3,30,C3H6INO
CC(=O)Nc1ccc(OSCNC(C)N)cc1,CC(=O)Nc1ccc(O)cc1,C11H17N3O2S,34,C3H10N2S
CC(=O)Nc1ccc(O[PH]2=C(OCO)O2)cc1,CC(=O)Nc1ccc(O)cc1,C10H12NO5P,29,C2H5O3P
CC(=O)Nc1ccc(O)cc1C1(Cl)CCC1N,CC(=O)Nc1ccc(O)cc1,C12H15ClN2O2,32,C4H8ClN
CCC(O)CCc1cc(O)ccc1NC(C)=O,CC(=O)Nc1ccc(O)cc1,C13H19NO3,36,C5H12O
CC(=O)Nc1ccc(O)cc1C(Br)CBr,CC(=O)Nc1ccc(O)cc1,C10H11Br2NO2,26,C2H4Br2
CC(=O)Nc1ccc(O)c(C2(N)CO2)c1,CC(=O)Nc1ccc(O)cc1,C10H12N2O3,27,C2H5NO
CC(=O)Nc1ccc(OC2CSS2)cc1,CC(=O)Nc1ccc(O)cc1,C10H11NO2S2,26,C2H4S2
O=C(CC1C2=C=CC21)Nc1ccc(O)cc1,CC(=O)Nc1ccc(O)cc1,C13H11NO2,27,C5H4
O=C(CC1OC1I)Nc1ccc(O)cc1,CC(=O)Nc1ccc(O)cc1,C10H10INO3,25,C2H3IO
CCCC(C)c1cc(O)ccc1NC(C)=O,CC(=O)Nc1ccc(O)cc1,C13H19NO2,35,C5H12
CC(=O)N(CNC#N)c1ccc(O)cc1,CC(=O)Nc1ccc(O)cc1,C10H11N3O2,26,C2H4N2
CC(=O)Nc1ccc(O)c(ON[PH3]C(=O)O)c1,CC(=O)Nc1ccc(O)cc1,C9H13N2O5P,30,CH6NO3P
CC(=O)Nc1ccc(O)cc1C(O)=C[O-],CC(=O)Nc1ccc(O)cc1,C10H10NO4-,25,C2H3O2-
CC(=O)Nc1ccc(O)c(C2OC2(Cl)Cl)c1,CC(=O)Nc1ccc(O)cc1,C10H9Cl2NO3,25,C2H2Cl2O
CC(=O)N([SiH2]C(Cl)C(C)C)c1ccc(O)cc1,CC(=O)Nc1ccc(O)cc1,C12H18ClNO2Si,35,C4H11ClSi
CC(=O)Nc1ccc(O)c(CCCCCBr)c1,CC(=O)Nc1ccc(O)cc1,C13H18BrNO2,35,C5H11Br
CC(=O)Nc1ccc(OC2ONC2(O)O)cc1,CC(=O)Nc1ccc(O)cc1,C10H12N2O5,29,C2H5NO3
C=NNC=NN(C(C)=O)c1ccc(O)cc1,CC(=O)Nc1ccc(O)cc1,C10H12N4O2,28,C2H5N3
CC#Cc1cc(NC(C)=O)ccc1O,CC(=O)Nc1ccc(O)cc1,C11H11NO2,25,C3H4
C=Nc1cc(NC(C)=O)ccc1O,CC(=O)Nc1ccc(O)cc1,C9H10N2O2,23,CH3N
CC(=O)Nc1ccc(O)c(OC2OCCS2)c1,CC(=O)Nc1ccc(O)cc1,C11H13NO4S,30,C3H6O2S
CC(=O)Nc1ccc(O)cc1CCNC=O,CC(=O)Nc1ccc(O)cc1,C11H14N2O3,30,C3H7NO
C=CC(Cl)(CO)c1cc(NC(C)=O)ccc1O,CC(=O)Nc1ccc(O)cc1,C12H14ClNO3,31,C4H7ClO
C=CC(COc1ccc(NC(C)=O)cc1)SC,CC(=O)Nc1ccc(O)cc1,C13H17NO2S,34,C5H10S
CC(=O)Nc1ccc(O)cc1C1OC2OCC21,CC(=O)Nc1ccc(O)cc1,C12H13NO4,30,C4H6O2
CC[SiH]1C2CC21c1cc(NC(C)=O)ccc1O,CC(=O)Nc1ccc(O)cc1,C13H17NO2Si,34,C5H10Si
CC(O)CCC(=O)Nc1ccc(O)cc1,CC(=O)Nc1ccc(O)cc1,C11H15NO3,30,C3H8O
CC(=O)N(c1ccc(O)cc1)C(F)ON=CF,CC(=O)Nc1ccc(O)cc1,C10H10F2N2O3,27,C2H3F2NO
CC(=O)Nc1ccc(O)cc1C=C1C=CO1,CC(=O)Nc1ccc(O)cc1,C12H11NO3,27,C4H4O
CC(=O)Nc1ccc(O)c(C23[SH3]=[PH]2C3OO)c1,CC(=O)Nc1ccc(O)cc1,C10H14NO4PS,31,C2H7O2PS
CC(=O)Nc1ccc(O)cc1C1(OCl)OC1Cl,CC(=O)Nc1ccc(O)cc1,C10H9Cl2NO4,26,C2H2Cl2O2
CC(=O)Nc1ccc(O)c(C2C3CC34OC24)c1,CC(=O)Nc1ccc(O)cc1,C13H13NO3,30,C5H6O
CC(=O)Nc1ccc(O)c(C23CC2CC3C)c1,CC(=O)Nc1ccc(O)cc1,C14H17NO2,34,C6H10
CC(=O)Nc1ccc(OC(=S)S)cc1,CC(=O)Nc1ccc(O)cc1,C9H9NO2S2,23,CH2S2
CC(=O)Nc1ccc(O)cc1C1NC2CN21,CC(=O)Nc1ccc(O)cc1,C11H13N3O2,29,C3H6N2
CC(=O)Nc1ccc(OC23C=Cn4n2n43)cc1,CC(=O)Nc1ccc(O)cc1,C11H10N4O2,27,C3H3N3
CC(=O)Nc1ccc(O)c(OC2(C[O-])CC2)c1,CC(=O)Nc1ccc(O)cc1,C12H14NO4-,31,C4H7O2-
CC(=O)Nc1ccc(O)cc1NC(C)C(N)O,CC(=O)Nc1ccc(O)cc1,C11H17N3O3,34,C3H10N2O
CC(=O)Nc1ccc(O)cc1N1C2=C=NC=C21,CC(=O)Nc1ccc(O)cc1,C12H9N3O2,26,C4H2N2
CC(=O)Nc1ccc(O)c(C2OO2)c1,CC(=O)Nc1ccc(O)cc1,C9H9NO4,23,CH2O2
CC(CC(=O)Nc1ccc(O)cc1)c1coo1,CC(=O)Nc1ccc(O)cc1,C12H13NO4,30,C4H6O2
CC(=O)Nc1ccc(O)c(OOSCl)c1,CC(=O)Nc1ccc(O)cc1,C8H8ClNO4S,23,HClO2S
C=CC1(Oc2ccc(NC(C)=O)cc2)N=CS1,CC(=O)Nc1ccc(O)cc1,C12H12N2O2S,29,C4H5NS
CC(=O)Nc1ccc(O)cc1C(F)(F)C(F)F,CC(=O)Nc1ccc(O)cc1,C10H9F4NO2,26,C2H2F4
C#S(=S)N(C(C)=O)c1ccc(O)cc1,CC(=O)Nc1ccc(O)cc1,C9H9NO2S2,23,CH2S2
CC(=O)Nc1ccc(O)cc1C(Br)CBr,CC(=O)Nc1ccc(O)cc1,C10H11Br2NO2,26,C2H4Br2
CC(=O)Nc1ccc(O)cc1[SH2]1=C=CC1,CC(=O)Nc1ccc(O)cc1,C11H13NO2S,28,C3H6S
O=C(CC(F)OF)Nc1ccc(O)cc1,CC(=O)Nc1ccc(O)cc1,C9H9F2NO3,24,CH2F2O
CCCC(NN)c1cc(NC(C)=O)ccc1O,CC(=O)Nc1ccc(O)cc1,C12H19N3O2,36,C4H12N2
CC(=O)Nc1ccc(OC(=N)OC(Cl)Cl)cc1,CC(=O)Nc1ccc(O)cc1,C10H10Cl2N2O3,27,C2H3Cl2NO
CC(=O)N(c1ccc(O)cc1)C12CC1=C(I)S2,CC(=O)Nc1ccc(O)cc1,C12H10INO2S,27,C4H3IS
C=C1N=C1Cc1cc(NC(C)=O)ccc1O,CC(=O)Nc1ccc(O)cc1,C12H12N2O2,28,C4H5N
O=C(CC(CCl)C([SiH3])Cl)Nc1ccc(O)cc1,CC(=O)Nc1ccc(O)cc1,C11H15Cl2NO2Si,32,C3H8Cl2Si
C=CC(NCC)Oc1ccc(NC(C)=O)cc1,CC(=O)Nc1ccc(O)cc1,C13H18N2O2,35,C5H11N
CC(=O)Nc1ccc(O)c(C2n3n4n2n34)c1,CC(=O)Nc1ccc(O)cc1,C9H9N5O2,25,CH2N4
O=C(CN1CN(C=S)O1)Nc1ccc(O)cc1,CC(=O)Nc1ccc(O)cc1,C10H11N3O3S,28,C2H4N2OS
CC(=O)N(c1ccc(O)cc1)N1CC=COO1,CC(=O)Nc1ccc(O)cc1,C11H12N2O4,29,C3H5NO2
C#CCC(=O)Nc1ccc(O)cc1,CC(=O)Nc1ccc(O)cc1,C10H9NO2,22,C2H2
CC(=O)Nc1ccc(On2[nH]n2CO)cc1,CC(=O)Nc1ccc(O)cc1,C9H12N4O3,28,CH5N3O
CC(=O)Nc1ccc(O)c(C2OOC2Cl)c1,CC(=O)Nc1ccc(O)cc1,C10H10ClNO4,26,C2H3ClO2
CCC(Cl)(Cl)N(C(C)=O)c1ccc(O)cc1,CC(=O)Nc1ccc(O)cc1,C11H13Cl2NO2,29,C3H6Cl2
CC(=O)Nc1ccc(OC(Br)Br)cc1,CC(=O)Nc1ccc(O)cc1,C9H9Br2NO2,23,CH2Br2
C=C(c1cc(O)ccc1NC(C)=O)C1C=C1,CC(=O)Nc1ccc(O)cc1,C13H13NO2,29,C5H6
CC(=O)Nc1ccc(O)c(C2C(C)CC2Br)c1,CC(=O)Nc1ccc(O)cc1,C13H16BrNO2,33,C5H9Br
O=C(CC=C(F)F)Nc1ccc(O)cc1,CC(=O)Nc1ccc(O)cc1,C10H9F2NO2,24,C2H2F2
CC(=O)Nc1ccc(O)c(C2OC2(Cl)Cl)c1,CC(=O)Nc1ccc(O)cc1,C10H9Cl2NO3,25,C2H2Cl2O
CC(=O)Nc1ccc(O)cc1SCCS,CC(=O)Nc1ccc(O)cc1,C10H13NO2S2,28,C2H6S2
CC(=O)Nc1ccc(OOC(Cl)SCO)cc1,CC(=O)Nc1ccc(O)cc1,C10H12ClNO4S,29,C2H5ClO2S
O=C(CC12C3C1[SH2]32S)Nc1ccc(O)cc1,CC(=O)Nc1ccc(O)cc1,C11H13NO2S2,29,C3H6S2
CC(=O)N(c1ccc(O)cc1)N1CNN1,CC(=O)Nc1ccc(O)cc1,C9H12N4O2,27,CH5N3
CC(=O)Nc1ccc(O)c(OCC(=O)Cl)c1,CC(=O)Nc1ccc(O)cc1,C10H10ClNO4,26,C2H3ClO2
CC(=O)Nc1ccc(O)cc1C1(I)C2[SH]3#CC231,CC(=O)Nc1ccc(O)cc1,C12H10INO2S,27,C4H3IS
C[Se]c1cc(NC(C)=O)ccc1O,CC(=O)Nc1ccc(O)cc1,C9H11NO2Se,24,CH4Se
CCC1CC1Oc1cc(O)ccc1NC(C)=O,CC(=O)Nc1ccc(O)cc1,C13H17NO3,34,C5H10O
CC(=O)N(C1=CN(O)NN1)c1ccc(O)cc1,CC(=O)Nc1ccc(O)cc1,C10H12N4O3,29,C2H5N3O
CC(=O)Nc1ccc(O)c(C#CI)c1,CC(=O)Nc1ccc(O)cc1,C10H8INO2,22,C2HI
O=C(COSC(O)CO)Nc1ccc(O)cc1,CC(=O)Nc1ccc(O)cc1,C10H13NO5S,30,C2H6O3S
CCN(CCO)N(C(C)=O)c1ccc(O)cc1,CC(=O)Nc1ccc(O)cc1,C12H18N2O3,35,C4H11NO
CC(=O)Nc1ccc(O)c(C2(Cl)OC2Cl)c1,CC(=O)Nc1ccc(O)cc1,C10H9Cl2NO3,25,C2H2Cl2O
CC(=O)Nc1ccc(O)cc1C(F)=CF,CC(=O)Nc1ccc(O)cc1,C10H9F2NO2,24,C2H2F2
CC(=O)N(c1ccc(O)cc1)C1OC1Cl,CC(=O)Nc1ccc(O)cc1,C10H10ClNO3,25,C2H3ClO
CC(=O)Nc1ccc(OOCC(F)CF)cc1,CC(=O)Nc1ccc(O)cc1,C11H13F2NO3,30,C3H6F2O
CC(=O)Nc1ccc(O)c(C2(Cl)C3=CNC32)c1,CC(=O)Nc1ccc(O)cc1,C12H11ClN2O2,28,C4H4ClN
CC(=O)Nc1ccc(O)cc1N1NOCO1,CC(=O)Nc1ccc(O)cc1,C9H11N3O4,27,CH4N2O2
CC(=O)Nc1ccc(O[SH2]2=CC(C#N)S2)cc1,CC(=O)Nc1ccc(O)cc1,C11H12N2O2S2,29,C3H5NS2
CC(=O)Nc1ccc(OC(C)CCl)cc1,CC(=O)Nc1ccc(O)cc1,C11H14ClNO2,29,C3H7Cl
O=C(COSOCl)Nc1ccc(O)cc1,CC(=O)Nc1ccc(O)cc1,C8H8ClNO4S,23,HClO2S
CC(=O)Nc1ccc(O)cc1C(=O)Cl,CC(=O)Nc1ccc(O)cc1,C9H8ClNO3,22,CHClO
CCC(CC(=O)Nc1ccc(O)cc1)[NH2+]C,CC(=O)Nc1ccc(O)cc1,C12H19N2O2+,35,C4H12N+
CB(O)COc1cc(O)ccc1NC(C)=O,CC(=O)Nc1ccc(O)cc1,C10H14BNO4,30,C2H7BO2
CC(=O)Nc1ccc(O[PH2]2OOO2)cc1,CC(=O)Nc1ccc(O)cc1,C8H10NO5P,25,H3O3P
CC(=O)Nc1ccc(O)c(-c2csc(Br)n2)c1,CC(=O)Nc1ccc(O)cc1,C11H9BrN2O2S,26,C3H2BrNS
CC(=O)Nc1ccc(OOC(O)S)cc1,CC(=O)Nc1ccc(O)cc1,C9H11NO4S,26,CH4O2S
CC(=O)Nc1ccc(O)c(C2NCO2)c1,CC(=O)Nc1ccc(O)cc1,C10H12N2O3,27,C2H5NO
CC(=O)Nc1ccc(O[SH2](=O)OC(=N)O)cc1,CC(=O)Nc1ccc(O)cc1,C9H12N2O5S,29,CH5NO3S
CC(=O)Nc1ccc(ONCO)cc1,CC(=O)Nc1ccc(O)cc1,C9H12N2O3,26,CH5NO
CC(=O)Nc1ccc(O)cc1SNCN=N,CC(=O)Nc1ccc(O)cc1,C9H12N4O2S,28,CH5N3S
CC(=O)N(C1=NO1)c1ccc(O)cc1,CC(=O)Nc1ccc(O)cc1,C9H8N2O3,22,CHNO
CC(=O)Nc1ccc(O)c(C2CC2Cl)c1,CC(=O)Nc1ccc(O)cc1,C11H12ClNO2,27,C3H5Cl
CC(=O)N(c1ccc(O)cc1)C1OC(F)(F)O1,CC(=O)Nc1ccc(O)cc1,C10H9F2NO4,26,C2H2F2O2
CC(=O)Nc1ccc(O)cc1C=C1C=C1,CC(=O)Nc1ccc(O)cc1,C12H11NO2,26,C4H4
CC(=O)Nc1ccc(O)c(C(C)CC(Cl)Cl)c1,CC(=O)Nc1ccc(O)cc1,C12H15Cl2NO2,32,C4H8Cl2
C=C(N)Oc1ccc(NC(C)=O)cc1,CC(=O)Nc1ccc(O)cc1,C10H12N2O2,26,C2H5N
CC(=O)Nc1ccc(O[PH](=O)OCO)cc1,CC(=O)Nc1ccc(O)cc1,C9H12NO5P,28,CH5O3P
CC(=O)Nc1ccc(O[SH]23=C4C(=N2)OC43)cc1,CC(=O)Nc1ccc(O)cc1,C11H10N2O3S,27,C3H3NOS
C=C1OON(CC(=O)Nc2ccc(O)cc2)O1,CC(=O)Nc1ccc(O)cc1,C10H10N2O5,27,C2H3NO3
CC(=O)Nc1ccc(O[SH2](=O)OC=O)cc1,CC(=O)Nc1ccc(O)cc1,C9H11NO5S,27,CH4O3S
C=CC=COc1ccc(NC(C)=O)cc1,CC(=O)Nc1ccc(O)cc1,C12H13NO2,28,C4H6
O=C(CC12NC3(SC13)S2)Nc1ccc(O)cc1,CC(=O)Nc1ccc(O)cc1,C11H10N2O2S2,27,C3H3NS2
CC(=O)N(COOS[O-])c1ccc(O)cc1,CC(=O)Nc1ccc(O)cc1,C9H10NO5S-,26,CH3O3S-
CC(=O)Nc1ccc(On2n3c(=N)n23)cc1,CC(=O)Nc1ccc(O)cc1,C9H9N5O2,25,CH2N4
CC(=O)Nc1ccc(O)cc1SOOCl,CC(=O)Nc1ccc(O)cc1,C8H8ClNO4S,23,HClO2S
C=NOc1ccc(NC(C)=O)cc1,CC(=O)Nc1ccc(O)cc1,C9H10N2O2,23,CH3N
CC(=O)Nc1ccc(O)c(C#N)c1,CC(=O)Nc1ccc(O)cc1,C9H8N2O2,21,CHN
CC(=O)Nc1ccc(O)cc1S(=O)(=O)F,CC(=O)Nc1ccc(O)cc1,C8H8FNO4S,23,HFO2S
CC(=O)Nc1ccc(O[SH4]c2cccs2)cc1,CC(=O)Nc1ccc(O)cc1,C12H15NO2S2,32,C4H8S2
CC(=O)N(c1ccc(O)cc1)C12OC1(O)O2,CC(=O)Nc1ccc(O)cc1,C10H9NO5,25,C2H2O3
CC(=O)Nc1ccc(O[SH2]2=C=NSC=C2)cc1,CC(=O)Nc1ccc(O)cc1,C11H12N2O2S2,29,C3H5NS2
CC(=O)Nc1ccc(O)cc1C(Br)CN,CC(=O)Nc1ccc(O)cc1,C10H13BrN2O2,28,C2H6BrN
CC(=O)Nc1ccc(OC23C4=C5C(N52)N43)cc1,CC(=O)Nc1ccc(O)cc1,C12H9N3O2,26,C4H2N2
CC(=O)Nc1ccc(O)cc1C(F)(F)Cl,CC(=O)Nc1ccc(O)cc1,C9H8ClF2NO2,23,CHClF2
CC(=O)Nc1ccc(O)c(C23C=[SH2]2O3)c1,CC(=O)Nc1ccc(O)cc1,C10H11NO3S,26,C2H4OS
CCCN=Cc1cc(NC(C)=O)ccc1O,CC(=O)Nc1ccc(O)cc1,C12H16N2O2,32,C4H9N
CC(=O)N(OC(Cl)CCCl)c1ccc(O)cc1,CC(=O)Nc1ccc(O)cc1,C11H13Cl2NO3,30,C3H6Cl2O
CC(=O)Nc1ccc(O)c(OCCCl)c1,CC(=O)Nc1ccc(O)cc1,C10H12ClNO3,27,C2H5ClO
CC(=O)Nc1ccc(O)c(-c2ccoc2)c1,CC(=O)Nc1ccc(O)cc1,C12H11NO3,27,C4H4O
CC(=O)Nc1ccc(O)c(SC(C)CCO)c1,CC(=O)Nc1ccc(O)cc1,C12H17NO3S,34,C4H10OS
CC(=O)Nc1ccc(O)cc1NO,CC(=O)Nc1ccc(O)cc1,C8H10N2O3,23,H3NO
CC(=O)Nc1ccc(O)cc1C(C)C(Br)Br,CC(=O)Nc1ccc(O)cc1,C11H13Br2NO2,29,C3H6Br2
C[SiH2]OCN(C(C)=O)c1ccc(O)cc1,CC(=O)Nc1ccc(O)cc1,C10H15NO3Si,30,C2H8OSi
CC(=O)Nc1ccc(OC(S)CCN)cc1,CC(=O)Nc1ccc(O)cc1,C11H16N2O2S,32,C3H9NS
CC(=O)Nc1ccc(O)c(OC2OO2)c1,CC(=O)Nc1ccc(O)cc1,C9H9NO5,24,CH2O3
CC(=O)Nc1ccc(O[SH]23(C)CC2C3=S)cc1,CC(=O)Nc1ccc(O)cc1,C12H15NO2S2,32,C4H8S2
COc1cc(O)ccc1NC(C)=O,CC(=O)Nc1ccc(O)cc1,C9H11NO3,24,CH4O
CC(=O)Nc1ccc(O)c(N=NO)c1,CC(=O)Nc1ccc(O)cc1,C8H9N3O3,23,H2N2O
CC(=O)N(c1ccc(O)cc1)C1C(Cl)C1Cl,CC(=O)Nc1ccc(O)cc1,C11H11Cl2NO2,27,C3H4Cl2
O=C(COO[IH]([O-])([O-])[O-])Nc1ccc(O)cc1,CC(=O)Nc1ccc(O)cc1,C8H9INO7-3,26,H2IO5-3
C=C1OC1=C(Cl)c1cc(O)ccc1NC(C)=O,CC(=O)Nc1ccc(O)cc1,C12H10ClNO3,27,C4H3ClO
CC(=O)Nc1ccc(O)c(C2OCN3CC23)c1,CC(=O)Nc1ccc(O)cc1,C12H14N2O3,31,C4H7NO
CC(=O)Nc1ccc(O)cc1C=COC[O-],CC(=O)Nc1ccc(O)cc1,C11H12NO4-,28,C3H5O2-
N=C(NO)NCC(=O)Nc1ccc(O)cc1,CC(=O)Nc1ccc(O)cc1,C9H12N4O3,28,CH5N3O
CC(=O)Nc1ccc(O[SH]23=NSC4=C2C43)cc1,CC(=O)Nc1ccc(O)cc1,C11H10N2O2S2,27,C3H3NS2
CC(=O)Nc1ccc(O)cc1COC=O,CC(=O)Nc1ccc(O)cc1,C10H11NO4,26,C2H4O2
CC(=O)Nc1ccc(O)c([PH]2([O-])OO2)c1,CC(=O)Nc1ccc(O)cc1,C8H9NO5P-,24,H2O3P-
CCC(OF)Oc1ccc(NC(C)=O)cc1,CC(=O)Nc1ccc(O)cc1,C11H14FNO3,30,C3H7FO
COON=COc1cc(NC(C)=O)ccc1O,CC(=O)Nc1ccc(O)cc1,C10H12N2O5,29,C2H5NO3
CC(=O)N(N=CNN)c1ccc(O)cc1,CC(=O)Nc1ccc(O)cc1,C9H12N4O2,27,CH5N3
CC(=O)Nc1ccc(O)cc1-n1oo1,CC(=O)Nc1ccc(O)cc1,C8H8N2O4,22,HNO2
CC(=O)N(c1ccc(O)cc1)C1(O)CN(C)N1,CC(=O)Nc1ccc(O)cc1,C11H15N3O3,32,C3H8N2O
CC(=O)N(CCCl)c1ccc(O)cc1,CC(=O)Nc1ccc(O)cc1,C10H12ClNO2,26,C2H5Cl
CC(=O)Nc1ccc(O)c(C=[SH2]=S)c1,CC(=O)Nc1ccc(O)cc1,C9H11NO2S2,25,CH4S2
CC(=O)Nc1ccc(O)c(N(C)C2CO2)c1,CC(=O)Nc1ccc(O)cc1,C11H14N2O3,30,C3H7NO
C=CN=C(O)Oc1cc(NC(C)=O)ccc1O,CC(=O)Nc1ccc(O)cc1,C11H12N2O4,29,C3H5NO2
CC(=O)N(C(=[PH3])OO)c1ccc(O)cc1,CC(=O)Nc1ccc(O)cc1,C9H12NO4P,27,CH5O2P
O=C(CC1CC2NNC12)Nc1ccc(O)cc1,CC(=O)Nc1ccc(O)cc1,C12H15N3O2,32,C4H8N2
CC(=O)Nc1ccc(O)cc1O[AsH](=O)O,CC(=O)Nc1ccc(O)cc1,C8H10AsNO5,25,H3AsO3
CC(=O)Nc1ccc(ONCOC2OO2)cc1,CC(=O)Nc1ccc(O)cc1,C10H12N2O5,29,C2H5NO3
CC(=O)Nc1ccc(O)cc1C(F)(CO)CF,CC(=O)Nc1ccc(O)cc1,C11H13F2NO3,30,C3H6F2O
CC(=O)Nc1ccc(O)c(-c2cocn2)c1,CC(=O)Nc1ccc(O)cc1,C11H10N2O3,26,C3H3NO
CC(=O)Nc1ccc(O)c(OC2C=CC=C2)c1,CC(=O)Nc1ccc(O)cc1,C13H13NO3,30,C5H6O
O=C(Cc1coo1)Nc1ccc(O[SH4][O-])cc1,CC(=O)Nc1ccc(O)cc1,C10H12NO5S-,29,C2H5O3S-
CC(=O)Nc1ccc(O)cc1C(N)C(F)C=O,CC(=O)Nc1ccc(O)cc1,C11H13FN2O3,30,C3H6FNO
O=C(CN1N=CSN=N1)Nc1ccc(O)cc1,CC(=O)Nc1ccc(O)cc1,C9H9N5O2S,26,CH2N4S
O=C(CC1=CSC1)Nc1ccc(O)cc1,CC(=O)Nc1ccc(O)cc1,C11H11NO2S,26,C3H4S
CC(=O)Nc1ccc(O)c(C(Br)Br)c1,CC(=O)Nc1ccc(O)cc1,C9H9Br2NO2,23,CH2Br2
CC(=O)Nc1ccc(O)c(C2CC3CC=C32)c1,CC(=O)Nc1ccc(O)cc1,C14H15NO2,32,C6H8
CC(=O)Nc1ccc(O)c(NN2NC=CS2)c1,CC(=O)Nc1ccc(O)cc1,C10H12N4O2S,29,C2H5N3S
C[Se]c1cc(NC(C)=O)ccc1O,CC(=O)Nc1ccc(O)cc1,C9H11NO2Se,24,CH4Se
CCC(Br)c1cc(O)ccc1NC(C)=O,CC(=O)Nc1ccc(O)cc1,C11H14BrNO2,29,C3H7Br
C=C1CNC1Oc1ccc(NC(C)=O)cc1,CC(=O)Nc1ccc(O)cc1,C12H14N2O2,30,C4H7N
CC(=O)Nc1ccc(O[PH](=O)OOC=O)cc1,CC(=O)Nc1ccc(O)cc1,C9H10NO6P,27,CH3O4P
CC(=O)Nc1ccc(O)c(C2=C(C)S2)c1,CC(=O)Nc1ccc(O)cc1,C11H11NO2S,26,C3H4S
CC(=O)Nc1ccc(O)cc1O[PH](=O)OC=O,CC(=O)Nc1ccc(O)cc1,C9H10NO6P,27,CH3O4P
C=CCC(C)=[SH3]Oc1ccc(NC(C)=O)cc1,CC(=O)Nc1ccc(O)cc1,C13H19NO2S,36,C5H12S
CC(=O)Nc1ccc(O)c(C(=CO)O[O-])c1,CC(=O)Nc1ccc(O)cc1,C10H10NO5-,26,C2H3O3-
CC(=O)Nc1ccc(O)cc1C=CCN,CC(=O)Nc1ccc(O)cc1,C11H14N2O2,29,C3H7N
CC(=O)Nc1ccc(O)c(C(F)CN(F)F)c1,CC(=O)Nc1ccc(O)cc1,C10H11F3N2O2,28,C2H4F3N
CC(=O)Nc1ccc(O)cc1C1OC1(C)CBr,CC(=O)Nc1ccc(O)cc1,C12H14BrNO3,31,C4H7BrO
CC(=O)Nc1ccc(O)cc1C(Cl)(Cl)C(=O)Cl,CC(=O)Nc1ccc(O)cc1,C10H8Cl3NO3,25,C2HCl3O
CCCN(C(C)=O)c1ccc(O)cc1,CC(=O)Nc1ccc(O)cc1,C11H15NO2,29,C3H8
CCC1CC1(C)CC(=O)Nc1ccc(O)cc1,CC(=O)Nc1ccc(O)cc1,C14H19NO2,36,C6H12
CC(=O)Nc1ccc(O)cc1CC(C)(C)OF,CC(=O)Nc1ccc(O)cc1,C12H16FNO3,33,C4H9FO
CCSCc1cc(O)ccc1NC(C)=O,CC(=O)Nc1ccc(O)cc1,C11H15NO2S,30,C3H8S
CC(=O)Nc1ccc(O)c(C(C)CC(C)F)c1,CC(=O)Nc1ccc(O)cc1,C13H18FNO2,35,C5H11F
CC(=O)Nc1ccc(OC(F)(Cl)C(=O)F)cc1,CC(=O)Nc1ccc(O)cc1,C10H8ClF2NO3,25,C2HClF2O
O=C(CC1C=C1C(=O)Cl)Nc1ccc(O)cc1,CC(=O)Nc1ccc(O)cc1,C12H10ClNO3,27,C4H3ClO
CC(=O)Nc1ccc(O)c(CC([SiH3])C(C)O)c1,CC(=O)Nc1ccc(O)cc1,C12H19NO3Si,36,C4H12OSi
CC(=O)Nc1ccc(OC2N=COC2O)cc1,CC(=O)Nc1ccc(O)cc1,C11H12N2O4,29,C3H5NO2
CC(=O)Nc1ccc(O)c(OC(C)CBr)c1,CC(=O)Nc1ccc(O)cc1,C11H14BrNO3,30,C3H7BrO
CC(=O)Nc1ccc(OC23C(=S)C2C3Cl)cc1,CC(=O)Nc1ccc(O)cc1,C12H10ClNO2S,27,C4H3ClS
CC(=O)Nc1ccc(O)c(C23C4CSC2N43)c1,CC(=O)Nc1ccc(O)cc1,C12H12N2O2S,29,C4H5NS
CC(=O)Nc1ccc(O)c(CCNC=CF)c1,CC(=O)Nc1ccc(O)cc1,C12H15FN2O2,32,C4H8FN
CC(=O)Nc1ccc(O)c(C23S[SH]45=CC24N35)c1,CC(=O)Nc1ccc(O)cc1,C11H10N2O2S2,27,C3H3NS2
CC(=O)Nc1ccc(O)cc1C1(F)OC1(F)F,CC(=O)Nc1ccc(O)cc1,C10H8F3NO3,25,C2HF3O
CC(=O)Nc1ccc(O)cc1OC(C)O,CC(=O)Nc1ccc(O)cc1,C10H13NO4,28,C2H6O2
CC(=O)Nc1ccc(OC(C)(C)C(C)S)cc1,CC(=O)Nc1ccc(O)cc1,C13H19NO2S,36,C5H12S
CC(=O)Nc1ccc(ON=O)cc1,CC(=O)Nc1ccc(O)cc1,C8H8N2O3,21,HNO
CC(=O)Nc1ccc(O)cc1CC(C)I,CC(=O)Nc1ccc(O)cc1,C11H14INO2,29,C3H7I
CC(=O)Nc1ccc(O)cc1OCN,CC(=O)Nc1ccc(O)cc1,C9H12N2O3,26,CH5NO
C=C1OC(Oc2ccc(NC(C)=O)cc2)C1Br,CC(=O)Nc1ccc(O)cc1,C12H12BrNO3,29,C4H5BrO
CC(=O)Nc1ccc(O)c(OC(F)(F)F)c1,CC(=O)Nc1ccc(O)cc1,C9H8F3NO3,24,CHF3O
CC(=O)Nc1ccc(O)c(OCCO)c1,CC(=O)Nc1ccc(O)cc1,C10H13NO4,28,C2H6O2
O=C(Cn1ccnc1Br)Nc1ccc(O)cc1,CC(=O)Nc1ccc(O)cc1,C11H10BrN3O2,27,C3H3BrN2
CC[SiH2]c1cc(O)ccc1NC(C)=O,CC(=O)Nc1ccc(O)cc1,C10H15NO2Si,29,C2H8Si
CC(=O)Nc1ccc(O)c(C2(Cl)CC(Cl)C2)c1,CC(=O)Nc1ccc(O)cc1,C12H13Cl2NO2,30,C4H6Cl2
C=NC(N)C(=C)c1cc(NC(C)=O)ccc1O,CC(=O)Nc1ccc(O)cc1,C12H15N3O2,32,C4H8N2
CC(=O)Nc1ccc(O)c(CNC(C)CCl)c1,CC(=O)Nc1ccc(O)cc1,C12H17ClN2O2,34,C4H10ClN
CC(=O)Nc1ccc(O)c(C=C(C=N)OBr)c1,CC(=O)Nc1ccc(O)cc1,C11H11BrN2O3,28,C3H4BrNO
O=C(COCCCl)Nc1ccc(O)cc1,CC(=O)Nc1ccc(O)cc1,C10H12ClNO3,27,C2H5ClO
O=C(Cc1ccoc1Br)Nc1ccc(O)cc1,CC(=O)Nc1ccc(O)cc1,C12H10BrNO3,27,C4H3BrO
CCC(CC=S)c1cc(NC(C)=O)ccc1O,CC(=O)Nc1ccc(O)cc1,C13H17NO2S,34,C5H10S
CC(=O)Nc1ccc(OC#N)cc1,CC(=O)Nc1ccc(O)cc1,C9H8N2O2,21,CHN
CC(=O)N(NCCN)c1ccc(O)cc1,CC(=O)Nc1ccc(O)cc1,C10H15N3O2,30,C2H8N2
CC(=O)Nc1ccc(O)cc1OCO,CC(=O)Nc1ccc(O)cc1,C9H11NO4,25,CH4O2
CC(=O)Nc1ccc(O)cc1OO,CC(=O)Nc1ccc(O)cc1,C8H9NO4,22,H2O2
CC(=O)N(c1ccc(O)cc1)n1on1N=CO,CC(=O)Nc1ccc(O)cc1,C9H10N4O4,27,CH3N3O2
C#Cc1cc(O)ccc1NC(C)=O,CC(=O)Nc1ccc(O)cc1,C10H9NO2,22,C2H2
CC(=O)Nc1ccc(OC(Cl)C=O)cc1,CC(=O)Nc1ccc(O)cc1,C10H10ClNO3,25,C2H3ClO
C#[SH2]CC(=O)Nc1ccc(O)cc1,CC(=O)Nc1ccc(O)cc1,C9H11NO2S,24,CH4S
CC(=O)Nc1ccc(O)c(C2N3CN23)c1,CC(=O)Nc1ccc(O)cc1,C10H11N3O2,26,C2H4N2
CC(=O)N(NN)c1ccc(O)cc1,CC(=O)Nc1ccc(O)cc1,C8H11N3O2,24,H4N2
CC(=O)Nc1ccc(O)c(N([O-])C2CO2)c1,CC(=O)Nc1ccc(O)cc1,C10H11N2O4-,27,C2H4NO2-
CC(=O)N(C(Br)=C1C=CS1)c1ccc(O)cc1,CC(=O)Nc1ccc(O)cc1,C12H10BrNO2S,27,C4H3BrS
CC(N)C(Cl)CC(=O)Nc1ccc(O)cc1,CC(=O)Nc1ccc(O)cc1,C11H15ClN2O2,31,C3H8ClN
CC(=O)Nc1ccc(O)c(CCCl)c1,CC(=O)Nc1ccc(O)cc1,C10H12ClNO2,26,C2H5Cl
CC(=O)N(C=C1C=C1)c1ccc(O)cc1,CC(=O)Nc1ccc(O)cc1,C12H11NO2,26,C4H4
CC(=O)Nc1ccc(O)c(C2CC2)c1,CC(=O)Nc1ccc(O)cc1,C11H13NO2,27,C3H6
CC(=O)N(c1ccc(O)cc1)C(Cl)C1CO1,CC(=O)Nc1ccc(O)cc1,C11H12ClNO3,28,C3H5ClO
O=C(CC=CCS)Nc1ccc(O)cc1,CC(=O)Nc1ccc(O)cc1,C11H13NO2S,28,C3H6S
CC(=O)Nc1ccc(O)cc1C1(I)CO1,CC(=O)Nc1ccc(O)cc1,C10H10INO3,25,C2H3IO
CCN(Br)N(C(C)=O)c1ccc(O)cc1,CC(=O)Nc1ccc(O)cc1,C10H13BrN2O2,28,C2H6BrN
CC(=O)Nc1ccc(O)cc1C1(O)OC1F,CC(=O)Nc1ccc(O)cc1,C10H10FNO4,26,C2H3FO2
CC(=O)Nc1ccc(O)c(C(=O)Cl)c1,CC(=O)Nc1ccc(O)cc1,C9H8ClNO3,22,CHClO
CNC(O)C(O)c1cc(NC(C)=O)ccc1O,CC(=O)Nc1ccc(O)cc1,C11H16N2O4,33,C3H9NO2
C=CN1C(=O)C1N(C(C)=O)c1ccc(O)cc1,CC(=O)Nc1ccc(O)cc1,C12H12N2O3,29,C4H5NO
CC(=O)Nc1ccc(O)c(OO)c1,CC(=O)Nc1ccc(O)cc1,C8H9NO4,22,H2O2
CC(=O)Nc1ccc(O)c(C(Cl)Cl)c1,CC(=O)Nc1ccc(O)cc1,C9H9Cl2NO2,23,CH2Cl2
CC(=O)N(CC(S)OO)c1ccc(O)cc1,CC(=O)Nc1ccc(O)cc1,C10H13NO4S,29,C2H6O2S
N=C(C#CCC(=O)Nc1ccc(O)cc1)SCl,CC(=O)Nc1ccc(O)cc1,C11H9ClN2O2S,26,C3H2ClNS
O=C(CN(Cl)Cl)Nc1ccc(O)cc1,CC(=O)Nc1ccc(O)cc1,C8H8Cl2N2O2,22,HCl2N
CC(=O)Nc1ccc(O)cc1C(=O)F,CC(=O)Nc1ccc(O)cc1,C9H8FNO3,22,CHFO
CC(=O)Nc1ccc(O)cc1C(C)(S)OC=S,CC(=O)Nc1ccc(O)cc1,C11H13NO3S2,30,C3H6OS2
O=C(CP(=O)([O-])O)Nc1ccc(O)cc1,CC(=O)Nc1ccc(O)cc1,C8H9NO5P-,24,H2O3P-
CCCC(CC)c1cc(O)ccc1NC(C)=O,CC(=O)Nc1ccc(O)cc1,C14H21NO2,38,C6H14
CC(=O)N(CC12C3C1N32)c1ccc(O)cc1,CC(=O)Nc1ccc(O)cc1,C12H12N2O2,28,C4H5N
O=C(COn1[nH]o1)Nc1ccc(O)cc1,CC(=O)Nc1ccc(O)cc1,C8H9N3O4,24,H2N2O2
CC(=O)N(c1ccc(O)cc1)N1C2OCON21,CC(=O)Nc1ccc(O)cc1,C10H11N3O4,28,C2H4N2O2
CC(=O)Nc1ccc(O)cc1C1CCC1C,CC(=O)Nc1ccc(O)cc1,C13H17NO2,33,C5H10
CC(=O)Nc1ccc(O)c(C(F)(F)C(F)F)c1,CC(=O)Nc1ccc(O)cc1,C10H9F4NO2,26,C2H2F4
CC(=O)Nc1ccc(O)cc1C1OCC12CN2,CC(=O)Nc1ccc(O)cc1,C12H14N2O3,31,C4H7NO
CC(=O)Nc1ccc(O)cc1SCS,CC(=O)Nc1ccc(O)cc1,C9H11NO2S2,25,CH4S2
CC(=O)Nc1ccc(O)c(C2C3COCC32)c1,CC(=O)Nc1ccc(O)cc1,C13H15NO3,32,C5H8O
CC(=O)Nc1ccc(O)c(N2C3CC4[NH2+]C432)c1,CC(=O)Nc1ccc(O)cc1,C12H14N3O2+,31,C4H7N2+
O=C(CC1=C(S)NON1)Nc1ccc(O)cc1,CC(=O)Nc1ccc(O)cc1,C10H11N3O3S,28,C2H4N2OS
O=C(CC(Cl)(Cl)Cl)Nc1ccc(O)cc1,CC(=O)Nc1ccc(O)cc1,C9H8Cl3NO2,23,CHCl3
CC(=O)N(CONOCS)c1ccc(O)cc1,CC(=O)Nc1ccc(O)cc1,C10H14N2O4S,31,C2H7NO2S
CC(=O)Nc1ccc(O)cc1N1OC1ON,CC(=O)Nc1ccc(O)cc1,C9H11N3O4,27,CH4N2O2
O=C(CC1OC(O)O1)Nc1ccc(O)cc1,CC(=O)Nc1ccc(O)cc1,C10H11NO5,27,C2H4O3
CC(=O)Nc1ccc(O)cc1P1(=O)OCOO1,CC(=O)Nc1ccc(O)cc1,C9H10NO6P,27,CH3O4P
CC(=O)N(c1ccc(O)cc1)C(F)(F)CF,CC(=O)Nc1ccc(O)cc1,C10H10F3NO2,26,C2H3F3
CC(=O)Nc1ccc(O[SH]23=C(C2)N=CS3)cc1,CC(=O)Nc1ccc(O)cc1,C11H12N2O2S2,29,C3H5NS2
CCCC[SiH2]c1cc(NC(C)=O)ccc1O,CC(=O)Nc1ccc(O)cc1,C12H19NO2Si,35,C4H12Si
CC(=O)Nc1ccc(OC(C)CS)cc1,CC(=O)Nc1ccc(O)cc1,C11H15NO2S,30,C3H8S
CC(=O)N(c1ccc(O)cc1)c1ccc(O)o1,CC(=O)Nc1ccc(O)cc1,C12H11NO4,28,C4H4O2
CCCC(CC)c1cc(NC(C)=O)ccc1O,CC(=O)Nc1ccc(O)cc1,C14H21NO2,38,C6H14
CC(=O)Nc1ccc(On2c3ns[nH]n2-3)cc1,CC(=O)Nc1ccc(O)cc1,C9H9N5O2S,26,CH2N4S
CC(=O)Nc1ccc(O)cc1OOONS,CC(=O)Nc1ccc(O)cc1,C8H10N2O5S,26,H3NO3S
CC(=O)Nc1ccc(O)cc1C1NC(O)NO1,CC(=O)Nc1ccc(O)cc1,C10H13N3O4,30,C2H6N2O2
CC(=O)Nc1ccc(O[SH4]CC2=CS2)cc1,CC(=O)Nc1ccc(O)cc1,C11H15NO2S2,31,C3H8S2
CC(=O)Nc1ccc(ON(CO)C(C)O)cc1,CC(=O)Nc1ccc(O)cc1,C11H16N2O4,33,C3H9NO2
C=NN[NH2+]c1cc(NC(C)=O)ccc1O,CC(=O)Nc1ccc(O)cc1,C9H13N4O2+,28,CH6N3+
CC(=O)Nc1ccc(O)c(C(O)C(C)CF)c1,CC(=O)Nc1ccc(O)cc1,C12H16FNO3,33,C4H9FO
CC(=O)Nc1ccc(O)c(C23C=[SH]2(O)[PH2]3O)c1,CC(=O)Nc1ccc(O)cc1,C10H14NO4PS,31,C2H7O2PS
CC(=O)Nc1ccc(O)cc1OC([O-])C=O,CC(=O)Nc1ccc(O)cc1,C10H10NO5-,26,C2H3O3-
CC(=O)Nc1ccc(O)c(C(Cl)(CCl)CCl)c1,CC(=O)Nc1ccc(O)cc1,C11H12Cl3NO2,29,C3H5Cl3
CC(=O)Nc1ccc(OC(F)(F)C=CF)cc1,CC(=O)Nc1ccc(O)cc1,C11H10F3NO2,27,C3H3F3
O=NCOCC(=O)Nc1ccc(O)cc1,CC(=O)Nc1ccc(O)cc1,C9H10N2O4,25,CH3NO2
O=C(CNCC(F)(F)F)Nc1ccc(O)cc1,CC(=O)Nc1ccc(O)cc1,C10H11F3N2O2,28,C2H4F3N
O=C(CC1C2C(O)N12)Nc1ccc(O)cc1,CC(=O)Nc1ccc(O)cc1,C11H12N2O3,28,C3H5NO
CNCN=CNOc1ccc(NC(C)=O)cc1,CC(=O)Nc1ccc(O)cc1,C11H16N4O2,33,C3H9N3
CC(=O)Nc1ccc(O)c(C=C(N)CF)c1,CC(=O)Nc1ccc(O)cc1,C11H13FN2O2,29,C3H6FN
CCCC(S)SOc1ccc(NC(C)=O)cc1,CC(=O)Nc1ccc(O)cc1,C12H17NO2S2,34,C4H10S2
CC(=O)Nc1ccc(OC2NC(Cl)O2)cc1,CC(=O)Nc1ccc(O)cc1,C10H11ClN2O3,27,C2H4ClNO
C=Cc1cc(NC(C)=O)ccc1O,CC(=O)Nc1ccc(O)cc1,C10H11NO2,24,C2H4
C=COC=C[SH4]Oc1ccc(NC(C)=O)cc1,CC(=O)Nc1ccc(O)cc1,C12H17NO3S,34,C4H10OS
CC(=O)Nc1ccc(O)cc1C12C=C1CO2,CC(=O)Nc1ccc(O)cc1,C12H11NO3,27,C4H4O
CC(=O)Nc1ccc(OP(=O)([O-])[O-])cc1,CC(=O)Nc1ccc(O)cc1,C8H8NO5P-2,23,HO3P-2
CC(=O)Nc1ccc(O[SH2]2(C)C=N2)cc1,CC(=O)Nc1ccc(O)cc1,C10H14N2O2S,29,C2H7NS
CC(=O)Nc1ccc(OC23C=C2C(Br)N3)cc1,CC(=O)Nc1ccc(O)cc1,C12H11BrN2O2,28,C4H4BrN
CC(=O)Nc1ccc(OCI)cc1,CC(=O)Nc1ccc(O)cc1,C9H10INO2,23,CH3I
O=C(Cn1cccc1)Nc1ccc(O)cc1,CC(=O)Nc1ccc(O)cc1,C12H12N2O2,28,C4H5N
CC(=O)Nc1ccc(O)cc1C=CN=C=O,CC(=O)Nc1ccc(O)cc1,C11H10N2O3,26,C3H3NO
O=CC1(O)OC1CC(=O)Nc1ccc(O)cc1,CC(=O)Nc1ccc(O)cc1,C11H11NO5,28,C3H4O3
C=COC([O-])Oc1ccc(NC(C)=O)cc1,CC(=O)Nc1ccc(O)cc1,C11H12NO4-,28,C3H5O2-
CC(=O)N(c1ccc(O)cc1)C1(Cl)C2=NC#[SH]21,CC(=O)Nc1ccc(O)cc1,C11H9ClN2O2S,26,C3H2ClNS
C=C(Cl)N(C(C)=O)c1ccc(O)cc1,CC(=O)Nc1ccc(O)cc1,C10H10ClNO2,24,C2H3Cl
CC(=O)Nc1ccc(O[SH2]2=CC=C2)cc1,CC(=O)Nc1ccc(O)cc1,C11H13NO2S,28,C3H6S
CCCNC(C)c1cc(NC(C)=O)ccc1O,CC(=O)Nc1ccc(O)cc1,C13H20N2O2,37,C5H13N
O=C(C[SH]1#CCO1)Nc1ccc(O)cc1,CC(=O)Nc1ccc(O)cc1,C10H11NO3S,26,C2H4OS
O=C(Cn1n2cnn12)Nc1ccc(O)cc1,CC(=O)Nc1ccc(O)cc1,C9H9N5O2,25,CH2N4
CC(=O)Nc1ccc(OC2CCCC2)cc1,CC(=O)Nc1ccc(O)cc1,C13H17NO2,33,C5H10
CC(=O)Nc1ccc(OS234=C5OC2(O3)N54)cc1,CC(=O)Nc1ccc(O)cc1,C10H8N2O4S,25,C2HNO2S
CC(=O)Nc1ccc(O)cc1[N+]#N,CC(=O)Nc1ccc(O)cc1,C8H8N3O2+,21,HN2+
CC(=O)Nc1ccc(O)c(CC(Br)Br)c1,CC(=O)Nc1ccc(O)cc1,C10H11Br2NO2,26,C2H4Br2
CC(=O)Nc1ccc(O)c(N2CNC2O)c1,CC(=O)Nc1ccc(O)cc1,C10H13N3O3,29,C2H6N2O
CC(=O)N(c1ccc(O)cc1)[SH2]1=C2NN2N1,CC(=O)Nc1ccc(O)cc1,C9H12N4O2S,28,CH5N3S
CC(=O)Nc1ccc(OC#CN)cc1,CC(=O)Nc1ccc(O)cc1,C10H10N2O2,24,C2H3N
CC(=O)Nc1ccc(O[SH2]2=CSN=C2)cc1,CC(=O)Nc1ccc(O)cc1,C10H12N2O2S2,28,C2H5NS2
CC(=O)Nc1ccc(O)cc1OC=C(Br)OCl,CC(=O)Nc1ccc(O)cc1,C10H9BrClNO4,26,C2H2BrClO2
CCC(CBr)c1cc(NC(C)=O)ccc1O,CC(=O)Nc1ccc(O)cc1,C12H16BrNO2,32,C4H9Br
O=C(CC1=CC=N1)Nc1ccc(O)cc1,CC(=O)Nc1ccc(O)cc1,C11H10N2O2,25,C3H3N
O=C(CN1NC2=CN21)Nc1ccc(O)cc1,CC(=O)Nc1ccc(O)cc1,C10H10N4O2,26,C2H3N3
CC(=O)Nc1ccc(O)c([SH](#N)C=C(N)N)c1,CC(=O)Nc1ccc(O)cc1,C10H14N4O2S,31,C2H7N3S
CC(=O)N(C=CF)c1ccc(O)cc1,CC(=O)Nc1ccc(O)cc1,C10H10FNO2,24,C2H3F
CC(=O)Nc1ccc(O)cc1[PH]1(OO)OCS1,CC(=O)Nc1ccc(O)cc1,C9H12NO5PS,29,CH5O3PS
CCNC(Cl)CC(=O)Nc1ccc(O)cc1,CC(=O)Nc1ccc(O)cc1,C11H15ClN2O2,31,C3H8ClN
CC(=O)Nc1ccc(ON(C)CCl)cc1,CC(=O)Nc1ccc(O)cc1,C10H13ClN2O2,28,C2H6ClN
CC(=O)Nc1ccc(O)c(C2(Cl)OC(Br)O2)c1,CC(=O)Nc1ccc(O)cc1,C10H9BrClNO4,26,C2H2BrClO2
CC(=O)N(c1ccc(O)cc1)C1OC1Br,CC(=O)Nc1ccc(O)cc1,C10H10BrNO3,25,C2H3BrO
CCC1=CCC1c1cc(O)ccc1NC(C)=O,CC(=O)Nc1ccc(O)cc1,C14H17NO2,34,C6H10
CC(=O)Nc1ccc(O)cc1C1(Br)C2CON21,CC(=O)Nc1ccc(O)cc1,C11H11BrN2O3,28,C3H4BrNO
CC(=O)Nc1ccc(O)cc1C(F)F,CC(=O)Nc1ccc(O)cc1,C9H9F2NO2,23,CH2F2
CC(=O)N(c1ccc(O)cc1)C1CS1,CC(=O)Nc1ccc(O)cc1,C10H11NO2S,25,C2H4S
C[NH2+]N(C(C)=O)c1ccc(O)cc1,CC(=O)Nc1ccc(O)cc1,C9H13N2O2+,26,CH6N+
CC(=O)Nc1ccc(O)cc1N1ONO1,CC(=O)Nc1ccc(O)cc1,C8H9N3O4,24,H2N2O2
CC(=O)Nc1ccc(O)cc1CCNC(C)Cl,CC(=O)Nc1ccc(O)cc1,C12H17ClN2O2,34,C4H10ClN
C=CC=CC[SH4]Oc1ccc(NC(C)=O)cc1,CC(=O)Nc1ccc(O)cc1,C13H19NO2S,36,C5H12S
CC(=O)N(c1ccc(O)cc1)[SiH](C)CC(Cl)Cl,CC(=O)Nc1ccc(O)cc1,C11H15Cl2NO2Si,32,C3H8Cl2Si
CC(=O)Nc1ccc(OC(C)N2CC2Cl)cc1,CC(=O)Nc1ccc(O)cc1,C12H15ClN2O2,32,C4H8ClN
CC(=O)Nc1ccc(O)c(OSO[O-])c1,CC(=O)Nc1ccc(O)cc1,C8H8NO5S-,23,HO3S-
CC(=O)Nc1ccc(O)c(OP(=O)([O-])[O-])c1,CC(=O)Nc1ccc(O)cc1,C8H8NO6P-2,24,HO4P-2
CC(=O)Nc1ccc(O)cc1C(C)OC=O,CC(=O)Nc1ccc(O)cc1,C11H13NO4,29,C3H6O2
CC(=O)Nc1ccc(O)c(-n2n3n2C32C=C2)c1,CC(=O)Nc1ccc(O)cc1,C11H10N4O2,27,C3H3N3
CC(=O)Nc1ccc(O[SH2]23CC2C3)cc1,CC(=O)Nc1ccc(O)cc1,C11H15NO2S,30,C3H8S
O=C(CC1CC1F)Nc1ccc(O)cc1,CC(=O)Nc1ccc(O)cc1,C11H12FNO2,27,C3H5F
O=C(CN1C=C1)Nc1ccc(O)cc1,CC(=O)Nc1ccc(O)cc1,C10H10N2O2,24,C2H3N
C=C(c1cc(NC(C)=O)ccc1O)C(F)CF,CC(=O)Nc1ccc(O)cc1,C12H13F2NO2,30,C4H6F2
CC(=O)Nc1ccc(O)cc1C1CC1Cl,CC(=O)Nc1ccc(O)cc1,C11H12ClNO2,27,C3H5Cl
COC=NOCC(=O)Nc1ccc(O)cc1,CC(=O)Nc1ccc(O)cc1,C10H12N2O4,28,C2H5NO2
C=CSCCCC(=O)Nc1ccc(O)cc1,CC(=O)Nc1ccc(O)cc1,C12H15NO2S,31,C4H8S
CC(=O)Nc1ccc(O)cc1C1C2[SH3](C)C12C,CC(=O)Nc1ccc(O)cc1,C13H19NO2S,36,C5H12S
CC(=O)N(c1ccc(O)cc1)N1C2OC1(O)O2,CC(=O)Nc1ccc(O)cc1,C10H10N2O5,27,C2H3NO3
COC(C)N=CCC(=O)Nc1ccc(O)cc1,CC(=O)Nc1ccc(O)cc1,C12H16N2O3,33,C4H9NO
CC(=O)Nc1ccc(OC2C34CC35CC254)cc1,CC(=O)Nc1ccc(O)cc1,C14H13NO2,30,C6H6
CC(=O)Nc1ccc(OC23NN=CN2S3)cc1,CC(=O)Nc1ccc(O)cc1,C10H10N4O2S,27,C2H3N3S
CC(=O)Nc1ccc(O)cc1OC(Cl)=CCCl,CC(=O)Nc1ccc(O)cc1,C11H11Cl2NO3,28,C3H4Cl2O
CP(CO)OCC(=O)Nc1ccc(O)cc1,CC(=O)Nc1ccc(O)cc1,C10H14NO4P,30,C2H7O2P
CC(=O)Nc1ccc(O)c(C(C)C[SiH2]Cl)c1,CC(=O)Nc1ccc(O)cc1,C11H16ClNO2Si,32,C3H9ClSi
CC(=O)Nc1ccc(O)cc1C1C=NC2=[SH2]1O2,CC(=O)Nc1ccc(O)cc1,C11H12N2O3S,29,C3H5NOS
CC(=O)Nc1ccc(O)cc1C12C3=CC1C32,CC(=O)Nc1ccc(O)cc1,C13H11NO2,27,C5H4
COC(COCl)c1cc(O)ccc1NC(C)=O,CC(=O)Nc1ccc(O)cc1,C11H14ClNO4,31,C3H7ClO2
C=C1CN1c1cc(NC(C)=O)ccc1O,CC(=O)Nc1ccc(O)cc1,C11H12N2O2,27,C3H5N
CC(=O)Nc1ccc(OC(F)C=CCF)cc1,CC(=O)Nc1ccc(O)cc1,C12H13F2NO2,30,C4H6F2
CC(=O)Nc1ccc(O)c(C2(Cl)OC2(Cl)Cl)c1,CC(=O)Nc1ccc(O)cc1,C10H8Cl3NO3,25,C2HCl3O
CC(=O)N(c1ccc(O)cc1)C1OC1=CCl,CC(=O)Nc1ccc(O)cc1,C11H10ClNO3,26,C3H3ClO
CCC([SiH3])NCc1cc(NC(C)=O)ccc1O,CC(=O)Nc1ccc(O)cc1,C12H20N2O2Si,37,C4H13NSi
O=C(Cn1[nH]n2ncn12)Nc1ccc(O)cc1,CC(=O)Nc1ccc(O)cc1,C9H10N6O2,27,CH3N5
CC(=O)Nc1ccc(OCNCCl)cc1,CC(=O)Nc1ccc(O)cc1,C10H13ClN2O2,28,C2H6ClN
C=N[NH2+]N(C(C)=O)c1ccc(O)cc1,CC(=O)Nc1ccc(O)cc1,C9H12N3O2+,26,CH5N2+
O=C(CC1C2=C1O2)Nc1ccc(O)cc1,CC(=O)Nc1ccc(O)cc1,C11H9NO3,24,C3H2O
CC(=O)Nc1ccc(O)cc1ONSOO,CC(=O)Nc1ccc(O)cc1,C8H10N2O5S,26,H3NO3S
CC(=O)N(c1ccc(O)cc1)N(C=N)[SH3]1CC1,CC(=O)Nc1ccc(O)cc1,C11H17N3O2S,34,C3H10N2S
CC(=O)Nc1ccc(OC(C)[SiH2]C(C)C)cc1,CC(=O)Nc1ccc(O)cc1,C13H21NO2Si,38,C5H14Si
O=C(Cn1cc[nH]1)Nc1ccc(O)cc1,CC(=O)Nc1ccc(O)cc1,C10H11N3O2,26,C2H4N2
CC(=O)Nc1ccc(O)cc1C1CC1C,CC(=O)Nc1ccc(O)cc1,C12H15NO2,30,C4H8
CCC(CF)NCC(=O)Nc1ccc(O)cc1,CC(=O)Nc1ccc(O)cc1,C12H17FN2O2,34,C4H10FN
CC(=O)Nc1ccc(OC(CCl)CCCl)cc1,CC(=O)Nc1ccc(O)cc1,C12H15Cl2NO2,32,C4H8Cl2
C=N[PH3]OCOc1cc(O)ccc1NC(C)=O,CC(=O)Nc1ccc(O)cc1,C10H15N2O4P,32,C2H8NO2P
CC(=O)Nc1ccc(O)cc1CC=NO,CC(=O)Nc1ccc(O)cc1,C10H12N2O3,27,C2H5NO
CC(=O)Nc1ccc(OC2ON=C2CS)cc1,CC(=O)Nc1ccc(O)cc1,C11H12N2O3S,29,C3H5NOS
CC(=O)Nc1ccc(O)c(C(=S)S)c1,CC(=O)Nc1ccc(O)cc1,C9H9NO2S2,23,CH2S2
CC(=O)Nc1ccc(ONCC(C)Cl)cc1,CC(=O)Nc1ccc(O)cc1,C11H15ClN2O2,31,C3H8ClN
CCC([SH+]C)c1cc(NC(C)=O)ccc1O,CC(=O)Nc1ccc(O)cc1,C12H18NO2S+,34,C4H11S+
CC(=O)Nc1ccc(O)cc1SN1N=C1N,CC(=O)Nc1ccc(O)cc1,C9H10N4O2S,26,CH3N3S
CC(=O)Nc1ccc(O)c(C23CC(CS2)N3)c1,CC(=O)Nc1ccc(O)cc1,C12H14N2O2S,31,C4H7NS
CC(=O)Nc1ccc(O)cc1C(C)C(O)CF,CC(=O)Nc1ccc(O)cc1,C12H16FNO3,33,C4H9FO
CC(=O)Nc1ccc(O)cc1SCO,CC(=O)Nc1ccc(O)cc1,C9H11NO3S,25,CH4OS
CCC[SiH2]CCN(C(C)=O)c1ccc(O)cc1,CC(=O)Nc1ccc(O)cc1,C13H21NO2Si,38,C5H14Si
CC(=O)Nc1ccc(O)cc1C=CO,CC(=O)Nc1ccc(O)cc1,C10H11NO3,25,C2H4O
CC(=O)Nc1ccc(O)cc1N1CNN1N,CC(=O)Nc1ccc(O)cc1,C9H13N5O2,29,CH6N4
CC(=O)Nc1ccc(O)c(-c2ncco2)c1,CC(=O)Nc1ccc(O)cc1,C11H10N2O3,26,C3H3NO
CC(=O)Nc1ccc(O)c(OSCCO)c1,CC(=O)Nc1ccc(O)cc1,C10H13NO4S,29,C2H6O2S
CC(=O)Nc1ccc(O)cc1CCC(O)CS,CC(=O)Nc1ccc(O)cc1,C12H17NO3S,34,C4H10OS
CC(=O)Nc1ccc(OC(CCO)OS)cc1,CC(=O)Nc1ccc(O)cc1,C11H15NO4S,32,C3H8O2S
CC(=O)Nc1ccc(O)c(C(O)SC=O)c1,CC(=O)Nc1ccc(O)cc1,C10H11NO4S,27,C2H4O2S
CC(=O)Nc1ccc(O)cc1SCNC1NO1,CC(=O)Nc1ccc(O)cc1,C10H13N3O3S,30,C2H6N2OS
CC(=O)Nc1ccc(O)cc1OC[PH3]OC=N,CC(=O)Nc1ccc(O)cc1,C10H15N2O4P,32,C2H8NO2P
CC(=O)Nc1ccc(OC(F)(OF)OS)cc1,CC(=O)Nc1ccc(O)cc1,C9H9F2NO4S,26,CH2F2O2S
CC(=O)Nc1ccc(O)c(C(C)F)c1,CC(=O)Nc1ccc(O)cc1,C10H12FNO2,26,C2H5F
C=C(NCC)c1cc(O)ccc1NC(C)=O,CC(=O)Nc1ccc(O)cc1,C12H16N2O2,32,C4H9N
CC(=O)Nc1ccc(O)c(C(O)C(C)O)c1,CC(=O)Nc1ccc(O)cc1,C11H15NO4,31,C3H8O2
CC(=O)Nc1ccc(O)c(C(=O)F)c1,CC(=O)Nc1ccc(O)cc1,C9H8FNO3,22,CHFO
C=NCc1cc(O)ccc1NC(C)=O,CC(=O)Nc1ccc(O)cc1,C10H12N2O2,26,C2H5N
C=C(c1cc(O)ccc1NC(C)=O)C(Cl)Cl,CC(=O)Nc1ccc(O)cc1,C11H11Cl2NO2,27,C3H4Cl2
CC(=O)Nc1ccc(OP2([O-])([O-])OO2)cc1,CC(=O)Nc1ccc(O)cc1,C8H8NO6P-2,24,HO4P-2
CC(=O)Nc1ccc(O)cc1-n1[nH]sc2sc1=2,CC(=O)Nc1ccc(O)cc1,C10H9N3O2S2,26,C2H2N2S2
O=C(C[PH]1(O)COOO1)Nc1ccc(O)cc1,CC(=O)Nc1ccc(O)cc1,C9H12NO6P,29,CH5O4P
CC(=O)Nc1ccc(O)c(C2C[PH3]O2)c1,CC(=O)Nc1ccc(O)cc1,C10H14NO3P,29,C2H7OP
CC(=O)Nc1ccc(O)cc1C(C)(C)F,CC(=O)Nc1ccc(O)cc1,C11H14FNO2,29,C3H7F
CCOOC(C)c1cc(NC(C)=O)ccc1O,CC(=O)Nc1ccc(O)cc1,C12H17NO4,34,C4H10O2
CC(=O)Nc1ccc(O)cc1ON=C=NOS,CC(=O)Nc1ccc(O)cc1,C9H9N3O4S,26,CH2N2O2S
CC(=O)Nc1ccc(O)cc1C1OC1F,CC(=O)Nc1ccc(O)cc1,C10H10FNO3,25,C2H3FO
CC=NC=Nc1cc(O)ccc1NC(C)=O,CC(=O)Nc1ccc(O)cc1,C11H13N3O2,29,C3H6N2
O=C(CC(Cl)CCl)Nc1ccc(O)cc1,CC(=O)Nc1ccc(O)cc1,C10H11Cl2NO2,26,C2H4Cl2
CCN(S)c1cc(O)ccc1NC(C)=O,CC(=O)Nc1ccc(O)cc1,C10H14N2O2S,29,C2H7NS
COOCC(=O)Nc1ccc(O)cc1,CC(=O)Nc1ccc(O)cc1,C9H11NO4,25,CH4O2
O=C(CC1C2C3CC132)Nc1ccc(O)cc1,CC(=O)Nc1ccc(O)cc1,C13H13NO2,29,C5H6
CC(=O)Nc1ccc(OCOC=N[O-])cc1,CC(=O)Nc1ccc(O)cc1,C10H11N2O4-,27,C2H4NO2-
CC(=O)Nc1ccc(O)cc1C1=CN=C=N1,CC(=O)Nc1ccc(O)cc1,C11H9N3O2,25,C3H2N2
CNC(C)CN(C(C)=O)c1ccc(O)cc1,CC(=O)Nc1ccc(O)cc1,C12H18N2O2,34,C4H11N
C#COC(=C)c1cc(O)ccc1NC(C)=O,CC(=O)Nc1ccc(O)cc1,C12H11NO3,27,C4H4O
CCC[NH2+]C(O)c1cc(O)ccc1NC(C)=O,CC(=O)Nc1ccc(O)cc1,C12H19N2O3+,36,C4H12NO+
CC(=O)Nc1ccc(O)cc1CC12OC3C1N32,CC(=O)Nc1ccc(O)cc1,C12H12N2O3,29,C4H5NO
CC(=O)Nc1ccc(O)c(N=CNOCO)c1,CC(=O)Nc1ccc(O)cc1,C10H13N3O4,30,C2H6N2O2
C=NCOc1ccc(NC(C)=O)cc1,CC(=O)Nc1ccc(O)cc1,C10H12N2O2,26,C2H5N
CC(=O)Nc1ccc(O)cc1N(CO)OC=O,CC(=O)Nc1ccc(O)cc1,C10H12N2O5,29,C2H5NO3
CN=NCC(=O)Nc1ccc(O)cc1,CC(=O)Nc1ccc(O)cc1,C9H11N3O2,25,CH4N2
CC(=O)Nc1ccc(O)c(SCOO)c1,CC(=O)Nc1ccc(O)cc1,C9H11NO4S,26,CH4O2S
CC(=O)Nc1ccc(O)cc1CCN(F)F,CC(=O)Nc1ccc(O)cc1,C10H12F2N2O2,28,C2H5F2N
CC(=O)Nc1ccc(O)c(CF)c1,CC(=O)Nc1ccc(O)cc1,C9H10FNO2,23,CH3F
C[NH2+]CCN(C(C)=O)c1ccc(O)cc1,CC(=O)Nc1ccc(O)cc1,C11H17N2O2+,32,C3H10N+
CC(=O)Nc1ccc(O)c(C2(Br)N3C4OC432)c1,CC(=O)Nc1ccc(O)cc1,C11H9BrN2O3,26,C3H2BrNO
CC(=O)N(CNC(F)F)c1ccc(O)cc1,CC(=O)Nc1ccc(O)cc1,C10H12F2N2O2,28,C2H5F2N
C=NOCOc1cc(O)ccc1NC(C)=O,CC(=O)Nc1ccc(O)cc1,C10H12N2O4,28,C2H5NO2
CC(S)OC=CCC(=O)Nc1ccc(O)cc1,CC(=O)Nc1ccc(O)cc1,C12H15NO3S,32,C4H8OS
CC(=O)N(c1ccc(O)cc1)n1n2n1CN=C2,CC(=O)Nc1ccc(O)cc1,C10H11N5O2,28,C2H4N4
O=C(CC(CSCl)OO)Nc1ccc(O)cc1,CC(=O)Nc1ccc(O)cc1,C10H12ClNO4S,29,C2H5ClO2S
CC(=O)Nc1ccc(O)cc1C1OC1(F)F,CC(=O)Nc1ccc(O)cc1,C10H9F2NO3,25,C2H2F2O
CC(=O)Nc1ccc(O)cc1CCCCS,CC(=O)Nc1ccc(O)cc1,C12H17NO2S,33,C4H10S
CC(=O)Nc1ccc(O)c(C2=NOC(N)O2)c1,CC(=O)Nc1ccc(O)cc1,C10H11N3O4,28,C2H4N2O2
CC(=O)Nc1ccc(OP(Cl)Cl)cc1,CC(=O)Nc1ccc(O)cc1,C8H8Cl2NO2P,22,HCl2P
COCOC(N)c1cc(NC(C)=O)ccc1O,CC(=O)Nc1ccc(O)cc1,C11H16N2O4,33,C3H9NO2
CC(=O)Nc1ccc(O)cc1N1CO[PH2]1CO,CC(=O)Nc1ccc(O)cc1,C10H15N2O4P,32,C2H8NO2P
CC(=O)Nc1ccc(O)cc1OCCBr,CC(=O)Nc1ccc(O)cc1,C10H12BrNO3,27,C2H5BrO
O=C(CC(F)(F)Cl)Nc1ccc(O)cc1,CC(=O)Nc1ccc(O)cc1,C9H8ClF2NO2,23,CHClF2
O=C(CC12CC1(Br)CO2)Nc1ccc(O)cc1,CC(=O)Nc1ccc(O)cc1,C12H12BrNO3,29,C4H5BrO
CC(=O)Nc1ccc(O)cc1[C]=N[SeH],CC(=O)Nc1ccc(O)cc1,C9H9N2O2Se,22,CHNSe
CCC#Cc1cc(NC(C)=O)ccc1O,CC(=O)Nc1ccc(O)cc1,C12H13NO2,28,C4H6
CC(=O)Nc1ccc(O)cc1C=COC(=O)Cl,CC(=O)Nc1ccc(O)cc1,C11H10ClNO4,27,C3H3ClO2
C=C(c1cc(NC(C)=O)ccc1O)N(Cl)CC,CC(=O)Nc1ccc(O)cc1,C12H15ClN2O2,32,C4H8ClN
CC(=O)Nc1ccc(O)c(O[SH]23=C4N(O2)N43)c1,CC(=O)Nc1ccc(O)cc1,C9H9N3O4S,26,CH2N2O2S
CC(=O)Nc1ccc(OO[Na])cc1,CC(=O)Nc1ccc(O)cc1,C8H8NNaO3,21,HNaO
CC(=O)N(c1ccc(O)cc1)C1SO[SH2]1=O,CC(=O)Nc1ccc(O)cc1,C9H11NO4S2,27,CH4O2S2
COOc1ccc(NC(C)=O)cc1,CC(=O)Nc1ccc(O)cc1,C9H11NO3,24,CH4O
O=C(CC1=NO1)Nc1ccc(O)cc1,CC(=O)Nc1ccc(O)cc1,C9H8N2O3,22,CHNO
CC(=O)Nc1ccc(O)cc1OC(O)SOO,CC(=O)Nc1ccc(O)cc1,C9H11NO6S,28,CH4O4S
CC(=O)Nc1ccc(OP(=O)([O-])O[O-])cc1,CC(=O)Nc1ccc(O)cc1,C8H8NO6P-2,24,HO4P-2
CC(=O)N(C(O)=CN=C=O)c1ccc(O)cc1,CC(=O)Nc1ccc(O)cc1,C11H10N2O4,27,C3H3NO2
CC(=O)Nc1ccc(OOC(O)C=S)cc1,CC(=O)Nc1ccc(O)cc1,C10H11NO4S,27,C2H4O2S
CC(=O)N(c1ccc(O)cc1)C1Oc2cn1[nH]2,CC(=O)Nc1ccc(O)cc1,C11H11N3O3,28,C3H4N2O
CC(=O)Nc1ccc(O)cc1C(Cl)=C(Cl)OO,CC(=O)Nc1ccc(O)cc1,C10H9Cl2NO4,26,C2H2Cl2O2
CC(=O)Nc1ccc(O)cc1OCOOC=N,CC(=O)Nc1ccc(O)cc1,C10H12N2O5,29,C2H5NO3
NCC(N)CCC(=O)Nc1ccc(O)cc1,CC(=O)Nc1ccc(O)cc1,C11H17N3O2,33,C3H10N2
CC(=O)N(c1ccc(O)cc1)C(C)(N)C(Cl)Cl,CC(=O)Nc1ccc(O)cc1,C11H14Cl2N2O2,31,C3H7Cl2N
CC(=O)Nc1ccc(O)cc1NCCBr,CC(=O)Nc1ccc(O)cc1,C10H13BrN2O2,28,C2H6BrN
CC(=O)Nc1ccc(O[SH2](=O)OC=N)cc1,CC(=O)Nc1ccc(O)cc1,C9H12N2O4S,28,CH5NO2S
CC(=O)N(c1ccc(O)cc1)C12SC=C(S1)S2,CC(=O)Nc1ccc(O)cc1,C11H9NO2S3,26,C3H2S3
CC(=O)Nc1ccc(O)cc1C=CC=C1C=C1,CC(=O)Nc1ccc(O)cc1,C14H13NO2,30,C6H6
O=C(CC(F)(F)CF)Nc1ccc(O)cc1,CC(=O)Nc1ccc(O)cc1,C10H10F3NO2,26,C2H3F3
CC(=O)Nc1ccc(O)c(C(F)CCF)c1,CC(=O)Nc1ccc(O)cc1,C11H13F2NO2,29,C3H6F2
CC(=O)Nc1ccc(OS23(Cl)=C=NC2=C3)cc1,CC(=O)Nc1ccc(O)cc1,C11H9ClN2O2S,26,C3H2ClNS
C=NN(NCS)N(C(C)=O)c1ccc(O)cc1,CC(=O)Nc1ccc(O)cc1,C10H14N4O2S,31,C2H7N3S
O=C(CC12C=C[SH3]1S2)Nc1ccc(O)cc1,CC(=O)Nc1ccc(O)cc1,C11H13NO2S2,29,C3H6S2
O=C(CCBr)Nc1ccc(O)cc1,CC(=O)Nc1ccc(O)cc1,C9H10BrNO2,23,CH3Br
CC(=O)Nc1ccc(O[SH]23([O-])CC2(O)O3)cc1,CC(=O)Nc1ccc(O)cc1,C10H12NO5S-,29,C2H5O3S-
CC(=O)Nc1ccc(O)c(C2NNO2)c1,CC(=O)Nc1ccc(O)cc1,C9H11N3O3,26,CH4N2O
C=C(O)N([O-])c1cc(NC(C)=O)ccc1O,CC(=O)Nc1ccc(O)cc1,C10H11N2O4-,27,C2H4NO2-
CC(=O)Nc1ccc(O)cc1N1COC1Br,CC(=O)Nc1ccc(O)cc1,C10H11BrN2O3,27,C2H4BrNO
CCC(C)COc1ccc(NC(C)=O)cc1,CC(=O)Nc1ccc(O)cc1,C13H19NO2,35,C5H12
CCC(=N)c1cc(O)ccc1NC(C)=O,CC(=O)Nc1ccc(O)cc1,C11H14N2O2,29,C3H7N
CC(=O)Nc1ccc(OCNCO)cc1,CC(=O)Nc1ccc(O)cc1,C10H14N2O3,29,C2H7NO
CC(=O)Nc1ccc(O)cc1CCCBr,CC(=O)Nc1ccc(O)cc1,C11H14BrNO2,29,C3H7Br
CC(=O)Nc1ccc(O)cc1C(=CF)OF,CC(=O)Nc1ccc(O)cc1,C10H9F2NO3,25,C2H2F2O
CC(=O)Nc1ccc(OCC(Br)CO)cc1,CC(=O)Nc1ccc(O)cc1,C11H14BrNO3,30,C3H7BrO
CC(=O)Nc1ccc(O)cc1CC(N)C(C)[SiH3],CC(=O)Nc1ccc(O)cc1,C12H20N2O2Si,37,C4H13NSi
CC(=O)Nc1ccc(OCCOBr)cc1,CC(=O)Nc1ccc(O)cc1,C10H12BrNO3,27,C2H5BrO
CC(=O)Nc1ccc(O)cc1C12NC1O2,CC(=O)Nc1ccc(O)cc1,C10H10N2O3,25,C2H3NO
CC(=O)Nc1ccc(O)cc1C=CNO[O-],CC(=O)Nc1ccc(O)cc1,C10H11N2O4-,27,C2H4NO2-
CC(=O)Nc1ccc(O)c(C#CI)c1,CC(=O)Nc1ccc(O)cc1,C10H8INO2,22,C2HI
C=C(F)c1cc(NC(C)=O)ccc1O,CC(=O)Nc1ccc(O)cc1,C10H10FNO2,24,C2H3F
O=C(C[NH2+]CCO)Nc1ccc(O)cc1,CC(=O)Nc1ccc(O)cc1,C10H15N2O3+,30,C2H8NO+
CC(=O)Nc1ccc(O)cc1CI,CC(=O)Nc1ccc(O)cc1,C9H10INO2,23,CH3I
CC(=O)Nc1ccc(O)cc1C=C1C=C1,CC(=O)Nc1ccc(O)cc1,C12H11NO2,26,C4H4
CC(=O)Nc1ccc(O)cc1C1(Cl)OC2C=C21,CC(=O)Nc1ccc(O)cc1,C12H10ClNO3,27,C4H3ClO
CCC(c1cc(O)ccc1NC(C)=O)C(Cl)Cl,CC(=O)Nc1ccc(O)cc1,C12H15Cl2NO2,32,C4H8Cl2
C=CCON=COc1ccc(NC(C)=O)cc1,CC(=O)Nc1ccc(O)cc1,C12H14N2O3,31,C4H7NO
CC(=O)Nc1ccc(O)cc1CCF,CC(=O)Nc1ccc(O)cc1,C10H12FNO2,26,C2H5F
CC(=O)Nc1ccc(OCC(C)[SiH](Cl)Cl)cc1,CC(=O)Nc1ccc(O)cc1,C11H15Cl2NO2Si,32,C3H8Cl2Si
O=C(CNC1=CO1)Nc1ccc(O)cc1,CC(=O)Nc1ccc(O)cc1,C10H10N2O3,25,C2H3NO
CC(=O)Nc1ccc(O)cc1N1N=N1,CC(=O)Nc1ccc(O)cc1,C8H8N4O2,22,HN3
O=C(COBCO)Nc1ccc(O)cc1,CC(=O)Nc1ccc(O)cc1,C9H12BNO4,27,CH5BO2
O=C(CCCCCl)Nc1ccc(O)cc1,CC(=O)Nc1ccc(O)cc1,C11H14ClNO2,29,C3H7Cl
CC(=O)Nc1ccc(Oc2csc(I)c2)cc1,CC(=O)Nc1ccc(O)cc1,C12H10INO2S,27,C4H3IS
O=C(CN1Cn2n3n1n23)Nc1ccc(O)cc1,CC(=O)Nc1ccc(O)cc1,C9H10N6O2,27,CH3N5
CC(=O)Nc1ccc(O)c(C(Cl)(Cl)C(=O)Cl)c1,CC(=O)Nc1ccc(O)cc1,C10H8Cl3NO3,25,C2HCl3O
CC(=O)Nc1ccc(O)cc1C1NC2C(C)C12,CC(=O)Nc1ccc(O)cc1,C13H16N2O2,33,C5H9N
CC(=O)Nc1ccc(OCNCF)cc1,CC(=O)Nc1ccc(O)cc1,C10H13FN2O2,28,C2H6FN
O=C(CC1=COCC1)Nc1ccc(O)cc1,CC(=O)Nc1ccc(O)cc1,C12H13NO3,29,C4H6O
CC(=O)Nc1ccc(O)cc1NOC(=N)N,CC(=O)Nc1ccc(O)cc1,C9H12N4O3,28,CH5N3O
CC(=O)Nc1ccc(O)cc1N1C2N=[SH2]1C2=N,CC(=O)Nc1ccc(O)cc1,C10H12N4O2S,29,C2H5N3S
CC(=O)Nc1ccc(O)c(CBr)c1,CC(=O)Nc1ccc(O)cc1,C9H10BrNO2,23,CH3Br
CC(=O)Nc1ccc(O)c(C=COI)c1,CC(=O)Nc1ccc(O)cc1,C10H10INO3,25,C2H3IO
CC(=O)Nc1ccc(O)c(NC2NN2O)c1,CC(=O)Nc1ccc(O)cc1,C9H12N4O3,28,CH5N3O
CC(=O)Nc1ccc(O)cc1SC=CCC=O,CC(=O)Nc1ccc(O)cc1,C12H13NO3S,30,C4H6OS
C=C(I)N(C(C)=O)c1ccc(O)cc1,CC(=O)Nc1ccc(O)cc1,C10H10INO2,24,C2H3I
CC(=O)Nc1ccc(O)cc1-c1cccn1Cl,CC(=O)Nc1ccc(O)cc1,C12H11ClN2O2,28,C4H4ClN
CC(=O)Nc1ccc(O)cc1[SH2]1=C=C1,CC(=O)Nc1ccc(O)cc1,C10H11NO2S,25,C2H4S
N=COCC(=O)Nc1ccc(O)cc1,CC(=O)Nc1ccc(O)cc1,C9H10N2O3,24,CH3NO
CC(=O)Nc1ccc(OC2CSC2)cc1,CC(=O)Nc1ccc(O)cc1,C11H13NO2S,28,C3H6S
O=C(CC1OC(=O)O1)Nc1ccc(O)cc1,CC(=O)Nc1ccc(O)cc1,C10H9NO5,25,C2H2O3
CC(=O)Nc1ccc(OP(=O)([O-])O[O-])cc1,CC(=O)Nc1ccc(O)cc1,C8H8NO6P-2,24,HO4P-2
CC(=O)Nc1ccc(OC([NH3+])CO)cc1,CC(=O)Nc1ccc(O)cc1,C10H15N2O3+,30,C2H8NO+
CC(=O)Nc1ccc(O)cc1OCC(Cl)(Cl)Cl,CC(=O)Nc1ccc(O)cc1,C10H10Cl3NO3,27,C2H3Cl3O
O=C(CSC1=CN1)Nc1ccc(O)cc1,CC(=O)Nc1ccc(O)cc1,C10H10N2O2S,25,C2H3NS
CC(=O)Nc1ccc(O)c(C23CC2C3OO)c1,CC(=O)Nc1ccc(O)cc1,C12H13NO4,30,C4H6O2
CC(=O)Nc1ccc(O)cc1OCOOC=N,CC(=O)Nc1ccc(O)cc1,C10H12N2O5,29,C2H5NO3
CC(=O)Nc1ccc(O)cc1C1(S)NC=CS1,CC(=O)Nc1ccc(O)cc1,C11H12N2O2S2,29,C3H5NS2
CC(=O)Nc1ccc(O)c([Si](C)(CCl)CCl)c1,CC(=O)Nc1ccc(O)cc1,C11H15Cl2NO2Si,32,C3H8Cl2Si
CC(=O)Nc1ccc(OC2NCOO2)cc1,CC(=O)Nc1ccc(O)cc1,C10H12N2O4,28,C2H5NO2
O=C(CSOOO)Nc1ccc(O)cc1,CC(=O)Nc1ccc(O)cc1,C8H9NO5S,24,H2O3S
O=C(CC1=[SH3]CC=C1)Nc1ccc(O)cc1,CC(=O)Nc1ccc(O)cc1,C12H15NO2S,31,C4H8S
CC(=O)N(c1ccc(O)cc1)C(F)(Cl)OF,CC(=O)Nc1ccc(O)cc1,C9H8ClF2NO3,24,CHClF2O
CC(=O)Nc1ccc(O[SH3](C#N)OCO)cc1,CC(=O)Nc1ccc(O)cc1,C10H14N2O4S,31,C2H7NO2S
CC(=O)Nc1ccc(O)c(OCOC=O)c1,CC(=O)Nc1ccc(O)cc1,C10H11NO5,27,C2H4O3
C=C(C)N(C(C)=O)c1ccc(O)cc1,CC(=O)Nc1ccc(O)cc1,C11H13NO2,27,C3H6
CC(=O)Nc1ccc(O)c(OCCC(C)[NH3+])c1,CC(=O)Nc1ccc(O)cc1,C12H19N2O3+,36,C4H12NO+
CC(=O)Nc1ccc(O)cc1N1N=N1,CC(=O)Nc1ccc(O)cc1,C8H8N4O2,22,HN3
CCO[SiH2]c1cc(NC(C)=O)ccc1O,CC(=O)Nc1ccc(O)cc1,C10H15NO3Si,30,C2H8OSi
C=C(OCc1cc(O)ccc1NC(C)=O)[PH3]C,CC(=O)Nc1ccc(O)cc1,C12H18NO3P,35,C4H11OP
CC(=O)Nc1ccc(OC23SC24C2N3[SH3]24)cc1,CC(=O)Nc1ccc(O)cc1,C11H12N2O2S2,29,C3H5NS2
CC(=O)N(c1ccc(O)cc1)n1[nH]o1,CC(=O)Nc1ccc(O)cc1,C8H9N3O3,23,H2N2O
CC(=O)Nc1ccc(OC23NC(O)(O2)O3)cc1,CC(=O)Nc1ccc(O)cc1,C10H10N2O5,27,C2H3NO3
CC(=O)Nc1ccc(O)cc1S12=CC=1OC=C2,CC(=O)Nc1ccc(O)cc1,C12H11NO3S,28,C4H4OS
C=C1N2N1C2(Br)c1cc(NC(C)=O)ccc1O,CC(=O)Nc1ccc(O)cc1,C11H10BrN3O2,27,C3H3BrN2
O=C(CN1C23N4N=[SH]12N43)Nc1ccc(O)cc1,CC(=O)Nc1ccc(O)cc1,C9H9N5O2S,26,CH2N4S
CC(=O)Nc1ccc(OCC2NC(I)O2)cc1,CC(=O)Nc1ccc(O)cc1,C11H13IN2O3,30,C3H6INO
CC(=O)N(c1ccc(O)cc1)N(Cl)CC(C)C,CC(=O)Nc1ccc(O)cc1,C12H17ClN2O2,34,C4H10ClN
C=COCC(O)c1cc(O)ccc1NC(C)=O,CC(=O)Nc1ccc(O)cc1,C12H15NO4,32,C4H8O2
CC(=O)N(c1ccc(O)cc1)C(Cl)OC=O,CC(=O)Nc1ccc(O)cc1,C10H10ClNO4,26,C2H3ClO2
CC(=O)Nc1ccc(O[SiH](C)CCl)cc1,CC(=O)Nc1ccc(O)cc1,C10H14ClNO2Si,29,C2H7ClSi
CC(=O)N(c1ccc(O)cc1)C(Br)C(Br)Br,CC(=O)Nc1ccc(O)cc1,C10H10Br3NO2,26,C2H3Br3
C=CN(C=O)c1cc(O)ccc1NC(C)=O,CC(=O)Nc1ccc(O)cc1,C11H12N2O3,28,C3H5NO
CC(=O)Nc1ccc(Oc2cccs2)cc1,CC(=O)Nc1ccc(O)cc1,C12H11NO2S,27,C4H4S
N=COC=C(Br)CC(=O)Nc1ccc(O)cc1,CC(=O)Nc1ccc(O)cc1,C11H11BrN2O3,28,C3H4BrNO
CC(=O)N(c1ccc(O)cc1)N1CC23OC2N13,CC(=O)Nc1ccc(O)cc1,C11H11N3O3,28,C3H4N2O
CC(=O)Nc1ccc(O)c(C(O[O-])SCO)c1,CC(=O)Nc1ccc(O)cc1,C10H12NO5S-,29,C2H5O3S-
CN1C2(CC(=O)Nc3ccc(O)cc3)N3N[SH2]132,CC(=O)Nc1ccc(O)cc1,C10H14N4O2S,31,C2H7N3S
O=C(CC(F)=CF)Nc1ccc(O)cc1,CC(=O)Nc1ccc(O)cc1,C10H9F2NO2,24,C2H2F2
COCC(F)Oc1ccc(NC(C)=O)cc1,CC(=O)Nc1ccc(O)cc1,C11H14FNO3,30,C3H7FO
CC(=O)Nc1ccc(OCCC2OC[PH3]2)cc1,CC(=O)Nc1ccc(O)cc1,C12H18NO3P,35,C4H11OP
CC(=O)Nc1ccc(O)c(C(F)OC(C)F)c1,CC(=O)Nc1ccc(O)cc1,C11H13F2NO3,30,C3H6F2O
C=NC(=C)CCCC(=O)Nc1ccc(O)cc1,CC(=O)Nc1ccc(O)cc1,C13H16N2O2,33,C5H9N
CC(=O)N(c1ccc(O)cc1)C(O)O,CC(=O)Nc1ccc(O)cc1,C9H11NO4,25,CH4O2
COC(Cl)Oc1ccc(NC(C)=O)cc1,CC(=O)Nc1ccc(O)cc1,C10H12ClNO3,27,C2H5ClO
CC(=O)Nc1ccc(OP(=O)([O-])O[O-])cc1,CC(=O)Nc1ccc(O)cc1,C8H8NO6P-2,24,HO4P-2
CC(=O)Nc1ccc(O)cc1SC12C3SN1C32,CC(=O)Nc1ccc(O)cc1,C11H10N2O2S2,27,C3H3NS2
CC(=O)Nc1ccc(O)cc1CC1CC1,CC(=O)Nc1ccc(O)cc1,C12H15NO2,30,C4H8
CC(=O)Nc1ccc(OC(F)(F)F)cc1,CC(=O)Nc1ccc(O)cc1,C9H8F3NO2,23,CHF3
CC(=O)Nc1ccc(O)c(CCCBr)c1,CC(=O)Nc1ccc(O)cc1,C11H14BrNO2,29,C3H7Br
CN[NH+]=NN(C(C)=O)c1ccc(O)cc1,CC(=O)Nc1ccc(O)cc1,C9H13N4O2+,28,CH6N3+
CC(=O)Nc1ccc(OC23NCN2CO3)cc1,CC(=O)Nc1ccc(O)cc1,C11H13N3O3,30,C3H6N2O
CC(=O)N(OOSCl)c1ccc(O)cc1,CC(=O)Nc1ccc(O)cc1,C8H8ClNO4S,23,HClO2S
CC(=O)Nc1ccc(O)cc1C(=NO)OC=O,CC(=O)Nc1ccc(O)cc1,C10H10N2O5,27,C2H3NO3
CC(=O)Nc1ccc(O)cc1OOSCl,CC(=O)Nc1ccc(O)cc1,C8H8ClNO4S,23,HClO2S
CC(=O)Nc1ccc(OC2N=C3C(Br)C32)cc1,CC(=O)Nc1ccc(O)cc1,C12H11BrN2O2,28,C4H4BrN
C[PH2]=COCC(=O)Nc1ccc(O)cc1,CC(=O)Nc1ccc(O)cc1,C10H14NO3P,29,C2H7OP
CC(=O)N(c1ccc(O)cc1)[SH]12=C[SH]1#C2,CC(=O)Nc1ccc(O)cc1,C10H11NO2S2,26,C2H4S2
CC(=O)Nc1ccc(O[SH4]CC2=CO2)cc1,CC(=O)Nc1ccc(O)cc1,C11H15NO3S,31,C3H8OS
O=C(CC(=CF)OF)Nc1ccc(O)cc1,CC(=O)Nc1ccc(O)cc1,C10H9F2NO3,25,C2H2F2O
CC(=O)Nc1ccc(O)cc1C1COC12CO2,CC(=O)Nc1ccc(O)cc1,C12H13NO4,30,C4H6O2
CCC=[SH](N)=COc1ccc(NC(C)=O)cc1,CC(=O)Nc1ccc(O)cc1,C12H18N2O2S,35,C4H11NS
CC(=O)Nc1ccc(O[SH2]2=CS2)cc1,CC(=O)Nc1ccc(O)cc1,C9H11NO2S2,25,CH4S2
CC(=O)Nc1ccc(OC2(C)CCCS2)cc1,CC(=O)Nc1ccc(O)cc1,C13H17NO2S,34,C5H10S
CC(=O)Nc1ccc(O)c(OCCCCl)c1,CC(=O)Nc1ccc(O)cc1,C11H14ClNO3,30,C3H7ClO
O=C(CC(F)C(=O)F)Nc1ccc(O)c(Cl)c1,CC(=O)Nc1ccc(O)cc1,C10H8ClF2NO3,25,C2HClF2O
CC(=O)Nc1ccc(OCCN=CF)cc1,CC(=O)Nc1ccc(O)cc1,C11H13FN2O2,29,C3H6FN
CC(=O)N(C1=CC1)c1ccc(O)cc1,CC(=O)Nc1ccc(O)cc1,C11H11NO2,25,C3H4
CC(=O)Nc1ccc(O)cc1C1=S2(Br)=C1C=C2,CC(=O)Nc1ccc(O)cc1,C12H10BrNO2S,27,C4H3BrS
CC(=O)Nc1ccc(O)cc1OCCCl,CC(=O)Nc1ccc(O)cc1,C10H12ClNO3,27,C2H5ClO
COCCCC(=O)Nc1ccc(O)cc1,CC(=O)Nc1ccc(O)cc1,C11H15NO3,30,C3H8O
CC(=O)Nc1ccc(O)c(OSOF)c1,CC(=O)Nc1ccc(O)cc1,C8H8FNO4S,23,HFO2S
CC(=O)N(c1ccc(O)cc1)N1N=N1,CC(=O)Nc1ccc(O)cc1,C8H8N4O2,22,HN3
COCOc1cc(O)ccc1NC(C)=O,CC(=O)Nc1ccc(O)cc1,C10H13NO4,28,C2H6O2
CC(=O)Nc1ccc(O)c(OC(=N)C[O-])c1,CC(=O)Nc1ccc(O)cc1,C10H11N2O4-,27,C2H4NO2-
CC(=O)Nc1ccc(O)cc1C1=CCO1,CC(=O)Nc1ccc(O)cc1,C11H11NO3,26,C3H4O
CC(=O)Nc1ccc(O)c(OCn2[nH][nH]2)c1,CC(=O)Nc1ccc(O)cc1,C9H12N4O3,28,CH5N3O
O=C(COC(O)(S)S)Nc1ccc(O)cc1,CC(=O)Nc1ccc(O)cc1,C9H11NO4S2,27,CH4O2S2
CC(=O)Nc1ccc(O)c(C(Br)C(Br)Br)c1,CC(=O)Nc1ccc(O)cc1,C10H10Br3NO2,26,C2H3Br3
CC(=O)Nc1ccc(O)cc1C(C)(C)[SiH3],CC(=O)Nc1ccc(O)cc1,C11H17NO2Si,32,C3H10Si
CC(=O)Nc1ccc(O)c(OCN2CC2)c1,CC(=O)Nc1ccc(O)cc1,C11H14N2O3,30,C3H7NO
CC(=O)N(c1ccccc1)c1ccc(O)cc1,CC(=O)Nc1ccc(O)cc1,C14H13NO2,30,C6H6
CC(=O)Nc1ccc(O)c(OCC(C)Cl)c1,CC(=O)Nc1ccc(O)cc1,C11H14ClNO3,30,C3H7ClO
CC(=O)Nc1ccc(O)c(O[Na])c1,CC(=O)Nc1ccc(O)cc1,C8H8NNaO3,21,HNaO
CC(=O)Nc1ccc(OC23C4N2C2CC243)cc1,CC(=O)Nc1ccc(O)cc1,C13H12N2O2,29,C5H5N
CC(=O)Nc1ccc(OC23C=C4C2C43)cc1,CC(=O)Nc1ccc(O)cc1,C13H11NO2,27,C5H4
CC(=O)Nc1ccc(OC2=NN2C)cc1,CC(=O)Nc1ccc(O)cc1,C10H11N3O2,26,C2H4N2
CC(=O)Nc1ccc(OC2=NO2)cc1,CC(=O)Nc1ccc(O)cc1,C9H8N2O3,22,CHNO
O=C(CC1=C(I)C1)Nc1ccc(O)cc1,CC(=O)Nc1ccc(O)cc1,C11H10INO2,25,C3H3I
CC(=O)Nc1ccc(O[SH3]2OC(C)=C2C)cc1,CC(=O)Nc1ccc(O)cc1,C12H17NO3S,34,C4H10OS
CC(=O)Nc1ccc(O)c(C2C3C4CCC423)c1,CC(=O)Nc1ccc(O)cc1,C14H15NO2,32,C6H8
CC(=O)Nc1ccc(OOC2OCCO2)cc1,CC(=O)Nc1ccc(O)cc1,C11H13NO5,30,C3H6O3
CC(=O)Nc1ccc(O)c(C23CC4CC42C3)c1,CC(=O)Nc1ccc(O)cc1,C14H15NO2,32,C6H8
CC(=O)Nc1ccc(O)c(OOS)c1,CC(=O)Nc1ccc(O)cc1,C8H9NO4S,23,H2O2S
C=C(F)c1cc(NC(C)=O)ccc1O,CC(=O)Nc1ccc(O)cc1,C10H10FNO2,24,C2H3F
CC(=O)Nc1ccc(O[SH2](=S)C2=NC=C2)cc1,CC(=O)Nc1ccc(O)cc1,C11H12N2O2S2,29,C3H5NS2
CC(=O)Nc1ccc(ONc2nnco2)cc1,CC(=O)Nc1ccc(O)cc1,C10H10N4O3,27,C2H3N3O
CC(=O)Nc1ccc(OS(F)(F)(F)(F)F)cc1,CC(=O)Nc1ccc(O)cc1,C8H8F5NO2S,25,HF5S
CC(=O)Nc1ccc(O)cc1C1OC(Cl)O1,CC(=O)Nc1ccc(O)cc1,C10H10ClNO4,26,C2H3ClO2
N=C(O)OCC(=O)Nc1ccc(O)cc1,CC(=O)Nc1ccc(O)cc1,C9H10N2O4,25,CH3NO2
CC(=O)Nc1ccc(O)c(C(C)(C)F)c1,CC(=O)Nc1ccc(O)cc1,C11H14FNO2,29,C3H7F
C=CSCOc1ccc(NC(C)=O)cc1,CC(=O)Nc1ccc(O)cc1,C11H13NO2S,28,C3H6S
C=CSS1(C)(=S)Oc2ccc(cc2)N1C(C)=O,CC(=O)Nc1ccc(O)cc1,C11H13NO2S3,30,C3H6S3
CC(=O)N(CCl)c1ccc(O)cc1,CC(=O)Nc1ccc(O)cc1,C9H10ClNO2,23,CH3Cl
O=C(COOOS[O-])Nc1ccc(O)cc1,CC(=O)Nc1ccc(O)cc1,C8H8NO6S-,24,HO4S-
CC(=O)Nc1ccc(OC(=O)CBr)cc1,CC(=O)Nc1ccc(O)cc1,C10H10BrNO3,25,C2H3BrO
CC(=O)Nc1ccc(O)c(OOSO)c1,CC(=O)Nc1ccc(O)cc1,C8H9NO5S,24,H2O3S
CC=C(C)C=[SiH]c1cc(O)ccc1NC(C)=O,CC(=O)Nc1ccc(O)cc1,C13H17NO2Si,34,C5H10Si
CCC(Cl)ON(C(C)=O)c1ccc(O)cc1,CC(=O)Nc1ccc(O)cc1,C11H14ClNO3,30,C3H7ClO
CC(=O)Nc1ccc(ON(N)C(=N)O)cc1,CC(=O)Nc1ccc(O)cc1,C9H12N4O3,28,CH5N3O
CC(=O)Nc1ccc(O)c(C(O)(O)SCl)c1,CC(=O)Nc1ccc(O)cc1,C9H10ClNO4S,26,CH3ClO2S
CC(=O)Nc1ccc(O)c(C=C2NC2C)c1,CC(=O)Nc1ccc(O)cc1,C12H14N2O2,30,C4H7N
CC(=O)Nc1ccc(OC(S)OO)cc1,CC(=O)Nc1ccc(O)cc1,C9H11NO4S,26,CH4O2S
C#Cc1cc(O)ccc1NC(C)=O,CC(=O)Nc1ccc(O)cc1,C10H9NO2,22,C2H2
CC(=O)Nc1ccc(OC2COC2)cc1,CC(=O)Nc1ccc(O)cc1,C11H13NO3,28,C3H6O
CC(=O)N(c1ccc(O)cc1)C12CC13C2N3O,CC(=O)Nc1ccc(O)cc1,C12H12N2O3,29,C4H5NO
CC(=O)Nc1ccc(O)c(ON2C3CC2N3)c1,CC(=O)Nc1ccc(O)cc1,C11H13N3O3,30,C3H6N2O
C#[SH]1C(Br)=C=C1CC(=O)Nc1ccc(O)cc1,CC(=O)Nc1ccc(O)cc1,C12H10BrNO2S,27,C4H3BrS
CCCC(N)(F)Oc1ccc(NC(C)=O)cc1,CC(=O)Nc1ccc(O)cc1,C12H17FN2O2,34,C4H10FN
CC(=O)Nc1ccc(O)cc1C1C2ON1C2Br,CC(=O)Nc1ccc(O)cc1,C11H11BrN2O3,28,C3H4BrNO
CC(=O)Nc1ccc(O)cc1C(C)(O)Br,CC(=O)Nc1ccc(O)cc1,C10H12BrNO3,27,C2H5BrO
C=CN(SCC)N(C(C)=O)c1ccc(O)cc1,CC(=O)Nc1ccc(O)cc1,C12H16N2O2S,33,C4H9NS
CC(=O)Nc1ccc(O)c(C2C3C4C5C4C235)c1,CC(=O)Nc1ccc(O)cc1,C14H13NO2,30,C6H6
CC(=O)Nc1ccc(O)cc1OC=NC=O,CC(=O)Nc1ccc(O)cc1,C10H10N2O4,26,C2H3NO2
CC(=O)Nc1ccc(OCN2C3SCN32)cc1,CC(=O)Nc1ccc(O)cc1,C11H13N3O2S,30,C3H6N2S
CC(=O)Nc1ccc(Oc2cc(Cl)cs2)cc1,CC(=O)Nc1ccc(O)cc1,C12H10ClNO2S,27,C4H3ClS
CC(=O)Nc1ccc(OCSn2[nH][nH]2)cc1,CC(=O)Nc1ccc(O)cc1,C9H12N4O2S,28,CH5N3S
CC(=O)Nc1ccc(O)c(C(=O)C(O)CS)c1,CC(=O)Nc1ccc(O)cc1,C11H13NO4S,30,C3H6O2S
CC(=O)N(C1=CNC=CS1)c1ccc(O)cc1,CC(=O)Nc1ccc(O)cc1,C12H12N2O2S,29,C4H5NS
CC(=O)Nc1ccc(O)c(N2N3C[SH2]24OC34)c1,CC(=O)Nc1ccc(O)cc1,C10H13N3O3S,30,C2H6N2OS
CC(=O)Nc1ccc(O)c(C2=N[Se]2)c1,CC(=O)Nc1ccc(O)cc1,C9H8N2O2Se,22,CHNSe
CC(=O)Nc1ccc(O)cc1P(=O)([O-])O,CC(=O)Nc1ccc(O)cc1,C8H9NO5P-,24,H2O3P-
CC(=O)Nc1ccc(O)cc1N1NCC(C)S1,CC(=O)Nc1ccc(O)cc1,C11H15N3O2S,32,C3H8N2S
CC(=O)N(C1=C(CN)O1)c1ccc(O)cc1,CC(=O)Nc1ccc(O)cc1,C11H12N2O3,28,C3H5NO
C=NCONCC(=O)Nc1ccc(O)cc1,CC(=O)Nc1ccc(O)cc1,C10H13N3O3,29,C2H6N2O
CC(=O)Nc1ccc(O)cc1C(=[N])[SeH],CC(=O)Nc1ccc(O)cc1,C9H9N2O2Se,22,CHNSe
CC(=O)Nc1ccc(OS(F)(F)(F)(F)F)cc1,CC(=O)Nc1ccc(O)cc1,C8H8F5NO2S,25,HF5S
CC(=O)Nc1ccc(O)cc1C12N[SH]1#CCS2,CC(=O)Nc1ccc(O)cc1,C11H12N2O2S2,29,C3H5NS2
CC(=O)Nc1ccc(OC=NC2=CN2)cc1,CC(=O)Nc1ccc(O)cc1,C11H11N3O2,27,C3H4N2
CC(=O)N(c1ccc(O)cc1)C(F)(F)Cl,CC(=O)Nc1ccc(O)cc1,C9H8ClF2NO2,23,CHClF2
C=CCCc1cc(O)ccc1NC(C)=O,CC(=O)Nc1ccc(O)cc1,C12H15NO2,30,C4H8
CCCC[SH+]c1cc(O)ccc1NC(C)=O,CC(=O)Nc1ccc(O)cc1,C12H18NO2S+,34,C4H11S+
CC(=O)Nc1ccc(O)cc1N1OC2=NC21O,CC(=O)Nc1ccc(O)cc1,C10H9N3O4,26,C2H2N2O2
CC(=O)Nc1ccc(O)c(C2=COC3CN23)c1,CC(=O)Nc1ccc(O)cc1,C12H12N2O3,29,C4H5NO
C=NC(=O)Oc1ccc(NC(C)=O)cc1,CC(=O)Nc1ccc(O)cc1,C10H10N2O3,25,C2H3NO
CCNN=Cc1cc(O)ccc1NC(C)=O,CC(=O)Nc1ccc(O)cc1,C11H15N3O2,31,C3H8N2
CC(=O)Nc1ccc(O)cc1CCN,CC(=O)Nc1ccc(O)cc1,C10H14N2O2,28,C2H7N
O=C(F)CC(=O)Nc1ccc(O)cc1,CC(=O)Nc1ccc(O)cc1,C9H8FNO3,22,CHFO
CC(=O)Nc1ccc(OC23CN=C2OC3)cc1,CC(=O)Nc1ccc(O)cc1,C12H12N2O3,29,C4H5NO
CC(=O)Nc1ccc(O)c(OSOO[Na])c1,CC(=O)Nc1ccc(O)cc1,C8H8NNaO5S,24,HNaO3S
CC(=O)N(c1ccc(O)cc1)c1ncc[nH]1,CC(=O)Nc1ccc(O)cc1,C11H11N3O2,27,C3H4N2
CC(=O)Nc1ccc(OOOS[O-])cc1,CC(=O)Nc1ccc(O)cc1,C8H8NO5S-,23,HO3S-
CC(=O)Nc1ccc(O[SH]23=CC45NC42C53)cc1,CC(=O)Nc1ccc(O)cc1,C12H12N2O2S,29,C4H5NS
CC(=O)Nc1ccc(O)cc1-c1cn2on12,CC(=O)Nc1ccc(O)cc1,C10H9N3O3,25,C2H2N2O
CC(=O)Nc1ccc(O)c(SC2=NONO2)c1,CC(=O)Nc1ccc(O)cc1,C9H9N3O4S,26,CH2N2O2S
CC(=O)Nc1ccc(O)cc1N(F)C(C)F,CC(=O)Nc1ccc(O)cc1,C10H12F2N2O2,28,C2H5F2N
CC(=O)N(c1ccc(O)cc1)[PH](=O)O,CC(=O)Nc1ccc(O)cc1,C8H10NO4P,24,H3O2P
O=C(COC(F)C(F)F)Nc1ccc(O)cc1,CC(=O)Nc1ccc(O)cc1,C10H10F3NO3,27,C2H3F3O
O=C(CC1=C=C=NN=C1)Nc1ccc(O)cc1,CC(=O)Nc1ccc(O)cc1,C12H9N3O2,26,C4H2N2
CC(=O)Nc1ccc(O)cc1C(Cl)CC(O)Cl,CC(=O)Nc1ccc(O)cc1,C11H13Cl2NO3,30,C3H6Cl2O
NC1OC12ON2CC(=O)Nc1ccc(O)cc1,CC(=O)Nc1ccc(O)cc1,C10H11N3O4,28,C2H4N2O2
CCOc1ccc(NC(C)=O)cc1,CC(=O)Nc1ccc(O)cc1,C10H13NO2,26,C2H6
CC(=O)Nc1ccc(O)c(C23C=C2O3)c1,CC(=O)Nc1ccc(O)cc1,C11H9NO3,24,C3H2O
CC(=O)N(CCCCl)c1ccc(O)cc1,CC(=O)Nc1ccc(O)cc1,C11H14ClNO2,29,C3H7Cl
CC(=O)Nc1ccc(O[PH3]OC(C)=O)cc1,CC(=O)Nc1ccc(O)cc1,C10H14NO4P,30,C2H7O2P
CC(=O)Nc1ccc(O)cc1C(Cl)(Cl)C(C)C,CC(=O)Nc1ccc(O)cc1,C12H15Cl2NO2,32,C4H8Cl2
CC(=O)Nc1ccc(O)cc1CC(C)F,CC(=O)Nc1ccc(O)cc1,C11H14FNO2,29,C3H7F
C=CC(Cl)(NO)c1cc(NC(C)=O)ccc1O,CC(=O)Nc1ccc(O)cc1,C11H13ClN2O3,30,C3H6ClNO
CC(=O)N(c1ccc(O)cc1)[SH]12=C3ON1N2O3,CC(=O)Nc1ccc(O)cc1,C9H9N3O4S,26,CH2N2O2S
CC(=O)N(c1ccc(O)cc1)C12NOC(O1)O2,CC(=O)Nc1ccc(O)cc1,C10H10N2O5,27,C2H3NO3
CC(=O)N(c1ccc(O)cc1)c1n[nH][nH]1,CC(=O)Nc1ccc(O)cc1,C9H10N4O2,25,CH3N3
CC(=O)Nc1ccc(O)cc1S12=CC1C=2,CC(=O)Nc1ccc(O)cc1,C11H11NO2S,26,C3H4S
CC(=O)Nc1ccc(O)c(SC(=N)S)c1,CC(=O)Nc1ccc(O)cc1,C9H10N2O2S2,25,CH3NS2
CC(=O)N(c1ccc(O)cc1)C(F)(CF)SF,CC(=O)Nc1ccc(O)cc1,C10H10F3NO2S,27,C2H3F3S
CC(=O)Nc1ccc(OCBr)cc1,CC(=O)Nc1ccc(O)cc1,C9H10BrNO2,23,CH3Br
CC(=O)N(c1ccc(O)cc1)C12C3N1C(Br)N32,CC(=O)Nc1ccc(O)cc1,C11H10BrN3O2,27,C3H3BrN2
CC(=O)Nc1ccc(OC(O)C(F)CF)cc1,CC(=O)Nc1ccc(O)cc1,C11H13F2NO3,30,C3H6F2O
CC(=O)Nc1ccc(O)cc1[SH2]1=NOO1,CC(=O)Nc1ccc(O)cc1,C8H10N2O4S,25,H3NO2S
CC(=O)Nc1ccc(O)cc1C=CCl,CC(=O)Nc1ccc(O)cc1,C10H10ClNO2,24,C2H3Cl
CC(=O)Nc1ccc(O)cc1CC(F)(F)NF,CC(=O)Nc1ccc(O)cc1,C10H11F3N2O2,28,C2H4F3N
CC(=O)Nc1ccc(OOSOF)cc1,CC(=O)Nc1ccc(O)cc1,C8H8FNO4S,23,HFO2S
CC(=O)Nc1ccc(OC(F)(F)OCF)cc1,CC(=O)Nc1ccc(O)cc1,C10H10F3NO3,27,C2H3F3O
CC(=O)Nc1ccc(O)c(C(O)=CO)c1,CC(=O)Nc1ccc(O)cc1,C10H11NO4,26,C2H4O2
CC(=O)Nc1ccc(O)c(C2([O-])OCO2)c1,CC(=O)Nc1ccc(O)cc1,C10H10NO5-,26,C2H3O3-
O=C(CC1(Cl)COC1)Nc1ccc(O)cc1,CC(=O)Nc1ccc(O)cc1,C11H12ClNO3,28,C3H5ClO
CC(=O)Nc1ccc(O)cc1C1CC1OCBr,CC(=O)Nc1ccc(O)cc1,C12H14BrNO3,31,C4H7BrO
CC(=O)Nc1ccc(O)c(C(I)CO)c1,CC(=O)Nc1ccc(O)cc1,C10H12INO3,27,C2H5IO
CC(C)CC(=O)Nc1ccc(O)cc1,CC(=O)Nc1ccc(O)cc1,C11H15NO2,29,C3H8
O=C(C[SH2]1=C=N1)Nc1ccc(O)cc1,CC(=O)Nc1ccc(O)cc1,C9H10N2O2S,24,CH3NS
O=C(Cc1[nH]ncc1Br)Nc1ccc(O)cc1,CC(=O)Nc1ccc(O)cc1,C11H10BrN3O2,27,C3H3BrN2
C=C(c1cc(O)ccc1NC(C)=O)C(F)OO,CC(=O)Nc1ccc(O)cc1,C11H12FNO4,29,C3H5FO2
CC(=O)Nc1ccc(OC23C=NC2(F)S3)cc1,CC(=O)Nc1ccc(O)cc1,C11H9FN2O2S,26,C3H2FNS
C=CNC(N)CC(=O)Nc1ccc(O)cc1,CC(=O)Nc1ccc(O)cc1,C11H15N3O2,31,C3H8N2
C=C(CC(=O)Nc1ccc(O)cc1)SC=N,CC(=O)Nc1ccc(O)cc1,C11H12N2O2S,28,C3H5NS
CC(=O)Nc1ccc(O)c(OO)c1,CC(=O)Nc1ccc(O)cc1,C8H9NO4,22,H2O2
CC(=O)Nc1ccc(O)cc1C(=O)[O-],CC(=O)Nc1ccc(O)cc1,C9H8NO4-,22,CHO2-
CC(=O)Nc1ccc(OC[SiH](C)Cl)cc1,CC(=O)Nc1ccc(O)cc1,C10H14ClNO2Si,29,C2H7ClSi
C=C1NC(=C)[SH3]1Oc1ccc(NC(C)=O)cc1,CC(=O)Nc1ccc(O)cc1,C12H16N2O2S,33,C4H9NS
CC(=O)Nc1ccc(O)cc1C(Cl)CCCCl,CC(=O)Nc1ccc(O)cc1,C12H15Cl2NO2,32,C4H8Cl2
CCC[SiH2]OCN(C(C)=O)c1ccc(O)cc1,CC(=O)Nc1ccc(O)cc1,C12H19NO3Si,36,C4H12OSi
O=C(CC1CC([PH4])OO1)Nc1ccc(O)cc1,CC(=O)Nc1ccc(O)cc1,C11H16NO4P,33,C3H9O2P
C=C(F)c1cc(O)ccc1NC(C)=O,CC(=O)Nc1ccc(O)cc1,C10H10FNO2,24,C2H3F
CC(=O)Nc1ccc(OCBr)cc1,CC(=O)Nc1ccc(O)cc1,C9H10BrNO2,23,CH3Br
CC(=O)Nc1ccc(O)c(C2C34N5S36=CS=6254)c1,CC(=O)Nc1ccc(O)cc1,C11H10N2O2S2,27,C3H3NS2
CC(=O)Nc1ccc(O)cc1[SH2]12SC13CC32,CC(=O)Nc1ccc(O)cc1,C11H13NO2S2,29,C3H6S2
C=CC=C=[SH3]Oc1ccc(NC(C)=O)cc1,CC(=O)Nc1ccc(O)cc1,C12H15NO2S,31,C4H8S
O=C(CC(F)(F)OCF)Nc1ccc(O)cc1,CC(=O)Nc1ccc(O)cc1,C10H10F3NO3,27,C2H3F3O
CC(=O)Nc1ccc(O)cc1C1=CC=C1,CC(=O)Nc1ccc(O)cc1,C12H11NO2,26,C4H4
O=C(COONS)Nc1ccc(O)cc1,CC(=O)Nc1ccc(O)cc1,C8H10N2O4S,25,H3NO2S
CC(=O)Nc1ccc(OP(=O)([O-])[O-])cc1,CC(=O)Nc1ccc(O)cc1,C8H8NO5P-2,23,HO3P-2
CCCC(S)c1cc(O)ccc1NC(C)=O,CC(=O)Nc1ccc(O)cc1,C12H17NO2S,33,C4H10S
CC(=O)Nc1ccc(O)c(C(C)(S)CCN)c1,CC(=O)Nc1ccc(O)cc1,C12H18N2O2S,35,C4H11NS
CC(=O)N(c1ccc(O)cc1)[SH]12=CC1=C2C=[NH2+],CC(=O)Nc1ccc(O)cc1,C12H13N2O2S+,30,C4H6NS+
CCOC(C)N(C(C)=O)c1ccc(O)cc1,CC(=O)Nc1ccc(O)cc1,C12H17NO3,33,C4H10O
C=Cc1cc(NC(C)=O)ccc1O,CC(=O)Nc1ccc(O)cc1,C10H11NO2,24,C2H4
O=C(COO)Nc1ccc(O)cc1,CC(=O)Nc1ccc(O)cc1,C8H9NO4,22,H2O2
CC(=O)Nc1ccc(O)c(C(CBr)=NO)c1,CC(=O)Nc1ccc(O)cc1,C10H11BrN2O3,27,C2H4BrNO
CC(=O)N(c1ccc(O)cc1)C(O)SO[O-],CC(=O)Nc1ccc(O)cc1,C9H10NO5S-,26,CH3O3S-
CC(=O)Nc1ccc(O)cc1C1SS1,CC(=O)Nc1ccc(O)cc1,C9H9NO2S2,23,CH2S2
CC(=O)Nc1ccc2c(c1)SO[SH](C)(=O)O2,CC(=O)Nc1ccc(O)cc1,C9H11NO4S2,27,CH4O2S2
CC(=O)Nc1ccc(O[SH]23=CC4C2=C43)cc1,CC(=O)Nc1ccc(O)cc1,C12H11NO2S,27,C4H4S
CC(=O)Nc1ccc(OC(Cl)Cl)cc1,CC(=O)Nc1ccc(O)cc1,C9H9Cl2NO2,23,CH2Cl2
CCC(N)c1cc(O)ccc1NC(C)=O,CC(=O)Nc1ccc(O)cc1,C11H16N2O2,31,C3H9N
CC(=O)Nc1ccc(O)cc1OC(C)(Cl)CO,CC(=O)Nc1ccc(O)cc1,C11H14ClNO4,31,C3H7ClO2
CC(=O)Nc1ccc(OS234=C(C=C2S3)S4)cc1,CC(=O)Nc1ccc(O)cc1,C11H9NO2S3,26,C3H2S3
C=S(#N)c1cc(O)ccc1NC(C)=O,CC(=O)Nc1ccc(O)cc1,C9H10N2O2S,24,CH3NS
CC(=O)Nc1ccc(OC(=N)SS)cc1,CC(=O)Nc1ccc(O)cc1,C9H10N2O2S2,25,CH3NS2
CC(=O)Nc1ccc(Oc2ncsn2)cc1,CC(=O)Nc1ccc(O)cc1,C10H9N3O2S,25,C2H2N2S
C=CC1SN1c1cc(O)ccc1NC(C)=O,CC(=O)Nc1ccc(O)cc1,C11H12N2O2S,28,C3H5NS
C=NNC(N)Cc1cc(O)ccc1NC(C)=O,CC(=O)Nc1ccc(O)cc1,C11H16N4O2,33,C3H9N3
CC(=O)Nc1ccc(O)c(C2(Cl)OCO2)c1,CC(=O)Nc1ccc(O)cc1,C10H10ClNO4,26,C2H3ClO2
CC(=O)Nc1ccc(O)c(C2N3C4C3N24)c1,CC(=O)Nc1ccc(O)cc1,C11H11N3O2,27,C3H4N2
CC(=O)Nc1ccc(O)c(C2CC(Cl)CO2)c1,CC(=O)Nc1ccc(O)cc1,C12H14ClNO3,31,C4H7ClO
CC(=O)Nc1ccc(O[SH3]=C=O)cc1,CC(=O)Nc1ccc(O)cc1,C9H11NO3S,25,CH4OS
CC(=O)Nc1ccc(O)c(C(Br)Br)c1,CC(=O)Nc1ccc(O)cc1,C9H9Br2NO2,23,CH2Br2
CC(=O)N(NOSO)c1ccc(O)cc1,CC(=O)Nc1ccc(O)cc1,C8H10N2O4S,25,H3NO2S
O=C(CN(F)CC(F)F)Nc1ccc(O)cc1,CC(=O)Nc1ccc(O)cc1,C10H11F3N2O2,28,C2H4F3N
CC(=O)Nc1ccc(ON2C3C4N3N42)cc1,CC(=O)Nc1ccc(O)cc1,C10H10N4O2,26,C2H3N3
CCCCSc1cc(NC(C)=O)ccc1O,CC(=O)Nc1ccc(O)cc1,C12H17NO2S,33,C4H10S
CC(=O)Nc1ccc(OCO[PH](=O)O)cc1,CC(=O)Nc1ccc(O)cc1,C9H12NO5P,28,CH5O3P
CC(=O)Nc1ccc(O)c(C(Cl)OC=O)c1,CC(=O)Nc1ccc(O)cc1,C10H10ClNO4,26,C2H3ClO2
CC(=O)Nc1ccc(O[SH2]23C=CC(=C2)O3)cc1,CC(=O)Nc1ccc(O)cc1,C12H13NO3S,30,C4H6OS
CC(=O)Nc1ccc(O[PH](=O)OO[O-])cc1,CC(=O)Nc1ccc(O)cc1,C8H9NO6P-,25,H2O4P-
CC(=O)Nc1ccc(O)c(C(N)(F)CF)c1,CC(=O)Nc1ccc(O)cc1,C10H12F2N2O2,28,C2H5F2N
CC(=O)Nc1ccc(O)c(C[SH2](=S)C=O)c1,CC(=O)Nc1ccc(O)cc1,C10H13NO3S2,29,C2H6OS2
C=CCC(Cl)(Cl)N(C(C)=O)c1ccc(O)cc1,CC(=O)Nc1ccc(O)cc1,C12H13Cl2NO2,30,C4H6Cl2
CC(=O)Nc1ccc(O)c(C2=COC=CO2)c1,CC(=O)Nc1ccc(O)cc1,C12H11NO4,28,C4H4O2
CC(=O)Nc1ccc(OS(=O)(O)=NO)cc1,CC(=O)Nc1ccc(O)cc1,C8H10N2O5S,26,H3NO3S
CC(=O)Nc1ccc(ONN2COC2=O)cc1,CC(=O)Nc1ccc(O)cc1,C10H11N3O4,28,C2H4N2O2
CC(=O)N(c1ccc(O)cc1)C(F)SF,CC(=O)Nc1ccc(O)cc1,C9H9F2NO2S,24,CH2F2S
CC(=O)Nc1ccc(OCCC(Cl)(Cl)Cl)cc1,CC(=O)Nc1ccc(O)cc1,C11H12Cl3NO2,29,C3H5Cl3
CC(Cl)[SiH2]CCC(=O)Nc1ccc(O)cc1,CC(=O)Nc1ccc(O)cc1,C11H16ClNO2Si,32,C3H9ClSi
O=C(CNCC(O)CS)Nc1ccc(O)cc1,CC(=O)Nc1ccc(O)cc1,C11H16N2O3S,33,C3H9NOS
CC(=O)Nc1ccc(O)cc1C#CCOCl,CC(=O)Nc1ccc(O)cc1,C11H10ClNO3,26,C3H3ClO
CC(=O)Nc1ccc(O)c(C2(NS)NN2)c1,CC(=O)Nc1ccc(O)cc1,C9H12N4O2S,28,CH5N3S
CC(=O)Nc1ccc(O[PH](=O)O)cc1,CC(=O)Nc1ccc(O)cc1,C8H10NO4P,24,H3O2P
CC(=O)Nc1ccc(OC2CO2)cc1,CC(=O)Nc1ccc(O)cc1,C10H11NO3,25,C2H4O
CC(=O)Nc1ccc(OC2=C(OO)C2)cc1,CC(=O)Nc1ccc(O)cc1,C11H11NO4,27,C3H4O2
CC(=O)Nc1ccc(O)cc1C(O)=CO,CC(=O)Nc1ccc(O)cc1,C10H11NO4,26,C2H4O2
CC(=O)Nc1ccc(O)c(OCCCO)c1,CC(=O)Nc1ccc(O)cc1,C11H15NO4,31,C3H8O2
CC(=O)N(COC#CCl)c1ccc(O)cc1,CC(=O)Nc1ccc(O)cc1,C11H10ClNO3,26,C3H3ClO
O=COC=CCC(=O)Nc1ccc(O)cc1,CC(=O)Nc1ccc(O)cc1,C11H11NO4,27,C3H4O2
COC1(c2cc(O)ccc2NC(C)=O)COC1,CC(=O)Nc1ccc(O)cc1,C12H15NO4,32,C4H8O2
CC(=O)Nc1ccc(O)cc1C[NH3+],CC(=O)Nc1ccc(O)cc1,C9H13N2O2+,26,CH6N+
CC[SiH2]COc1ccc(NC(C)=O)cc1,CC(=O)Nc1ccc(O)cc1,C11H17NO2Si,32,C3H10Si
CC(=O)Nc1ccc(O)cc1C1OOO1,CC(=O)Nc1ccc(O)cc1,C9H9NO5,24,CH2O3
CC(=O)Nc1ccc(O)c(N2CC2)c1,CC(=O)Nc1ccc(O)cc1,C10H12N2O2,26,C2H5N
O=C(CC#COCCl)Nc1ccc(O)cc1,CC(=O)Nc1ccc(O)cc1,C11H10ClNO3,26,C3H3ClO
