smiles,molecular_formula,num_atoms
CCCCCCCCOC(=O)c1c(-c2ccc(S(=O)(=O)N(C)C)cc2)[nH]c2ncccc12,C24H31N3O4S,62
CN(C)C(=O)N1CCN(S(=O)(=O)c2nn3c(=O)n2C(Br)=CC=C3F)CC1,C13H16BrFN6O4S,42
CCN(C(=O)c1ccc(C(=O)N2CCCCC2=O)cc1Cl)C(=O)c1cc(Cl)c(OC)cc1Cl,C23H21Cl3N2O5,54
c1ccc(-c2cc3nc(c2)SCC3)cc1,C13H11NS,26
COc1ccccc1C=CC=Cc1nc2ccccc2n1C,C19H18N2O,40
CCCCCCCCC(=O)C(C)=CS(=O)(=O)[O-],C12H21O4S-,38
CN=C(N)NS(=O)(=O)C1=CC=C(Cl)C=CC=C1,C10H12ClN3O2S,29
COc1ccc(Cl)c(C(=O)N2CCCN3CCCN(CC2)C3=O)ccccc1Cl,C21H25Cl2N3O3,54
CC(C)(C)C(=O)OC1CCC(OP(=O)=O)=Cc2ccccc2S1(=O)=O,C16H19O7PS,43
CNC(=O)c1cc(OC)ccc1C1=C(C)C(=O)N(C)C1=O,C15H16N2O4,37
CN(C)C1C2NC(=O)C3C(O)C(O)C(N(CC[NH3+])C([NH3+])=O)C(O2)N3C(=O)C(NC(=O)[NH+](C)C)C1O,C19H37N8O8+3,56
CN(CCCCc1cc2ccc1-2)c1nnc(N2CCCC(C)(C)C2=O)s1,C20H26N4OS,52
C=C(Cl)C=CC(=Nc1nnc(NC)n1-c1ccc(Cl)cc1[N+](=O)[O-])c1cccc(C(F)(F)F)c1,C21H15Cl2F3N6O2,49
O=C(NC(=O)N1CCCCC1)Oc1ccccc1Cl,C13H15ClN2O3,33
O=C(O)N=C1Oc2ccc(cc2Cl)C=C1Cl,C10H5Cl2NO3,21
NC(=O)C(=CC=Cc1ccc(Cl)cc1)C(=O)N1CCCCC1,C17H19ClN2O2,41
Cc1ccc(-c2ncccn2)cc1CC(=O)N1CCC1,C16H17N3O,37
O=C(C1=CC=C(F)C1)N1CCCC1,C10H12FNO,25
CCN(CC(=O)OC(C)C)C(=O)c1cc(Cl)ccc1C(F)(F)F,C15H17ClF3NO3,40
O=C1CCCCCN1C(=O)c1ccc(Cl)c(Cl)c1,C13H13Cl2NO2,31
O=C(C[Na])NCC(=O)NNP(=O)(O)O,C4H9N3NaO5P,23
COC(=O)N(C)CN(C)C,C6H14N2O2,24
O=c1[nH]c(=O)c2ccccccc1N=C(Nc1ccccc1)N2,C17H14N4O2,36
O=C1COC(=O)c2ccc(Br)c(c2)C(=O)c2cccc1c2,C16H9BrO4,30
CCCCCOC(=O)OC(=O)C(C)=C(F)NC(=O)N1CCN(C(=O)OCC)CC1,C18H28FN3O7,56
C=Cc1cnc2c(cccc(C(=O)NC(C)=O)c1)=C(OC)C(NC(C)=O)=CC=CC=2,C23H23N3O4,53
COc1ccccc1CN(C)C(=O)c1cccc(C(=O)c2csc(N(C)C)n2)c1,C22H23N3O3S,52
CSc1nnc(-c2ccc(Br)cc2OC2=CC(=CC=CCl)C=C2)[nH]1,C17H13BrClN3OS,37
CCCCCCCC(C1OC2C3OC(O3)C2O1)C(C)(C)c1ccccc1,C22H32O4,52
CCNC(=O)c1cc2ccc(C(=O)N3CCCCC3)cc2c(=O)n1CC,C20H25N3O3,51
COc1ccc(C2=NC(N(C)C(=O)c3ccccc3)CC(=O)N2)cc1,C19H19N3O3,44
COc1ccc2c(O)ccc(C(=O)OC3C(=O)N(C)C3=O)c2c1,C16H13NO6,36
C=C(C=Cc1ccc(C(=O)OC)c(C(=O)N(C)C(C)=O)c1)c1ccc(OC)cc1,C23H23NO5,52
O=C(SCC1CCCC1)N1C(=O)N(C2CCCCC2)C(=O)c2ccc1cc2,C21H26N2O3S,53
CCCCCN(C)S(=O)(=O)C1=CC=C(C(=O)N2CCCCC2)C1=CC=CC(=O)OC,C22H32N2O5S,62
O=C(NC1=COc2ccccc2O1)Nc1ccccc1,C15H12N2O3,32
CN(CCCN(C)c1ccccc1-c1nccc2c1=CN=2)C(=O)c1ccccc1,C24H24N4O,53
COc1ccc(S(=O)(=O)N2CCN3CCN(C3=O)C(=Cc3cc([N+](=O)[O-])c(Cl)s3)C2)cc1,C19H19ClN4O6S2,51
O=c1[nH]n(-c2cc(Cl)cc([N+](=O)[O-])c2)c(=NC2=CC=C2)n1CCOc1cccc(C(F)(F)F)c1,C21H15ClF3N5O4,49
COC(=O)c1ccccc1C(C)=C1C2C3C1C(C)(C)C2C3(C)C,C21H26O2,45
COC1=CC=C(c2cc(Cl)ccc2-n2c3nnc2N(C)C(=O)N(C)C3=O)C=CC=C1,C21H18ClN5O3,48
C=c1c(S(=O)(=O)c2ccc(Cl)cc2)ccccc2cc3sc(n2)n3c(=O)n(C)c(=O)c1=C,C22H16ClN3O4S2,48
CSc1ccccc1C(=O)N1CCC(=O)N2CCN(CC2)C1=O,C16H19N3O3S,42
CCCCN(Cc1ccccc1)C(=O)c1ccc(C(=O)N(C)C)c2ccccc12,C25H28N2O2,57
O=S(=O)(Nc1ccccc1Cl)c1ccccc1C=CSc1nnc(Nc2cc(Cl)ccc2F)s1,C22H15Cl2FN4O2S3,49
CC(C)(C)C(=O)C1=CC2=CC=C1[N+]2=O,C11H12NO2+,26
CCCCC1=CC2=C(Cl)C=C(OC)S(=O)(=O)c3cc(Cl)cc(c3)C(=O)C1=C2,C20H18Cl2O4S,45
O=C1C2=NN(C=C(Cl)C(F)(F)F)CCCN1CCCCCCCCCC2,C18H27ClF3N3O,53
COc1ccc(C(=O)NC2CCN(c3cccc(Cl)c3OC)C2=O)c(OC)c1,C20H21ClN2O5,48
COC(=O)C1C2Oc3ccc(F)cc3OCCCCN(C(=O)C(C)(C)C)C(=O)N21,C20H25FN2O6,52
COc1cccc2c1C(=O)N1C(=O)OC(CC2)C1CCCCC1CCCC1,C22H29NO4,54
FC(F)(F)C(F)(F)C(F)(F)C(F)(Cl)C(F)(F)C(F)(F)C(F)(F)C(F)(F)I,C8ClF16I,26
O=C1C2CCCC3CCCCCCN3C(=O)N1CCC2,C16H26N2O2,45
CC(=O)N(C)C(=O)c1ccc(-c2ccc(F)cc2)[nH]c1=O,C15H13FN2O3,34
O=C1C2CN1CCCN2C1=NC(=CC2=CC=C2)N1,C13H14N4O,30
COC(=O)Cc1ccccc1N=c1[nH]c2ccc1cc2,C16H14N2O2,33
CC(N=C=O)N1CCC(Br)N(C)C1=O,C8H12BrN3O2,26
O=C1CCCCC(CCCC(=O)C2=CCOC2=O)CCC(=O)O1,C17H22O6,45
O=C(c1ccc(F)cc1C(=O)N1CC1OC1C(O)C(O)C1O)N1Cc2nnc1[nH]2,C17H16FN5O6,40
O=C1N2N=C2SC(=Nc2ncccccc(C=CC=CBr)c(=O)[nH]2)N1c1ccccc1,C21H15BrN6O2S,46
CCCCCCN1CCCN2C(=Nc3nc2nc2c3=NC=2CCCC)C1=O,C20H28N6O,55
O=C1C=C(c2ccccc2)Nc2nnc(s2)Nc2ccc(cc2)N1,C17H13N5OS,36
CN(C(=O)c1c2c3ccc1c(c3)C(=O)C2)C(C)(C)C,C16H17NO2,36
COc1ccc(C(=O)NC(C)C(O)C2CC(C)C(=O)N2C(=O)c2ccc(OC)cc2)cc1,C24H28N2O6,57
O=C(F)C(F)(F)C(F)(F)C(F)(F)C(F)(F)C(F)(F)C(F)(F)C(F)(F)C(F)(F)Cl,C9ClF17O,28
COC1=CC(C(=O)N(C)C)=CC=C2C=C1C(=O)N(C)C(=O)N(C)C(=O)N1CCN(C2=O)C1=O,C21H23N5O7,56
C=C(Cl)c1ccccc1C(=O)N(C(C)=O)C(=O)c1cccc(Cl)c1,C18H13Cl2NO3,37
CN1CC(=O)N(CCCOC2=NC3=NC2=N3)CC1=O,C11H13N5O3,32
CCN1CC2C3CN(C(=O)C4=CC=C5C=C(C=C4)C5(F)F)CCN3C(=O)N2C1=O,C20H20F2N4O3,47
O=C(NC(=O)N1CCOc2ccc1cc2)c1ccccc1Cc1ccccc1,C23H20N2O3,47
CCCN(C=CC1=C2C(=C1)C2(F)F)c1nnc(N2CCCCC2)s1,C17H20F2N4S,44
CCCC(=O)OC(=O)CCCCCCCCCC(C)=O,C16H28O4,48
Nc1nncn1S(=O)(=O)c1ccc(C(=O)Nc2ccc(C(F)(F)F)cc2)cc1,C16H12F3N5O3S,40
CCN(CC(C)(C)C)C(=O)c1c(Br)c1=O,C11H16BrNO2,31
COc1ccccc1C(=O)N1Cc2cc(nc3ccccc23)C(=O)N(CCN(C)C(=O)N(C)C)CC1=O,C27H29N5O5,66
CCN=[N+]=NC(N=C(c1ccccc1)c1ccc(C)cc1)=[N+](c1ccccc1)c1ccc(C)cc1,C30H29N5+2,64
O=C(Nc1ccccc1C(F)(F)F)N1CCNS(=O)(=O)C2=CC1=C2,C14H12F3N3O3S,36
COc1ccc2c3ccc(c2c1)N1CCN(CCOCS3)C1=O,C17H18N2O3S,41
C=C1SC(=NN=C=NCCOc2ccccc2)N(c2ccccc2)C1=O,C19H16N4O2S,42
CCN(CCCc1cccc(OC)c1)C(=O)n1c2nnc1s2,C15H18N4O2S,40
CC(O)C(NC(=O)C=C1c2nnc([nH]2)-c2ccccc21)Oc1ccccc1,C20H18N4O3,42
c1ccc(-n2nc3nc2-3)cc1,C8H5N3,16
O=c1cncc[nH]c(=O)[nH]c(=O)[nH]1,C6H6N4O3,18
O=C1CC(CCn2c(=O)c3sc=3c2=O)CCC2CCN1CC2,C16H20N2O3S,42
C=C1c2ccc(OC)cc2C(=O)N1CC(=O)N(C)C,C14H16N2O3,35
O=C(C(Cc1ccccc1)c1ccccc1)N1C(c2ccccc2)=Nc2nnc1s2,C24H18N4OS,48
CCCCC(C)(C)c1nc(C(C=C2C=C2Cl)=CC=CC(F)(F)F)nc(-c2cccc(OC)c2)n1,C26H27ClF3N3O,61
CC(=O)CCC1CC(=CC=C[N+](=O)[O-])C(=O)OC1=O,C12H13NO6,32
Cc1ccccc1C=C1C=CC=CC(c2ccc(OC(=O)c3ccccc3)cc2)=C1,C28H22O2,52
N#CC(=Nn1cnnc1N)N=C(c1ccccc1)c1ccccc1,C17H13N7,37
COc1cccc(CCCCCCCCC2C3OC3CN2C=C2C(=O)NC2=O)c1,C23H30N2O4,55
C=CC=C1C(=O)N2CCCCCCN(CCN(C)CC2)S1(=O)=O,C16H27N3O3S,50
O=c1[nH]c(SC=Cc2ccccc2)nn1-c1ccccc1,C16H13N3OS,34
COc1ccc(N2CCCN(C)C(=O)CC2)nc1-c1ccccc1,C19H23N3O2,47
O=C(NCCc1ccc(C(F)(F)F)c(Cl)c1)c1ccccc1-c1cccc(C(F)(F)F)c1,C23H16ClF6NO,48
C=CC(Cl)=CC1=CC=CC=CC=C1n1c2nnc1s2,C14H10ClN3S,29
CCCCN1CCOCCCCN(c2cc3ccc2-3)c2nc(nc(=O)[nH]2)C1=O,C20H25N5O3,53
CCN(C)S(=O)(=O)c1sc(Nc2ccccc2Cl)ccc2cc(c1N)-c1ccccc1N2,C23H23ClN4O2S2,55
O=C(O)CCCCCCc1cccc(-c2ccccc2)c1,C19H22O2,43
CCCC(C)C(=O)c1cc(C(=O)OCC)ccc1C(=O)C1=CC=C1,C20H22O4,46
CC=C(C(=O)NC1CCCN(C(=O)c2cccc(C(F)(F)OC)c2)C1=O)C(=O)N(CC)C(=O)O,C22H25F2N3O7,58
CCCN(C(=O)c1cccc(C)c1)C(C)C(=O)N(C)c1nnc(NC#N)s1,C18H22N6O2S,47
CCCCCCCCC=C1C(=O)Oc2ccc(C(=O)OCCCC(C)(C)C)cc2C1=O,C26H36O5,67
CCCCNC(=O)c1ccc(C(=O)C(C)(C)C(=O)Oc2ccc(OC)cc2OC)cc1,C24H29NO6,60
CCCCN(C(=O)CN1C(=O)N(C(CC)C(=O)O)C1=O)C(C)(C)C,C16H27N3O5,50
CCCCN(C(=O)c1ccccc1OC)c1ccc(-c2ccccc2)nc1,C23H24N2O2,51
CC(C)[N+](C)(C)c1cccc(-c2ccc3c4ccc2ccc3c4)c1,C23H24N+,48
CN(C)C(=O)c1ccccc1C1=C2NC(=O)N2CC1,C14H15N3O2,33
CCCCCCN1c2nc3c(nc1n3C1CCN(CCC)C1=O)s2,C17H25N5OS,48
O=C(C(=O)N1C(=O)c2ccccc2C1=O)c1ccccc1[N+](=O)[O-],C16H8N2O6,32
COc1ccc(N2C(=O)c3ccc([N+](=O)[O-])cc32)cc1OC(C)C,C17H16N2O5,40
COc1c2cccc(F)c2cc2c(Cl)c(NC(N)=O)ccc12,C16H12ClFN2O2,34
CN(C(=O)c1ccc(-c2nc3nnc([nH]cc2Br)s3)cc1)c1ccccc1,C19H14BrN5OS,40
CCCCCNC(=O)COc1cc2nc3nc-2ncc13,C14H16N4O2,36
COC1=CC1=CC(=O)c1ccccc1C(=O)N1CCCC1C(=O)N1CCC1,C21H22N2O4,48
COCC1C2CN3CCCCC2C1N1N=C31,C12H19N3O,31
COC(=O)c1cc(C=C2C=C2Cl)ccc1C(C)=O,C14H11ClO3,29
N#CC=COc1ccccc1NC(=O)NS(=O)(=O)c1ccccc1,C16H13N3O4S,37
COc1ccccc1SC=CC=C1C(=O)NC(=O)NC1=O,C14H12N2O4S,32
CN1CCCCCN2CCN(CCCC1=O)C(=O)N1C(=O)c3nc1sc3C2=O,C18H23N5O4S,51
C=C1C=CN=C(N=c2[nH]c2=O)C(=O)N2C(=O)N(C)C(=O)C(NC(=O)CO1)C2CCN(C)C(C)=O,C20H23N7O7,54
CC(=O)N(Cc1ccccc1)N=C(Sc1c2cccc1-2)N1CCCCC1,C21H23N3OS,49
C=C(c1ccc(C(=O)N(CC)CC2OC(C)C(O)C2O)cc1)c1ccc2cc1-2,C23H25NO4,49
COC(=O)CN(C)C(=O)C1=COC2(c3ccccc32)N2C=C(OC)C(=C1)C2=O,C20H18N2O6,46
CN1CCN(C(=O)N2CCN(C)C(C(C)(C)C)C2)C1=O,C14H26N4O2,45
CCC(=O)NC(C)C(=O)N(C)c1ccccc1NC=Cc1cc(-c2ccc(F)cc2)nc2ccccc12,C30H29FN4O2,64
O=C(NC1=CC=C1O)Nc1ccccc1-c1ccccc1,C17H14N2O2,35
CCCN1CCCC(N(CCc2ccccc2F)C(=O)c2cc3ccc2cc3)C(=O)OCC1,C27H31FN2O3,63
CCCN(CCCN1CCC1)C(=O)c1cc2c3ccc1c32,C18H22N2O,43
CCCCCCCCCCCN1C(=O)C(=C2C=C2)S1(=O)=O,C16H25NO3S,46
C=C(OC)C(=O)NCCNC(=O)NC1=NN=C=N1,C9H12N6O3,30
CCN(CCC(C)(C)C)C(=O)c1cc2ccc1C=C(C)C=C2,C20H27NO,49
COc1cccc(C(=O)NCCC(=O)Nc2ccccc2C(=O)Nc2ccccc2)c1,C24H23N3O4,54
COc1cc2ccc1Oc1c3ccc(OC)c1S(=O)(=O)NCCN3C(=O)N2,C17H17N3O6S,44
CCCN1CCN(C(=O)N(CCC)C(=O)C2=CC3=CC=C2C3=Nc2cccc(OC)c2)C1=O,C25H28N4O4,61
O=C(CCCCc1nc2c3n1C(=C(C(F)(F)F)C=2)N=3)N1CCCCC1,C17H19F3N4O,44
CCCCOC(=O)C(Cc1cc2c(C(F)(F)F)ccc(C(F)(F)F)c2s1)OC(=O)N(C)C,C20H21F6NO4S,52
O=C1C(=CC=C(Cl)Cl)OCCN1C(=O)N1CCCCC1,C13H16Cl2N2O3,36
CN(C)C1=NC(=CC=CNc2ccccc2)N=C(Sc2ccccc2)S1,C20H20N4S2,45
COc1cc(Cl)ccc1-c1cccc(-c2ccc(Cl)cc2)n1,C18H13Cl2NO,35
COC1=CC=C1S(=O)(=O)N(C)CCCN(CCn1c2ccc1s2)c1ccccc1,C21H25N3O3S2,54
CCCCCCCCCCCCCCCC1=CC(=O)C#C1,C20H32O,53
CCN(C)CC(NC(=O)c1ccc2c(c1)C(C1=CC=C1)=CC=C1C=C2N1)C(C)O,C24H27N3O2,53
CCCCCCCCCc1cc2ccc3c1ccc3[n+]2=O,C19H24NO+,45
CN(C(=O)C=C(C(=O)N1CCCCC1)C(=O)N1CCN(C(=O)c2ccccc2)CC1)C1CC1,C25H32N4O4,65
CNC(=O)c1ccccc1NC(=O)Nc1ccc([N+](=O)[O-])cc1,C15H14N4O4,37
O=C1C2=C3C4CN5CCN1CCCN(CCN(C4)C(=O)N3CC5)C2=O,C17H23N5O3,48
COc1cc(NC(=O)Nc2cccc(I)c2)ccc1-c1cnnc2ccccc12,C22H17IN4O2,46
O=C1CN2CCCCN1CCCC1CN1c1nc(Cl)ccc1C2=O,C17H21ClN4O2,45
O=C(Nc1ccc(Cl)cc1)C1=CN1c1ccccc1Br,C15H10BrClN2O,30
CC(C)(C)CCCN1CC2=C(OC(C)(C)C)c3cc2c2c(c3-2)C1,C21H29NO,52
CCN1CCN(C(=O)c2ccc(C)c3ccc-3c(=O)[nH]2)CC1,C17H21N3O2,43
CSCCCN(CCSCCOC(N)=O)C(=O)N(C)C(=O)N(C)C,C14H28N4O4S2,52
COc1ccc(C(=O)N(C)C)c(N2CC=CN=C2c2ccccc2Cl)c1,C20H20ClN3O2,46
CC1=C(C(=O)O)OC1=O,C5H4O4,13
COC1(C)CC(=O)O1,C5H8O3,16
O=C1NC2CN1CCNC(=O)N(C1=CC1=CO)C2,C11H14N4O3,31
c1ccc(N2CCNc3nc(c[nH]3)-c3cc4ccccc4n3CC2)cc1,C21H21N5,46
CC(C)(C)CN1CCCN2CCCCCN(CC2)C(=O)C2=CC=C(C=C3C=C32)C1=O,C25H35N3O2,65
COc1ccc(-c2c#cccc2)c(OCCCC2=Nc3nnc(s3)S2)c1,C19H15N3O2S2,41
N#Cn1nnc(C2=CC=C(Cl)C=CC(C(F)(F)F)=C2)n1,C11H5ClF3N5,25
CCC(=O)OC1=CC=C(C)C1=O,C9H10O3,22
O=C1NCCC2C1N1CCN(CCN2C(=O)c2ccc(C(F)(F)F)c(C=C(Sc3nc[nH]n3)N3CCCC3)c2)C1=O,C26H29F3N8O3S,67
C=C1C=CC(NC(=O)Nc2ccc(C(=O)N(C)C)cc2)=C1,C16H17N3O2,38
C=CC=Cc1ccc(OC(C)=O)cc1-c1cc(OC)ccc1OC,C20H20O4,44
COc1cccc(NC2=NC(=O)n3c(=O)n(c4ccccc43)CCCN2)c1,C19H19N5O3,46
CCCCn1c(-c2cccc(Cl)c2)nnc(C)c1=O,C14H16ClN3O,35
CN(C)C(=O)NC1=CC1=C(Br)C1=CC=C1Cl,C11H10BrClN2O,26
COC(=O)C1=CC=CC2=CC=C1C(Nc1ccccc1)=NN2C,C18H17N3O2,39
CN(C)C(=O)C1CC=Cc2ccc(c3ccccc23)S1,C17H17NOS,37
CCN1CCN(CC2Cc3ccccc3C(=O)N2)CC1,C16H23N3O,43
CCCc1sc(-n2nnnc2-c2ccc(OC)cc2)nc1C(C)C,C17H21N5OS,45
CCCCC(=O)N1C=C(SC(C)=S)c2ccc(S(=O)(=O)N(C)C)cc2[N+](=O)c2ccc(cc2)S1(=O)=O,C23H26N3O6S4+,62
CC(=O)OC1(C(C)(C)C)CCCC1,C11H20O2,33
C=CC=C(C)C(=O)OC1C(=O)N(C(=O)c2ccccc2C(=O)N2CCCCC2)C2CCCC12,C26H30N2O5,60
CCCN1CCC(N(CCC)C(=O)c2c(C)[nH]c3ccccc23)C(NC(=O)c2ccccc2)C1=O,C28H34N4O3,66
CCCCCCCC(=O)N(C)C(=O)c1ccc(C)cc1,C17H25NO2,45
CCN(C)C(=O)C1=C(OC)C(=O)C2=C3C(OC)=CC=C(C(C)=CC=C31)C(OC)=C2,C23H25NO5,54
COC(=O)CC1C(=O)N1C(=O)c1ccc(C=C2C=C2OC)c(OC)c1,C18H17NO6,42
CC(=O)N1C(=O)C1=CC=CC=CC=CC(=O)N(C)C(=O)c1ccccc1,C20H18N2O4,44
CC(=O)OC1C(CCCC(=O)OC(C)(C)C)C(=O)OC1C(=O)OC(=O)C1CCCCC1,C22H32O9,60
CCOC(=O)C(CCN1CCCCCC1)NC(=O)N1CCN(C(=O)C2=Cc3cccc2c3)CC1,C26H36N4O4,69
CC(=O)c1ccc(C(=O)c2ccc(C(=O)CC(C)C)cc2)ccc2ccccc2cc1,C28H26O3,57
CN(C(=O)c1ccccc1)c1cccccc2ccc(-c3ccccc3)nc2cc1,C27H22N2O,52
O=C1Nc2ccccc2C(=Cc2ccccc2)C(=O)N(Cc2ccccc2)CCCN2CCCC12,C30H31N3O2,65
CC(C(=O)c1ccccc1)N(C(=O)c1ccccc1)C(=O)C(C)(C)N1Cc2ccccc2C1=O,C28H26N2O4,59
CC(C)CN(C(=O)c1ccccc1)C1CSc2nc3ccccc3c(=O)n2C1,C22H23N3O2S,51
C=CC=C(O)C(=O)N(CCCN(C)c1nn2c(nc3ccccc32)s1)c1ccc(F)cc1,C23H22FN5O2S,54
c1cc2c3c(N4CCCCCCC4)cc1c23,C15H17N,33
CC1(C)CCCCC1OC(=O)c1ccccc1C1CCCCC1,C21H30O2,52
N#CN(Cc1cccc2ccccc12)C(=O)Nc1ccc(F)cc1,C19H14FN3O,38
CN(CCC1CCCCN2CCN1CC2)CCN1CCc2ccccc2C1=O,C23H36N4O,64
CC(C)(C)CCC(=O)Nc1cccc(Cl)c1,C13H18ClNO,34
CCCCC1CCn2c(=O)c(C(=O)c3cc(OC)cc(C(F)(F)F)c3)cc(=O)n1c2=O,C21H21F3N2O5,52
COc1cccc(OC)cc2ccc=2n(C(=O)NC(=O)c2ccccc2C)cc1,C23H22N2O4,50
CCCCCCCCCCCCCCCCCCN1C(=O)OC(C(=O)O)C1=O,C22H39NO5,67
CCN(C)C(=O)N1CCN(c2cccc([N+](=O)[O-])c2)C(=Nc2cccc(F)c2)C1=O,C20H20FN5O4,50
CN1C(=O)NC(CN(C)c2nc3c([nH]2)C=C3Br)C1=O,C11H12BrN5O2,29
CCN(C)CCCN(C#N)C(=O)c1c2ccc(Br)c1-2,C14H16BrN3O,35
Cc1cc(-c2ccccc2)nc(N2CCNC(=O)C(C)C2)n1,C17H20N4O,41
COC(=O)c1cccc(C(=O)OCC(=O)OCCCC(=O)c2ccc(OC)oc2=O)c1,C21H20O10,51
CNC(=O)CCCCCCCN1C(=O)CCN(C)C(=O)c2ccc(cc2)S1(=O)=O,C20H29N3O5S,58
COC(=O)c1ccc(C(=O)OC(C)(C)C)cc1C(=O)C1=CCCCCCCC1,C23H30O5,58
CC(C)(C)C(=O)N1CCCC(CCCCN2C(=O)C=C3C=C3S2(=O)=O)C1,C19H28N2O4S,54
CN1CCN2CC(C1)NC(=O)Cn1c(nc3cc(F)ccc3occc1=O)-c1ccccc1-c1ccccc1S2(=O)=O,C30H28FN5O5S,69
CC1(C)CN2CCN3C(=O)N(CC2)C1C3COC1=Cc2cc(F)ccc21,C20H24FN3O2,48
CCCCCCN1CCN(C(=O)N(C)C)CC1,C13H27N3O,44
CCCCC1=CC=C(C(=O)OC)C=C(C(=O)C2C(OC(C)=O)OC3OC32)C=C1,C21H24O7,48
O=C(C(=O)N1CCCCCCCCCCCCCCCC1)C1=CC=C1,C22H35NO2,60
C=CC=CC=C(C=C)n1nnn(-c2ccccc2)c1=O,C15H14N4O,34
O=C(NC(=O)NC1=CC2=CC=C1S2(=O)=O)NC(=O)Nc1ccccc1,C15H12N4O5S,36
O=C(Nc1ccccc1)N1CCCN(C(F)=CC=C2C=CC=C2)C1=O,C19H18FN3O2,43
COC(=O)C1OC2=CC=C3OC2=CC(OC)=CC=C3CCCC1O,C18H20O6,42
COC(=O)c1cccc(C(=O)N2CCCCN(C(=O)c3c4cccc3-4)CCC2)c1,C23H24N2O4,53
CSc1cc(-c2cccc(C#N)c2)cc(NC(=O)c2ccccc2)cccc2ccccc12,C29H22N2OS,55
COc1cccc(C(=O)CCN(C(C)=O)C(=O)C2=CC=C2)c1,C17H17NO4,39
COC1=CC=C2CCN(c3nnc(SC)s3)C(=O)C(=C1)c1cccc2c1,C19H17N3O2S2,43
CCN(CC(=O)Nc1nnc(C=CC=C(Cl)C=CC(C)=CC2C=CC(Cl)=CC2)[nH]1)C(=O)c1ccccc1F,C28H28Cl2FN5O2,65
CCC1C(O)C2C(CCCCN2C(=O)c2ccc3c(c2)N3)N1C,C18H25N3O2,43
COC(=O)c1ccc(OCCN2C(=O)C3=NC24CCN34)cc1,C15H15N3O4,37
CC=C1C=C1CCCCCCCCC(C)=O,C15H24O,40
O=C(c1ccccc1)N(c1cccc(F)c1)C1OC(c2ccccc2)C1n1c(=O)c2cccc3ccc1cc32,C33H23FN2O3,59
O=C(Nc1ccccc1)Nc1nc2ccccc2[nH]1,C14H12N4O,31
CCC1CN1S(=O)(=O)c1sc2c(=O)n(CCN3CCCCC3)c3nc2c13,C17H22N4O3S2,48
COC(=O)CCCCCCCCn1c(=O)c2ccc(c3ccc-3c(F)c2)c1=O,C22H24FNO4,52
CCN1CCN(C)C(=O)CN(c2ccnc(Nc3ccccc3)n2)C1=O,C18H22N6O2,48
CCN1CCN(CCNc2nc3ccc2c2ccccc32)C1=O,C18H20N4O,43
C=CC(=Cc1ccccc1)C(=O)N(C(=O)c1ccccc1)c1ccccc1,C24H19NO2,46
CC1CCC(=O)CC1,C7H12O,20
CCN(C)c1ccccc1-c1ccc2ccsc2c1,C17H17NS,36
O=c1[nH]c(=O)n2cnc-2nc(-c2ccccc2)cccc2ccccc12,C20H14N4O2,40
c1ccc(-c2c3sn2n3-c2ccccc2)cc1,C14H10N2S,27
C=C(C=C1C=C1)[N+](=O)c1ccccc1N(C)c1ccccc1,C19H17N2O+,39
COC1=CC=C(C)C=C(c2ccc(C(=O)N(C)C)cc2)C=C1,C19H21NO2,43
Cc1ccc2c(C(=O)NC(=O)N(C)C)ccc(C(=O)N(C)C)c2c1,C18H21N3O3,44
CC(C)Oc1cccc(-c2nc3nc(n2)N2CCCC(C)(C)C24N=C3N4C)c1,C21H26N6O,54
CC=CC=C1C(C(=O)c2ccccc2)=C(SC)Sc2ccc(Cl)cc21,C21H17ClOS2,42
CC1CCCCN2CCN(S(=O)(=O)c3ccc4cc3-4)CCCCN(C1)c1ccc(F)cc1C2=O,C26H32FN3O3S,66
CN(C)C(=O)COC(=O)C(C#N)=Cc1ccc(NC(=O)c2ccccc2)cc1,C21H19N3O4,47
CCOP(=O)(O)OC(CC)C(O)C(C)n1c(=O)n2c(=O)n(c1=O)CCC2,C14H24N3O8P,47
CC(C)CCn1c(=O)nc2[nH]c3c4n(c1=O)CN(C=C(OCOc1cccc(F)c1)C=4)C(=N2)N=3,C22H22FN7O4,55
Cc1c(C(=O)N2CCN(C)C(C)C2)c2n[nH]cccc1c1ccccc21,C21H24N4O,48
O=P(C=CC1=CC=C1)(c1ccc(Cl)cc1)c1ccc(Cl)cc1,C18H13Cl2OP,35
CCNC(=O)N1CCCN(c2ccccc2[S+](=O)([O-])c2ccc(Cl)cc2)C1=O,C19H20ClN3O4S,48
CCC(=O)c1ccc2c(c1)C(=O)N(CCC(C)(C)C)C2=O,C17H21NO3,42
Cc1cccc(C(=Nc2ccccc2)Nc2cc3ccc2N(C)C(=O)C(C)NC3=O)c1,C25H24N4O2,53
CCCCCN1C(=O)c2ccc(C(=O)NCCCCC(C)(C)C)n(c2=O)C1=O,C21H31N3O4,59
CCN(CCc1cccc(C(=O)OC)c1)C(=O)c1ccc(C(=O)O)cc1,C20H21NO5,47
O=C(NC(=O)c1ccccc1-c1ccccc1N[S+]([O-])c1ccccc1)Nc1ccc(F)cc1,C26H20FN3O3S,52
C=CC=CN(C(=O)N(C)c1nc(C(=O)N2CC2)cs1)c1cccc(OC)c1,C19H20N4O3S,47
CCOC(=O)C(=Cc1ccccc1)C(=O)c1cccc(Cl)c1,C18H15ClO3,37
Nc1ccc(Cl)s1,C4H4ClNS,11
CCCC1CCCc2nnc(-c3c(Cl)cc(Cl)c(Cl)c3[N+](=O)[O-])n21,C15H15Cl3N4O2,39
CN(C(=N)N1CCN(Cc2ccccc2)C(=O)NC1=O)c1ccccc1,C19H21N5O2,47
C=C(Br)C=CC=CC=CC=c1c(=O)[nH]c(=O)c2cccc1c2,C18H14BrNO2,36
CN1CCC2CCCCCC(=O)N(CCC2)C(=O)NC(=O)c2ccccc2C1=O,C22H29N3O4,57
O=C1NC(C(=O)O)C(c2ccccc2)=Cc2ccc1cc2,C17H13NO3,34
CN1CCCC=C2C=C(Sc3nnc(Sc4ccccc4-c4ccc(F)cc4)n3C)C=C2C1=O,C26H23FN4OS2,57
COC(=O)c1c(OCCOC(=O)OC(C)(C)C)c2ccc1[nH]c2=O,C16H19NO7,42
CN(C(=O)CN(CC(=O)Nc1ccccc1)C(=O)c1ccccc1)C(=O)C1=CC=C1,C23H21N3O4,51
CCN(C(=O)C(=CC(=O)N(C)C(=O)c1ccccc1)c1ccc(Cl)cc1)c1ccccc1,C26H23ClN2O3,55
CCCCCCN(C(=O)OP(=O)(O)OS(N)(=O)(C(F)(F)C(F)(F)C(F)(F)C(F)(F)F)C(F)(F)C(F)(F)C(F)(F)C(F)(F)F)S(C)(=O)=O,C16H19F18N2O8PS2,66
CCCCN(CC(=O)NC(=O)c1cc(OC)ccc1OC)C(=O)C1=CC=C1,C20H24N2O5,51
CCCCCN1Cc2ccccc2C(SC)=[N+]1c1cccc2ccccc12,C24H27N2S+,54
CCOC(=O)C(C)Nc1ccc(C(=O)NC)c(=O)[nH]c1=O,C13H17N3O5,36
CC(=Nc1ccc(Cl)cc1)NC#N,C9H8ClN3,20
COc1ccc2c(c1)C(C(C)(C)CN(C)C)=C2,C15H21NO,38
Cn1cccc2c(C(=O)Nc3cccc(Cl)c3)ccc-2c2nnc1[nH]2,C18H14ClN5O,38
CCCN(C)C(=O)C1=CC1=CS(=O)(=O)c1cc(OC)cc(Cl)c1OC,C17H20ClNO5S,45
CCN(C)C(=O)c1c(-c2cc(OC)cc(F)c2OC)c1=O,C15H16FNO4,37
COc1ccc(C(F)(F)c2ccc(N3CC(=O)N(C)CCC=C(c4ccccc4)C3=O)cc2)cc1,C28H26F2N2O3,61
COC1=Cc2c(C(C)(C)C)[nH]c3nnc(s3)n(c2=O)C1,C13H16N4O2S,35
CCN1CCCN(C(=O)c2ccc(Sc3ccccc3C)cc2)C1=O,C20H22N2O2S,47
O=C1CCN(C(=O)NNC(=O)c2ccccc2)N=C(c2ccccc2)C(=O)N1,C19H17N5O4,45
CCN1CCN2C3=CC=C4N=C2SC(=N3)N4C1,C11H13N5S,30
O=C1NC(=O)C1=CN1CCN(c2ccccc2)C1=O,C13H11N3O3,30
CCOP(=O)(O)OCCN(CC)C(=O)N1Cc2cccc(c2)C1=Cc1ccccc1,C22H27N2O5P,57
CCN(CCCCCN1CCCCC1)C(=O)c1c2cc(Br)cc1C(=O)NC2=O,C21H28BrN3O3,55
COc1ccc(OC)c(NC(=O)N2CCN(c3nc4c(=O)c4s3)CC2)c1,C17H18N4O4S,44
COC(=O)OCCC(=O)N(C)C(=O)c1cc2ccc1Sc1ccc(C)cc1-2,C20H19NO5S,46
CCCCCN(C(C)=O)S(=O)(=O)C1=CC=C1C,C12H19NO3S,36
O=C(C1=Cc2ccccc2C1CCCCCCCO)N1CCN2CCCCC2C1=O,C25H34N2O3,63
CC=CC=c1c(=O)n(CC(=O)N(C)c2ccccc2)c2nc1n2,C17H16N4O2,39
C=CC(=Cc1ccc(N2CCNC(=O)Nc3cccc(c3)S2(=O)=O)cc1)OC,C20H21N3O4S,49
Cn1cccc(COc2ccccc2)ccn2c(-c3ccc(Cl)cc3)nnc12,C22H19ClN4O,47
CCCCn1c(Nc2ccccc2C(=O)N(C)C)nc2ccccc2c1=O,C21H24N4O2,51
N#Cc1ccccc1COc1ccccc1C(=O)N1CCN2CCCC1C2,C22H23N3O2,49
CC1=CCN(C(=O)C(C)(C)C)C(=O)C1(C)Br,C12H18BrNO2,34
Cc1ccc(C2CCCC2OC2CCCN(c3nccc4ccccc34)C2)cc1,C26H30N2O,56
COc1ccc2c(c1)N=C(C(=O)Nc1ccc(F)c(Cl)c1)N(C)CCNC2=O,C19H18ClFN4O3,46
COc1cc2cn(c1=O)CCN(CCOc1ccc([N+](=O)[O-])cc1)S2(=O)=O,C16H17N3O7S,44
C=C(F)C=CC=C(c1cc2cc(c1)C(=O)Nc1nnc(s1)NC2=O)S(=O)(=O)c1ccccc1,C22H15FN4O4S2,48
COc1ccc(Cl)cc1NC(=O)C(OP(=O)(O)O)C1NC(=O)NC(Cn2cc3n(c2=O)C=C3)C1O,C19H21ClN5O9P,52
CCN(Cc1nc2[nH]c1C=C(Cl)C2=CC(=O)N(C)C)S(=O)(=O)c1ccccc1,C19H21ClN4O3S,48
CCCn1c(=O)[nH]c(=O)n(CCN(CC)C(=O)C(OC2OC3OC23)OC(C)(C)C)c1=O,C19H30N4O8,56
COc1ccc2cc1C(=O)N1CCC(CCc3ccc4cccc-4o3)N(CC1)S2(=O)=O,C23H24N2O5S,55
C#Cc1cc(C(=O)OCCCCCCC2CC2)ccc1C(=O)N1CCCC1,C23H29NO3,56
CC(C)n1c(-c2cccc(Cl)c2)nc(C(=O)N2CCCC2)cc1=O,C18H20ClN3O2,44
CCCCC1OC(=O)C2CCCCCCCOC(=O)N(C(=O)C=C3C=C3)C12,C21H29NO5,53
CCN(C)C(=O)c1sc(N(C)c2ccccc2C(=O)Nc2ccc(Cl)cc2)nc1C,C22H23ClN4O2S,53
CCCn1c(SC)nnc1C1=CC=C(C(=O)N(C)CC)C2=CC=C3C2=CC=C31,C22H24N4OS,52
CCSc1nnc2cc-2cc(C(=O)c2ccccc2)s1,C15H12N2OS2,32
O=C(OCCCCCCCC1CCCCC1)C1=CC2=CC2=CC=C1,C22H30O2,54
CN(C)C(=O)C=C1C=C2C(OCCCN(C)C(=O)c3ccccc3)=CC=C12,C22H24N2O3,51
COc1ccc(NC(=O)C(=CC(=O)c2ccc3cc2-3)C(=O)N2CCN3CCCCCCC3C2=O)cc1,C28H29N3O5,64
CSc1nc2ccccc2c(=O)n1C(C)=O,C11H10N2O2S,26
CCN1CCN2CCN(CC2)C1=O,C9H17N3O,30
CC1=C2CCCCC(OC2=O)C1C(C)(C)C,C14H22O2,36
CCCCCN(CCSCCC)C(=O)O,C11H23NO2S,38
CCCCCN1C(N=C(C)C)=Nc2nnc1s2,C11H17N5S,34
COc1ccc(OCCN2C(=O)NC(C(F)(F)C3=CC=CC=CC=N3)C2=O)cc1,C20H19F2N3O4,47
COC(=O)c1ccc(C(=O)N(C)C(C)=O)nc1-c1ccc(NC(=O)c2ccccc2OC)cc1,C25H23N3O6,57
CC(=O)N(Cc1ccccc1)C(=O)C1C=CC=C(C(=O)O)C1,C17H17NO4,39
CC(O)C1CCCCN1C(=O)c1ccccc1Br,C14H18BrNO2,34
CC(=O)N1CCCCCC1,C8H15NO,25
CC(C)(C)CCCCCCCOC(=O)c1ccc2c(c1)C(=O)O2,C19H26O4,49
CCCCCCCCCC(=O)N1CCC(=O)N(C(=O)C(C)(C)C)C1=O,C19H32N2O4,57
C=Cc1ccccc1C1CN(C(=O)N2CCCCC2)C(=O)N1c1ccccc1OC,C24H27N3O3,57
CCCCN(C)CCCc1ccccc1C=CC1=Nc2nnc(C)n21,C20H27N5,52
C1=C2C=C2CN(CCCCN2CC2)C1,C12H18N2,32
COc1ccc2c(c1)CCCN(C(C)=O)C(=O)N2,C13H16N2O3,33
COc1cc(C)c2ccc(C=Cc3nn4c(=O)n3CC4)cc2c1,C18H17N3O2,40
CC(=O)n1c(=O)n2c(=O)n(c1=O)C(CCCCCCCC[N+](=O)[O-])CCCC2,C18H28N4O6,56
COc1nc(N2CCCC2)[nH]c1C(=O)N1CCN2CCCC1C2=O,C16H23N5O3,45
COC(=O)c1c2cccc1C(C=CC1=CC(=O)N(CC(=O)Nc3cccc(C(F)(F)F)c3)S1(=O)=O)(S(=O)(=O)c1ccccc1)CO2,C30H23F3N2O9S2,69
COc1ccc(N=c2[nH]cc(-c3ccccc3OC)s2)c(N2CC2)c1,C19H19N3O2S,43
CCCC(=O)N(CCC1=NC(C(Cl)=C2C=NC(Cl)=C2)=N1)C(C)C,C16H20Cl2N4O,43
CCCC(=O)NC(=O)c1cc(-c2ccc(C(F)(F)F)cc2)c[nH]1,C16H15F3N2O2,37
COC(=O)c1ccccc1-n1c2cccc(-c3ccccc3I)sc1nn2,C20H14IN3O2S,41
CCCCCN(C)C(=O)C[S+](C(=O)[O-])C(=O)N1CCCCCC1,C16H28N2O4S,51
CC(=O)OC(=O)Cc1ccccc1C(=O)c1cccc2ccc(C)cc12,C22H18O4,44
CC(C)NC(=O)c1ccc(C2=CC(N=Nc3ccc(Cl)cc3)=N2)c(N(C)C)c1,C21H22ClN5O,50
CN1C(=O)c2ccccccc(C#N)c1c2,C13H10N2O,26
COc1ccc2n3c(noc1=O)SCCOCCCCCN(C2=O)C3=O,C16H19N3O6S,45
CN(C)CCc1ccc(Cl)cc1N1CCN(S(=O)(=O)c2ccccc2)CC1,C20H26ClN3O2S,53
CCCCCCCCCCCCCCCC(=O)CC(=O)[N+](=O)[O-],C18H33NO4,56
CC(=O)N(C)C(=O)c1ccc(C2=CC=C2[N+](=O)[O-])cc1,C14H12N2O4,32
CC(CN(C)C)NC(=O)c1ccc(NC2=NC(=Cc3ccccc3)N2)cc1,C21H25N5O,50
CN(CC1C(Cn2ccc3ccccc32)N2CCN1C2=O)C(N)=O,C17H21N5O2,43
Cc1sc(N2CCCC2(C)C)nc2nccc1-2,C13H17N3S,34
CCC(NS(=O)(=O)c1ccc(OC)cc1)C(=O)N1CC=Cc2ccc(cc2)C(=O)N(C)C1=O,C23H25N3O6S,57
CN(CCn1c2nnc1s2)S(=O)(=O)C1=CC1=CC(F)F,C10H10F2N4O2S2,30
O=C(c1ccccc1C1=CC2=CC=CC2=C1)N1CCN2CCCN(CC2)CC1,C24H27N3O,55
O=S1(=O)NCC=CC=Cc2cccc(c2)NS(=O)(=O)c2ccc1cc2,C17H16N2O4S2,41
COC(=O)OC(=Cc1ccccc1)C(=O)c1ccc(OC)cc1Br,C18H15BrO5,39
CC(=O)NC(C)(C)C(C)=O,C7H13NO2,23
CC(CCC1CCCC[N+]1(C)C)c1cccc2c1C1=CC=C2C1=O,C22H28NO+,51
NC(=O)CNC(=O)CN1CCc2ccc(cc2)S1(=O)=O,C12H15N3O4S,35
CN(C(=O)NC1=CC1=CCl)C(=O)Nc1cc(Cl)ccc1Cl,C13H10Cl3N3O2,31
O=C1C=C2SC(=CC=C(C(=O)O)Sc3ccccc32)CN1,C15H11NO3S2,32
COC1=CC=C2C=CC=C2SC1=C(c1ccccc1NC(=O)N1CCCC1)S(=O)(=O)O,C22H22N2O5S2,53
CN(N1C2=NC=C(C=CN2)C(=O)Nc2ccc(cc2)S(=O)(=O)c2ccc1cc2)S(=O)(=O)c1ccccc1,C25H21N5O5S2,57
COC1=CC=Cc2cc(=O)[nH]c(=O)n2C(=O)N1,C10H9N3O4,25
O=C(C=C1C=CC=N1)NC(=O)c1ccccc1Cl,C13H9ClN2O2,27
O=C([O-])Oc1ccccc1Br,C7H4BrO3-,15
CCCC(=O)N(C)C(=O)C1=CC(C=O)=C1,C11H13NO3,28
CC1(C)CCCCCCN2C(=O)C(=C3C=C3Cl)C(=O)N(CCC1)C2=O,C19H25ClN2O3,50
CSC=C(C=C1NC(=O)NC1=O)Oc1cccc(Cl)c1,C13H11ClN2O3S,31
CC1(C)OC2COC(=O)C21,C7H10O3,18
CCC(C(=O)OC)C(=O)N1CCCCC1=O,C11H17NO4,33
O=C1C(n2c3nnc2s3)C2CN1CCCN(S(=O)(=O)c1ccccc1)CCO2,C17H19N5O4S2,47
COc1cc(C)ccc1N1C(=O)C2=CC=C1C2=CC=CF,C17H14FNO2,35
COc1cccc(N(c2nc3ccccc3c(=O)n2C)C(C)C)c1,C19H21N3O2,45
CCCCCCC(=O)c1ccc(C(=O)OC(=O)C2CCC[N+]23CCCCC3)s1,C22H32NO4S+,60
CCC(=O)N1CC1,C5H9NO,16
O=c1c2ccc3c(Cl)ccc(c(=O)n1CCCCCCCCCCN1CCCCC1)c3n2,C26H34ClN3O2,66
CCOC(=O)C(=CC=C(C(=O)OC)C(=O)c1ccccc1C)C(=O)OC1C2OC3OC2OC31,C23H22O10,50
CCC1C(C(=O)N2CCCCC2)NC(=O)C2=CC=CC=c3c(n1c1ccccc31)=C2,C25H27N3O2,55
COCCSc1sc(SC=C2C=C2)nc1C(=O)N(C)C(C)=O,C14H16N2O3S3,38
O=c1[nH]c2c([nH]1)=CC=CC=CC=2,C9H8N2O,20
COc1ccc2nc(-c3ccccc3)n(C(C)(C)C)c(=O)c2c1,C19H20N2O2,43
O=C1N(C(=CC=C(C=Cc2cccs2)[N+](=O)[O-])c2ccccc2)CC2C(OC3CCCC3)N12,C25H25N3O4S,55
CCN1C(=O)OC(=Cc2ccc(S(=O)(=O)N(CC)C(C)C)cc2Cl)C1=O,C17H21ClN2O5S,47
O=C(CCNC(=O)c1ccccc1)NC=C1C=C1F,C14H13FN2O2,32
O=C(c1ccc([N+](=O)[O-])ccccccc2ccccc2cc1)N1CCCC1,C23H22N2O3,50
COC(=O)C=Cc1ccccc1C(=O)N1CCN2CCCN(CC1)C2=O,C19H23N3O4,49
CCCCCCN1CCN2C(=O)c3cncc(c3)CCC2C1,C18H27N3O,49
CN1CCC(=O)N(C(=O)n2nnnc2I)CC1,C8H11IN6O2,28
O=[N+]([O-])C1=CC=C1c1ccccc1-c1ccccc1C=NN=c1c2ccccc12,C24H15N3O2,44
C1=CC1=CCCCCCCCC1CCCCC1,C17H28,45
O=C(OCC1CCCCCC1)C1=CC=C1,C13H18O2,33
O=C(NCC(=O)c1ccccc1)NC(=O)Nc1ccc(F)cc1,C16H14FN3O3,36
O=[N+]([O-])c1ccccc1C(=CC=Cc1ccccc1)Nc1cccc(F)c1,C22H17FN2O2,43
CCCCN1CC(C2COC3=CC(=C3)C(=O)N2C)N(C(=O)c2ccc(Cl)cc2)C1=O,C22H24ClN3O4,52
CCCCCN(C(C)=O)C1=Nc2cc([N+](=O)C3=CC(C(F)(F)F)=C3)ccc21,C19H19F3N3O2+,46
O=C(c1nnc(-c2ccccc2)[nH]1)N1N=C1C=CC=Cc1ccccc1,C20H15N5O,40
O=C(O)CCCC1CCCCCCC1,C12H22O2,36
CC(C)(C)CCCCN(C(=O)NC(=O)n1c(=O)n2c(=O)n(c1=O)CC2)C(=O)C(C)(C)C,C20H31N5O6,61
C=C(c1ccc(OC)cc1-c1nc(CCCNC(=O)c2ccc(C(F)(F)F)cc2)nn1CCCC)[N+](=O)[O-],C26H28F3N5O4,66
COC1=C2C(=O)N3C(=O)CCCCCCCCCC3CCOC2=C1,C19H27NO4,50
CN1C(=O)C(=Cc2ccccc2)C=C(N=C(NC=O)c2ccccc2)C1=O,C21H17N3O3,43
Cc1ccc(C(=O)N2CCN(CCCCN3CCC(C)C3)C2=O)cc1,C20H29N3O2,54
NC(=O)c1cc2ccc1C=Cc1ccc(Cl)cc1N=C1SCCN12,C18H14ClN3OS,38
O=C(C=CC=CC(=O)c1ccc(Br)cc1)Nc1ccc([N+](=O)[O-])cc1,C18H13BrN2O4,38
COC1=CC=CC(=O)N(C)C(=O)C(=Cc2ccccc2)C=C1,C18H17NO3,39
CCCCCC(O)C(C(=O)OC)n1c(=O)c(-c2ccc(S(=O)(=O)OC)c(OC)c2)cc2ccc(OC)cc21,C27H33NO9S,69
COc1ccc(N2CCCN(C)C(=O)Nc3nnc2n3C2=CC=C2)cc1,C18H20N6O2,46
CC1=CC2=C(Cl)C=C(CN(C)C)C2=C1,C12H14ClN,28
CCCN1C(=O)c2ccc(C=C3C=C3C(=O)NC(C)C(=O)OCC)c(c2)C1=O,C21H22N2O5,50
COC(=O)C=C(C(=O)N(C)C)c1ccc(Cl)cc1[N+](=O)[O-],C13H13ClN2O5,34
NC1=NC=C(O)C=C2C=CC=C2C(NC(=O)c2ccccc2)=N1,C17H14N4O2,37
c1ccc(CNC(=Nc2ccccc2)c2ccccc2-c2ccccc2)cc1,C26H22N2,50
CC(=O)N(C)C(=O)C1=CC(=C2C(C(F)(F)F)=CC=C2C(F)(F)F)C(Cl)=C1,C16H10ClF6NO2,36
COc1ccc2c(c1)C(=NC=Cc1ccccc1)N(C)S2(=O)=O,C17H16N2O3S,39
CCN(CC1NC(=O)C(N(C)C)OC(OC(=O)C(C)(C)C)C1OC)C(=O)Nc1ccc2c(SC)c1S2,C24H36N4O6S2,68
O=C1CC=CC=Cn2c(nnc2-c2ccccc2)Nc2ccccc2N1,C20H17N5O,43
CN1CC(OP2(=O)Oc3ccccc3O2)CN(C)C1=O,C12H15N2O5P,35
CCOC(=O)N1CC(CCN2CCCCC2)N(c2cc3cc(n2)-c2cc(OC)ccc2-3)C1=O,C25H30N4O4,62
O=C(Nc1nnc(N=Cc2ccccc2)s1)c1ccccc1,C16H12N4OS,33
CN(C)CCSC1=NN2CCN1C(=O)c1c(Oc3cccc(F)c3)cccc1S2(=O)=O,C20H21FN4O4S2,52
CCOC1=CC=C2NC(=O)C3=CC=CC#CC=C2C(=O)N2CCCN(CC2)C1=N3,C22H22N4O3,51
CCCCCN(CCN1C(=O)c2cc3ccc2c1c3)C(=O)NC,C18H23N3O2,46
CN(C(=O)N1CCOCC1)S(=O)(=O)C1=CC1=C(Cl)Cl,C10H12Cl2N2O4S,31
O=C(C=C1C=C1I)OCCC(=O)c1ccccc1,C14H11IO3,29
C=CC=C(c1ccccc1)C1OC2OC2C1O,C14H14O3,27
C=C(C=C1c2ccc(OC)cc21)c1ccccc1OC,C18H16O2,36
COc1cc2c3ccc(s3)c2cc1C(=O)NCCN1C(=O)NCCN(C)C1=O,C19H20N4O4S,48
O=C1N(CCC2CCCC2)CCCN1C(=O)n1cccc1,C16H23N3O2,43
COc1ccc(C2=NC(CCCCC#N)=N2)cc1[N+](=O)[O-],C14H14N4O3,35
CN(c1nnc(NC(=O)N(C)S(=O)(=O)c2ccccc2)s1)c1ccc(Cl)cc1C=CC=C1C=CC=CC1,C26H24ClN5O3S2,61
CC1=C=C(S(=O)(=O)NC#N)C=C1,C7H6N2O2S,18
COc1ccc(C=CC=C2n3c(=O)[nH]c(=O)n2c3=O)c(Cl)c1,C14H10ClN3O4,32
CCCC(=O)N(C)C(=O)c1c(C)ccc2ccccc12,C17H19NO2,39
CC1CN(CCN2CCCCCC3CCCn4c(=O)n3c(=O)c3nc2ccc34)C(=O)O1,C22H29N5O4,59
COC(=O)OC(=O)C=CC(=O)OC(Oc1ccc(C(=O)OC)c(C(=O)c2ccccc2)c1)C(OC(=O)c1ccccc1)C(=O)OC,C32H26O14,70
CN(C(=O)C(C)(C)C)C1=NC2=NC(=N2)S1,C9H12N4OS,27
C=c1[nH]c(Nc2ccccc2Cl)nc1=CC=C(F)C(Cl)=Cc1ccccc1F,C21H15Cl2F2N3,42
C=C1C=Cc2ccc(cc2Cn2c(=O)n3c(=O)n(c2=O)CCCC3)C1(F)F,C19H17F2N3O3,44
O=C1N(Cc2ccccc2)C2=NC(=N2)N1c1ccccc1C=CC=CC=CN=Cc1ccccc1,C29H23N5O,58
O=C(O)C(=CC=C1C=CC=C1)C(=O)c1ccccc1,C16H12O3,31
CCN(C(=O)NC1CN2CCCCC2C1O)C(=O)N1CCN(S(=O)(=O)c2cccc(F)c2)CC1,C22H32FN5O5S,63
CCOC1OC(C)CC1COC(=O)c1ccc2cc1C=CC=C(C(=O)OC)C2=O,C22H24O7,50
CC(C)(C)CCC(N1C(=O)c2ccc(C(=O)N3CCCCC3)c1n2)C(C)(C)C,C23H35N3O2,63
CC(=O)NC(=Nc1ccccc1)SC=C(C(C)=O)C(=O)c1ccc(F)cc1,C20H17FN2O3S,44
CCCCCCCCCCCC(O)C1CCOC(=O)O1,C16H30O4,48
C=C(C=Cc1ccc2ccsc2c1OC)S(=O)(=O)N(CC)c1ccccc1,C21H21NO3S2,48
COc1ccc(C(=O)OCC(=O)OC(=O)OC(=O)COC(=O)c2cc3cc(OC)c2C(=O)OCC(=O)OCOC3=O)cc1OC,C27H22O18,67
C=CC=C(C=CC=Cc1ccccc1-c1n[nH]c(=O)[nH]1)Oc1cccc(C(F)(F)F)c1,C23H18F3N3O2,49
O=C(Nc1ccc(Cl)cc1)C1=CC=C2C=NC1=CC(c1ccccc1)=C2,C22H15ClN2O,41
CC1=CN=C2N=C3C(=C1)C(=O)N1CCCN2CCN3CCC1,C16H21N5O,43
COC(=O)c1cc2ccc1C(=O)OCCCCCCCCCOC(=O)c1cccc(c1C(=O)OC)C2=O,C28H30O9,67
CCCCN1CCCCCN2CCN(CC2)C(=O)C=C2C=C2C1=O,C19H29N3O2,53
O=C1c2ccccc2OCC2CCN1C2CCCN(CCc1ccccc1)c1ccccc1,C29H32N2O2,64
Cc1ccc(-c2[nH]c3nc2C(=O)N(CCCCN(C)C)CCN2CCN3C2=O)cc1,C22H30N6O2,59
CCCC(C)CCCN1C(=O)CSC1=O,C11H19NO2S,34
O=C(Nc1ccccc1OS(=O)(=O)O)c1ccccc1C(=O)n1c2ccc1cc2,C20H14N2O6S,43
O=C1Cn2c(=O)c(=CNC(=O)c3ccccc3)ccc3cc4ccc2c4ccc3N1,C24H17N3O3,47
CC(C)n1c(=O)c2cc(=O)[nH]c3ccccc3nc1s2,C14H13N3O2S,33
COc1ccc(OC)c(-c2nc(C(=O)c3ccc(C(F)(F)C(F)(F)C(F)(F)F)cc3)ccc2C(C)(C)C)c1,C27H24F7NO3,62
CN(CC(=O)NC(=NC#N)N=C1C2=CC=C1C=C2)c1cccc(C(F)(F)F)c1,C19H14F3N5O,42
CC(C)(C)C(NC(=O)C1CCCCCCCC(C(=O)n2cccc2)NC1=O)C(=O)O,C22H33N3O5,60
CN1CCN(C(=O)CN2CCN3CCCN(S(=O)(=O)C4=CC=C4)C2C3)CC1,C18H29N5O3S,56
COc1cc(C(=O)[O-])ccc1[N+](=O)c1ccc(C)cc1,C15H13NO4,33
O=[N+]([O-])C(C=CC=CC1=NN=C=N1)=C(I)C=C(F)F,C10H5F2IN4O2,24
O=C(NC(=O)N1CC1)Nc1nc2cccnc2[nH]1,C10H10N6O2,27
CC1=CC2C(=O)N(CCCCCN2S(=O)(=O)c2ccccc2)C1=O,C17H20N2O4S,44
C=CC=C(C=C)c1ccccc1-n1nc(-c2ccccc2)nc1NCC,C22H22N4,48
COc1ccc(-c2nc3ccccc3c(=O)n2CCN2CCN(C(=O)CCNC(N)=O)CC2)cc1,C25H30N6O4,65
CN(c1nnc(-c2ccccc2)s1)C(C)(C)C,C13H17N3S,34
COC(=O)c1ccc2c(-c3nc4ccc([N+](=O)[O-])cc4[nH]3)cccc2c1C(=O)N1CCN(CCC(C)C)CC1,C29H31N5O5,70
CCOC(=O)N(C)c1nnc(C)[nH]1,C7H12N4O2,24
C=C(C=CC=CC=C(C1=Nc2nnc(s2)N1)c1ccccc1)[N+](=O)[O-],C17H13N5O2S,38
CCN(CCN1CC(=O)N(c2ccc(OC)cc2)C1=O)CCN1Cc2ccc3sc1nc3c2,C24H27N5O3S,60
CCCNC(=Nc1ccccc1C1=CC=C1Nc1cccs1)Nc1ccccc1,C24H24N4S,52
C=C(C=C1C=C1Cl)C(=O)NC(=O)C(=O)O,C9H6ClNO4,21
CCN(CCN1CCN(C)CC1)CCn1c(=O)cc2cc-2c1=O,C17H26N4O2,49
CC(=O)N(C(=O)C1=CC=C2C=C(S1)C(=O)N1CCN(CC1)S2(=O)=O)C(C)C,C17H21N3O5S2,48
CN1CCn2c(ccc3ccc(C(F)(F)F)c-3c2=O)C1=O,C14H11F3N2O2,32
CCCN1CCCCCN(C2=CC=N2)C(=O)C1=O,C13H19N3O2,37
O=S(=O)(S)c1ccccc1F,C6H5FO2S2,16
CC(=O)NCCC(=O)N(Cc1ccccc1)C(=O)c1ccccc1,C19H20N2O3,44
CCCCCCCCCCCCCCCCCCC[Sn]1=CC=CC=C1,C24H44Sn,69
Cc1nc2nc(n1)C(C1=c3cc(Cl)c(Cl)cc3=C1)=N2,C13H6Cl2N4,25
CC(=O)Oc1ccc(C(Cl)=CC=C2C=CC=C2C)c(C)c1,C18H17ClO2,38
O=C(O)C=CC1=Cc2cccc(c2)C1=O,C12H8O3,23
CCCCN1CCN(C(=O)c2ccccc2C)CCCCN(C)S(=O)(=O)c2ccccc2C1=O,C26H35N3O4S,69
O=c1oc2ccccc2cc2cc-2c(=O)c2ccccc2c1=O,C19H10O4,33
COC1=CC=CC(OC)=C(C(=O)OC(C)C2Oc3ccccc3O2)C=C1,C20H20O6,44
CN1CCn2nc(N(C(F)=NC#N)c3ccc(Cl)cc3)nc2N=Cc2ccccc2S1(=O)=O,C20H16ClFN8O2S,49
CCCCN(CCC)C1=NC(N=c2c3ccccc23)=N1,C16H20N4,40
COc1ccc(C(=O)N2CCN(c3ccccc3)C2=O)c(C=C2C=CC=CS2)c1,C23H20N2O3S,49
CCN(CCCCN1C(=O)N(C)c2sc1nc2-c1ccccc1)C(=O)c1cccc(OC)c1,C25H28N4O3S,61
CCCCOC(=O)c1ccc2c(C(=O)OC)ccc(C(=O)N(C)C(C)=O)c2c1,C21H23NO6,51
O=c1c(-c2ccccc2)c2nc(n1-c1ccccc1)SC=C2,C18H12N2OS,34
COC(=O)c1ccc2c(C(C)(C)C)c1-2,C12H14O2,28
CC(=O)c1ccc(C(C)=Nc2ccc(F)cc2)cc1,C16H14FNO,33
Cc1cccc(C#CC(=O)N2CCCCCN(Cc3ccccc3F)C(=O)c3ccccc32)c1,C29H27FN2O2,61
CCCCCc1nn2nc(NC(=O)c3cccc(C)c3)nc2c2ccccc12,C22H23N5O,51
CC(C(=O)Nc1ccccc1)N1C(=O)C=C(C(F)(F)F)C=C(C#N)C(=O)N(C)CCC1=O,C21H19F3N4O4,50
CCCC1=C(C(=O)OC(=O)C(C(C)C(C)=O)C(C)(C)C)C(=O)C2=CC1=CC=C(F)C=C2,C25H29FO5,58
Cc1ccc(C(=O)NC(C)C)n2nc-2c2c1=CC=2,C14H15N3O,32
COc1ccc([N+](=O)[O-])cc1N=C1NC(=O)N(C(=O)N(C)C(=O)c2ccccc2)CCS1,C20H19N5O6S,51
CC1=CC=CC=C(c2n[nH]c(C)n2)C=C1,C12H13N3,27
O=c1c2ccc(cc2)c2nnc(N(Cc3ccccc3)Cc3ccc(Br)cc3)n12,C23H17BrN4O,46
CCCCCCC(C(=O)C(F)(F)F)C1CCCCC1,C15H25F3O,44
Cc1cnc(-c2ccc(Cl)cc2)nc1N1C(=O)N(CCN2CCCC2)CC1C,C21H26ClN5O,54
CCCCC1C(CCC2=CC(C(=O)OC)=C2)C(C)C(C)C2OC12,C20H30O3,47
COc1ccccc1C(=O)N1CCC(N2C(=O)NCC3C2C(C(=O)N2CC2=O)OC(=O)N3C(=O)N2CCCC2)C1,C26H30N6O8,68
CCN(C)C(=O)C1=C(O)c2ccccc2N(C)C(=O)NC1=O,C15H17N3O4,38
CC(=O)N1CCN(C2=NC=C(Cl)C=C(S(=O)(=O)N3CCCC3)C=c3nc4sc3=NN24)C(=O)C1,C19H20ClN7O4S2,53
C=C(C=CN(C(=O)N1CCN(CC)CC1)c1ccccc1)S(=O)(=O)c1cccc(N(C)C)c1,C25H32N4O3S,65
COc1cc(-c2ccccc2)c2n1C(=O)NC(=O)C1CSC(=CC=Cc3ccccc3-2)C(=O)N1,C26H21N3O4S,54
CCN(C)C(=O)c1cc2c3c(=O)n(CC(C)(C)CC)c(=O)c=3sc1c(=O)n2C,C20H25N3O4S,53
O=c1cccc(S(=O)(=O)N2CCN(S(=O)(=O)c3ccc(-c4cccc(Cl)c4)cc3)CC2)[nH]1,C21H20ClN3O5S2,52
CCCC(=O)N(C)C(=S)N(c1ccccc1)S(=O)(=O)C1=CC=C1c1ccc(C(=O)NCC)cc1[N+](=O)[O-],C25H26N4O6S2,63
O=C(c1ccccc1-c1cc2nnc1[nH]2)N1CCN2CCCC(C2)C1,C19H21N5O,45
FC1=C(F)C(F)(F)C(F)(F)C1(F)F,C5F8,13
Cc1nc(N2CCC(C3CCCC3)CC2)sc1-c1cc2ccc1cc2,C22H26N2S,51
CCN(C(C)=O)c1nc(Nc2cccc(Cl)c2)n(-c2ccccc2F)n1,C18H17ClFN5O,43
CN(C(=O)c1ccccc1)C1=NN=CC=CC=Cc2ccc1cc2,C20H17N3O,41
CCN1CCN(CCOc2ccccc2OC)C(=O)c2ccc(c(Cl)c2)C=CC1=O,C23H25ClN2O4,55
O=C1NC2=CC=CC2=CC=CSc2ccccc2N1,C15H12N2OS,31
O=C(O)c1ccc2c(c1)C=C(F)C=CSc1ccccc1O2,C17H11FO3S,33
CN(CCNC(=O)c1ccccc1)CCn1c(=O)[nH]c2cccnc21,C18H21N5O2,46
C=CC=CC=C1c2ccc(c(C)[n+]2C)[N+]1([O-])[O-],C13H14N2O2,31
CNC(=O)c1ccc(S(=O)(=O)N(C)CCCC(=O)c2ccc(C)s2)cc1,C18H22N2O4S2,48
CN(CCN1CCN(CC2CCN(C(=O)C3=C(S(=O)(=O)N4CCCC4)C=C3)C2)C1=O)CC1OC1N,C23H36N6O5S,68
COc1cc(Cl)ccccc2c(C3=NC(NC(C)=O)=N3)cccc2c1,C19H16ClN3O2,41
CC(=O)N1CCN(c2nnc(C)s2)C(=O)C(=CC=C(Cl)Cl)C1,C13H14Cl2N4O2S,36
CC(CN1CCN(N=C=O)C1=O)NC(=O)c1ccc(C(F)(F)F)c([N+](=O)[O-])c1,C15H14F3N5O5,41
CCN1C(=O)CCC(=O)N(CC(C(NC(=O)NC(=O)c2ccccc2)C(=O)OC)C(C)(C)C)C(C)C1=O,C26H36N4O7,69
CN(C)C(=O)Nc1ccc(C2(F)C=CC=C(c3cc(Cl)cc(Cl)c3)C2)cc1,C21H19Cl2FN2O,46
CCCC([SiH3])OCCOCCl,C7H17ClO2Si,25
N=C(NC(=O)N1CCNC1=O)c1ccccc1,C11H12N4O2,28
O=S(=O)(c1ccccc1)N1CC=Cc2ccccc2Sc2nnc1s2,C17H13N3O2S3,38
CC1(C=CC#C[N+](=O)[O-])CCCCC1,C11H15NO2,29
CC(=NC(C=CC=C(C#N)[N+](=O)[O-])=CC=Cc1ccccc1)N1CC(=O)NC1=O,C20H17N5O4,46
CN(C)C(=O)N(C)C(=O)NC(=O)N(C)C(=N)N,C8H16N6O3,33
C1=CC=c2c3ccc4c(c(ccc24)-c2ccccc2-3)=C1,C20H12,32
CCN1CCn2c(ccc2C(=O)N2CCCC2)C1=O,C14H19N3O2,38
O=C1CN2CCN(CC2)C(=O)c2cccc(c2)CN1,C14H17N3O2,36
CCCCN(CCC)C(=O)c1cc(OC)ccc1-c1nccc2ccccc12,C24H28N2O2,56
CCN(C)C(=O)c1ccc(SC(=NS(=O)(=O)N(C)C)N2N=C2SC)cc1,C15H21N5O3S3,47
CCN1CCCN(C(=O)C(C(=O)N2CCCCCC2)=C(Cl)C=C(Cl)Cl)C1=O,C18H24Cl3N3O3,51
CC1=CC2(CCCCCCC2)N(C(=O)c2ccccc2)C1=O,C19H23NO2,45
O=C1C2=CC=C3C(=O)N4CCCN1CCN3CC1(CCC(CC2)C1)CC4,C21H29N3O2,55
CN(Cc1ccc(F)cc1)C(=O)NC(=O)N1CCCCC1,C15H20FN3O2,41
CCCOc1ccc2cc1N(C(=O)c1ccccc1F)C2=O,C17H14FNO3,36
O=C(SCCCCCCN1CCCN(C(=O)c2oc3cc2-3)S1(=O)=O)N1CCCCC1,C20H29N3O5S2,59
COc1ccccc1-n1c2nc3c1cccc(s2)OC(N)C3N(C)C,C18H20N4O2S,43
CC(C)(C)C(=O)C=CC=C1CCCC(=O)CC1,C15H22O2,39
Cc1ccc(C(=O)Nc2ccccc2-c2cc([N+](=O)c3ccccc3)ccc3c4ccccc4cc2-3)cc1,C34H25N2O2+,63
CCCCC(OC(C)=O)C1Cc2ccc(C(=O)OC)c(c2)C(=O)O1,C18H22O6,44
CC1=Cc2ccccc2N(C)C=C1,C12H13N,26
CN(C)C(=Nc1ccccc1)NC(=O)n1c(=O)[nH]c2ccccc21,C17H17N5O2,41
CC(=O)N=C(N)NCc1cccc(Cl)ccc([N+](=O)[O-])cc1,C14H15ClN4O3,37
CCCCN(CCCN(C)C(N)(O)OC)N(C)C,C12H30N4O2,48
CCN1CCN2CCN(C2=O)c2ccccc2C1=O,C14H17N3O2,36
CCN1CCCCN2CCN(CC)C(=O)c3ccc(c(c3)S2(=O)=O)C(F)(F)c2ccc(cc2Cl)C1=O,C25H28ClF2N3O4S,64
COC1=CC=c2[nH]c(=O)n(-c3ccc(C(F)(F)F)cc3)c(=O)c2=CC=C1S(=O)(=O)N(C)C,C20H18F3N3O5S,50
C=C1C=C2C(=O)N(CCCN2CCN(C)C)CCN2CCN(C1=O)C2=O,C18H27N5O3,53
CN1CCN2CCCC(O)C(O)CC1=NC2=O,C11H19N3O3,34
CCC(C)C(=O)OC(C)=O,C7H12O3,22
COC1C(O)C2C1Oc1c[nH]c(=O)[nH]c(=O)n2c(=O)[nH]1,C10H12N4O6,25
COc1ccc2cc1C(=O)N1CCCCCN(Cc3ccccc3)C(=O)N(CCC1)C2=O,C25H29N3O4,61
CCC1OC(=O)OC1OC1C(C(C)CCCOc2ccc(OC)cc2OC)OC(C(=O)OC)=C2C(=O)N1C2=O,C26H31NO12,66
CCC(C)N(C)C(=NC1=CC=C2C3=CC=C4C1=CC=C3C4C1=CC=C21)N(C)C,C25H27N3,55
COc1ccc(NC(=O)NC2=Nc3cc(=O)n(C)c(n3)N2)cc1,C14H14N6O3,37
CN(C)CCN1C(=CC=CC=C2Oc3ccccc3S2)S1(=O)=O,C16H18N2O3S2,41
CN(C)C(=O)Nc1ccc2c(c1)CC2,C11H14N2O,28
CC(=O)N1CCCCN(C(=O)SC(=O)c2ccc(Cl)c([N+](=O)[O-])c2)C1=O,C15H14ClN3O6S,40
CCCCC(O)C(O)C(CCCC)NC(=O)OC,C13H27NO4,42
CC1C(=O)Nc2ccccc2N2C(=O)C3=CC(=C3)N(c3ccccc3)N=C2C(=O)N1C,C23H19N5O3,49
CCN(C(=O)CNc1ccccc1C(=O)Nc1ccccc1OC)C(=O)c1[nH]c2nc1S2,C22H21N5O4S,52
CC=CC=C1C2=C3C=CC(=CC=C(C(OC)=C2)S3(=O)=O)C(=O)N(C)CCC(=O)N1C,C22H24N2O5S,54
N#Cc1ccc(C(=O)Nc2ccc(C(F)(F)F)cc2)s1,C13H7F3N2OS,27
COC(=O)c1ccc(C=CC=C2C=CC2=O)c(C(=O)OC)c1,C17H14O5,36
COC1=CC=C(OC)C(N2C(=O)N(C)c3cccc2c3)=CC=C1OC,C19H20N2O4,45
CCCCCCN1C(=O)C=C(C(=O)OC2CCCCC2)C1=O,C17H25NO4,46
CN(C)C(=O)Nc1nc2cc(Cl)ccc2n1C(=O)N(C)C,C13H16ClN5O2,37
CCc1c(CCN(c2nccs2)C(C)C)c2ccc1cc2SC,C19H24N2S2,47
COc1ccccc1NC(=O)N(C(=O)N1CCN(C(=O)c2ccccc2)CC1)c1ccccc1,C26H26N4O4,60
CCCN1CC(Cc2ccc(S(=O)(=O)N3CCN(c4cccc(C(F)(F)F)c4)CC3)cc2)CCC1=O,C26H32F3N3O3S,68
O=C1C(=Cc2ccccc2C(=O)N2CCC2)CCCCN2CCCN1CC2,C22H29N3O2,56
C=CSC(=Nc1ccccc1)Sc1n[n+](-c2ccccc2)n[nH]1,C16H14N5S2+,37
COC(=O)C#CC(=O)N1CCN(c2ccc(OC)cc2)CC1,C16H18N2O4,40
CCCCCCCCCCCOC(=O)C1=C([N+](=O)[O-])CCOC1=O,C17H27NO6,51
CCN1C(=O)C=CN=C2N=C1S2,C7H7N3OS,19
O=C1C(=O)C2=CC=C([N+](=O)[O-])C=CC=C1C=CC=CC=C2,C16H11NO4,32
CCCN(C(=O)C1=Cc2cccc(OC)c21)C1CCCCC1,C19H25NO2,47
CC1CCN2CCN(CC2)S(=O)(=O)c2cccc(c2)N1C#N,C15H20N4O2S,41
CN1CCN2C(=CC2=Nc2ccc([N+](=O)[O-])cc2)C1=O,C13H12N4O3,32
O=C(c1cccc([N+](=O)[O-])c1)N(C(=O)c1cnc(S)s1)c1ccccc1Br,C17H10BrN3O4S2,37
CCCNC(=O)C1CN(c2ccc(F)cc2S(=O)(=O)Oc2cc(Oc3ccc(Cl)cc3)ccc2Cl)C(=O)C1C,C27H25Cl2FN2O6S,62
COc1cccc(C(=O)N2C(C3=CC(Br)=C3)=CC=C3N2S3(=O)=O)c1,C16H11BrN2O4S,35
CC(C)(C)CCC1CN2C(=O)CCCOc3cc4c(=O)n(c(=O)c3=4)CCCC(C)(C1)C2=O,C25H34N2O5,66
O=C1NC(=O)ON(c2ccccc2)N1,C8H7N3O3,21
O=C1CCCCC2C(CCCN2S(=O)(=O)c2ccc3ccccc3c2)CN2CCN1CC2,C25H33N3O3S,65
CN1C=CC=C2C(C(=O)Nc3ccccc3)=CC=CN2C1=NN=C(N)Nc1ccccc1,C24H23N7O,55
CCCCCCCCC(NC(=O)c1ccccc1)C(=O)N1CCCCC1=O,C22H32N2O3,58
CCN1C(=O)N2C(C)=CN3C(=O)N4CCCCCN5CCC1C2C3C5C4,C19H29N5O2,51
COC1=C2C3=CC=C4C1=CC=C(C=CC=C(O3)N2C)NS4(=O)=O,C16H14N2O4S,37
CCCCCC1C(=O)NC1C,C9H17NO,26
CCOC(=O)NC(C=COC)=Cc1ccc(-c2ccc(S(=O)(=O)c3ccccc3)s2)cc1,C24H23NO5S2,55
CCN1C(=O)NC2=CC1=CC=CC=C2,C11H12N2O,26
CCCN(C=Cc1ccc(C)cc1)CCn1nnnc1-c1ccccc1,C21H25N5,51
O=C1c2ccccc2N2CCCCN(CC(O)CN1Cc1ccccc1)C(=O)N(C(=O)C1=CC=C1)CC2,C29H32N4O4,68
CN1CCN2CCC(C1)N(c1ncccc1Cl)c1nnc2s1,C14H17ClN6S,39
CCOc1cc(OC)ccc1C1=CC=C1C(=O)N(CC)C(=O)OC,C18H21NO5,45
C1CCCCCN(CCN2CCCCC2)CCCCC1,C18H36N2,56
N#CC1=CC=C2C(Cl)=CC(=C2Cl)S(=O)(=O)N2CCCCCCC1CC2,C18H20Cl2N2O2S,45
COc1cc2ccc1ON(C(C)(C)C)C(=O)N1Cc3ccc(cc3C1=O)NS2(=O)=O,C20H21N3O6S,51
C=C1C=C1NC(=O)C(C)n1c(=O)n(CC)c(=O)n(CC(=O)OC)c1=O,C15H18N4O6,42
CCCCCN1CCN(C(=O)C2=CC(OC)=CC2=COC)C1=O,C17H24N2O4,47
CS(=O)(=O)NN=CC(=CC=C1C=CC=C1)[N+](=O)[O-],C10H11N3O4S,29
CC(CCN1CCN(C(C)(C)C)C(Cn2nc3nc2N=C(Nc2ccccc2)N3)C1=O)c1ccccc1Cl,C28H35ClN8O,70
CCCC(O)C1C(=O)N2CCN(CC2)C(=O)N1C(=O)c1ccc(F)cc1,C18H22FN3O4,46
CCN(CCCN1CCCCC1)CCCN1C=C2C(=Cc3ccccc32)C1=O,C24H33N3O,61
CN(C)CCC1=C2C=CC1=C2F,C10H12FN,24
Cc1ccccc1-n1c(-c2ccccc2)nnc1N(C)c1ccccn1,C21H19N5,45
CCN1CCCC(NC(=O)C(C)=C(Cl)C=CCl)C1=O,C13H18Cl2N2O2,36
CN1CC(=O)N(C)CCCN2CCCN(C(=O)C3=CC3=CC1=O)C2=O,C17H22N4O4,47
C=CC=C1C=CC=CC(S(=O)(=O)N(c2ccccc2)C(C)C(=O)O)=C1,C19H19NO4S,43
CC(C)(C)C=C(Cl)CCn1c(=O)n2c(=S)n(c1=O)CC2,C13H18ClN3O2S,38
CC1OP(=O)(O)OC2=NOP(=O)(O)OC1C1CN(CCN1CCN(C)C)C(c1ccccc1)=N2,C19H29N5O8P2,60
CCN(CC(C)N1CCn2c3nnc2c(n3)NC1=O)C(=O)c1ccccc1,C18H21N7O2,46
CN(C)C1=Nc2cc(cc(-c3ccccc3N)c2)C(=O)N(C)CCN2CCN1C2=O,C22H26N6O2,56
COC(=O)C=C1C=C1OCCC(=O)OC,C10H12O5,27
CCN(C(=O)C1=CC(OC)=CC(C)=CC=C1)C(=O)c1cccc(OC)c1,C21H23NO4,49
CC1CN(CCCN2CCCC2)C(=O)N1C1=Nc2cc1ccn2,C17H23N5O,45
COc1ccccc1C(=O)N1CCCN2CN(C(=O)C1=O)C2=O,C15H15N3O5,38
CCCCCC1=C(C(=O)C(C)(C)C)CCC1,C15H26O,42
CCNC(=O)C=CC=C(C(=O)Nc1ccc(C(F)(F)F)c(C(F)(F)F)c1)C(=O)N1c2ccc(cc2)S1(=O)=O,C23H17F6N3O5S,55
CN(C)c1nnc(N2C(Cl)=Cc3cc2ccc3Cl)s1,C12H10Cl2N4S,29
COc1ccc(-c2cccc(NC(=O)C(C)(C)C)c2)cc1,C18H21NO2,42
COc1ccccc1C1CCN2c3nc(nc2n3)N2CCN(CC2)C1=O,C18H20N6O2,46
C=CC=C(Cl)C=C(Cl)C=CN(c1ccccc1)C(C)C1NC1=O,C18H18Cl2N2O,39
O=C1N2CC=CC=C(C2)n2c(-c3cccc(F)c3)nn1c2=O,C15H11FN4O2,33
C=CC1=C(C(=O)c2ccc(OC)cc2)C(C(=O)OC(C)(C)C)=C1,C19H20O4,43
O=C1C2=CC=C(Cl)CCN3CCCCCCN(CCCCCN1C3=O)S2(=O)=O,C19H28ClN3O4S,56
COC(F)(F)c1ccc(C(=O)NC(=O)c2cc3ccc2-3)cc1,C16H11F2NO3,33
CCCCCCCC1C(=O)N(C(=O)SCCCCCC)C(=O)C1C,C19H33NO3S,55
CCN(C(=O)c1ccccc1)C(C=CC=CC=C1NC1=O)=NC(=O)N(C)C(=O)c1ccccc1,C26H24N4O4,58
COc1cccc(C(=O)Nc2ccc(NC(=O)c3ccccc3)cc2)c1,C21H18N2O3,44
COC1=CC(C(=O)NC(=O)c2ccc(F)cc2)=C1,C13H10FNO3,27
CCCCCN1CCN2C(=O)C3=CC=C3CCCCCC(O)C2C(=O)N(C(=O)c2ccccc2)C1=O,C28H35N3O5,69
COc1ccc(Cl)cc1CCCCCCOC=C1C2=CC1=C2Cl,C19H20Cl2O2,43
CCCCCCCCCC(OC(=O)c1cc(Cl)ccc1C(=O)OC)C1C2OC1O2,C22H29ClO6,54
CN(C1COC(=O)N(c2ccccc2)C1)S(=O)(=O)C1=CC=CC=CC=C1,C19H20N2O4S,45
CN1N=CN=C2C(=CC=C2C(=O)N2CCN(C(C)(C)C)C2=O)NC1=O,C16H20N6O3,45
CN1CCN(CCN2C(=CC=C3NC(=O)N3C)C=CC3=C2S3)CC1,C17H23N5OS,47
COC1=CC=C(C(=O)NC(C)C(=O)N(C)C)c2ccc3nc2N=C1C=CC=Cc1ccc(cc1)OC3(F)F,C28H26F2N4O4,63
CCC(=O)N(CC)C(=O)C1=CC([N+](=O)C(F)(F)F)=C1,C11H12F3N2O3+,31
CCCCC(C(=O)O)C(C)C,C9H18O2,27
CC(C)(C)CCCN1C(=O)C2(C)CSC1=N2,C12H20N2OS,36
Cc1cccc2c1CCN(CCN1CCCCCCCCC1=O)C2=O,C21H30N2O2,55
CCN(C(C)=O)C(=O)c1ccccc1C1=NC(=O)N(CC)c2ccccc2C(=O)N1,C22H22N4O4,52
CC(C)N1CCN(C)C(=O)C=CC=C(C=c2c3cccc2c3)S1(=O)=O,C19H22N2O3S,47
CC(=O)N(C)N(C)C(=O)c1cccc2c3ccc(s3)c12,C15H14N2O2S,34
CCOC(=O)N(C)C(=O)C1=CC(=CC=C(C#N)C=Nc2cccc(OC)c2)C2=CC=C12,C24H21N3O4,52
CN1C(=O)Nc2ccc(cc2)-c2nnc([nH]2)C2=CC(=CC=CC=C2F)S1(=O)=O,C18H14FN5O3S,41
COC(=O)c1ccc(SC2=NC(=Cc3ccc(Br)cc3)S2)c(C(F)(F)F)c1,C18H11BrF3NO2S2,38
CCCN(CCOc1c2cccc1-2)C(=O)c1ccc([N+](=O)[O-])cc1,C18H18N2O4,42
CCCCCCN(C)CCCC1C(=O)N2CCN1C2=NC#N,C16H27N5O,48
COC(=NC(=O)c1cccc(Cl)c1)N=C1C=C2C(C(=O)N(C)C(C)=O)=CC=CC=C1c1ccccc12,C28H22ClN3O4,58
C=Cc1ccc(Cl)cc1C=CC=Cc1ccc(C(=O)Nc2nn3c(-c4ccccc4)cnc3s2)o1,C27H19ClN4O2S,54
CCN1CCN(CCN2C3=NC(=N3)N=C2n2nnc3ccccc32)CC1,C17H21N9,47
CCC(NC(=O)C=C(OC)C(=O)N1CCN(CC)C(=O)c2ccc(c(Nc3ccccc3)c2)C1=O)C(=O)O,C27H30N4O7,67
C=CC=C(C(=O)NC(=O)c1ccc(OC)cc1)c1cccc(C(=O)NCC)c1,C22H22N2O4,50
CC1=C(C)C(C(=O)N2CCCC2=O)=CC=C2C=C1C(=O)OCCCCCCCCC2,C25H33NO4,63
O=C(NC=CC=C1C2=CC=C1SC=C2)Nc1ccc([N+](=O)[O-])cc1,C17H13N3O3S,37
CCCN(C(=O)COC(=O)OC1OC2C(C)OC1C2O)C(=O)c1cc(OC)ccc1C(=O)OC,C22H27NO11,56
CCN1C(=O)c2ccc(C)n2C(=O)c2cccnc2N2CCN(CC2)c2ccc1cc2,C24H25N5O2,56
COc1ccccc1N(C(=O)NC(=O)N1N=C(N)c2ccc1cc2)c1ccccc1,C22H19N5O3,49
CCCc1ccc2cc(S(=O)(=O)N3CCCC3)ccc2n1,C16H20N2O2S,41
C=CC=C(C1=Cc2nnc(N(C)Cc3ccccc3)n21)n1c(N(C)C)nc2ccccc21,C25H25N7,57
CCP(C)(=O)Cl,C3H8ClOP,14
CCC1C(C(=O)N2CCCCC2)N1C(=O)c1ccc(C(=O)N2CCCC2)s1,C20H27N3O3S,54
O=C1N2CCCCCCCCCCN1C(=O)N(C(=O)N1CCCCC1)CC2,C20H34N4O3,61
CCCCCCN(C(=O)C=C1C(=O)N2CCCN(C1=O)C2=O)C(=O)OC,C17H23N3O6,49
COC(C=C1C=CC=CC=CNC=N1)=CC=C1C=CC(=O)NS1(=O)=O,C17H17N3O4S,41
CCOP1(=O)C(=Cc2ccccc2C)CCCN1c1nc2cc(OC)ccc2s1,C22H25N2O3PS,54
COc1ccc(C2=NNC3=NC4=CC(C(F)(F)F)=CC4=CC(=O)NCCN3CC2)c(OC)c1,C22H22F3N5O3,55
CC1(CC2C(C(C)(C)C)OC(=O)N2c2nc3ccccc3s2)CCC1,C20H26N2O2S,49
COc1cc(C(=O)N2CCC(=O)NC2)ccc1S(=O)(=O)c1ccc(Cl)cc1,C18H17ClN2O5S,44
CN(CCn1c(=O)ccc2ccccc21)C(=O)c1cccc(F)c1,C19H17FN2O2,41
O=C(c1ccc(Cl)c(Cl)c1)N1CCN(CCCCCCCc2cc(Cl)ccc2C(=O)N2CCC2)CC1,C28H34Cl3N3O2,70
Cc1nnc(-c2ccc(NC(=O)C(C)N3CCN(c4ccccc4Cl)CC3)c(F)c2)[nH]1,C22H24ClFN6O,53
COC(=CC=C1c2ccccc21)C=C(C=C(C(=O)OC(C)=O)C(C)(C)C)C(C)=O,C24H26O5,55
CC1OC=CC=C(Oc2cccc(Cl)c2)C2=CC=C(F)c3nnc2n31,C18H13ClFN3O2,37
CN(C)CCN(C)c1c2nc1-c1ccccc1-c(=O)-n-c1ccccc1-n-2,C21H23N5O,50
COC(=O)C(=CCCCN1Cc2cc(OC)ccc2C1=O)C(=O)OC,C18H21NO6,46
CN1C(N)=NC(c2ccccc2)=NN=C1c1ccc(F)cc1,C16H14FN5,36
CCCC(C(=O)CCCOC(=O)COC(=O)c1ccc(Cl)cc1)=C(C(=O)OC)C(=O)c1ccc(Cl)cc1,C27H26Cl2O8,63
CCCCc1c(Cl)c2nnc1s2,C8H9ClN2S,21
CN(C)CCCN1C(=O)C=C2C(=Cc3ccc4cccc2c4c3)C(=O)N(C)C1=O,C23H23N3O3,52
C=C(C=c1cc(Cl)c(OC)cc1=CC=C1C(=O)NS1(=O)=O)OC,C15H14ClNO5S,37
CC(=O)N(C)c1nc2ccc(-c3ccc(C)c(C(C)C)c3)nc2s1,C19H21N3OS,45
CC1(c2ccc(F)cc2)CC=CC=C1C(=O)N1CCOCC1=O,C18H18FNO3,41
O=C1NCCN1C1=NC1=CC=C[N+](=O)[O-],C8H8N4O3,23
COc1ccc2cccc(SCCCN(CCCCN3C(=O)N4CC3C4=O)C3CC3)c2c1,C25H31N3O3S,61
CC(=O)N(C(=O)c1ccc(NC(N)=O)cc1)c1ccc2cc1-2,C16H13N3O3,35
CC(C)Oc1cc(Cl)ccc1N(C)N=c1[nH]c2ccc1C1=NC1=C2,C18H17ClN4O,40
O=C(Nc1nc(C(F)(F)F)c([N+](=O)[O-])cc1[N+](=O)[O-])OCCc1cc(Cl)cc(Cl)c1,C15H9Cl2F3N4O6,39
CN(C(=O)c1cccc(Cl)c1)C(=O)c1ccccc1-c1ccc(OP(=O)(O)O)cc1,C21H17ClNO6P,47
CC(C)CCCN1CCc2ccccc2[N+]1=O,C14H21N2O+,38
CCCCCSC1=NC(=S)N(C)C(=O)N2CCCN1C2=O,C13H20N4O2S2,41
CCN(CC(C)OC(=O)OC)c1cc2cc-2n1,C12H16N2O3,32
C=CCN1CCCCCCCCCCCCCCN=C(C#N)C1=O,C20H33N3O,57
FC(F)(F)c1ccc(Cl)cc1Cc1nnc(-c2ccc(Cl)cc2Cl)s1,C16H8Cl3F3N2S,33
O=S(=O)(NC1=NC=c2cccc3c2=CC=C3N1)c1ccccc1,C17H13N3O2S,36
CN1C(=O)C(=CC=C2C=C(C(N)=O)C=C2c2ccccc2)S1(=O)=O,C17H14N2O4S,38
CSC(C1NC1=O)N(CC(O)C(O)C(C)C(O)C1C(O)N2C(=O)N1C2=O)C(=O)c1csc(=S)s1,C18H22N4O8S4,48
O=C1NC(O)C1OC(O)=Cc1ccc(Cl)c(Cl)c1,C11H9Cl2NO4,25
CC(CN1C(=O)c2nc1sc2C(=O)N1CCCCC1)C(C)(C)C,C17H25N3O2S,48
CCN1C(=O)NC(=O)C=C(Br)C=C2C3=CC=C(C=C2C=C(OC)C=C3)C1=O,C20H17BrN2O4,44
Cc1cccc(N2CCN(c3nc4ccccccc3cc4)C2=O)c1,C21H19N3O,44
N=C(NC(=Nc1ccccn1)c1ccccc1)c1ccccc1,C19H16N4,39
O=C1C2CCCCN2CCC2(CCCCC2)C(=O)N2CCN1CC2,C19H31N3O2,54
CCc1ccc2oc3ccc(C4CCCCCCC4)nc3c2c1,C21H25NO,48
CCOc1ccc2c(C(=O)N3CCCCC3)c(C(F)(F)F)nc(NC(=O)N3CCCC3)c2c1,C23H27F3N4O3,60
CCC(C)C(=O)OC(=O)OC1=CC=C1Cl,C10H11ClO4,26
C=C(Cl)S(=O)(=O)N1CCN(c2ccccc2)c2nnc(s2)Nc2ccccc2C1,C19H18ClN5O2S2,47
CN(C)C(=O)N(C1=NC(=Nc2ccccc2)S1)c1ccccc1,C17H16N4OS,39
O=C1C2CCCCCCCCCN1c1nnc3n1C1=NC(=N1)N32,C15H19N7O,42
c1ccc([NH+]2c3ccccc3[N-][n+]3nn[si]2[n-]3)cc1,C12H10N6Si,29
O=C1c2ccc3ccccc3c2C=C2c3ccc(c(Cl)c3)N2CCCN2CCN1CC2,C26H24ClN3O,55
CCCOC(=O)C1NC(=O)N(C)C(C)C1OCCc1c2cccc1S2,C18H24N2O4S,46
COc1ccc(C(=O)N2CCCCC(C)=C3CCCN(CCC2)C3=O)c(Cl)c1,C22H29ClN2O3,57
O=c1cc(-c2ccccc2)[nH]c2nnc([nH]1)s2,C11H8N4OS,25
O=C(O)CN1C(=O)CCCCCCCCC1=O,C12H19NO4,36
CC(C)Oc1ccc(C(F)(F)C2=CC=C3C=C(C=C2)NC3=O)cc1,C19H17F2NO2,41
O=C(C=Cc1ccccc1)Nc1nncs1,C11H9N3OS,25
COc1ccc(OCCNC(=O)C2=NC3=CN=CC3=C2NC(=O)c2ccc(S(N)(=O)=O)cc2)cc1,C23H21N5O6S,56
CC1=CC=C(C(=O)N(CCOc2ccccc2C(F)(F)F)c2ccccc2Cl)C(=O)NC(=O)N1C,C24H21ClF3N3O4,56
CCn1c(=O)n(C)c(=O)n(COc2cccc(C=Cc3ccccc3S(=O)(=O)O)c2)c1=O,C21H21N3O7S,53
C=CC=C1CC(=O)N(C2CCCCC2)C1,C13H19NO,33
CN(C)CCn1c(=O)n(C)c2ccc(F)cc2[nH]c(=O)c2cc3cc(Cl)ccc3nc21,C22H21ClFN5O2,52
CC(C)C(C)(C)Cn1c(=O)c2sc1nc2[N+](=O)[O-],C11H15N3O3S,33
CCCC1CCC(N2C(=O)c3ccc(OC)n(c3=O)C2=O)CC1,C17H22N2O4,44
O=C(NCCOc1ccccc1)c1ccc2sc3nn1c(=O)n23,C15H12N4O3S,35
O=C(c1ccc(F)cc1)N1CCN(CCC2CC2)CC1,C16H21FN2O,41
CC1(C)CCCCCC1C1OC1=O,C11H18O2,29
CNCCn1c(=O)[nH]c2ccc(S(=O)(=O)n3c4ccc3c(Br)c4)cc21,C16H15BrN4O3S,40
CCN1CCN(c2nnc(N(CC)c3ccc(C)cc3)s2)CC1,C17H25N5S,48
CCCCCCCC(=O)N1C(=O)CSC1=Nc1ccc2cc-2c2ccc1-2,C21H22N2O2S,48
C=CC=C1C(N(C(C)=O)C2CCCN(C(=O)C(C)C)CC(CCC)NC2=O)=Nc2ccc(F)cc21,C27H35FN4O3,69
Clc1ccc(N=c2[nH]c3ccc(Cl)cc3[nH]2)cc1,C13H9Cl2N3,26
CC1(C)CCC(C)(c2ccccc2-n2c3nnc2s3)C1,C16H19N3S,39
COc1ccc(CCN(C(C)=O)C(=O)c2cccc3ccccc23)cc1,C22H21NO3,47
CN1CCCN2CCCN(CC1)c1ccc(c3ccc(-c4n[nH]c(=O)[nH]4)cc13)C2=O,C22H26N6O2,54
FC(=C1C=CC(Cl)=C1)c1sc(N2CCCCCCC2)nc1-c1ccccc1,C22H22ClFN2S,49
CC1=C(CCC[SiH]2CCCC[SiH]2C)O[Si]1=O,C11H22O2Si3,36
C=C1C=CC(NC(=O)C(C)NC(=O)c2ccco2)=C1,C14H14N2O3,32
COc1ccc2c(c1)C(=O)SCCN(C(C)=O)C2=O,C13H13NO4S,32
CCOC(=O)C1C(C(=O)N(C)C(=O)CC(C)(C)C)OC(C(O)C(O)C2OC2C(=O)O)C2OC(=O)C21,C22H31NO12,57
O=c1n2nc(n1CC(COc1ccccc1)Nc1cccc3ccccc13)N1C=C1C2=Cc1ccccc1,C31H25N5O2,62
C=CC=CC1=CC=C2C3=CC=C4C=CC=C3[N+]4([O-])C2=N[N+]1(C)[O-],C18H15N3O2,38
CCN(C(=O)C=CC1=Cc2cc(C)ccc2SC1=Cc1ccc(Cl)cc1)C(=O)N(C)C,C25H25ClN2O2S,56
COC(=O)CCCCCCN(C)C(=O)c1ccccc1C(=O)C(C)(C)C,C21H31NO4,57
CC1=CC1=CCCCCCCCCCCCOC(=O)C(C)C(=O)[O-],C20H31O4-,54
O=C(Nc1ccccc1)C1N(c2ccccc2)c2nc(=NC=CC(Cl)=CC3=CC=C3)n1c(=O)[nH]2,C25H19ClN6O2,51
CCc1nc(NC(=N)NC)nc(-c2ccccc2C=Cc2ccc(Cl)cc2)n1,C21H21ClN6,49
CC1=CC=C1Nc1nnc(NS(=O)(=O)c2ccccc2)s1,C13H12N4O2S2,33
CCCN1CCC(CN2C(=O)c3ccc(OC)cc3C2=O)C1,C17H22N2O3,44
c1ccc(-c2nnc[nH]2)cc1,C8H7N3,17
CCCCN1C(=O)C1CC(=O)O,C8H13NO3,25
O=c1nc(-c2cccc(F)c2)nc(SCCC[S+]([O-])c2ccc3cccccc2-3)[nH]1,C22H18FN3O2S2,47
O=[N+]([O-])C1=CC=C1C=C1N=C(O)S1,C7H4N2O3S,17
CC(C)c1ccc2nc1N(C(=O)N1CCCCC1)CCCN(CCN1CCCC1)C2=O,C24H37N5O2,68
O=C(O)CN(C(=O)C1=CC=C(Br)C=CC=C1Cl)C(=O)c1ccccc1F,C18H12BrClFNO4,38
O=C1C#CCCCCCN2CCCN1CC2,C13H20N2O,36
CC1=C2N=C2NC(c2ccc(C)c(C(=O)N(C)C)c2)=N1,C15H16N4O,35
C=C(c1ccccc1CCN(CC)CC)c1ccccc1-c1ccccc1,C26H29N,56
CCOc1cc2cc(c1)-c1cc(OCC(=O)OC)ccc1C2=O,C18H16O5,39
CN1CC(=O)Nc2ccc(cc2)OCN(C(=O)NC(=O)C=C2C=C2)C1=O,C17H16N4O5,41
CN(C)c1nc(C(=O)N2CCCC2)c2ccccc2n1,C15H18N4O,38
CC(C)(C)CNC(=O)N1CCN(C(=NC#N)C2=CC3=CC2=C3)CC1,C18H23N5O,47
CN(CCN1C(=O)CN2CCCC1C2)C(=O)c1ccc(Cl)c2ccccc12,C21H24ClN3O2,51
O=C(Oc1ccc2c(F)cccc(=O)[nH]ncc2c1)c1ccccc1,C19H13FN2O3,37
CC(C)(C)OC(=O)c1c2c(Br)c-2n(C(C)(C)C)c1=O,C14H18BrNO3,37
CCCN1CC(C(O)C(C)O)NC(=O)c2ccccc2C1=Nc1ccccc1,C22H27N3O3,52
O=C(Nc1n[nH]c(C2=CCCC=C2)n1)c1ccc(Br)cc1,C15H13BrN4O,33
COc1ccc2c(C(=O)N(C)C(=O)C(C)C)c(C)sc2c1,C16H19NO3S,40
COS(=O)(=O)C(F)(F)C(F)(F)C(F)(C(F)(F)F)C(F)(F)F,C6H3F11O3S,24
N#Cc1cccc(C(F)(F)F)c1C=C1C=C1C(=O)NC(=S)N1CCNCC1,C18H15F3N4OS,42
C=Cc1ccc(-c2nc(-c3nnc(C)[nH]3)nn2CC)cc1,C15H16N6,36
C=CC=CC=c1[nH]c(=O)c2cc1c(C(=O)NCCCC)s2,C16H18N2O2S,39
CC(C)(C)CN1CCN(C2=CC#C2)C1=O,C12H16N2O,31
Nc1nnc(C2=CC=CC=C=C2)[nH]1,C9H8N4,20
N#Cc1ccc2c(S(=O)(=O)NC(=O)NS(=O)(=O)c3ccccc3)cccc2c1,C18H13N3O5S2,41
O=C(c1ccccc1)N1CC2N=C(S2)N(CCOc2ccccc2Br)C1=O,C19H16BrN3O3S,43
CCCN1C(=O)C2=C(NC(=O)N(CC)c3ccccc3Cl)C1=N2,C16H17ClN4O2,40
COC(=O)C1=CC2=C1C(C)CCCCCCC[N+]2=O,C15H22NO3+,41
C=c1c(-[n+]2nnc(-c3ccccc3)[n-]2)c(I)cc2c1=C2,C15H9IN4,29
COC(=O)c1ccc2c(c1)C2=Cc1ccc(S(=O)(=O)Oc2ccccc2)cc1,C22H16O5S,44
O=C1NCCC(O)C1NC1=C(Nc2cccc(Cl)c2)C=C1,C15H16ClN3O2,34
CCCCN1C(=O)C1CCOC(C)=O,C10H17NO3,31
CCOC(=O)NC(C)C,C6H13NO2,21
CCCCN1C(=O)NC(C(=O)O)C(N)C1CNC(N)=NN=C([N+](=O)[O-])C(F)(F)F,C13H21F3N8O5,47
COC1=CC=CSc2nn3c(=O)n2C(=CC=C(S(=O)(=O)Nc2ccccc2)C3=O)C=C1,C20H16N4O5S2,47
CCCS(=O)(=O)O,C3H8O3S,15
O=c1c2cc-2cn1CCN1CCCCN(c2ccc(C(F)(F)F)cc2)CC1,C20H22F3N3O,49
O=C1CCN(C(=O)c2ccccc2)CCCCCCCOC(=O)O1,C18H23NO5,47
O=C(O)C1=C2C(C=Cc3cccc(Cl)c3)=CC=C2N1,C15H10ClNO2,28
CC(C)(C)C[S+]([O-])C(=O)n1c(=O)n2c(=O)c(cc#cc3ccccc31)CCC2,C21H22N2O4S,50
CN(C(=O)c1ccccc1)c1nc(-c2ccccc2)nn1C(N)=NC=CC=CC1=CC=CCC1,C27H26N6O,60
O=C(NCCC(O)C1CCCCN1C(=O)c1ccccc1)c1ccc2[nH]c3c(c2c1)C=C3,C26H27N3O3,56
O=C(c1ccc2cc(C(F)(F)F)c([N+](=O)[O-])cc2c1)n1c2nc3c1=C(C=3)S2,C17H6F3N3O3S,33
CN(CCCN(C(=O)CCc1nc2ccccc2[nH]1)C(=O)c1ccccc1)C(=O)c1ccccc1,C28H28N4O3,62
CSC(=NN=C(c1ccccc1)c1ccccc1)N1c2ccc(-c3ccccc3S(=O)(=O)N(C)C)cc2S1(=O)=O,C29H26N4O4S3,66
COC1=CC(C(C(=O)N(C)CCCCN2CCCCC2)=C2c3ccc(OC)cc32)=C1,C25H32N2O3,62
COc1cccccc(=O)n(C)c(N=c2c(=O)n(C)c2=O)n1,C14H14N4O4,36
CCCCN(Cc1ccccc1)C(=O)C1=CC=C2C3=CC=C2C3=CC=C1,C24H23NO,49
COc1ccccc1-n1cccc1C(=O)N1CCN2CCCN(C)C(=O)C2=N1,C20H23N5O3,51
COC(=O)c1ccccc1C1C2=CC=CC=C3C(=O)N(C=C2)C(=O)N31,C19H14N2O4,39
C1=CC1=Cc1nn2nc(-c3ccccc3)nc2[nH]1,C13H9N5,26
Cn1c(=O)c2c(cc(C(F)(F)F)ccc3ccc(Br)cc3c1=O)S2,C16H9BrF3NO2S,33
Cc1ccccc1N=Cc1ccccc1NC(=O)C1C(O)C1N(C)C,C20H23N3O2,45
CN(C)CC(=O)N1CCN(CCc2ccc([N+](=O)[O-])cc2)C(=O)C2=CN=C=C(S2)C1=O,C20H21N5O5S,52
CCCOC(=O)c1ccccc1-c1ccc2ccccc2c1,C20H18O2,40
CCN(C)C(=O)c1cc(-c2cccc(C)c2)cc(C(F)(F)c2ccccc2)c1,C24H23F2NO,51
CN(C(N)=O)C(=O)Nc1n[nH]c2ccccc12,C10H11N5O2,27
COc1ccc(CN(C)C(=O)C2=C3CCCN(C3=O)C2=O)cc1,C17H18N2O4,41
CCN(CCCN(C)C1=NC2=NC2=Nc2nnc(-c3cc(F)cc(Cl)c3)n21)C1=CC=C1,C21H20ClFN8,51
C=C(Cl)C=CC=CC=CNc1nnc(-c2ccc(Cl)cc2)s1,C16H13Cl2N3S,35
O=S(=O)(NC1CN2CCN(c3cccnc3)C1C2)c1ccccc1,C17H20N4O2S,42
O=C1NCCCOc2ccc(cc2)OC(F)(F)c2ccc3sc(nc3c2)N1,C18H15F2N3O3S,42
CCC(CC)CCOc1ccc2c(c1)S(=O)(=O)C1=C(N1)C(=O)N2C,C17H22N2O4S,45
CC(C)(C)C1=Cc2c(c2=O)OCCN1C(=O)c1ccccc1,C18H19NO3,41
C=C(C=CC1=CC=C1)C(=O)n1c2nnc1n2C,C12H10N4O,27
CCOc1ccc(C=C(C(=O)OC(O)c2ccccc2Cl)C(=O)c2cccc(OC)c2)cc1,C26H23ClO6,55
Cc1ccc(N(CCN(C)C)CCN2CCN(C(=O)c3ccc4c(n3)O4)CC2)cc1,C23H31N5O2,61
CCN(CCn1c(=O)c2ccc(cc2)c1=O)C(=O)C=CC(C)=Cc1ccc(OC)cc1,C25H26N2O4,57
CCN1CCCN(C(C)=O)S(=O)(=O)c2ccc(cc2)-c2nsc1n2,C15H18N4O3S2,42
CC1=CC=CC2=CNC(=NC(C)=N1)S2,C10H11N3S,24
CCN1CCCC(Nc2nc(-c3cccc4ccccc34)nc(N(CC)CC)n2)C1=O,C24H30N6O,60
CCCCCCCCn1c(=O)c2c(C(=O)OC)sc3c(c(SCC)ccc23)c1=O,C22H27NO4S2,56
CCCC(=O)N(CC)S(=O)(=O)c1cc(-c2nc3nc(Cl)ccc3c(=O)n2CC)ccc1F,C21H22ClFN4O4S,54
CCC(=O)NC(=O)COC(=O)c1ccc2nc(SC)[nH]c2c1,C14H15N3O4S,36
CC(C)(C)OC(=O)CCOC(=O)OCC(=O)C(=O)c1ccc(-c2ccccc2)cc1,C23H24O7,54
C=C(C=C(OC)c1ccccc1-n1c2nnc1s2)OC,C14H13N3O2S,33
CC1(C)CC(=O)C1=O,C6H8O2,16
CCN1C2=NC(NC(=O)c3ccccc3)=NC1=NC(C(C)C)=CC=C2,C19H21N5O,46
CNC1=Nc2nc(cc3ccccc23)C(=O)N2CCN(CC2)C(C)C1C,C20H25N5O,48
C=C1C=C(c2nnn[nH]2)C=CN=C(N=C(c2ccccc2)c2ccccc2)NS1(=O)=O,C21H17N7O2S,47
CCCCC(=O)OC(CCC1=CC=C1)C(=O)N1C(C)C(=O)N(C)C2C(OS(=O)(=O)OC)c3ccccc3C(=O)C21,C28H34N2O9S,69
CC(C)(C)C1C2C(=O)N3CCCCN4CC(C(=O)N2C4)N(CC2=CCCCC2)C(=O)C13,C24H36N4O3,63
CC1C2C(=O)N(Cc3ccccc3)CCN2CCN1C(=O)C1=CC1=C1c2ccc1[nH]2,C24H24N4O2,51
CC1CCCC(=O)N1Cc1cc(-c2ccccc2)ccccc(-c2ccccc2)cc1F,C29H28FNO,60
COc1cccc(C(=O)N(Cc2ccc(C(=O)N(C)C(C)=O)c(Nc3ccccc3)c2)c2ccccc2)c1,C31H29N3O4,67
CCCC1C(O)C(NC(=O)c2ncccc2N2C(=O)N(C)c3ncnc2n3)C1O,C18H21N7O4,46
CC1C=CC(C(=O)Nc2nc3ccccc3s2)=CC1,C15H14N2OS,33
CN(CCc1ccccc1)C(=O)Nc1ccccn1,C15H17N3O,36
CCCN(C(=O)N(C(=O)c1ccccc1)c1ccc(Cl)cc1)c1ccccc1F,C23H20ClFN2O2,49
CN(CCC(=O)NC(=O)c1cccc2ccccc12)C(=O)N1CCCNC1=O,C20H22N4O4,50
CC=NC(=Nc1ccccn1)NC(=O)c1ccccc1,C15H14N4O,34
O=C(Nc1ccc(C2=NN3CCN(CC2)C3=O)cc1)C1=CC2=CC=CC(=CC=C1)C2(F)F,C24H20F2N4O2,52
CC(C)N1C(=O)CN(C(=O)c2ccccc2)c2ccccc2OC1=O,C19H18N2O4,43
CCC1CCN(C(=O)c2cc3c4ccc2c3c(OC)cc(OC)c4)CC1,C22H25NO3,51
CCCCCCC(=O)c1cc(C(=O)NC(=O)c2cc3cccc-3cc(S(C)(=O)=O)c2)ccc1C(F)(F)F,C27H26F3NO5S,63
CC(C)CCCCCCCCN(C#N)C(=O)N=C=O,C14H23N3O2,42
COc1ccc(NC(=O)N=C2N=C3C=Cc4cccnc4N(Cc4ccc(cc4)C(=O)N2C)C(=O)N3)cc1OC,C28H25N7O5,65
COC(=CC(N)=O)c1ccc(N(C)S(=O)(=O)c2cccc(OC)c2)cc1Cl,C18H19ClN2O5S,46
O=S(=O)(O)c1ccc(C2CN=C2c2ccccc2)cc1,C15H13NO3S,33
C1=CC=C2C=CC=C2C(c2nc3ccccc3[nH]2)=CC=C1,C19H14N2,34
COc1ccc(OC)c(C(=O)N2CCN(C(=O)N3CCCC3)C3(C2=O)C2=CC3=C2)c1,C22H23N3O5,53
C=CC1=CC(Sc2ccc(C(=O)NC(C)=O)cc2)=C1,C15H13NO2S,32
CCOC(F)(C(F)(F)F)C(F)(F)C(F)(F)C(F)(F)F,C7H5F11O,24
COc1cccc(N2C(=O)N(c3cccc(Cl)c3)C(=O)CN(C(=O)c3ccccc3)c3nnc2s3)c1,C25H18ClN5O4S,54
COC(=O)C1CN2CCCN(C(=O)NC(=O)OC3CCCCC3)C(=O)N1CC2,C18H28N4O6,54
C=CC1=CC([N+](=O)c2ccccc2NC(=O)NS(=O)(=O)c2ccc(C)[n-]2)=C1,C18H16N4O4S,43
CCOc1ccccc2cc-2cc1C(=O)OC,C14H14O3,31
O=C(Nc1ccccc1)c1nnc2n1N2C(=O)Nc1ccccc1,C16H12N6O2,36
CCN1CCN(C(=O)C2CC(Oc3cc(C(F)(F)F)ccc3F)C(=O)N2)CC1,C18H21F4N3O3,48
C=CC1=CC=C(C)C=C(Cl)C=C1[N+](c1cccc(Cl)c1)=c1[nH]c1=O,C19H15Cl2N2O+,39
CN1CCCN(C(=O)C=C2C=C2C(C)(C)C)CC1,C15H24N2O,42
CC1=C(C(N)=O)C(O)=N1,C5H6N2O2,15
Clc1cccc(CCN(c2ccccc2)c2nnc(Nc3ccccc3)[nH]2)c1,C22H20ClN5,47
COC=C1C2=CC=CC=CC(=C2)C=CC=C1C(=O)O,C16H14O3,33
COc1cccc(C=C(N=c2[nH]nc(-c3ccccc3)[nH]2)NC(=O)c2ccccc2)c1,C24H21N5O2,50
NC(=Nc1ccccc1)NC(=O)NC(=O)C=c1oc2ccc3cc1-c3c2,C19H14N4O3,39
CCCCCCCN(CCC)c1nc2ccccc2s1,C17H26N2S,46
CCNC(=O)N(C)C(=O)c1ccccc(C(=O)NC(=O)N(C)c2cccc([N+](=O)[O-])c2)cccc1,C24H25N5O6,59
CCNC(=NC=C1N=C1N1N=N1)NC(C)C(=O)Nc1ccc(C(F)(F)F)cc1,C16H17F3N8O,44
CCN1C(=O)N(c2cc(OC)ccc2F)C1=NN=C(C)C(=O)N1CCCCC1C,C20H26FN5O3,54
CC(C)CCN(C)C1=NC=C2C(c3cccc(Cl)c3)=CC=C1c1ccc(Cl)c2n1,C24H23Cl2N3,52
CCc1cccc(-c2ccncc2)c1,C13H13N,27
CCCN1C(=O)c2cc3ccc2c1csc(=Nc1cc(Cl)cc(Cl)c1)[nH]3,C19H15Cl2N3OS,40
CN1CCC(=O)N2CC=C(C1=O)C2=O,C9H10N2O3,24
CC1(C)CCCC(=O)O1,C7H12O2,21
CN(C)c1ccccc1C(=O)N1CCN(C(=O)c2ccccc2CCc2cccc3ccccc23)CC1,C32H33N3O2,70
CCCN(C(=O)c1cc2ccc1N([S+](C)[O-])C(=O)NC2=O)C(=O)N(C)C1=CC=C1,C19H20N4O5S,48
CC1CN(CCN2CCCCC2)CCN1C(=O)c1cc2ccc1cc2,C21H29N3O,53
C=C(C(=O)O)c1ccc(C(=O)OC2C(CCC)OC2C(O)c2ccc(C(=O)N3CCCCCC3)cc2)cc1,C30H35NO7,69
CCCCCCCC(O)C(NC(=O)c1ccc(C)cc1)c1ccccc1,C23H31NO2,55
CCCN(C(C)=O)C1=NC2=CC=C(Cl)C1=CC=C2C,C15H17ClN2O,36
COc1ccccc1-c1cccc(S(=O)(=O)NC2=CC=C2)c1,C17H15NO3S,37
COC1=CC=C([N+](=O)[O-])CN(C(=O)CC(=O)N2CCCCC2)C(=O)C2=CC=CS(=O)(=O)C2=C1,C21H23N3O8S,56
CC(=O)N1CC(N2CCN(C(=O)c3cccc4cc(Cl)ccc34)CC2=O)COCC1=O,C22H22ClN3O5,53
CN1CCN(C(=O)N2C(=O)N(c3ccccc3F)CCNC(=O)c3ccc2cc3)CC1,C22H24FN5O3,55
CC(C)(C)Cc1ccccc1C(=N[N+](=O)c1ccc([S-])cc1)c1ccc([N+](=O)[O-])cc1,C24H23N3O3S,54
O=C(O)N1C(=O)N1C(=O)c1ccccc1,C9H6N2O4,21
C=CC=C1C=C1SC(=CC(=O)NC(=O)c1ccccc1)Sc1ccccc1,C22H17NO2S2,44
O=C(C=Cc1nnc(NC(=O)c2ccc(Cl)cc2)s1)c1ccccc1,C18H12ClN3O2S,37
COC(=O)c1c2ccc(OC(=O)C(C)(C)CCCC(C)C)c1C2=O,C19H24O5,48
O=C(OCCNc1ccccc1C1=CC=C2C=CC=C21)N1CCN2CCCCC2C1,C25H29N3O2,58
CCCCC(C)CN(C(C)=O)C1=CC=CC=c2nc(-c3ccc(Cl)cc3)[nH]c2=C1,C24H28ClN3O,56
COC(=O)C(CCCCCCCCC1NC(=O)C1O)NC(=O)c1cccc2ccccc12,C25H32N2O5,61
COC(=O)C1=Cc2c(CCCCOc3ccc([N+](=O)[O-])cc3[N+](=O)[O-])cccc21,C20H18N2O7,47
N#Cc1ccc(CCCCCN2CCCCCN(C(=O)c3cccc(Cl)c3)CC2)cc1,C26H32ClN3O,63
CC1COC2=CC=CCC2N(CCOC(=O)c2ccccc2)C(=O)c2ccccc2C(=O)N1,C26H26N2O5,58
CCO[S+](CCl)CCCN(C)C(=O)[O-],C8H16ClNO3S,30
COC(=O)c1cc2c(c3c1=CC=3)CC(C(=O)OC)CCCCOC2=O,C19H20O6,44
COC1=CC=C1Sc1cn(CC(N)C(=O)N(C)C)c(=O)o1,C13H17N3O4S,37
CC(=O)N1CCN(C)C(=O)c2ccc(c3ccccc23)NC1=O,C17H17N3O3,39
CCCC(CCCCN1C2C(O)C(O)C21)CCCC1=CC2=CC1=C2,C21H31NO2,51
C=C1C=c2c(sc3ccc(C(=O)OCC(=O)N(C)C(=O)CC)cc23)=N1,C18H16N2O4S,41
CN(C(N)=O)S(=O)(=O)C1=CC=CC=S2C=CN=C12,C10H11N3O3S2,29
CCC(=O)NC(=O)Cl,C4H6ClNO2,14
N#Cc1ccc(C(=O)Nc2ccc3c(=O)n2C(Cl)=C3)cc1,C15H8ClN3O2,29
COc1ccc2[nH]c(Cn3[nH]c(=O)[nH]c3=O)cc2c1,C12H12N4O3,30
CC(=O)N1CCCCCN(C(=O)N2CCCCC2)CCC1,C16H29N3O2,50
COc1ccccc1OCCCCN1CCN2CCNC(=O)C2=CC=C(Cl)C1=O,C21H26ClN3O4,55
CC(C)(C)N1CCN2CCC1C2,C10H20N2,32
O=C(O)C1CN2CCCCCCCCCN1CCCCCCCC2,C20H38N2O2,61
CCN(CC)C(=O)C(=Cc1ccccc1C(=O)N1CCCC1)C(F)(F)F,C19H23F3N2O2,49
C=CN=C1C(NC(=O)c2ccc(Br)cc2)=Nc2nnc(C)n21,C14H11BrN6O,33
COc1c2cc(cc1NC(=O)c1cccs1)C=N2,C13H10N2O2S,28
Cc1cnc(C(C)NS(=O)(=O)c2cccc(C3Cc4ccc(F)cc4O3)c2)[nH]1,C20H20FN3O3S,46
CCCCCCN1C(=O)c2ccccc2C(=O)C1=CC=C(C)C(=O)OC,C21H25NO4,51
COC1=CC=C(O)C=CC=C1c1cc(C(=O)NC(=O)O)ccc1OC,C18H17NO6,42
CC(=O)n1c2ccccc2n2c(NC(=O)C=CC=CC=C3C=C3)nnc12,C19H15N5O2,41
COc1cc(NC(C)=O)ccc1C=Cc1ccc([N+](=O)[O-])cc1,C17H16N2O4,39
C[N+](C)(C)CCN(CCCN1CCCC1)C1=NC2=C3C4=CC=CC(=C3C=C4Br)C2=C1,C25H32BrN4+,62
O=C(c1c2cccc1-2)c1sc(C(F)(F)F)c2c1nnn2CCN1CCCCC1,C19H17F3N4OS,45
O=C1CCCOc2ccc(c(-c3ccc(C(=O)NC(=O)Nc4ccccc4)cc3)c2)N1,C24H21N3O4,52
CCN(C(=O)C1=CCCN(C)C1=O)c1ccc(Cl)cc1,C15H17ClN2O2,37
C=CC=COc1cccc(-c2ccccc2C(=O)O)c1,C17H14O3,34
O=C(c1cccc(C2=NCC(C=Cc3ccccc3)S2)c1)N1CC2OC2C1=O,C22H18N2O3S,44
CN(C)S(=O)(=O)c1ccc(C2(NC(=O)c3cccc(NC(=O)c4ccccc4)c3)Nc3ccccc3N2)cc1,C29H27N5O4S,65
CCCN(CC1CCC1)C(=O)c1cccc2cc(OC)ccc12,C20H25NO2,48
COc1ccc(C=C(C#CC(=O)N2CCCC2)NC(=O)CCN2CCCCC2=O)cc1,C24H29N3O4,59
CC(C(N)=O)C(N)=O,C4H8N2O2,15
CCCCN(C)C(=O)CCCCC(=O)O,C11H21NO3,36
CCOC(=O)c1c(C(=O)N2CC2)c2nnc1n2C,C11H12N4O3,30
C=C(C(=O)N(C)Cc1ccccc1Cl)C(=C1NNC1=O)c1cccc(C(F)(F)F)c1,C21H17ClF3N3O2,45
CN1CCN(C)c2nc3c([nH]2)C(=O)N(c2cc(Oc4ccccc4)ccc2Nc2ccccc2)CC3=CC1=O,C30H28N6O3,66
CCN1CCN2CCN(CC2)C(=O)c2cnc(c3c2=CC=3)N(C(=O)Nc2ccccc2)CC1,C25H30N6O2,63
Cc1ccc(C(=O)n2c(-c3ccccc3)cn(N=C(c3ccccc3)N(C)C(=O)c3ccccc3)c2=O)cc1,C32H26N4O3,65
C=C(Cl)C=C1C=CC=C1CN1CC(=O)N(C)C1=O,C13H13ClN2O2,31
O=C1N2CCCN(CCC2)C(=NC=C2C=C2)N1c1ccc(Br)c(Cl)c1,C18H18BrClN4O,43
CC(C)(C)C1(C)CCN(C(=O)c2ccc(F)cc2C(=O)N2CCCC2)C1,C21H29FN2O2,55
COc1cc(C2=CC=CC=CC2=CC=CC2=CC=CC=C(OCC(=O)O)C=C2)c([N+](=O)[O-])cc1OC,C28H25NO7,61
COC1(C(=O)N(C)C)Cc2ccc1cc2Oc1ccc2[nH]c(=O)[nH]c2c1,C19H19N3O4,45
CC(NC(=O)c1ccccc1)C(=O)NN=NC1=CC=C(Cl)C(Cl)=CC=C1,C18H16Cl2N4O2,41
CCCN(CCCN(CCOC(=O)N(CCC)C(=O)OC)C(=O)OC)C(=O)N(C)C,C19H36N4O7,66
O=C(CC(=O)NC(=O)c1cccc(F)c1Cl)NC(=O)c1ccc(Br)cc1,C17H11BrClFN2O4,37
CN1C(=O)NC2=NC=CN=C1N2,C6H7N5O,18
Cn1c2nnc1C(C1=CC=C(F)C=CC1=C1C=C1F)S2,C14H9F2N3S,29
COC(=O)C(C)CC(=O)C(=CC(=O)c1ccc2cc1-2)C(=O)OC(C)C(O)C1OC(=O)C(C)C1C1CCCCC1,C30H36O9,68
C=CC=C(Nc1ccccc1Sc1ccccc1C(=O)N1CCN(C)C1=O)C(=O)NC,C23H24N4O3S,54
CCCCCc1ccc(CN2CCN(c3nc4ccccc4c4ccccc34)CC2)cc1,C29H33N3,65
O=C1c2cnc(N3c4ccccc43)n(c2=O)CCCN1CCCOc1cccc(Cl)c1,C23H21ClN4O3,52
COC(=O)CCC=CC=C(Cl)C=C(C(=O)c1ccc(C(F)(F)c2ccccc2)cc1)c1ccc(Cl)cc1,C30H24Cl2F2O3,61
CS(=O)O,CH4O2S,8
CC1CCCSC2=NC(=C2C(F)(F)F)C1(C)C,C12H16F3NS,33
O=C1CCCCCC2C(=O)N12,C8H11NO2,22
CC(=Cc1ccc(C(=O)O)cc1)C(=O)c1cccc(Br)c1,C17H13BrO3,34
C=C(C(=CC=c1nc(SC)n2nc(C)nc12)C(F)(F)F)[N+](=O)[O-],C12H10F3N5O2S,33
c1cc(N2CCCC2)c2nnc3sc1CCCCCCn32,C16H22N4S,43
CCn1c2nc(ccc(C=CSc3ccccc3)[nH]c1=O)S2,C16H15N3OS2,37
CCCCCCCCCCCCC1OC(=O)c2ccc(cc2)C(=O)C2=CC(=O)N(C2=O)C2OC12,C27H33NO6,64
CC(C)Nc1ccccc1C=C1C=C1,C13H15N,29
CCCN(C)C(=O)c1ccc(C(=O)NC(=O)c2ccc(C(N)=O)cc2)s1,C18H19N3O4S,44
CC(C)(C)C1=Nn2c(nc3cc(Cl)ccc32)CN2CCN1C2=O,C16H18ClN5O,41
CCN(C)CC(C)OC(=O)C1=C(C)C(C(=O)OC)=C1c1ccc2cc1-2,C20H23NO4,48
C#CC1=CC=C(C(F)(F)F)S(=O)(=O)c2ccc(OCC3C4CCC(C)N5C(=O)CC(C)C3C45)cc21,C26H26F3NO4S,55
O=C1CCCN1CCCCCCCC=C1C(Cl)=C1Cl,C15H21Cl2NO,40
CCCCCC1=NC1=Cc1cc(Cl)c(F)cc1[N+](=O)[O-],C14H14ClFN2O2,34
COc1cccc(OCCN2CCN(C(=O)c3cc4c([nH]c3=O)S4)CC2)c1,C19H21N3O4S,48
O=C(O)c1cccc(C2Cn3c(=O)c4cc5c(nc(O)n2c3=O)=CC=CC=C4C=5)c1,C22H15N3O5,45
CC(=O)N1Cc2ccc(c(Cl)c2)CN(C)C(=O)c2ccccc2C1=O,C19H17ClN2O3,42
COc1cc(C=CS(=O)(=O)N2CC2)ccc1C(F)(F)c1ccccc1,C18H17F2NO3S,42
CCOc1ccc(-c2cc(C3=NCCN3C)ncc2Cl)c(CC)c1,C19H22ClN3O,46
COc1ccccc1N1C(c2ccc(C(=O)N3CCN(C(N)=O)CC3)cc2)CC2=CC=C2S1(=O)=O,C25H26N4O5S,61
CCCCCCCC(=O)NCC,C10H21NO,33
C=C1C=C(S(=O)(=O)N(CC)CCCCCC)C(=O)Nc2nc(C)ccc21,C19H27N3O3S,52
C=C1C=C2N=C1N=C2N(C)C(=O)N(CC)c1ccccc1,C16H16N4O,37
CC(C)(C)C(=O)CCCC1CCCOC(=O)OC(=O)C1,C15H24O5,44
CCCC(=O)N(C(C)=O)C(=O)C1=CC=C1C=C1C(OC)=CC=C1[N+](=O)[O-],C18H18N2O6,44
Cc1cc2ccc1N(C)C(=O)N2C(=O)c1cc2ccc1n2C(=O)N(CN(C)C)c1ccccc1,C26H25N5O3,59
CC(=O)N(CCc1ccccc1)CCN1CCN(S(=O)(=O)c2ccccc2)CC1,C22H29N3O3S,58
CCCN(CC)CCN1CCN(c2nc3c(Cl)cccc3nc2Cl)CC1,C19H27Cl2N5,53
CCOC(=O)C1Oc2nc(ccc2OC)N2C(=O)c3ccccc3-c3ccc(cc3)OC12,C24H20N2O6,50
COC(=O)CCCN1C(=O)CCCN(C(=O)C(C)(C)C)C(=O)c2ccccc2C1=O,C22H28N2O6,58
O=C1CN(S(=O)(=O)C2=CC=CC=C(Cl)C=C2)c2ccccc2N1,C16H13ClN2O3S,36
CCN1CC=C(c2nc(OC)nc(-c3ccccc3)n2)C1=O,C16H16N4O2,38
C=CC=c1oc2n3c4nnc3c(n1CCNC(=O)Nc1ccccc1)=CC=24,C19H16N6O2,43
O=C(Nc1ccccc1)C(=Cc1ccccc1)C1=NNC1=O,C17H13N3O2,35
CCCCCC(=CC=C(C(=O)OC)c1cccc(Br)c1)c1ccccc1,C23H25BrO2,51
COC(=O)COC(=O)c1ccc(C(=O)N2C(=O)C3=CC=C(SC(c4ccccc4Br)=C3)C(=O)C2(C)C)cc1,C28H22BrNO7S,60
CC(=C(CN1CCCC1)c1nc2nc3nn2c3n1)c1ccccc1Cl,C18H17ClN6,42
CC(=O)NC(=O)c1ccccc1-c1ccccc1,C15H13NO2,31
O=C(NC1=CC=CC(F)=CC=C1)c1nc2n(n1)C(Nc1cccc(C(F)(F)F)c1)=N2,C19H12F4N6O,42
CCN(C(=O)C1=CC=C1)c1nnc(NC)s1,C10H12N4OS,28
CCCc1cccc(Oc2ccccc2)c1,C15H16O,32
CC(O)C1C2CN3CCN1CCN2C(=O)N(C1=CC=C1)C3=O,C15H20N4O3,39
COC(=O)c1ccc(C(F)(F)F)cc1C(=O)SCC(=O)N1CCCC1,C16H16F3NO4S,41
CCC(C)(C)N(CCN1CCSC1=O)S(=O)(=O)c1ccccc1Br,C16H23BrN2O3S2,47
CN(C)S(=O)(=O)c1ccc(C(=O)c2cc(C(C)(C)C)ccc2F)cc1,C19H22FNO3S,47
CCCCCCCCCC(=O)CCCCC(C)C(=O)O,C17H32O3,52
COC(=O)C(CN(C)C)NC(=O)c1ccccc1C(F)(F)F,C14H17F3N2O3,38
CCCN(CCNC(=O)C=Cc1ccccc1)CCn1c(=O)n(C)c(=O)n2c3ccccc3nc12,C26H30N6O3,65
O=C1C2=CC=CN(c3ccccc3[N+](=O)c3ccccc3)CCN1C2,C20H18N3O2+,43
N=C(Nc1ccc(Cl)cc1)Nc1ccccc1C=COc1ccc(Cl)cc1Cl,C21H16Cl3N3O,44
CN1CCCN(c2ccc(C(F)(F)F)cc2C=C2CC2=O)C1=O,C16H15F3N2O2,38
O=C1Nc2ccc(cc2)-c2ccc([nH]2)NCCCCCN1C(=O)N1CCN(S(=O)(=O)c2ccccc2)CC1,C27H32N6O4S,69
COC1=Cc2ccc3c(c21)C(=O)N1CCN(CC1CCCC(C)(C)C)C3=O,C22H28N2O3,55
O=C1C#CN1CCN1CCCN2CCCN(CC2)CC1,C15H24N4O,44
COC(=CC=C1C=C1OC)C(=O)N(C)C(=O)c1cc(OC)ccc1[N+](=O)[O-],C18H18N2O7,45
CCCN(C)c1nc2nc(c1C1=CC=CC=CC=C1)N=C1N(C)CCN12,C20H24N6,50
CCN(CCN1CCCCC1)S(=O)(=O)c1nc(-c2ccccc2)ccc1Cl,C20H26ClN3O2S,53
COC(=O)C1=CC=CS(C(=O)c2ccccc2)=C1,C14H12O3S,30
CC=CC=C1C=CC=C1C(C)(C)n1c2nnc1s2,C14H15N3S,33
C=Cc1ccc(NC(=O)c2cccc(OC)c2)cc1,C16H15NO2,34
COC1SCCOC1C(O)C(O)C(O)NC(=O)O,C9H17NO7S,31
COc1ccc(C(=O)N2CCCC3=C(C)N(CC3)C2=O)cc1OC,C18H22N2O4,46
CC1OC(=O)C(O)C(O)C1O,C6H10O5,17
CC(=CCCOC(=O)C(C)(C)C)C(=O)c1ccc(C(C)(C)C)s1,C19H28O3S,51
CCCCCN(CCCC)C(=O)N1CCCCn2c(=O)c(cn(C)c2=O)C1=O,C20H32N4O4,60
CCCN(CCCN(CC)C(=O)C=Cc1ccc2cc1-2)C(=O)c1ccc(OC)cc1,C25H30N2O3,60
O=C1CC2CN1CCCN(C(=O)N1CCn3c1nc1cc(Cl)ccc13)C2,C18H20ClN5O2,46
CCC1NC(=O)N(c2c(OC)[nH]c3ccccc23)CNC1=O,C15H18N4O3,38
CC1(CCCCC2OC(=O)C3=C(F)C=C3C(=O)OCCCOC2=O)CCCCCC1,C23H31FO6,60
CC(=O)c1ccc(C=CSC(=S)N(C(C)=O)C(=O)O)cc1,C14H13NO4S2,34
CCN(CC(C)N1N=C2NN=C1c1ccccc12)S(=O)(=O)c1ccccc1,C19H21N5O2S,46
CC1(C)CCN2C(=O)N3CCC2C31,C10H16N2O,27
N=C(C=CN=c1[nH]nc(Nc2ccccc2)s1)c1ccccc1,C17H15N5S,37
CC#Cc1cccc2c(=O)n(CCC(C)C)c(=O)c-2cc1,C18H19NO2,40
CNC(=O)N1CCN(C(=NC2=CC=C3C=CC=C32)Nc2ccc(C(F)(F)F)cc2OC)C1=O,C22H20F3N5O3,53
CCC(=O)N(C)C(=O)C1=CC=C1C(=O)N(CCN1C(=O)CN(C)C1=O)C(=O)C1=CC=C1[N+](=O)[O-],C21H21N5O8,55
Cc1ccc(C(=O)N2CCC(=O)N3CCN(CCCCCCC2=O)C3=O)cc1Cl,C21H26ClN3O4,55
CCCCCN(CCCN1C(=O)C=c2ncnc3c2=CC(=N3)N(C)C1=O)C(=O)c1ccccc1,C25H28N6O3,62
N#CC1=CC=CC(Cl)=CC=C(N2C(=O)NC2=O)C=C(c2cccc(Cl)c2)C(Cl)=C1,C21H12Cl3N3O2,40
CCC(C)NC(=O)N(C)c1ccc(OC)cc1-c1nc2ccccc2[nH]1,C20H24N4O2,48
O=c1ccnc(N=C(c2ccccc2)N(Cc2ccccc2)c2ccc(Cl)cc2)[nH]1,C24H19ClN4O,49
COc1cc2ccc1C(C(=O)c1ccccc1)=CCC(O)CCCC(C(C)C)N(C)C2=O,C27H33NO4,63
C=c1c2cc3ccccc3c1ccc2C(=O)N(C)C(=O)CCCN(CC)CC,C24H28N2O2,56
CC(C)(C)C1=CC=C1C(=O)N1CCCCCC1,C15H23NO,40
CC(=O)N(CCN(c1ccccc1)c1ccccc1C(=O)Nc1ccccc1)c1ccccc1C,C30H29N3O2,64
CCCN1CCN(C(=O)c2ccccc2C)C(=O)C=Cc2ccc(cc2OC)C1=O,C24H26N2O4,56
COC(=O)C1C2CCCC(C)(C)C2C1OC(=O)OC1(C)CCCCC1,C20H32O5,53
O=C(O)COC1=CC(Br)=C1Cl,C6H4BrClO3,15
CC(C)(C)N1CCCN(C(=O)N(CCOc2ccccc2)C(=O)c2ccc(F)cc2)C1=O,C24H28FN3O4,60
O=C(Nc1ccccc1)Nc1nnnn1-c1ccccc1C(=O)NC1=Cc2ccccc2OC=C1,C25H19N7O3,54
Cc1nnn(C)c1-c1cccc(C=C(c2ccc(F)c(Cl)c2)c2ccc(-c3cccc(Cl)c3)s2)c1,C28H20Cl2FN3S,55
O=C1C2=CC(=C2F)C2CCN(CCN3CCCCC3)CCCN12,C18H26FN3O,48
CCSC1=NC(=CC2=c3c(C(N)=O)cccc3=CC=CC=C2OC)S(=O)(=O)N1C,C20H21N3O4S2,50
CCN1C(=O)CCN(C(=O)NC2=CC=CC(OC)=CC(Cl)=C2)C1=O,C16H18ClN3O4,42
CN(C)CCN(CCN(CCNC(=O)C=Cc1ccccc1)C(=O)c1cc2ccc1-2)c1ccccc1,C30H34N4O2,70
NC(=S)N=C(N)c1ccc(C(F)(F)F)cc1,C9H8F3N3S,24
Fc1cccc(C=C(Sc2nnns2)c2cc3ccccccc2cc3)c1,C21H14FN3S2,41
COC(=O)C1CCCN1C(=O)C1=C2C(=O)OCCCCCN(CC2(F)F)C1=O,C18H22F2N2O6,49
CCN1C(=O)OC(C(C)O)OC2C(O)C(C)OC21,C11H19NO6,31
Cc1ccccc1Nc1ccccc1CC1NC2CC2C1O,C19H22N2O,39
CNc1ccccc1C(Br)=CC#N,C10H9BrN2,22
CSC=CC=C(C(=O)c1cccc2ccccc12)c1ccc(C(=O)O)cc1,C23H18O3S,45
CN(CO)NS(=O)(=O)NCCNS(=O)(=O)O,C4H14N4O6S2,30
COC1=CC(=CC=C2C=C2C#N)SC(SCC2(C)CCCCCN3CCC2C3)=N1,C23H29N3OS2,58
O=C(NC(=O)c1n[nH]c(SC=CC2=CC=C2C(F)(F)F)n1)c1ccccc1,C17H11F3N4O2S,37
CCC(=O)N(CC)C(=O)c1cc2ccc(C)cc2s1,C15H17NO2S,36
O=C1NC2CCCN3CCCN(CCCC23)C(=O)c2[nH]c3nc2C1=C(C(F)(F)F)S3,C19H22F3N5O2S,49
CCN=c1c2ccccc2c(=O)n2c(=O)n1CCN(CC)C(=O)C2,C17H20N4O3,44
COc1ccc2c(c1)-n1c(C(=O)N(C)C(C)=O)nn3nc-2nc13,C14H12N6O3,35
COc1ccc(OC)c(NC(=O)N2CCCC(NC(=O)C=C3C4=CC=C3C=C4)C2)c1,C23H25N3O4,55
CCCC=C(C(=O)N1CCCCC1)c1cc(OC)ccc1C(=O)OC,C20H27NO4,52
CCN(C(=O)C1=CC=C1C(=O)OC)C(=O)N(C)C(C)C,C14H20N2O4,40
COc1ccccc1CN1CC2NC(=O)C1=CC=C1C(=O)NC2C(O)CN(C)CCN(C)C1=O,C24H31N5O5,62
CC1(C)CCN(C(=O)c2c3cc(Cl)cc2S3)C1,C13H14ClNOS,31
CCC1=CSc2nc3sc2c(=O)n3CCOCCN2CCN(C1)C2=O,C16H20N4O3S2,45
O=C(NC(=O)Nc1cccc(Cl)c1)NC(=O)c1cccc(-c2c3cccc2-3)c1,C21H14ClN3O3,42
COC1=CC=C2CN(CCCCCC1)C2=O,C13H19NO2,35
CCN1C(=NC)NC(=O)N2C(=O)C1C(NC(=O)c1ccccc1C)C2C(=O)OC,C19H23N5O5,49
CCOC(=O)NC(O)C1OC1C(O)C(O)C(O)C(O)C(O)C(O)C(C)O,C14H27NO11,43
COc1cccc(-n2c(=O)cc3c(Br)ccc4cccc(OC)c5cc(ccc35)c(=O)n4c2=O)c1,C27H19BrN2O5,54
CCC=Nc1nc2nn1N=C(c1ccccc1)C(C(F)(F)F)=CC=CN2,C17H15F3N6,40
CC1=CC1=CC(=O)C(C)C,C9H12O,22
C#CCCN1CCN2CCN(CCN(C)C1=O)C2=O,C13H20N4O2,39
CCN(C)C(=O)N(C1=CC=C2SC=C21)c1ccc(OC)cc1,C17H18N2O2S,40
CCOC1=CC=C1C(C#N)=Nc1ncnc(N(CC)CC)n1,C15H18N6O,40
COc1cccc(C(=O)N2C3C4C(=O)N(C(=O)C=CN=Cc5ccccc5)C3C42)c1,C23H19N3O4,45
CCCCCCCN1C(=O)C#CC1=Nc1cccc([N+](=O)[O-])c1,C17H19N3O3,42
CC1(C)CCCCCC(C)(C)C(n2c(=O)[nH]c(=O)c3c2=CC=3)C2OC2C1,C21H30N2O3,52
Cc1ccc(CCCCCN2C(=O)N(C(C)C)c3nnc2s3)o1,C16H22N4O2S,45
CN(CCN(Cc1ccccc1)C(N)=NC1=Nc2cccn21)Cc1ccccc1[N+](=O)[O-],C23H25N7O2,57
CCCCCCC(=O)OC(C(CC)OC(=O)c1ccccc1)C1OC(=O)CCCCC1C,C26H38O6,66
C=CC(=O)N1C(=O)C=CC=CC(=Cc2cccc(S(=O)(=O)c3ccccc3)c2)C1=O,C23H17NO5S,47
CCCCCCN(CCCN1CCC(C)C(O)C1=O)C(=O)NN=C1C(=O)c2ccc1cc2,C24H34N4O4,63
CCCC(C(=O)OCC)C(C(C)CC)N(C)C(=O)C1=CC2=CC=C(C)C2=C1,C23H33NO3,57
COC(=O)C1=CC(C(=O)OC)=C1C,C9H10O4,23
CC1CN(C(=O)c2cccc(N3CCCCC3=O)c2)CC(=O)N1CC1CCCC1,C23H31N3O3,60
COc1cc(-c2c(C(=O)N3CCN(CC(C)C)CC3C)n3c4ncnc3c24)ccc1C(F)(F)F,C24H26F3N5O2,59
COC(C=CC=CC1=CC=C1)=CC=C1C=CC=C1NS(N)(=O)=O,C17H18N2O3S,41
CCCN1CCc2cc3ccc2c(c3-c2ccc(OC)cc2)C1=O,C21H21NO2,45
CCN(CCC1CN2CCN1C(=O)C2)C(=O)c1cc2cc3sc(cc1-2)cc3OC,C22H25N3O3S,54
CC1CCN(C)c2ncc3nc-3nc(s2)N1C,C11H15N5S,32
FC(F)(F)C1=C(Cl)C=C(Cl)C2C1C1CN3CCN2C(C3)O1,C13H13Cl2F3N2O,33
CCc1ccc2c3cc(nc2n1)C1=CC=C2C=CC(=CC=CC3=C2)S(=O)(=O)NC(=O)NC1=O,C24H18N4O4S,51
CCCCN1N=NN(C)C1=CC=C1C(=O)N(C)C(=O)c2c(Cl)cccc21,C18H20ClN5O2,46
CC1=Nc2nc1c(C(=O)N(CCCC(C)(C)C)CCN1CCCCC1)s2,C20H32N4OS,58
CCN1CCCc2ccc3[nH]c(c4cc(OC)ccc34)c3c(OC)ccc(c3c2)C(=O)NC(C)C1=O,C29H31N3O4,65
CC(C)(CCN(CCC#N)C(=O)c1ccccc1)c1ccc(Cl)cc1Cl,C21H22Cl2N2O,48
CCN(C(C)=O)c1ccccc1C(=Nc1cccnc1)c1ccc(Cl)cc1,C22H20ClN3O,47
CC1OC(=O)C1NS(=O)(=O)c1ccc(C=Cc2ccccc2)cc1C(F)(F)c1ccccc1,C25H21F2NO4S,52
C=C(F)C1=C2C=CC=C2C(N2CCCN(CCCCC)C2=O)=C1,C19H23FN2O,46
CCC(CCCOC(=O)c1c2cc(cc1C(C)(C)C)C=CC=C2)OC(=O)c1ccc(OC)cc1,C29H34O5,67
CCCN1CCC(=Nc2ncnc(OP(=O)(O)OCC)n2)CC1,C13H22N5O4P,45
CC(=O)NC1=NC(C(C)=Cc2ccccc2Br)=N1,C13H12BrN3O,30
O=C1c2cc(Cl)ccc2CN1CCN1CCCCC1,C15H19ClN2O,38
C=Cc1ccc(C(=O)N(C)C(=O)c2ccc(Cl)cc2)nc1Nc1ccc(F)cc1,C22H17ClFN3O2,45
CSC(=O)N1CCCC(CCCCl)C1=O,C10H16ClNO2S,30
COCC1COC(C(C)O)C(OC2=C(C3=C4C=C3S4)NC2=O)C(=O)N1,C16H18N2O6S,38
CCN1C(=O)N(C(=O)c2ccc(Br)cc2)CC(=O)Nc2ccc1c(OC)c2,C19H18BrN3O4,45
CCN(C(=O)c1ccccc1)C(=O)N(CC(=O)N(C)C(=O)c1ccccc1OC)C(=O)c1cccc(SC)c1,C29H29N3O6S,68
COP(=O)(O)OC(C(O)C(O)C1OC2OP3(=O)OC(C2O)C1O3)N1CCN(C(C)C)C(=O)NC1=O,C16H27N3O14P2,53
CCNC1=NC1=CC=C(N(C)c1nnc2n1C1CCCN2C1)C(F)(F)F,C16H20F3N7,45
CCN(C(C)=O)C(=C(C)Sc1ccccc1)c1ccc([N+](=O)[O-])cc1,C19H20N2O3S,45
Cc1nc2c(=CC=C3C=CC=CS3(=O)=O)n1C(c1ccc(F)cc1)=NN=2,C18H13FN4O2S,39
O=C1SCCN(S(=O)(=O)c2ccc(Br)cc2)C(=O)N1CC1CC1,C14H15BrN2O4S2,38
CCOc1ccc(-c2ccc(C(=O)N(C)C)c(=O)n2CCCC(=O)Nc2ccc(C(F)(F)F)cc2)cc1,C27H28F3N3O4,65
COC1=CC=C(C(=O)Nc2nnc(NC(=O)c3ccccc3)s2)C=CC=C1,C19H16N4O3S,43
CC(=O)OC1=CC=C(C(F)(F)F)C(C(=O)NC(=O)c2cc(C(F)(F)F)ccc2F)=CC=C1,C20H12F7NO4,44
O=C1Nc2nc3cc4ccc(cccc(c(Cl)c4)N1)cccc3s2,C18H12ClN3OS,36
CCCCCCCCCN1CCCCN(c2nc3ccc2=3)C1=O,C19H29N3O,52
C=C(F)C=C(NS(=O)(=O)c1ccccc1OC)C1=CC=C1O,C15H14FNO4S,36
COC1=CC=CC(C(=O)N2CCN(C(=O)NNC(=O)NC(=O)Sc3ccccc3)C2)=CC=C1,C22H23N5O5S,55
CCCCC1NC(=O)c2ccc(c3cc([N+](=O)[O-])ccc23)C(=O)N(C)CCN(CC)C1=O,C23H28N4O5,60
CC1C(CCCCCC2=CCCCC2)N2C(=O)N1C1=NC2=N1,C17H24N4O,44
CCN(CCOC1=CC=C2C=CC=C21)C(=O)c1ccccc1C(=O)N(C)C(C)=O,C23H24N2O4,53
CCCCCCCCn1c(=O)oc(=O)c2cc(C(=O)CC)ccc2c1=O,C20H25NO5,51
O=c1cccc(F)[nH]1,C5H4FNO,12
CCc1ccc(C(=O)NC(C(=O)NCC2=CC=C3CC2=CC=C3OC)C2CCCC2)c2ccccc12,C31H34N2O3,68
O=C1C(C2=CC=C2)=NN=C(c2cccc(C(F)(F)F)c2)N2CCN1C2=O,C17H11F3N4O2,37
CC(C)(C)C1OC(=O)c2cc(ccc2C(F)(F)F)OC2C(C)(C)C1C2(C)C,C21H27F3O3,51
C=Cc1ccc(OC)c(-c2csc(N3CCN(c4ccc(OC)cc4)C3=O)n2)c1,C22H21N3O3S,50
CCN(C)c1c(Cl)cc2c(Cl)c1-2,C9H9Cl2N,21
CCC(OC(=O)C(=O)C=C1C=C1[N+](=O)[O-])C(OC(C)=O)C(C)C(C)(C)C,C18H25NO7,48
CC(=O)N1CCCCCn2c(=O)n(CC3CCCCC3)c(=O)n(c2=O)C1=O,C18H26N4O5,53
CN1CCN(C(=Nn2ccc3ccccc32)N(C)c2ccccc2)C1=O,C20H21N5O,47
C=C1C(=O)OCCCCCCCCCCN(C(C)=O)C(=O)CCCc2cccc1c2,C25H35NO4,65
COC1=CC=CC1=CC=CC(=O)NC(=O)c1ccccc1[N+](=O)[O-],C17H14N2O5,38
CCC1CCCN(CC)C(=O)N1CC1=C2C=C2C(F)(F)C1(F)F,C16H20F4N2O,42
CSC=C1C=CC2=C1N(C(=O)c1ccccc1)CCN(c1ccc(C(F)(F)F)cc1)C(=O)NC2=O,C25H20F3N3O3S,55
CCCC1CCC(=O)N1C(=O)c1cc(C(=O)NC(=O)Oc2cc(OC)cc(OC)c2)ccc1OC,C25H28N2O8,62
COC(=O)c1ccc(C)c(C(=O)C=CC=Cc2ccccc2)c1,C20H18O3,41
CCCCCN1CCN(C(=O)C2=CC(OC)=C2)C1=O,C14H20N2O3,39
N#CC(=CC(F)(F)F)N1CCN2CCN(CC2)C(=O)c2cc(Cl)ccc2C1,C18H18ClF3N4O,45
C=C1Sc2cccc(c2)C(=O)N2CC3CN(CC4CCCN(C4=O)C3C2)C(=O)c2ccc1c(F)c2,C27H26FN3O3S,59
C=CC=CC=CC=CC=C1C(=O)N2CCC3C(C12)N(C(=O)c1ccccc1)CCN3C,C26H29N3O2,57
CN(C1=NC=Cc2ccc(Cl)cc2S1)c1ccccc1Cl,C16H12Cl2N2S,33
Cc1ccccc(N)cc2c(=O)n(C)c-2ccc2cc-2c(C(=O)NC#N)c1,C21H18N4O2,45
COC(=O)C1=CC=C(c2ccccc2)C(C(F)(F)F)=C(C(F)(F)F)C=C(C(F)(F)F)C=CC=C1OC(=O)c1cccc(C(F)(F)F)c1,C31H18F12O4,65
CCc1c2cccc-2ccc(Cl)c1C(=O)c1ccccc1,C19H15ClO,36
CCCOC1=CC=C2C=c3c2ccc(N(C)C)c3=C1,C17H19NO,38
CCOC(=O)C(=CCC1c2ccccc21)C(=O)c1cccc(C(=O)N(C)CC)c1,C24H25NO4,54
CCCCN(C(=O)c1ccccc1OC)C(=O)N(C(=O)N1CCCCC1)C(C)C,C22H33N3O4,62
COC(=O)C1=CC=C1CN1CCN2CCN(CCC2=O)S(=O)(=O)c2ccc(s2)S1(=O)=O,C18H21N3O7S3,52
O=C(O)c1cccc2cc3ccc2cccc1c(=O)o3,C16H10O4,30
O=C1C=C(C(=O)c2ccccc2)C(=O)N1,C11H7NO3,22
CCN1CCN(C(=O)n2c3c4nc2n(c4C(F)(F)c2ccccc2)C2=NC=32)CC1,C20H18F2N6O,47
CCCN(CCN(CC)CC)C(=O)OC1C(O)C(O)CCCC2NC(=O)NC21,C19H36N4O5,59
CCOCCN1C(=O)N2CC1C2=O,C8H12N2O3,24
CC(=O)OC(O)C1C(O)C(O)C(O)C(O)C(O)C(O)C(O)C1O,C12H22O11,35
O=C(c1cccc2c1O2)N1CCCCN2CCN(CC2)CC1,C17H23N3O2,45
CCO[N+]([O-])([O-])C1=CC(C(=O)N2CCO[S+](C)C2=O)=Cc2ccc1n2C,C16H19N3O6S,45
CN(C)S(=O)(=O)N1C(=N)C2=Cc3cccc(NC(=O)c4ccccc4)c3C=CC1=C2,C22H20N4O3S,50
CN(C(=O)c1ccccc1)C1=NC=CC=C(c2cccc(NC(=O)Nc3ccc(F)cc3)c2)N1c1ccc(F)cc1,C32H25F2N5O2,66
O=C(O)C1CCCCCCCC1,C10H18O2,30
CCCCN(C)C(=O)c1ccc2cc1N=C=NC2=CC=CCl,C17H18ClN3O,40
CCN1CCCCCN(CC2=C3C=C4C(=O)NC(=N3)SC4=CC(Br)=C2)CC1,C20H25BrN4OS,52
Cc1ccc(C(=O)NC2CN(c3ccc(Cl)cc3)CCN(C(=O)c3ccc(F)[nH]3)C2=O)cc1,C24H22ClFN4O3,53
O=C1CN(CCN2CCN(c3ccccn3)CC2)CCN1C1=CC=C1C(F)(F)F,C20H24F3N5O,53
COc1ccc(C(=O)NC(CNC(=O)C2=NC=C2C=CBr)C(=O)Nc2cccc(OC)c2)cc1,C24H23BrN4O5,56
CN1CCN2CCN(CC2)C(=O)CN(C2=Nc3cccc4nc(-c5ccccc5)cc2c34)CC1,C27H30N6O,64
COC(=O)C1CCCCCC2CN(C3=NC4=CC=C3C4(F)F)C(=O)N1C2,C18H21F2N3O3,46
O=C(O)c1nc2ccc1c(=O)[nH]2,C7H4N2O3,15
C=C1C(=CN(CCCCCC)C(=O)CCC)S1(=O)=O,C14H23NO3S,42
COc1ccc(OC)c(C(=O)c2cc3c(s2)C(=O)NCCCC3)c1,C18H19NO4S,43
COc1ccc2cc(NC(=O)C(C(N)=O)=C3C=CC=C3)ccc2c1,C19H16N2O3,40
C=C1C(=O)N2CC(CCCCCC)N(C1=O)C2=O,C13H18N2O3,35
CC12CCCC(C)(CC1)C2=O,C10H16O,27
COc1ccc2c(c1)n1c(-c3ccccc3OC)nnc1n2C(=O)C=CC=CC=Cc1ccccc1,C29H24N4O3,60
CC=CS(=O)(=O)c1cccc(C(=O)N(c2ccccc2)c2nnc(CCCCC)n2C)c1,C24H28N4O3S,60
CCCCCCCCC1CCC(=O)OC1C1OC(=O)c2ccccc2C1=O,C22H28O5,53
CSc1nnc(-c2ccc(S(=O)(=O)N3CC(=O)N(C)c4ccccc43)cc2)[nH]1,C18H17N5O3S2,44
CCCCOC1C(=O)OC2=CC=C([N+](=O)[O-])C1NC2=O,C12H14N2O6,32
N#CC1=CC=CC1=CC=C(N1CCCCCN2CCN(C2=O)C1=O)C(F)(F)F,C19H19F3N4O2,47
COc1ccc2c(c1)-c1ccc(cc1N1CC(O)CN(C)C1=O)OP(=O)(O)O2,C18H19N2O7P,46
CCN1CCN(C(=O)c2ccc(OC)c(Cl)c2)CCN(Cc2ccccc2C(F)(F)F)C1=O,C23H25ClF3N3O3,58
c1ccc(N2CCCN(c3cccc4ccccc34)CC2)cc1,C21H22N2,45
O=C1NC(=O)N(CCNc2nnc(N(Cc3ccc(F)cc3)c3ccccc3)s2)Cc2ccccc21,C26H23FN6O2S,58
CCCCCN(CC)C(=O)c1cn2[n+](-c3ccc(C)c4ccccc34)c1-2,C22H26N3O+,52
CC(O)C(=O)NC(=O)Sc1cc(Br)ccc1Br,C10H9Br2NO3S,25
CCCCC(=O)C(=O)C(F)(F)C(F)(F)C(F)(F)C(F)(F)C(F)(C(F)(F)F)C(F)(F)C(F)(F)C(F)(F)C(F)(F)C(F)(F)C(F)(F)C(F)(F)F,C19H9F27O2,57
C=C1C=C1C1CN(c2ccccc2C#N)CCN1C(=O)N1Cc2ccc(cc2)N2CCN(CC2)C1=O,C28H28N6O2,64
O=C(O)N=C(NC(=O)c1ccccc1)Nc1c2cc(Cl)c(Cl)c1-2,C15H9Cl2N3O3,31
Nc1cc(C(F)(F)F)cccc(-c2ccccc2)nc(Nc2ccccc2)n1,C21H17F3N4,45
Cc1c(C(=O)OC(=O)CCCCCCCCCCCCCCC(C)(C)C)c1=O,C24H40O4,68
CC1=NC2(N=C=S)NC(=N1)S2,C5H4N4S2,14
COc1ccccc1N1C(=O)N2CCCCN(CC2)C1=C(C#N)c1ccccc1,C23H24N4O2,53
CNC(=O)C1=CC=CC1=CC=C(NC(N)=O)c1ccc(C(=O)Nc2ccccc2)s1,C22H20N4O3S,50
c1cc(N2CCCCCCC2)c2nc1N2C1CCCC1,C17H25N3,45
COC1=CC=C2N=C(N(C)C(=O)N(C)CCNC(=O)Nc3ccccc3)SC(F)=CC=C21,C22H24FN5O3S,56
C=C(C=CO)C(=O)NC(=O)c1ccccc1Oc1ccccc1C(=O)N(C)c1ccccc1,C26H22N2O5,55
CC=Cc1ccc(C(=O)Nc2ccccc2)nc1N(C(=O)Nc1ccccc1)c1ccccc1,C28H24N4O2,58
CC(C)n1nc2cc(c1=O)C(=O)N(CC(=O)c1ccccc1)C(=O)c1ccc-2cc1,C23H19N3O4,49
CC(=O)OC1CCCCCCCCCCCCCCOC1=O,C18H32O4,53
N#Cc1cccccc2ccc1N(C(=O)c1ccccc1[N+](=O)[O-])C(=O)N2,C19H12N4O4,39
CCN(C1CCN(C)CC1)S(=O)(=O)c1c2ccc(Cl)c1C=C2,C16H21ClN2O2S,43
COC(=O)N(C)C(=O)Cn1c(Sc2ccccc2OC)nc2ccccc2c1=O,C20H19N3O5S,48
CCCC1C(=O)OC(C)C(O)C1(C)C,C11H20O3,31
Cc1nnc(-c2ccccc2C)[nH]1,C10H11N3,23
O=C1OCCN(C(=O)O)C=CC=C(C(=O)c2ccccc2)C=CC=CS(=O)(=O)c2ccc1cc2,C25H21NO7S,55
CCCN1C(=O)c2ccc(c3ccccc23)C(=O)N(C)C(C)C(CC)C1=O,C22H26N2O3,51
O=C(CC(=O)OCCCBr)OCBr,C7H10Br2O4,23
CCCCN(C)C(=O)c1cnc(-c2cccc(OC)c2)c(=O)[nH]1,C17H21N3O3,43
COC(=O)C(Sc1cc(C)ccc1C)=C(C(=O)N(C)C(=O)c1ccccc1OC)c1ccccc1,C28H27NO5S,62
CC(C)(C)C1=CC2=C1CCCN1CCCN2C1=O,C15H22N2O,40
CN1C(=O)C(C=Cc2ccccc2)=CC=CC=C(C2=NC(c3ccccc3)=N2)C1=O,C25H19N3O2,49
COc1ccc(C(=O)N2CCN(S(=O)(=O)C3=CC=C4OCCC=C43)CC2)c(OC)c1,C21H24N2O6S,54
CCCCCCN1CCC(C(=O)N2CCCC2)NC1=O,C15H27N3O2,46
COC1=CC(=CC=C2C=C2)C(N2CCN(C(=O)N3CCCC3)CC2)=N1,C19H24N4O2,49
CCCN1CCC(CCCN(C)C(=O)c2ccccc2)CC1=O,C19H28N2O2,50
CN(CCCCCN1C(=O)NC2=CC1=N2)CCCc1cc2ccc1-2,C19H24N4O,48
CC=[N+](c1ccc(-c2cccc(-c3ccccc3)n2)cc1)c1ccccc1F,C25H20FN2+,48
CCCN(CCN1C(=O)c2ccccc2C1=O)S(=O)(=O)c1ccc(OC)cc1,C20H22N2O5S,50
C=C1C(=O)NC=Cc2cccc3c2NC(=O)c2ccccc2C(=O)N(C)CCN1N=NN(c1ccccc1)C3,C29H27N7O3,66
CCCN1C(=O)c2ccc(C(=O)OCC)c(c2)C2=CC1=N2,C16H16N2O3,37
COc1ccc(C(=O)NC=C2C=C2C=CC=Cc2ccccc2)c(OC)c1,C23H21NO3,48
COC(=O)CCN(C(=O)c1ccccc1)C(=NC(=O)c1ccccc1)SC1=CC=C1,C23H20N2O4S,50
COC1CC2CCCC(C2)C1OC(=O)C1=CC=C1C(=O)OC1(C)CCCCCC1,C24H34O5,61
CN(CCN1CNC(=O)c2ccc1cc2)C(=O)c1cccc(F)c1,C18H18FN3O2,42
COC=CC=C(OC)c1cc([N+](=O)[O-])sc1C(=O)NC(=O)COc1ccc(OC)cc1OC,C21H22N2O9S,55
COCCCCN1CCC1=O,C8H15NO2,26
CC(C)(C)C1=NC(=O)N2CCCCCC(=N1)c1ccccc1C2=O,C19H23N3O2,47
CCN(CCCN(C)C(C)=O)C(=O)c1cc2cc(c1)-c1[nH]nc3[nH]c-2nc13,C19H22N6O2,47
CCCN1CCN(C(=O)N2CCOC2=O)C(=O)c2sc(cc2F)C1=O,C15H16FN3O5S,41
CN1CCN2CCN(Cc3ccccc3)Cc3ccc(cc3)C(=O)N(CC2)C1=O,C23H28N4O2,57
CCCCCCN(CC)C(=O)c1c(-c2ccccc2)ccc2c(N(C)C(=O)OCC)cccc12,C29H36N2O3,70
O=C1CCCCN1C(=O)C1=CC=CC=CS1(=O)=O,C12H13NO4S,31
COc1cccc(C(=O)N(CCC(=O)N2CC3=CC3=CSCC2=O)C(=O)c2ccccc2)c1,C25H22N2O5S,55
Clc1cnc2c(c1)C(N1CCCN3CCC1CC3)=N2,C14H17ClN4,36
O=C(C1=CC=C2c3ccc1cc32)N1CCCN(C2CN3CCN(CC3)C2)CC1,C23H28N4O,56
CCN(C(=O)c1ccc(F)cc1)c1cc2cc(OC)ccc2n(CC)c1=O,C21H21FN2O3,48
N=C(Nc1ccccc1C(=O)Nc1cccc(Cl)c1)c1ccc(O)cc1,C20H16ClN3O2,42
CCN(C(=O)C1=CC=C1)c1cccc(N(C)C(=O)N(C)c2ccccc2)ccc2cc1-2,C26H25N3O2,56
O=C1N2CCCCN3C(C2)CC12CCCN(C2)S3(=O)=O,C13H21N3O3S,40
Cn1c(N2CCCCC3CCN(CC3)C2)nc2ccccc21,C18H26N4,47
CN(C)C1=CC=C2C(NC(=O)N(C)S(=O)(=O)O)=CC=C21,C12H15N3O4S,35
O=C(O)C1CCCCCC1,C8H14O2,24
[O-]N=[N+]1OO1,N2O3,5
COc1ccc(Cl)c2ccc(Cl)cc1N(C)C(=O)NC(=O)N2,C14H13Cl2N3O3,35
CN(C)CCN1C(=O)C=CC=CC(=O)N(Cc2ccccc2)C1=O,C18H21N3O3,45
CC1C(=O)N(c2ccc(C(F)(F)F)cc2)CCN(C)CCOc2ccc3c4ccc(nc4N1C)c3c2,C27H27F3N4O2,62
O=C(O)CCCC1CCCCCCCCCC1=O,C15H26O3,44
COc1ccc(C(=O)N2CCCCCC(=O)OCC2)c(S(C)(=O)=O)c1,C17H23NO6S,48
C=C(C)C=CC=C(OC)c1cccnc1Sc1nnc(-c2ccccc2)s1,C21H19N3OS2,46
CCC(=O)Nc1ccc(C(=O)NCCc2cccc(Cl)c2)s1,C16H17ClN2O2S,39
COc1ccc2c(c1)C(=O)N(CCN1CCC(C(O)C(C)OC)OC1=O)C2=O,C19H24N2O7,49
COc1ccccc1C(=O)NCC(=O)C1=CC(=O)N2CCCCC2CC1,C20H24N2O4,50
CCCCCN(C(=O)OCCCOC(=O)OCCCC)C(=O)C1=C(C(=O)OC)C(OC)=C1,C22H33NO9,65
CCCC(=O)OC1=CC=C2CC1(C(=O)CCC1CCCC(C)C1)CCC2=O,C23H32O4,59
CC=CC(=Cc1cc(-c2ccccc2C(C)=O)ccc1C)C(=O)OCC,C23H24O3,50
NC1=NC(=Nc2ccccccc(Br)cc2)N=C=N1,C13H10BrN5,29
CC1(C(C#N)=CI)CCCC(=O)N1,C9H11IN2O,24
COc1ccc(N2CCN(CCN3C=C4C=c5[nH]c3nc5=NN4)CC2)cc1,C19H23N7O,49
C=C(F)C=C(C(=O)N(C)C)c1cccc(-c2ccccc2)c1,C19H18FNO,40
O=C1C=CC=C2C(=NC2=C2C=C2)N1CCCCCN1CCN(c2ccccc2)C1=O,C24H24N4O2,54
CCCN1C(=O)C(=CC=CC=CC(=CC=C(C)c2ccccc2OC)N2CCCCC2=O)C1=O,C28H32N2O4,66
COC1=CC1=CC(=O)N1CCCCCN(C(=O)c2ccccc2)CCC2C1C(O)C1CCN2C(=O)N1,C27H34N4O5,66
CNC(=O)N1C(=O)C(=CSc2cc(OC)ccc2OC)C1=O,C14H14N2O5S,36
O=S(=O)(NC1C=CC(F)=CC=CC1)Oc1ccccc1,C14H14FNO3S,34
CCCCCCCN(CC)C(=O)C1=CN=C1n1c2nc(C(=O)OC)c1-2,C18H24N4O3,49
CC1=CC=C(N(C(=O)N(C)C)C2CNC2=O)OS1(=O)=O,C11H15N3O5S,34
CCCC(=O)OC(F)(C(F)(F)C(F)(F)C(F)(F)C(F)(F)F)C1(F)C(F)(F)C(F)(F)C(F)(F)C(F)(F)C1(F)F,C15H7F21O2,45
CC1(C2OC3C4OC2C(C)(C)C3OC(=O)C4CSC2=CC=C2[N+](=O)[O-])CCCC1,C21H27NO6S,50
CCCCCCCCCCCCCCCC(=O)OC(C)(C)C,C20H40O2,62
FC(F)(F)c1ccccc1C=Cc1nnc2n1CCCC2,C15H14F3N3,35
CCn1c(OC)nc2c1=NC(=Nc1ccc(OC)c(Cl)c1)C=2,C15H15ClN4O2,37
O=C1OC(=O)c2ccc(cc2S(=O)(=O)C2=CC=C2)O1,C12H6O6S,25
Cn1c(=O)c2ccc1n(N=C(NC(=O)Nc1ccccc1)c1ccccc1)c2=O,C21H17N5O3,46
CC(=O)OCCN1CCCCN2CCCCCCN3C(=O)C(=C(C2=O)C1=O)c1ccccc1C3=O,C26H31N3O6,66
CN1CCC2=NC(=N2)NC(C(=O)Nc2cc(Cl)ccc2C(F)(F)C(F)(F)F)C1,C16H15ClF5N5O,42
CC1OCCN(C(=O)n2c(=O)[nH]c(=O)n(C(C)(C)C)c2=O)C1C(=O)N1CCN(C(=O)c2ccccc2)C1=O,C24H28N6O8,64
C=Cn1c(NC(=O)c2ccccc2)nnc1-c1ccc2ccccc2c1,C21H16N4O,42
CCCCCNC(=O)C1=C(C(=O)N2CCCCCC2)C(F)=C1,C17H25FN2O2,47
CCCN(CCC)C(=O)CCCN(C)c1nc2c3ccc(c4ccccc43)c2c(=O)[nH]1,C25H30N4O2,60
COc1ccc(SC2=NN(C(=O)c3ccc4cc3C4=O)C(=O)CS2)cc1,C18H12N2O4S2,38
CCN1CCN(Cc2ccc(Cl)cc2)C(=O)c2cccsc(ccc2)C1=O,C21H21ClN2O2S,48
N#CN=CN1CCCC2CCCCN2C(=O)C1,C12H18N4O,34
C=CC(=Cc1cccc(C(=O)N(C)C)c1OC)N(C)C(=O)c1cccc(F)c1,C22H23FN2O3,51
CNC(=O)N(C1=CC=C1OC)c1nc2cc(C(F)(F)c3ccccc3)ccc2n1C,C22H20F2N4O2,50
NC1=Nc2ccc([N+](=O)[O-])n1c2=O,C6H4N4O3,17
CCCCC(NC(=O)c1cccs1)C1NC(=O)OCCCCNC1=O,C17H25N3O4S,48
CCCN(c1ccccc1)C1CCN1S(=O)(=O)c1cccc(OC)c1,C19H24N2O3S,49
O=C1N=C(OCC2OC3OC3C(O)C2O)SC1=CC=CCCc1cc(Cl)ccc1Cl,C20H19Cl2NO6S,44
CC(=CCC(=O)OC(=O)c1ccc(C(F)(F)F)cc1)S(=O)(=O)C(C)(C)C,C17H19F3O5S,45
C=CC=C1C(=O)N(C)C(=O)c2c1cccc2C(F)(F)F,C14H10F3NO2,30
CCCC[NH+](C)C(=O)C1=CC=C1,C10H16NO+,27
CCN(C)CCN(C(=O)N(CC)c1cccc2ccc(Cl)cc12)c1cccc(Cl)c1,C24H27Cl2N3O,57
CCCCCN1CCN(c2ccc(C)c(C(=O)N3CC=C3C=Cc3nc4ccccc4[nH]3)c2)C1=O,C28H31N5O2,65
CCCN1C(=O)N(C(=O)c2ccccc2)N=NN=C1SC=CC=CC1=CC=C1,C20H19N5O2S,47
O=C1NC(=O)c2c([N+](=O)[O-])ccc([N+](=O)[O-])c2-c2cc1ccc2[N+](=O)[O-],C14H6N4O8,32
CC(=O)OCC(=O)N1C2=CC=CNC1(c1ccccc1)c1ccc2cc1,C21H18N2O3,43
NC(N)=NC(=NC=C1C=Cc2ccccc2C1(F)F)N1C2OC21,C15H13F2N5O,34
CCCCCN1C(=O)CCC(C(=O)c2ccc(Oc3cccc(OC)c3)cc2)C1=O,C24H27NO5,57
CCC1C(C)C2C1NC(=O)C1=CC(C(=O)O)=c3sc(n2c3=O)=N1,C15H15N3O4S,34
CN1N=C2N(C)C(=NN2C(=O)c2ccccc2)c2ccccc2C1=O,C18H15N5O2,40
CCCCCN(CN1C(=O)c2c3sc(c2[nH]c3C(=O)NCCCC)=CN(C)C1=O)S(=O)(=O)O,C20H29N5O6S2,61
COc1cc(S(=O)(=O)N2CCCN(C3CCC3)C2=O)ccc1Cl,C15H19ClN2O4S,42
CCN1Cc2ccc3c4c5cccc4c4ccc(c(ccccc4OC)n(c5=O)c(=O)n3c2=O)C1,C28H23N3O4,58
CN(CCOP(=O)([O-])OP(=O)([O-])[O-])c1c2n[nH]c1-2,C6H8N3O7P2-3,25
CC(=O)NC1C2=CC=C21,C7H7NO,16
CN(C)C(=O)N1CCOc2ccc(cc2)[N+](=O)C2=C3N=C1SC=C(S3)S2,C16H15N4O3S3+,41
CCOC(=O)N1CCCCN(C(=O)c2ccccc2)CCN2CCCC(OC1=O)C2=O,C22H29N3O6,59
O=C(NC1C(=O)N2C(=O)N(N=CC3=CC=C(Cl)C=CC=C3)C3C1C32)c1cccc(F)c1,C22H16ClFN4O3,43
CC1=Cc2ccc3ccc4c5c(c2)c(n4CCN(CCCN2CCN(CC2)C3=O)C5=O)=C1,C26H28N4O2,60
O=C1NC1=CC=CC=C1C(Cl)=CC=C1N=C1NC(=O)c2ccccc21,C19H12ClN3O2,37
CC1NC(=O)N(CCN(C)S(=O)(=O)NC(F)(F)c2cc3ccccc3s2)C(=O)NC1C,C18H23F2N5O4S2,52
COC1=Cc2cc(F)c3cc2C(=N3)C(=Cc2cc3ccccc3c(=O)n2C)C=CC=CC=C1,C28H21FN2O2,54
COC1=CC(F)=CC(NC(=O)c2cccc([N+](=O)[O-])c2)=CC=C1C#N,C17H12FN3O4,37
c1ccc(C2=NCCCc3ccc(cc3)Nc3nnc(s3)N2)cc1,C18H17N5S,41
CNC(=CC(C)=CC=CC=CC(=O)Nc1ccccc1)c1cccc(Cl)c1,C23H23ClN2O,50
O=C(c1cccs1)N1CCCN(S(=O)(=O)c2ccc(-c3ccccc3[N+](=O)[O-])cc2)CC1,C22H21N3O5S2,53
COc1ccc(CN2CCCN(c3nc4ccccc4s3)C2=O)c(C)c1,C20H21N3O2S,47
CC(C(=O)N(C)c1ccc(Cl)cc1)=C1C(=O)N(CCOC=C2C=C2Cl)C(=O)c2ccccc21,C25H20Cl2N2O4,53
O=C1C2=C3CN(CCN1CCS3)C2=O,C9H10N2O2S,24
CCCCCCCCCCC1CCC2C(=O)N1C(=O)CN2C(=O)C1=Cc2cccc1c2,C26H34N2O3,63
CCCCCCc1cc(Br)ccn1,C11H16BrN,29
CC(C)=C(SC1=N[N-]1)C(=O)Nc1ccc([N+](=O)c2ccccc2)cc1,C18H16N4O2S,41
C=C1NC(=O)c2cc(N3CCN(C(=O)N(C)c4ccccc4OC)C3=O)ccc21,C21H20N4O4,49
CCCC1CCCN1C(=O)C1=CC1=Cn1nc(C)nc1-c1ccccc1,C21H24N4O,50
CC1NCCNc2nc3ccccc3c1cccs2,C15H17N3S,35
O=[N+]([O-])C1=CC(NS(=O)(=O)c2ccc(Cl)cc2Cl)=NC=CC(Cl)=C1Cl,C13H7Cl4N3O4S,32
CC(C)(C)c1csc(N(CCCC2CC2)P(=O)=O)n1,C13H21N2O2PS,40
CCCN1CCC(OC(=O)N2CC2)C(N(CC)C(=O)C(NC(=O)c2ccccc2)C(=O)OCC)C1=O,C25H34N4O7,67
CCN1CCCCCC2CN(C(=O)CN2S(=O)(=O)C2=CC(OC)=C2)S(=O)(=O)c2cccc(c2)C1=O,C23H29N3O7S2,64
CCC1CCC(=C(OC)C(=O)N2CCCCC2)C(=O)N1,C15H24N2O3,43
CC1(C)CCCCCCCCCCC(C=C2C(=O)OC2=O)=CC1=O,C20H28O4,52
CCC(=O)N(CCc1ccc(OC)c(S(=O)(=O)N2CCCC2)c1)C(=O)c1ccccc1,C23H28N2O5S,59
CC(C)(C)CN1CCN2C(=O)N(c3noc4c3C(F)=C4C(C)(C)C)CCC2C1=O,C21H29FN4O3,57
CC1Cn2nc(sc(-c3ccccc3)cc3ccccc32)N1C,C19H19N3S,41
O=C1CC1Nc1nc2ccccc2c2cnc(N(C(=O)c3ccccc3)c3ccccc3)n12,C26H19N5O2,51
CC(=O)N(C)C(=O)C1=CC=C1c1ccccc1,C14H13NO2,30
C=CC1=CC(S(=O)(=O)NC2C(=O)N(CCCCC)CCC2NC(=O)c2ccccc2Cl)=C1,C23H28ClN3O4S,58
COc1cc2c(C(=O)N(C)CCCCC3CN(C)C(=O)S3)c-2c1,C17H22N2O3S,45
COc1cnc(NC2CN3CC(O)C(C2O)N(c2ccccc2)C3=O)nc1,C18H21N5O4,44
CN1C(=O)N2CCCCCCC1C2CC=Cc1cc2ccc1cc2,C21H26N2O,48
CCC(=O)N(C)CCN1CCCC(n2c3c(n(Cc4ccccc4)c2=O)=CC=C2N=C2N=3)C1=O,C25H28N6O3,61
COc1ccc2c(C(C)=O)ccc(C(=O)OC(C)C(O)C(O)C3CCC3)c2c1,C22H26O6,50
O=C(Nc1nc2nc(n1)NC(C=CC=CC=CC=CC=C1CC1)=N2)c1ccccc1,C23H20N6O,50
COc1ccc(C(=O)NC=O)c(NC(=O)c2ccccc2)c1,C16H14N2O4,36
Cn1c(=O)c(C(=O)C(C)(C)C)cc2c(Cl)cc(Cl)cc2c1=O,C16H15Cl2NO3,37
CN(C)C(=O)Nc1nc(Nc2ccccc2)nc(C(=O)Nc2ccccc2)c1-c1ccccc1,C26H24N6O2,58
COC1=CC=Cc2cc(C(=O)N(CCC(C)=O)C(=O)N3CCCCC3=O)ccc2S1(=O)=O,C22H24N2O7S,56
CCCCCCC1C(O)C2CCCC1N2C(=O)c1cccc(C)c1,C21H31NO2,51
COc1ccc(OC2=NC3=NC3=NC(N3CCCCC3)=N2)c(OC)c1,C17H19N5O3,44
CCn1c(=O)[nH]c2ccc(ccccn(S(=O)(=O)c3ccccc3)c1=O)cc2,C20H19N3O4S,47
CCOc1ccc(Cl)c(C(=O)CN(C(=O)c2ccccc2)C(=O)c2ccc(Cl)c(OC)c2)c1,C25H21Cl2NO5,54
NNC(=O)C=C1C=C([N+](=O)[O-])O1,C5H5N3O4,17
COc1ccc(-c2nc(N3CCCCC3)sc2-c2ccccc2)cc1,C21H22N2OS,47
CC(C)OC(=O)C1=CC=C2C(=O)C=CC=C21,C13H12O3,28
CC1(c2nnc(-c3ccccc3)n2-c2ccccc2)C=CC=CC1,C21H19N3,43
CSC1=NC(=CC=CC(=O)Nc2ccc(Cl)cc2)S1,C13H11ClN2OS2,30
O=C1c2ccccc2CN2CCCC(C2)C2CC(O)C3OC(C2O)N13,C19H24N2O4,43
C=C(C(=O)N(C)C)c1nnc(N(CC(C)C)c2ccc(C(=O)Nc3ccccc3)cc2)[nH]1,C24H28N6O2,59
CN1CCC(COc2ccccc2)NC(=O)c2cc(F)ccc2-c2nc3c(n2C)=NC(=CC=CC=3)C1=O,C28H26FN5O3,62
CC1CCc2ccc3nc4n(c(=O)c3c2)C(=O)N(CCCCS4)C1,C18H21N3O2S,45
CC1=NN=C(c2ccccc2Cl)CCN1C(=O)c1ccc(F)cc1,C18H15ClFN3O,39
C1=NN2N=C(c3ccccc3)NC2(N2CCCCC2)N1c1ccccc1,C20H22N6,47
CC(=O)OC1OC(C(C)(C)C)C2OC(=O)C(CCC(C)(C)C)OC(=O)c3cccc(c3)C(=O)OC12,C26H34O9,64
COc1cc2ccc1C(=O)OCCCCCCCCOC1C(O)C(O)CCC1N(C)C2=O,C24H35NO7,63
Fc1cccc(Cc2ncnc3nnc(C(F)(F)F)n23)c1,C12H7F4N5,28
CC(C)CCCCC(=O)O,C8H16O2,26
C=C1CCCC1=CC#N,C8H9N,18
O=C1CCCC=C1C1CCCCC1,C12H18O,31
C1CSC2=NCCC2C1,C7H11NS,20
CN(C(=O)c1ccccc1)c1nnc(NC=Cc2ccccc2)s1,C18H16N4OS,39
Cc1cc2c3nnc-2n(c(=O)c1)CCCCN3C,C13H16N4O,34
CCOC(=O)c1c(OC)ccc2c(=O)c1C(OP1(=O)OCC(C)(C)CO1)=C2,C18H21O8P,48
CC1CN2CCCCN1C(=O)C1=CC(F)=CC(=CC=C1)N(c1ccccc1)C2=O,C23H24FN3O2,52
CC(=O)OC(=O)N1CCCCCCCCC(=O)C1=O,C13H19NO5,38
O=C(c1cc2ccc(F)cc2[nH]1)N1CC2CN(CCO2)CCN2CCSCC(C2)C1=O,C22H27FN4O3S,55
O=C(C=C1C=C1C(F)(F)C(F)(F)F)n1c2nnc1s2,C9H2F5N3OS,21
O=C(c1ccc(F)c(C(F)(F)F)c1)N1CCCCCCCCCC2OC(=O)N(C3=CC(F)=C3)C2C1=O,C25H25F5N2O4,59
COc1cc(-c2cnc(C)cc2OC)ccc1C,C15H17NO2,35
CCN(CCC(NC(=O)c1ccc(OC)cc1)C(=O)OCC(O)C(O)C(C)O)C(=O)c1cc2ccc1s2,C26H32N2O8S,65
CSC=COC(=O)C1OC(=O)N(C)C2OC12,C9H11NO5S,24
CC=Cc1nc(N)nc(-c2ccccc2)n1,C12H12N4,28
CC1C(CN(C)C)N2C(=O)N1CC2C(=O)Nc1ccc(N2CCN(c3cccnc3OP(=O)=O)CC2)cc1,C25H32N7O5P,67
COC(=O)c1ccc(C(=O)OC(C)C)c(C2=CC(=O)CCCCC(=O)O2)c1,C20H22O7,49
O=C(NCCCN(CCc1ccccc1)c1ccccc1)c1cnc(-c2ccc(F)cc2)[nH]1,C27H27FN4O,59
CCN=C=O,C3H5NO,10
CC1(C)CCCOC(=O)CC(=O)C2=CC(=C2)C1=O,C14H16O4,34
COc1cccc(C2=c3sc(c(=O)n(C)c3=O)=CC=C2C)c1,C17H15NO3S,37
N#Cc1ccc2c[nH]c(cc1)-c1cc(C(N)=O)ccc1-2,C16H11N3O,30
CN(CCOP(=O)=O)Cc1cc(F)ccc1[N+](=O)[O-],C10H12FN2O5P,31
CCOC(=O)CCC(=O)NCCCOC(F)(F)C(F)(F)C(F)(F)C(F)(F)F,C13H16F9NO4,43
CCN1CCCN(C)c2nc(c(C(=O)Nc3ccc(F)cc3)s2)C(=O)NC1=O,C18H20FN5O3S,47
CSc1nnc(N(C(=O)C(C)C)C2C3=CC=C32)s1,C12H13N3OS2,31
CCCC1NC1C(=O)Nc1cc(Cl)ccc1C=C1C=C(OC)C=C1OC,C20H23ClN2O3,47
CN1C(=O)C(C(=O)Nc2cccc(C(F)(F)F)c2)N(C(=O)c2ccccc2)c2ccccc21,C24H18F3N3O3,51
C=C(NC(=O)c1ccc(NC(C)=O)cc1)Sc1ccccc1,C17H16N2O2S,38
COC1=CC=CC=CC(C(=O)Nc2cc(O)ccc2C(=O)NC(=O)c2ccccc2)=C1,C24H20N2O5,51
O=C(COc1ccc(C(F)(F)F)cc1-c1nc2cc(Cl)ccc2[nH]1)Nc1ccccc1O,C22H15ClF3N3O3,46
CCCCCCNC(=O)COC1=CC=C2C(=O)NN=C2C2=CC2=C1,C18H21N3O3,44
CCCCCCN1CCCC(N(CCC)S(=O)(=O)C2=Nc3nc2c(C)n3CCC)C1=O,C22H37N5O3S,67
COC(=O)C(=CC=C(C)C(C)=O)c1ccccc1C(=O)OCC(=O)OC(C)=O,C20H20O8,48
FC(F)(F)C(F)(F)N1C(F)(F)C(F)(F)C(F)(F)C(F)(F)C1(F)F,C7F15N,23
C=[N+](c1ccccc1)C(F)(F)c1ccccc1,C14H12F2N+,29
C=C1C=C1C1C2CCCN2CCN1S(=O)(=O)c1ccc(Cl)cc1,C17H19ClN2O2S,40
CCC(=O)NC(=O)N(C(C)C)S(=O)(=O)c1cccc(OC)c1,C14H20N2O5S,42
CCC(C(=O)N(CC)c1ccccc1)N(C(=O)c1ccc(C(=O)c2ccccc2)cc1)c1ccccc1,C32H30N2O3,66
CCN1CCN(C(=O)c2ccccc2C(=O)N2CCCC2)CC1C,C19H27N3O2,51
CCN1C(=O)N2CCCCCN3CCN4C(=CC=C1N=C24)C3=O,C16H21N5O2,44
O=c1c2cc3c(=O)c-2cc2cc([N+](=O)[O-])ccc=3c(=O)n3c(=O)c(cccc1=CC=2)-c1cc([N+](=O)[O-])ccc1-3,C28H13N3O8,52
CC(=O)N1CCCCCN(c2ncc(-c3ccc(S(C)(=O)=O)cc3)s2)CCOC1=O,C20H25N3O5S2,55
Cc1ccc2c3nc(sc13)N(C)CCC2(C)C,C14H18N2S,35
CN(C)c1ccccc1NC(=O)C1=CC(n2c3cnc2s3)=CC=CC=C1,C20H18N4OS,44
CCN(CCCC(=O)C1=CC=C1)C(=O)c1ccccc1F,C17H18FNO2,39
CN(C)C(=O)N(C)CC1=CC=c2cccc3c2=CC=C1N=N3,C17H18N4O,40
CC(C)SC(=O)N1CCC2CCCCN2C1=O,C12H20N2O2S,36
O=C1C2=Cc3cccc(c3)C(=CC=C2)N1C1=NN1Cc1ccccc1F,C21H14FN3O,40
COC1=CC1=Cc1ccc(OC)cc1C(=O)N(CCCN1C(=O)c2ccccc21)C(C)=O,C25H24N2O5,56
COC(=O)C1=C(C(=O)NCCN(C)C(C)=O)S1,C10H14N2O4S,31
CCN1CCN(Cc2cc3nc-3c2Cl)CC1,C12H16ClN3,32
O=C1NC2CN(C2)C(=O)N2CCSC2=CC=C1C(F)(F)F,C12H12F3N3O2S,32
CCN(C(=O)NC(=O)c1ccccc1OC1=CC=C1)C(=O)Oc1ccccc1,C21H18N2O5,46
CC(C)C(=O)N(C)CCc1ccc2c(c1)[nH]c1cc(F)ccc12,C19H21FN2O,43
CCOP(=O)([O-])OC1CCSC(=COS(=O)([O-])([O-])[O-])SCCNC(=O)C1CC,C13H22NO10PS3-4,48
CCC1OCCCC1OC(=O)C1=CC(c2ccc(C(=O)OC)cc2)=C1,C20H22O5,45
COC1=CC=Cc2ccc(OC)cc2C(=O)NC(=O)c2ccc(cc2)C(=O)Oc2cccc(c2)O1,C27H21NO7,56
CC(C(=O)O)N1CCN2CCN(C1=O)C2Oc1ccccc1C(=O)Nc1cc2ccccc2cc1Cl,C26H25ClN4O5,59
COC(=O)c1ccc2c(c1)C(=O)OC(=O)C(=C1C=C1)OCO2,C15H10O7,32
COc1ccccc1C(=O)NC(=O)c1ccccc1C=CC(=O)N(C)C(=O)Oc1ccccc1,C26H22N2O6,55
CNC(=O)NC(=NC=Cc1cccc(OC)c1)c1ccc(C#N)cc1,C19H18N4O2,43
COc1ccc(-c2nc3sc2CC(C)(C)COC(=O)N3C)cc1Br,C17H19BrN2O3S,43
COc1ccc(C)c(NS(=O)(=O)c2cnc3ccccc3c2)c1,C17H16N2O3S,39
CCCCCN(C(C)=O)C(=O)C(=CC=C1C=C2C(=O)N(C1=O)C2=O)N(C(C)=O)C(=O)C(C)C,C23H27N3O7,60
O=C1N2CCC(CC2)N1C(=O)N1CCOc2ccc(C(F)(F)F)nc21,C15H15F3N4O3,40
COc1ccc2c(OCCOC(C)=O)ccc(C(=O)N3CCCC3)c2c1,C20H23NO5,49
COc1ccc(OC)c(C(=O)c2ccc(C(=O)OC3C(O)C4OC(O)C34)c(C(=O)O)c2)c1,C22H20O10,47
COc1cc(Cl)c(Cl)c(N2C(=O)N3CCCN(CCCN(S(=O)(=O)N(C)C)CC4=Cc5c4cccc52)C3=O)c1,C26H29Cl2N5O5S,68
CN1C(=O)N(c2cccc(C=C(CN3CCCCC4OCCC43)C(F)(F)F)c2)c2nnc1s2,C22H24F3N5O2S,55
CC(=O)N(C)C(=O)c1cccc(C(=O)NC2C(C)=CC=CC2c2ccccc2)c1,C24H24N2O3,53
CN1CCOc2cc(F)cc(Cl)c2S(=O)(=O)NC2CC1C2,C13H16ClFN2O3S,36
C=C(C)C(=Cc1cccc(F)c1)N(C(N)=O)c1nnc(NC(=O)c2cccc(Cl)c2)s1,C21H17ClFN5O2S,48
CN(C(=O)c1ccccc1)C1CCCC1C(=O)c1ccccc1-c1ccc2ccccc2c1,C30H27NO2,58
C=CC=CC(C=CC=CF)=C(c1ccccc1)N(CCn1c2nn3c(nnc13)s2)C(=O)Nc1ccccc1,C28H24FN7OS,62
COc1cccc(C(=O)N(C)C(=O)NC(C=CC=Cc2ccccc2)=Nc2ccccc2NC(C)=O)c1,C29H28N4O4,65
COC(=O)C(CCCCC1CCCCC1)OC(=O)c1ccc(C(=O)C(C)(C)C)s1,C23H34O5S,62
O=C(CN1CCN(C(=O)C2=CC2=CC2=CC=C2)CCCCC1=O)N1CCCC1,C22H27N3O3,55
CCCCCCCCCCCN1C(=O)N2CCC1C(C1OS(=O)(=O)N1C(C)C)C2=O,C21H37N3O5S,64
Cn1c(-c2ccccc2)nnc2n(-c3ccccc3)nc3[nH]c-2ccccc-3c1=O,C23H18N6O,48
O=C1C2=CC(=CC=C3C=C32)c2ccc(cc2)C(=O)N2CCCCCCCCN1CC2,C26H28N2O2,58
O=C(Nc1ccccc1)N1C(=O)Oc2c3cccc2C(=C3)C=C(F)C=Cc2ccccc21,C26H17FN2O3,49
CCCCN1C(=O)OP(=O)(OC)OC2=CC(OC)=C2C1=O,C12H16NO7P,37
O=C(c1ccccc1)N(CCOP(=O)=O)c1ccccc1C=C1c2ccccc2-c2ccccc21,C29H22NO4P,57
CCN(C(=O)N1C(=O)N2CCCC1C2)C(C)C,C12H21N3O2,38
COC(=O)C(C)NC(=O)N(CCc1ccc(F)cc1)c1ccc(OC)cc1,C20H23FN2O4,49
CC1(C)CCN1C1=Nc2cc(Br)ccc21,C12H13BrN2,28
Cc1nnc2n1CCN(C)C(=O)CN(C(=O)N(C)C)CC(=O)Nc1ccc(c3ccccc13)NC(=O)N2,C24H29N9O4,66
O=C1N(CCN2CCN(c3ccc4cc3-4)C=CC=CNS2(=O)=O)CCN1c1ccccc1,C23H25N5O3S,57
CCN1CCN(CCN(C#N)CCN2CCCCC2)CC1,C16H31N5,52
CC(C)(C)C1C(=O)C2C(CCCCCCC(=O)[O-])OC(=O)C1C2(C)C,C20H31O5-,53
CC1C2CCOCCCN1C(=O)N2C(=O)Nc1ncc2cc1-2,C15H18N4O3,37
COC1=CC=C1C1=CC=CSc2nnc(s2)Sc2cc(C(F)(F)F)ccc2C(=O)N1,C19H12F3N3O2S3,42
CCC(=O)c1cc(C(=O)OC)c(=O)oc(=O)c1,C11H10O6,27
O=C1Oc2ccc(F)c(c2)-c2ccc(cc2Cl)N2CCN3CCCC2C13,C20H18ClFN2O2,42
C1=NN=C(SCc2ccc3c(N4CCCCC4)cccc3c2)N=1,C18H18N4S,41
NC1=NC=CC=C(Cl)C=C(C=c2c3cccc2c3)NC(N)=N1,C16H14ClN5,35
CN1C(=O)NC(=O)C(=C(NC(=O)Nc2ccccc2)[N+](=O)[O-])C1=O,C13H11N5O6,35
O=C1NC(=O)N(C(=O)c2cccc(Oc3ccccc3)c2)C(=O)c2ccc1cc2,C22H14N2O5,43
O=C1C2=CC=CC(=O)N3CCN(CCN1CCCC1CCCCC1)C(=O)C3C2,C22H31N3O3,58
O=c1cc2cc(c(=O)o1)CCCCCCCCCCCC2,C18H26O3,47
CCCC(C(C)O)N(C)C(=NC=C1C(F)=Cc2ccccc21)OC,C19H25FN2O2,47
CN=C(C1=CC=C(C(=O)N(C)C)C=CC(F)=C1)c1ccccc1,C19H19FN2O,42
COc1ncccc1C(=O)N1CC(C(N)=O)C1,C11H13N3O3,29
CC(C)CCN(C(=O)C1=CC=C2N=C2N1)C(=O)N1CCCCCCC1,C19H28N4O2,52
CC(=O)N1CCCN(C(=O)OC(C)C)C(=O)c2ccc(s2)C1=O,C15H18N2O5S,41
O=C1CN2CCN(C(=O)N1)C2=CC(F)=Cc1ccc(Br)cc1,C15H13BrFN3O2,35
C=C1C=C(F)C=C1S(=O)(=O)N(C)CC,C9H12FNO2S,26
CN1CCN(CCn2nnnc2Sc2cccc3ccccc23)C(=O)NC1=O,C18H19N7O2S,47
CON(C(=O)C1=CC=C1)S(=O)(=O)c1ccccc1,C12H11NO4S,29
CCCC(=O)CC(=O)OC(C)=O,C8H12O4,24
O=C(c1cc(Cl)cnc1C(F)(F)F)N1CCC(CCC2CC2)CC1,C17H20ClF3N2O,44
C=C1CCCCCC(C)C1=O,C10H16O,27
O=C1N2CCN(c3ccccc3)CCCn3c(nc4ccccc4c3=Nc3ccccc3)N1CC2,C28H28N6O,63
CN(C)C(=O)C1=C(C(N)=O)C(=Nc2ccccc2)S1,C13H13N3O2S,32
O=C1CN2CCN3CCN4CCN1CC2=CC=C4C(=O)N1CCN(CC1)S3(=O)=O,C18H26N6O4S,55
C=CC=CC(=CC=C(Cl)C=Cc1ccccc1)[N+](C)=Nc1ccccc1,C23H22ClN2+,48
CCN(C)C(=O)Nc1nnc(C2=CC=Nc3nnc2n3C)n1-c1ccccc1,C18H19N9O,47
O=c1oc2ccccc2sc2nnc([nH]n1-c1ccc(Cl)cc1)s2,C15H9ClN4O2S2,33
CC(CC1CCC1)NC(=Nc1ccc(Cl)c(Cl)c1)c1ccccc1,C20H22Cl2N2,44
C1=CC2=CC(=C2C2(CCN3CCCC3)CCC2)S1,C16H21NS,39
CCCCN1CCN(C2=CC=C2C2=CC=Cc3nn4c2c(C)nc4s3)CC1=O,C21H23N5OS,51
Cn1c2nnc1N(CCN1C(=O)c3ccc(F)cc31)CCS2,C14H14FN5OS,36
CCN(C(=O)c1ccc(C(=O)NC(C)=O)c(C(=CC=Cc2ccccc2)Nc2cccc(Cl)c2)c1)C(C)C,C31H32ClN3O3,69
CN(CCN(C(N)=O)c1ccccc1[N+](=O)[O-])C1=CC2=CC1=C2,C16H16N4O3,39
O=C1N2CCCCCCC(C(O)C2)N1CCn1c2nnc1N1C(c3ccccc3)=C21,C22H26N6O2,54
CN1C(=O)c2cccc(c2)N(c2ccccc2)C1=O,C15H12N2O2,31
CCOC(=O)c1cccc2cc(-c3c(C(=O)N(CC)CC)ccc(C(=O)N(C)C)cc4ccc3s4)ccc12,C31H32N2O4S,70
O=C(c1cncc(Oc2ccccc2)c1)N1CCC1,C15H14N2O2,33
O=C1CN(S(=O)(=O)c2ccccc2)CCN1CCNc1nc2cc(Br)ccc2s1,C19H19BrN4O3S2,48
CCN1C(=O)N(CCCC2CCCN2C)CCn2cc(C)nc21,C17H29N5O,51
COc1cccc(NC(=O)Nc2nc(NC(=O)c3ccccc3)nc(=O)n2C)c1,C19H18N6O4,47
CCN1C(=O)N(C(=O)C(=CC=C=O)OCCOc2ccc([N+](=O)[O-])c(Cl)c2)C1=O,C17H14ClN3O8,43
Cn1c(N)nc2ccc(S(=O)(=O)Nc3ccccc3S(=O)(=O)c3ccccc3)cc21,C20H18N4O4S2,48
C=C1C=C(C(=O)OC)C(C(=O)N(C)C)=C1,C11H13NO3,28
CN=C(NP(=O)=O)N(CCNC)CCN(C)C,C9H22N5O2P,39
O=C1CCCCCCCC(=O)N1C(=O)N1CCCCC1,C15H24N2O3,44
Cc1ccccccc2c(=O)nc1NC2=O,C12H10N2O2,25
CCN(C(=O)c1ccccc1)C(=O)c1ccc2cc1-2,C16H13NO2,32
CC1=NC2=CC=C(c3ccccc3C)C(=N1)NC(=S)N(CCCOC(=O)NC(C)CC(C)(C)C)C(=O)O2,C27H35N5O4S,70
CC(c1ccccc1S(=O)(=O)c1ccc(C(F)(F)F)cc1)N(S(=O)(=O)c1ccc(F)c(Cl)c1)S(=O)(=O)N1CCCC1,C25H23ClF4N2O6S3,64
CCCCCCCCCCCCCC(O)C(O)C(=O)OC,C17H34O4,53
CCN(C)C(=O)N(C)C(=O)NC1=NN=C=N1,C8H12N6O2,28
CN(C)CCCCCCCCCN1C(=O)C2=C3C=C(Cl)C2=C3C1=O,C19H25ClN2O2,49
CCCCCC1CC(CC2CCCCC2)C(=O)N1,C16H29NO,45
CC(C(=O)OC(C)(C)C)=C(C)C(=O)N1CCC(C)C1,C15H25NO3,44
CCCCCCCC1CCOC(=O)c2ccccc2C1,C18H26O2,45
COC(=CC=C1c2ccc(C(=O)N(C)C(C)C)cc21)c1ccccc1Cl,C22H22ClNO2,48
CCN1CCN(C(C)(C(=O)Nc2ccccc2)C(=O)c2ccc(C)cc2)C(=O)Nc2ccc(cc2)S1(=O)=O,C28H30N4O5S,68
CN1C(=O)c2ccc3c4c2=CC=C(C=CC=C(O)N=C1Sc1nnc(-c2ccccc2)[nH]1)C3=CC=4,C27H19N5O2S,53
CN1CN(CCOC2=CC2=CCl)C(=O)NC1=O,C10H12ClN3O3,29
COC1=CC(c2nnc(N3CCC3=O)s2)=C1,C10H9N3O2S,25
C=C(C)C(C)=CC=CC(C(C)=O)=C1C=CC=C1C(=O)N(C)C(=O)c1cc(F)ccc1C(=O)OC,C27H26FNO5,60
COC(=O)C(C)N1C(=O)N(c2cc(C)cc3ccccc23)c2nnc1s2,C18H16N4O3S,41
CCOc1cccc(-c2ccc(C(=O)CNC(=O)Nc3nc(N4CC4=O)nc4ccccc34)cc2)c1,C27H23N5O4,59
CCCCN(C)C1C(=O)N2CCN(C(=O)C3=CC=CC=C4C=C43)C3C1C(C)CCC32,C25H33N3O2,58
CN(CCN1c2ccc3nc1sc3c2)C(=O)c1ccccc1,C17H15N3OS,37
CNC(=O)NC(=O)Oc1cc(Br)cc(C(=CC=CBr)[N+](=O)[O-])c1,C13H11Br2N3O5,34
O=C1CCCCC(=O)N(CC(=O)N2CCCCC2=O)CCCC1,C17H26N2O4,49
COc1ccccc1NC(=O)Nc1cc2cc(c1)S(=O)(=O)N(C)CCN2C,C18H22N4O4S,49
O=S1(=O)c2cccc(c2)SC=CC=CCN2CCN1CC2,C15H18N2O2S2,39
CC(C)=Cc1ccc2nc1-2,C9H9N,19
COC(=CNc1ccccc1)C=C(C(=O)N(C)C(C)=O)c1cc(OC)ccc1[N+](=O)[O-],C22H23N3O6,53
CC(=O)OC(=O)CCCCCCCCCCCCCC1CCCCC(=O)O1,C22H38O5,65
C=C(C(=O)OC)c1ccccc1C(=O)OC1C(CC)OC(CCCCCC)C1OC(C)=O,C25H34O7,62
O=C1CCN2CCCN(C2=O)C2CCN1C2,C11H17N3O2,33
CCCC1COC(CSC2=CC=CNc3ccc(Cl)cc32)C1NC(=O)c1ccccc1,C25H27ClN2O2S,54
CCCCCCCCCCCCCCCCCCCOC(C(=O)O)C(=O)O,C22H42O5,69
COC(=O)c1nnc(SC=C=O)[nH]1,C6H5N3O3S,17
CCC1Cc2[nH]c(-c3ccc(OC)c(OC)c3)nc2N1C(=O)c1cccc(Cl)c1,C22H22ClN3O3,50
COC(=O)CC(=O)N(C(C)=O)C(=O)c1ccc(Br)cc1,C13H12BrNO5,32
CCC(=O)N(C)c1nc2c(s1)C(=Cc1ccccc1)CCS2,C17H18N2OS2,40
CCCCCCCN1CCN(C(=O)c2cc2=O)C1=O,C14H20N2O3,39
CCCCCCCCCCCCC(C)CCC[N+](C)(C)C,C20H44N+,65
COc1ccc(Sc2cc(Cl)ccc2C(N)=O)c2c1NC2=O,C15H11ClN2O3S,33
O=C(c1ccc(C=CC2C3CCN4C(=O)CCC3C24)cc1)N1CCCC1,C22H26N2O2,48
COC(=O)C1=C2C=C1CCCCC2,C11H14O2,27
C=Nc1nnc(N(C(=O)c2ccccc2)c2ccccc2)s1,C16H12N4OS,34
CCCCC1CCN2C(=O)C=C(C2=O)S(=O)(=O)N1CCC,C14H22N2O4S,43
O=C1NCCN2CCCN(C(=O)c3ccc1cn3)C2=O,C13H14N4O3,34
CCN(C(C)=O)C(=O)C=C(OC)c1cccc(=O)[nH]c1=O,C14H16N2O5,36
O=C(OC(NS(=O)(=O)c1ccccc1)C(=O)NC1=Nc2ccccc2CC1)c1cccc(F)c1,C24H20FN3O5S,52
CC(C=Cc1cccc(Cl)c1)=C1N=C(N)N1,C12H12ClN3,27
COC=CC=C1C(C(=O)N2CCN(C(=O)c3ccccc3C)CC2=O)=CC=CC=C1c1cccc(OC)c1,C31H30N2O5,68
CNC(=NNc1nnc(N(C)c2ccccc2C=Cc2ccccc2)s1)N=C(C)c1cccc(Cl)c1,C27H26ClN7S,61
CC(C)(C)C1CCCC23CCCC(C2)C2C(=O)C2CCC13,C20H32O,49
COc1ccc2c(c1)N1CCCCCC3CCCN(C1=O)C(=O)N3C2=O,C19H23N3O4,49
COC(=O)c1ccc2c(C(=O)O)ccccc1-2,C13H10O4,27
O=C(NC1CN(c2ccccc2Nc2ccc3ccccc3c2)CCC1O)N1CCCC1,C26H30N4O2,59
CN=C=CN=C(c1ccccc1Br)N(C)C#N,C12H11BrN4,28
COc1ccc(C(=O)C2=CC=C3C(=C3c3ccccc3C)C(=O)N(C)CCC(C)C3OC(=O)N(C2=O)C3C)cc1,C32H32N2O6,69
CCCN(C)C(=O)N1CCN(c2ccccc2C(=CC=C2C3=CC=C32)OC)C1=O,C23H25N3O3,54
CCCN(C(=O)C1=CC=CC(C(=O)NC(=O)COC(=O)c2ccccc2)=CC=C(C(C)=O)C1=O)C(=O)c1ccccc1,C32H28N2O8,70
O=[N+]([O-])C1=Cc2cc(Cl)c(NS(=O)(=O)c3cc(Cl)ccc3[N+](=O)[O-])cc21,C14H7Cl2N3O6S,33
CCCCn1c(=O)c(OC)cccc2ccc3c(=O)oc4ccc(OC)cc4c2c3c1=O,C25H23NO6,55
CN(C(=O)CN(C(=O)c1ccc(Cl)c(Cl)c1)c1ccc([N+](=O)[O-])cc1)c1n[nH][nH]1,C17H14Cl2N6O4,43
C=CC=C(C=Cc1ccccc1)S(=O)(=O)N(CC)C(C)=O,C16H19NO3S,40
O=C(O)NC1=Cc2ccc(Cl)cc21,C9H6ClNO2,18
c1c2nc3nc1N(CCCCCN3)c1nnc-2[nH]1,C11H13N7,30
O=C(C1CN2CCCCCN(S(=O)(=O)c3ccccc3)c3ccccc3OC1C2)N1CCCC1,C26H33N3O4S,65
CNC(=O)c1nnc2n1-c1cccc(F)c1C=CC(=O)N2c1ccccc1,C19H14FN5O2,41
CCCC1NC(=O)C=CC=C(Nc2ccccc2)C(=O)NC1=O,C17H19N3O3,40
O=C1OC2=CC([N+](=O)[O-])=COP(=O)(OCC3CCCCC3)OCCN1C2=O,C15H19N2O9P,46
C=C1CN2CCCC2C2CN(CCN2S(=O)(=O)c2ccccc2)C1=O,C18H23N3O3S,46
CCN(CC(=O)N(C)C)S(=O)(=O)c1ccc(C(=O)N2CC=C(c3ccccc3F)C2=O)cc1,C23H24FN3O5S,57
O=C1C=CC=C1S(=O)(=O)N1CCC(N2CCN(CCCN3CCCCC3)CC2)C1,C21H34N4O3S,63
CCCN1Cc2cc(OCC)cc(c2)C1=Nc1cc(F)ccc1OC,C20H23FN2O2,48
O=C1C2=NC(=Nc3ccccc3)N1CCCC1CCN(CC1)CCN1CCN2CC1,C23H32N6O,62
COc1cc(Cl)ccc1CC1C(=O)N1CCC=NOCOC(=O)c1cccc(S(=O)(=O)c2cccc(Cl)c2)c1,C27H24Cl2N2O7S,63
O=C(O)C(Cl)=CC=c1cc2c3c-2ccc1c3C(=O)O,C14H7ClO4,26
C=C1C=CC=C2C=C1NC(=O)N2CC,C11H12N2O,26
COc1cc2ccc1C(=O)N1CCCN(C(=O)OCCCCSC(=O)CC1=O)S2(=O)=O,C19H22N2O8S2,53
CCOC(=O)c1cc2ccc1-c1ccc(OC)cc1OC(C)C(C)O2,C20H22O5,45
CCC1=CC(Cl)=CC=Cc2nc3ncc2cc3C(OC)=C1,C17H15ClN2O,36
CC(C)(C)N1CCCN(C2CCCC2)C1=O,C13H24N2O,40
CCN1CC2C(C1=O)N(C(=O)OC(C)C)C(=O)N2C(=O)OC,C13H19N3O6,39
CN1C(=O)N2CCSCC2C(=O)Nc2cccc1c2,C13H15N3O2S,33
COC(=O)c1ccc(C(=O)N2CCC34CC=CC3=C4C2=O)cc1,C18H15NO4,38
CCCCC1=NC(=C2c3ccccc32)S1,C13H13NS,28
COc1ccc2c(c1)N(CCCCN(C)C(=O)C=CC(=O)N1CC1)C2=O,C19H23N3O4,49
O=C1N2CCCN1C(c1ccccc1)=NN(C(=O)c1ccccc1)C2=O,C19H16N4O3,42
CCN(C)C(=O)c1cc2ccc1C1=CC=C(OC)C=CC=CNC1=C2,C21H22N2O2,46
O=C(NCc1ccc(F)c(F)c1)NC1=CC=C2C=C2C=C1,C16H12F2N2O,33
CCCN(CCC)c1nc2nc(ccc3c4cccc(c4)n13)n2C,C19H23N5,47
CCC1CN2CCCCCCCC(=CC=CC2=O)C(=O)N1,C17H26N2O2,46
CC(OC(=O)C1=CC=C1F)C1OC2OC(=O)CCCCCCCCCCCC21,C22H31FO5,55
NC(=O)c1cc(Br)ccc1NC(=O)N1CCN(c2cccc(Br)c2)CC1,C18H18Br2N4O2,44
CCCCCC(=O)Nc1nc(C)c(C)s1,C11H18N2OS,33
CC(=O)NC(=O)C(=CC=Cn1nnnn1)Sc1nnc[nH]1,C9H9N9O2S,29
CCN1CCC(=C(C#N)c2ccc(OC)c(OC)c2)C1=O,C16H18N2O3,39
CCN(C)c1ncccc1-c1cc(C)ccc1Cl,C15H17ClN2,35
C=CC(=C(F)F)S(=O)(=O)c1ccc(C(F)(F)F)cc1C(=O)n1c2nnc1s2,C14H6F5N3O3S2,33
CCN1CCN(C(=O)C2=CC=C2N(CC)C(C)=O)C1=O,C14H19N3O3,39
COC1=CC(C2Oc3ccc4cc3C(=O)NN=C(c3ccccc3)N(C)C2O4)=C1,C22H19N3O4,46
CN(C)CCN1CC(=O)N(c2ccccc2-c2ccccc2C2=CC=C2)CC1=O,C24H25N3O2,54
COc1ccc(C(C)=O)c(C2=CC=C(SC)C(=O)NC(=O)N(C)C2=O)c1,C18H18N2O5S,44
O=C(NC(=O)N(c1cccc(C(F)(F)F)c1)C1CCN2CC12)c1ccccc1,C20H18F3N3O2,45
COc1ccccc1C(=CC=C(C(=O)N(C)C(C)=O)c1cccs1)Oc1ccccc1,C25H23NO4S,54
C=Cc1cc(-c2ccccc2)cc(-c2nnc(SC)n2C)c1,C18H17N3S,39
CCN(C(=O)c1ccc(C(C)=O)cc1)C(=O)c1ccccc1C(=O)OC,C20H19NO5,45
O=C(Nc1ccccc1)n1c(-c2cccc(Cl)c2)cc2ccc(Cl)cc21,C21H14Cl2N2O,40
CN(C)C(=O)c1nnc(-c2cccc(F)c2)c(=O)n1CCN1CCN(C(=O)Nc2cccc(C(F)(F)F)c2)CC1,C26H27F4N7O3,67
COc1ccc2c(c1)C(=O)C(C(=O)N1CC3CCCCCCCCC1C(=O)N3)=C2,C23H28N2O4,55
O=C1OC=CC=c2nc1[nH]c(=O)c2=Cc1ccccc1[N+](=O)[O-],C15H9N3O5,32
CCCCCN1CCN(C(=O)c2ccccc2)C(=O)C1=C(C)c1cc(OC)ccc1Cl,C25H29ClN2O3,60
CN(C(=O)Nc1ccc2ccc(F)cc2n1)c1ccccc1,C17H14FN3O,36
CC(O)B(O)NC(=O)C=C(Cl)C=C1C=C1,C9H11BClNO3,25
CCCCC(C)C(=O)N(C)C(=O)C=C1C=C(F)C(Br)=C1,C15H19BrFNO2,38
CCN(C)C(C(=O)N(C)C)=C(Sc1nnc2sc(Nc3ccccc3)nn12)c1ccccc1,C23H25N7OS2,58
CCN(C(=O)c1ccc(C(F)(F)F)cc1)C(=NC1(C)C=CC=CC1)Nc1ccccc1,C24H24F3N3O,55
CC(=O)N1C(=O)c2ccccc2C=CC1=CC#N,C14H10N2O2,28
O=C(CN1CCCC1)N1CCCN2CCC(=O)N(CC1)C2=O,C15H24N4O3,46
COc1cc(Cl)ccc1C(=O)N1CCCN(CCCCCCC#N)C1=O,C19H24ClN3O3,50
CCCCNC(=O)N1CCN(C)C(=O)C1=CC=C1C2=CC=C2c2ccc1[nH]2,C21H24N4O2,50
COc1cccc(C2SC3=C4C(=O)N5CCCN(CCCCC342)CC5)c1,C21H26N2O2S,52
CCCCCCN(CCOC(=O)c1cc2ccc3c4c(C)c3c2cc14)C(C)=O,C24H27NO3,55
CC(C)(C)CCCCCCCCCC1CCN(C(=O)c2c3c4ccc2c-3c4)CC1,C27H39NO,68
COCN(CCCn1c(N)nc2ccccc21)S(=O)(=O)c1ccc(F)cc1,C18H21FN4O3S,48
O=C(Nc1cc2sc1cc2Cl)c1ccc(F)cc1Cl,C13H6Cl2FNOS,25
O=C1c2ccccc2C(=O)N1CCN1CCCc2cccc(c2)OCC1,C21H22N2O3,48
CCCCc1ccc(NC(=O)c2ccccc2Cl)cc1,C17H18ClNO,38
Cc1ccc2cc1S(=O)(=O)c1ccc(F)c(c1)C(=O)N2C(=O)C(C)(C)C,C19H18FNO4S,44
CC(Br)=CCl,C3H4BrCl,9
COc1ccc(NC(=O)N(C)CC(=O)Nc2ccc3ccc4c(c2)c4n2c(=O)n3CC2)c(OC)c1,C25H25N5O5,60
CCCNC(=O)C(C)OC(C)CN(c1ccccc1C#N)c1ccccc1C#N,C23H26N4O2,53
CN(C)c1cccc2c1CC2,C10H13N,24
Cn1c(NN=C(NCCNC(=O)Nc2ccccc2)c2ccc(Br)cc2)nnc1C1C=CC=CC1,C25H27BrN8O,61
O=C(N1CCCCCC1)N1CCCC1,C11H20N2O,34
CCCCCCCN(C(=O)C(C)CCCCC)c1nc2c3cc4c3ccc2c4n1,C25H33N3O,61
COc1ccc(C2=CC=C3C=CC(C(=O)N(C)C)=CC=C3S2)cc1,C20H19NO2S,43
CCN1CCCCN(C(=O)C2=CCCCS2)C1=O,C13H20N2O2S,38
COc1ccc(C(=O)NC(C)=NCn2c3ccc2cc3)cc1,C17H17N3O2,38
CCC(=O)C(=O)OC(=O)C1=CC=C1OC,C10H10O5,25
CCN1CCCC=CC=C(C)c2ccc(cc2)S(=O)(=O)c2cccc(c2)C(=O)N(C)C1=O,C25H28N2O4S,60
COc1ccc(C2=NOCCN(C(=O)N3CCCCC3)c3nc(C#N)cccnc(s3)N2C)c(OC)c1,C25H29N7O4S,66
COc1ccc(C(=O)NC(=O)c2ccc3c4ncc(cccc(C)c3c2F)s4)cc1,C23H17FN2O3S,47
COc1cccc(C(=O)OC2C3OC4OC(C(OC(C)=O)C(OC(C)=O)C4OC(=O)C=C(C)C)C23)c1,C25H28O11,56
CCCCCn1c2nc3c(nc(C(=O)OC(C)C)cc31)[nH]2,C15H20N4O2,41
CN1CCN(c2cccc3c4ccc-4c23)C(=O)N(C)C(=O)NC1=O,C17H16N4O3,40
CN(C(=O)N1CCCC1)C(=O)N(C)S(=O)(=O)c1ccccc1NC(=O)C1=CC=C(C#N)C(=O)NC=C1,C23H24N6O6S,60
COC1=CC=Cc2ccc(N(CCCN3CCN4C(=O)CCN(CC3=O)C4=O)c3ccccc3)c1c2,C28H30N4O4,66
CCCCN1C(=O)C(Sc2cccc(C)c2)=C(C(=O)c2ccc(O)cc2)C1=O,C22H21NO4S,49
CN(C)S(=O)n1c2ccccccc-2c1=O,C11H12N2O2S,28
CC(=O)OC(=O)CCC(=O)OCCCCCC=C1C=C1,C15H20O5,40
COc1ccc(NC(=O)CN(C)c2ccc3cc2-3)cc1,C16H16N2O2,36
Cn1c(NC(=O)c2ccc(Cl)cc2)cc2ccccc21,C16H13ClN2O,33
C=C(OC)C(=C1CCCN(C(=O)c2cccc(OC)c2)C1=O)c1ccccc1,C23H23NO4,51
CCNC(=O)NC(=O)c1cc(Cl)coc1=O,C9H9ClN2O4,25
COc1cccc(C(=O)C2=CC=CCN3CCN(CCCN(C(=O)c4ccccc4)C2)CC3)c1,C28H33N3O3,67
CCCCCCCCCOC(=O)C(C)C1C(=O)C(OC(=O)c2ccccc2)C1C(C)(C)C,C27H40O5,68
Cc1ccc(Br)cc1N1CCN2CCC1=NC2c1ccccc1,C19H20BrN3,43
CCCS(=O)(=O)C1=CC=C(OC)C=CC(OC)=C1,C13H18O4S,36
CC(=Cc1ccccc1C(=O)N(C)C)c1ccc(-n2c3nnc2s3)cc1,C20H18N4OS,44
COC1=Cc2cc(C)cc3cc(c(=NN=C4SCCN5CCN4C5=O)[nH]c23)C=CC=C1,C23H23N5O2S,53
CC(C)N1C(=O)C(=C2C(Cl)=Cc3nnc2n3C)N(C)C1=O,C13H14ClN5O2,35
COC1=CC=CC=C(C(=O)NC(=O)c2ccccc2Br)C(=O)n2c(C(=O)O)ccc1c2=O,C22H15BrN2O7,47
CCCCCCCCCCCC(=O)OC(=O)C1=CC=C(C)CC1,C20H32O3,55
COC(=CC=CC=CC=CC=C1c2nnc(n2C)N1c1ccccc1F)c1ccccc1,C26H23FN4O,55
OB(O)OCc1ccc2cc1c1cc3ccccc3c2n1,C16H12BNO3,33
CN(C)C(=O)C1(c2ccccc2)CN(c2ccccc2)C(=O)N(C)C1=Nc1ccc(F)cc1,C26H25FN4O2,58
O=C(c1ccccc1)N1C(=O)N(c2ccc(C(F)(F)c3ccccc3)c3ccccc23)C2C(O)C21,C28H20F2N2O3,52
CN1C(=O)C=C(Cl)C(=O)CCCCC1=O,C10H12ClNO3,27
C=CC1=CC=C1NC(=O)c1ccc(C(=O)N(C)C)s1,C14H14N2O2S,33
O=C1CSC(=Nc2ccc(Cl)cc2)Nc2ccccc2N1c1ccccc1,C21H16ClN3OS,43
O=C1N2CCN3CCCCN(C4CCCC4)C(=O)N1C(CC3)C2,C17H28N4O2,51
CCSCC(C)(C)C(=O)O,C7H14O2S,24
COC=CC1=C(OC(F)(F)c2cc(Br)ccc2OC2C(=O)N(c3cccc(OC)c3)C2C(=O)O)C=C1,C25H20BrF2NO7,54
COC1=CC=c2nc3[nH]c(=O)n(C)c(=O)n3c2=CC=C1[N+](=O)[O-],C13H11N5O5,33
C=CC=CC(=CC=CN=c1nc1N1CCNC1=O)c1ccccc1,C19H18N4O,42
CN(C)C(=O)c1ccccc1C1NN=C1c1ccccc1C(=O)Nc1ccccc1,C24H22N4O2,52
C=Cc1ccc(C(=O)n2nnnc2Sc2ccccc2)cc1,C16H12N4OS,34
CCCN1CCN2C(=O)C(C1C)N(c1nc3c(s1)=CC=3)C2=O,C15H18N4O2S,38
CC(C)CCCN1CCN(C(=O)C2=CC=C(c3ccccc3C(F)(F)F)S2(=O)=O)CC1=O,C22H25F3N2O4S,57
CN(CCN1CCCCN(c2ccccc2)C(=O)c2ccccc21)C(=O)C1=CC=CC=CC=C1,C29H31N3O2,65
O=C(NC(=O)C1(Sc2ccccc2)C=CC=CC1)c1ccc(Cl)cc1Cl,C20H15Cl2NO2S,41
CCCN(CCCN1CCC1=O)c1nnc(SC2=CC=C2C)s1,C16H22N4OS2,45
CCN(C(=O)Nc1ccccc1)C(=O)c1c2ccc(OC)c1C(Cl)=CC=CC=C2Cl,C23H20Cl2N2O3,50
O=c1c2ccccc2nc2n1CCCCCCCCC2,C17H22N2O,42
COC(=O)N(CCSC)C(=O)NC(=O)NC(=O)N(C)C(=O)O,C10H16N4O7S,38
CC(C)N1CCN(C(=O)c2cccc(C=CC=Cc3ccc4cc3C4(F)F)c2)C1=O,C24H22F2N2O2,51
COc1cc(C(=O)NC(=O)NC(=O)c2ccccc2)c2ccccc2c1,C20H16N2O4,42
COc1ccc(C(=O)c2cc(OC)ccc2C(=O)O)c(OC)c1,C17H16O6,39
CCCCCN(CCCCC(C)(C)C)C(=O)O,C14H29NO2,45
CCCCCN(CCC(C)(C)C)C(=O)c1c2c3ccc1n(c3=O)C2=O,C20H26N2O3,51
COC(=O)c1cccc(OC)c1,C9H10O3,22
CN=C(N=C(N)N)NC,C4H11N5,17
CNC(=O)C(Cl)=C1C=C(Cl)C=C1Cl,C8H6Cl3NO,19
FC(F)(F)c1ccc(Cl)cc1C1CN(CCN2CCN3CC2C3)CC1CC1=C2C=CC1=C2,C25H27ClF3N3,57
CCc1ccc(C(=O)OC)c(C(C)=O)c1,C12H14O3,29
CCN1C(C(C)C)S(=O)(=O)C2=CC(C)=CC(C(F)(F)c3ccc(OC)c(Cl)c3)=CC=C2S1(=O)=O,C23H26ClF2NO5S2,58
CCCc1ccc(-c2cc(F)cnc3sc(n2)N(C)C(=O)N3)c(Cl)c1,C17H16ClFN4OS,41
CC(=O)N(C)c1nc2ccc(C(=O)c3ccc(F)cc3)cc2s1,C17H13FN2O2S,36
CCC1(C)CCC(C)N(C(=O)c2ccc(Br)s2)C1=O,C14H18BrNO2S,36
CC(=O)NC1=NC(C(=O)Nc2ccc(F)cc2)Cc2ccccc21,C18H16FN3O2,40
CCN(C(=O)N1C(=O)N=CC1=CC=C1C(F)=CC=C(C=CBr)S1(=O)=O)c1ccccc1,C21H17BrFN3O4S,48
O=C1Nc2cc3ccccc4c(n2)nc(Nc2ccc(Cl)cc2)n4CCN1C3,C20H17ClN6O,45
CC(C)(C)CN(C#N)CCC(C(=O)N1CCCC1)C(F)(F)F,C15H24F3N3O,46
CC(C)C1=CC=C1C(=O)NC1CCCN(C)C1=O,C14H20N2O2,37
O=C1CC(O)CN(c2nc(-c3cccc4ccccc34)c[nH]2)C(=O)N1,C18H16N4O3,39
NC(N)=NC(=NC1=CC=C1C(=O)Nc1ccccc1)NC(=O)Nc1ccc(F)cc1,C20H18FN7O2,48
Cc1cc(NC(=O)C2=CC=CC=C(C(F)(F)F)C=C2)cs1,C15H12F3NOS,33
CCCc1c2ccc(CN3C(=O)N(C(=O)C(C)(C)C)C3=O)c1C=C2,C19H22N2O3,46
COc1ccnc2c1CCCN(C#N)C(=O)N2CCOc1ccc(Cl)cc1,C19H19ClN4O3,46
COc1ccc2c(c1)C(=O)OC(=O)c1ccccc1O2,C15H10O5,30
CC(C=CC=C1C=C1)C(=O)c1ccccc1,C15H14O,29
CCN1C(=O)N2c3ccccc3-c3ccc(cc31)OCC(O)C2CCN1COc2cc(Cl)ccc2C1=O,C28H26ClN3O5,61
O=C1NCCN2c3c1cc(Cl)ccc(Cl)c(C(F)(F)F)c([N+](=O)[O-])c32,C14H8Cl2F3N3O3,33
CCOC(=O)c1c2cc3c(OC)cccc3c1S(=O)(=O)OCCNC(=O)CCCO2,C20H23NO8S,53
CC(=O)N1CCC(=NC=Cc2cccc(Cl)c2)NC1=O,C14H14ClN3O2,34
CN(CCN1CCNC1=O)C1=NC(=CC=CC(=O)Nc2ccccc2)C2=CC=C21,C22H23N5O2,52
C=C1C=C1C(=O)NC1CN(CCCC)C(=S)N(c2ccccc2)C1,C19H23N3OS,46
COc1ccc(C2=Cc3ccc(cc3)C(=O)N(CCCN(C)C)Cc3ccccc32)cc1,C28H30N2O2,62
CCN1CCN(C(=O)c2ccccc2Sc2ccccc2C(=O)N(CC)C(=O)c2ccccc2)C(C)C1=O,C30H31N3O4S,68
CCN(C)C(=O)C1=CC=Cc2cc1ccc2C(C)=O,C16H17NO2,36
C=CC=c1c(=Cc2cc3cc(Cl)ccc3[nH]c2=O)c2nn1c(=O)[nH]2,C17H11ClN4O2,35
O=[N+]([O-])C=Cc1ccc(O)n1-c1nc2ccccc2s1,C13H9N3O3S,29
CCCN1CCCCC1=O,C8H15NO,25
CC1CN(S(=O)(=O)c2ccc(N(C(=O)N(C)C)c3nc4ccc(F)cc4s3)cc2)CC(=O)N1C,C22H24FN5O4S2,57
COC(=O)C(=CC(C)=O)C(=O)N(C(=O)c1ccccc1)c1ccccc1,C20H17NO5,43
CC(=O)N(C)c1ccccc1Nc1ccccccccc1C(=O)N(C)C,C22H25N3O2,51
COc1ccc2nc3n(CCN4CCCCC4)c(=O)n4c(=O)cc4n(C)c(=O)n3c2c1,C21H24N6O4,55
CN(C(=O)NC(=O)c1ccccc1F)C(=O)c1ccccc1-c1ccccn1,C21H16FN3O3,44
CN(C)S(=O)(=O)N1C2=Cc3cccc4cccccc(ccc34)C=CC=CSC1=NC=C2,C25H23N3O2S2,55
CCCCN(C(=O)CC)C(=O)NC1=NC1=CC=C(C)c1cc(Cl)c(Br)cc1Cl,C20H22BrCl2N3O2,50
COc1cccc(S(=O)(=O)N(C)C)ccc(C)cc1,C14H19NO3S,38
CC(NC(=O)c1ccc(C(F)(F)F)cc1)c1nccc(O)ccc[nH]1,C17H16F3N3O2,39
Cc1cccc(Nc2ccccc2Nc2ccccc2)c1,C19H18N2,37
CC1=C(C(=O)c2ccc(F)cc2)C(C(C)(C)C)C2CC2COC(=O)C1=C=O,C22H23FO4,47
CCC1=CC=C2C(N=[N+](C)CC)=CC=C12,C13H17N2+,32
CCCCC1C(C)OC1CC,C10H20O,28
O=C(Cc1ccc(Cl)cc1)NC1=Nc2cccc3cccc(c23)S(=O)(=O)N1,C19H14ClN3O3S,41
C1=NC=C(CCCCCCCCCCCCN2N=C3NN=C32)N=1,C17H26N6,48
N#CN1CCCCCN2CCCCCCCCN(C1=O)S2(=O)=O,C15H26N4O3S,49
O=C(NC(=O)c1ccc([N+](=O)[O-])cc1)NC(=NC1=NC=C1)c1ccccc1,C18H13N5O4,40
COc1cccc(S(=O)(=O)N2C(=O)N(CCNCc3ccccc3)C(=O)c3ccc2cc3)c1,C24H23N3O5S,56
COc1ccc(Br)c(SC2=CC=C(O)N(C(=O)c3cccc(F)c3)C(=O)OS2(=O)=O)c1,C19H13BrFNO7S2,44
CCN1CCn2c(=O)cc(n(Cc3ccc([N+](=O)[O-])cc3F)c2=O)C1=O,C16H15FN4O5,41
COC1=CC=C2C=C3C=C(C=C23)C(NC(=O)N(C)C)=C1,C16H16N2O2,36
NC(=O)NC(=O)N=c1sc2ccccc2s1,C9H7N3O2S2,23
COc1ccc(CC2CCCN(C(=O)c3ccc(C(F)(F)F)cc3)C2=O)c(C(=O)c2ccccc2)c1,C28H24F3NO4,60
COc1cccc(C(=O)N(CCN2CC2)CCC(C)(C)c2cc(Cl)ccc2NC#N)c1,C24H29ClN4O2,60
CC(C)N1C(C)N2C(=O)c3cc(C(F)(F)F)c(c(n3)C2=O)S1(=O)=O,C13H12F3N3O4S,36
O=C1N(CCN(C(=O)C2=CC=C2F)C2CCCC2)CCCN1c1cc2ccc1-2,C22H24FN3O2,52
O=C1CCCCCCCCCCCCCOC(=O)C1=CC=C1C(=O)OC1=O,C21H28O6,55
CCn1c(SCCN(C(C)C)S(=O)(=O)c2ccccc2)nc2ccccc2c1=O,C21H25N3O3S2,54
CCCN(c1ccccc1)c1ccccc1-c1cccc(P(=O)=O)c1,C21H20NO2P,45
O=C(c1cccnc1)N1CCCN2CCN(CCCN3CC4CN(CC1)C(=O)C(C3)O4)C2=O,C23H32N6O4,63
CC(=CC=CS(=O)(=O)NC(=O)Nc1ccccc1)Sc1ccccc1,C18H18N2O3S2,43
CN1CCCCC(=O)CCCCCn2c(=O)c3ccc2nc3C1=O,C18H23N3O3,47
CCCN(C)C1=NC2(Nc3ccccc3)N=C(c3ccc(Cl)cc3)N12,C19H20ClN5,44
CC(C)(C)CCC1CCCCC(=O)N2CCCN(C1=O)C2=O,C17H28N2O3,50
CSCCSCCP(=O)(O)O,C5H13O3PS2,24
CN1C(=O)C=CC1=CC=Cc1ccccc1,C14H13NO,29
CC(OC(=O)C(Cc1ccccc1)N(C)C)c1ccc(-c2ccccc2)cc1,C25H27NO2,53
CCCCN1C(=O)C(C)=C(C(=O)OC)C1=O,C11H15NO4,31
COc1cc(NC(=O)Nc2ccccc2Cl)ccccc2cc1-2,C18H15ClN2O2,38
COC(=O)NC(=Nc1cc2ccc1cc2C(=O)c1ccccc1C(=O)N1CCCC1)SC,C24H23N3O4S,55
O=C1C2=CC=CC(=S)N(C2)C(=O)N2CCCCCCCCCN1C2=O,C18H23N3O3S,48
CCN1CCC(=O)N(S(=O)(=O)C=CC=Cc2ccccc2)CCOc2cccc(c2)S1(=O)=O,C23H26N2O6S2,59
CN(C(=O)NC1OC2OC1C2O)C(=O)N1CCN(CC(O)C2CN3CCN2C3=O)S1(=O)=O,C16H24N6O9S,50
CN(C(=O)c1ccc(Cl)cc1)C(=O)N(c1ccccc1)c1ccc(-c2cccc(F)c2)cn1,C26H19ClFN3O2,52
CCC1CN(c2nnc[nH]2)C2=CC=CC3=CC=C(C(=O)N1)C2=CC=C3OC,C20H21N5O2,46
CCN(C(=O)c1cc2ccccc2n1-c1ccccc1)c1nnc(SC)s1,C20H18N4OS2,45
Cc1ncnc(C=CC=C2C=CC=C2)n1,C12H11N3,26
CCN1C(=O)N(C(=O)C2=C(F)C(OC)=C2)C(Cc2ccc(C(F)(F)F)cc2)C1C,C20H20F4N2O3,47
COc1ccc(CC=C2CC2)cc1,C12H14O,27
COc1ccc(C(=O)N2CCCC(SC3=C4C=CC(=C3)C4)C2)cc1,C20H21NO2S,45
O=C(NN=Nc1ccc(Cl)cc1Cl)Nc1ccccc1,C13H10Cl2N4O,30
C1=CC(CCc2cccc([N+](Cc3ccccc3)(c3ccccc3)c3ccccc3)c2)=C1,C31H28N+,60
CCN(C(=O)c1ccccc1OC)C1C(=O)OC(COC(=O)C(C(=O)OC)=C(C)C)C(OC(=O)OC)C1O,C25H31NO12,65
Cn1c(C(=O)NC=CC=C2C=C2)c(Sc2cccc3ccccc23)[nH]c1=O,C21H17N3O2S,44
CC1=NC(c2cccc(S(=O)(=O)Nc3ccc([N+](=O)[O-])cc3)c2C(F)(F)F)=C1,C17H12F3N3O4S,40
C=C(c1ccccc1Cl)c1cc2cc(OC)c1cc2C1=Nc2ccccc2CN1C(=O)N(C)C,C28H24ClN3O2,58
O=C(Nc1ccccc1OCCn1c2ccc1nc2)C1=C(C=CF)C=C1,C20H16FN3O2,42
CCCCCC(=O)c1ccc(C(=O)OC)c(-c2ccc(C(=O)OC)cc2)c1,C22H24O5,51
COc1ccc(C(=O)N(CCCCNC(=O)c2cccc(F)c2)C(C)C)cc1C#N,C23H26FN3O3,56
C=C(Cl)C=C1C=C1C(=O)N1CCC2(CC1)CC2,C14H16ClNO,33
CCCCCCCCCCCCCCCC(=O)C(Cl)=C1C(=O)NC1=O,C20H32ClNO3,57
O=C(O)C1=CC=NC2=NN=C(c3cccc(F)c3)C2=CC=C1,C16H10FN3O2,32
O=C(Nc1ccccc1)C1CN(CCn2c3cc(=CC=C4C=C4Cl)c2=CC(Cl)=C3)CCN1,C25H24Cl2N4O,55
Cn1c(NCCc2ccccc2)nc2ccccc21,C16H17N3,36
COC(=O)C1NC(=O)N(C(=O)C2=CC=C2OC)C1C(=O)N1CCCCC1,C17H21N3O6,45
CCn1c(=O)c(SC)cnc(NC(=O)N(C)C)sc2ccccc21,C16H20N4O2S2,44
CCN1CCN(C(=O)c2ccc(OC)cc2N(C)C2=CC=CC3=CC3=C2)C1=O,C22H23N3O3,51
CC(C)(C)CCCN1CC2=CC=C3C2=CC(=CC=CS3(=O)=O)S1(=O)=O,C18H23NO4S2,48
CN1C(=O)NC(=O)NC(=O)N=C1C1=CC(C=C2C=CC=C2)=C(C(F)(F)F)C=CC=C1,C20H15F3N4O3,44
COC(=O)OC1=C(C(=O)OC)C(C(=O)COc2ccccc2)=Cc2ccc1cc2OC,C23H20O8,51
CN1C(=O)N(C)C1=CC1=CC(C(=O)Nc2ccccc2)=C1,C16H15N3O2,36
O=C1C=CC=CN=C(Sc2ccccc2-c2ccccc2)N1,C18H14N2OS,36
NC(=O)NC(=NC=Nc1cccnn1)c1ccc(Cl)cc1Cl,C13H10Cl2N6O,32
Fc1cccc(N=C2Nc3ccc(cc3)C(c3ccccc3)N2)c1,C20H16FN3,39
O=C(NC1Cc2nc3cc(Cl)ccc3n2C1)c1cc(Cl)ccc1Cl,C17H12Cl3N3O,35
CC1CCCCc2ccc(cc2)-c2sc(N(C)C)nc21,C17H22N2S,42
COc1ccccc1N1CC(=O)Nc2nc3ccccc3n2CC1=O,C18H16N4O3,41
CCCCN1CC(=O)N(C)C(=O)c2ccc(cc2)C(=O)NC1=O,C16H19N3O4,41
CCCCN(C(=O)CCC)S(=O)(=O)c1ccc(C)o1,C13H21NO4S,40
CCN1CCN(C(=O)OCCCN2CCCCC2)CC1,C15H29N3O2,49
COC1=CC=C(S(=O)(=O)OC)C(Cl)=CC=C1Cl,C10H10Cl2O4S,27
O=C(NCCCCCCCCC1CCCCC1)c1ccccc1C(=O)N1CCCC1,C26H40N2O2,70
CCCCN1CCN2CCN3CCN(CC1)C(=O)C1=CC=C3C=CC=C1C2=O,C22H30N4O2,58
CCC1=Nc2ccc(OC)nc2NC(c2cccc(C(=O)OC)n2)=N1,C17H17N5O3,41
CC(=O)N1CCCN2C(=O)c3ccc(c(c3)S2(=O)=O)C(=O)CCCCCc2ccccc2C=CC1=O,C27H28N2O6S,64
O=C1C=C2C(=O)N1CCCN1CCN(CC1)CC2(F)F,C13H17F2N3O2,37
COc1ccccc1C(=O)N1CCOc2ccc3c(c2)C(=O)N(CC1)C3=O,C20H18N2O5,45
CCCOC(=O)c1cc(C(=O)O)cc2c(C(=O)OC)ccc-2c1,C17H16O6,39
O=C(C1=CC(Cl)=Cc2ccccc2S1)N1CCN(C(=O)N2CCC2)C1,C18H18ClN3O2S,43
COc1c#ccc2c1C(=O)N1CCCCC(CCC1)CS2,C17H21NO2S,42
CC1(C)CCC(=O)N2CCCCCN(C1=O)S(=O)(=O)c1ccc(cc1)C2=O,C19H24N2O5S,51
Cc1ccc(C2=CC(Br)=C2)c(N2C(=O)N(C)CC2C)n1,C15H16BrN3O,35
CC(C(=O)Nc1cccc(Br)c1)C1=CC(F)=C1,C13H11BrFNO,28
CCCCN1CCCN(C(=O)c2ccccc2)C2=NN3C(=O)C=CC2=CC(=O)C3C(O)C1,C24H28N4O4,58
COc1ccccc1N(C(=O)NC(=N)N1c2ccccc21)C(C)(C)C,C19H22N4O2,47
COc1ccc(-c2cccc(C(=O)NC3C(O)C3C3CCCCC3)n2)cc1,C22H26N2O3,49
CCCCCCN1C2CCN(CC2)C(=O)c2ccc(cc2)S1(=O)=O,C18H26N2O3S,50
CCN(CCN1CCc2sc(C)c3sc1nc23)C(=O)c1ccc(F)cc1,C19H20FN3OS2,46
COc1ccc(Cl)cc1S(=O)(=O)N(C)C1CN(c2ccc(Cl)cc2)C1,C17H18Cl2N2O3S,43
C=CC=c1c2cccc1=NC(NC(=O)NC(=O)c1ccc(Cl)cc1)=NC=C2,C20H15ClN4O2,42
CCN1C=Cc2[nH]c1nc2C(=O)NCCOS(=O)(=O)c1ccccc1OC,C17H20N4O5S,46
NS(=O)(=O)c1ccccc1-n1cc(Oc2ccccc2Cl)c2ccccc21,C20H15ClN2O3S,42
CC(CN1CCCC1)N1CCn2c1nc1ccccc12,C16H22N4,42
CN(C)CCCN1CCc2ccccc2N2CC(=O)N3C(C2=O)C2C3C(=O)N2c2ccccc2C1=O,C27H29N5O4,62
Cc1ccc2c(=O)n3c(=O)c(c-2[nH]ccc(OCCN(C)C(=O)c2ccc(Cl)cc2)c1)CC3,C25H24ClN3O4,56
C=CN=C1c2cccc(c2)N(C(=O)c2ccccc2)C(=O)c2ccccc21,C23H16N2O2,43
C=C1C=CNC(=O)N(c2nc3ccccc3s2)CCN2CCN1C(=O)N(Cc1cccc(C(F)(F)F)c1)C2=O,C26H23F3N6O3S,62
CCCN(CCCN(CC)C(=O)C=Cc1ccc2cc1-2)C(=O)c1ccccc1,C24H28N2O2,56
O=C(NC(=O)c1ccc2cc1-2)c1ccccc1,C14H9NO2,26
COc1ccc(C(=O)Nc2ccccc2OCC(=O)N(C)CC2=Cc3cccc2c3)cc1,C26H24N2O4,56
CC1=NC2=Cc3ccccc3C(=O)Nc3nnc(s3)N2C(c2ccccc2)=N1,C20H14N6OS,42
C=c1cc2oc3ccc4c(ccc2SC)c(c1)c3ccc(C(=O)N1CCCN(C)CC1)n4C,C27H29N3O2S,62
CCSC1=NN=C2NC=C(c3cccc(Cl)c3)N2C(=O)N1c1ccc(OC)cc1C,C21H20ClN5O2S,50
COC(=CC(F)(F)F)C=C1N=C(N2CCC3(CCCC3)C2=O)S1,C15H17F3N2O2S,40
CCN1C2=CC=CC(=CC(Cl)=C2)C(=Nc2ccccc2)N(C)c2nnc1s2,C20H18ClN5S,45
CCN1CCCCN2CCN(C(=O)c3ccccc3)c3ccccc3C(=O)N(CCC1)C2=O,C26H32N4O3,65
C=CC=Cc1ccc2cc1-c1cc(ccc1Cl)C(N1CCN(C)C1=O)=N2,C21H18ClN3O,44
Cc1ccc2c(=O)[nH]c3ccccc3c(-c3ccccc3)nn(C)c(=O)c2c1,C23H19N3O2,47
CSC1=NC(=Cc2ccc(C(=O)Nc3ccc(Cl)cc3)s2)C(=O)N1C(N)=O,C17H13ClN4O3S2,40
CN(C)c1nc(C=CC2=CC=C2)nc(-c2cccc(C(F)(F)F)c2)n1,C18H15F3N4,40
CC(C)(C)CC(=O)c1ccccc1,C12H16O,29
CCCCN1CC(N(C(=O)c2ccccc2C)c2ncccc2SCC)C(OCC)C1=O,C25H33N3O3S,63
CN(CCN(C)c1nnc2nc1N2)C(=O)C1=CC=CC=CC(Cl)=C1,C16H17ClN6O,41
CN(C)S(=O)(=O)C1=CC(=CC=CC=CC=CN=c2nc(-c3ccccc3)n(C)c(=O)n2C)C=CC=C1,C27H29N5O3S,65
O=C1CCCCCN2CCCN1C(=O)C2,C11H18N2O2,33
CN1CC(=O)N(S(=O)(=O)c2cccccc(C=Cc3ccccc3)cc(Cl)c2)CC1=O,C23H21ClN2O4S,52
CN1CCN2CC(OC(C)(C)C)C(c3ccc(cc3)C2=O)N(S(=O)(=O)c2ccccc2)C1=O,C24H29N3O5S,62
CN(C)c1cc(C(F)(F)F)ccc1-n1c2nnc1C(=O)Nc1ccc(cc1)N2,C18H15F3N6O,43
COC1=CC=CC(C(=O)N2CCCN(C(=O)N(C)C#N)C(=O)N(C)C2=O)=CC=C1,C19H21N5O5,50
O=C1CCCCC2(CCCCC2)C(=O)OCCO1,C14H22O4,40
CCN1C(=O)C1=CC(Cl)=C(Cl)Cl,C7H6Cl3NO,18
CCN1C(=O)C2=C3C=C(C(=O)OC)C(OCCCCCCCCC(=O)OC(C)=O)=CC3C2C1=O,C25H31NO8,65
CC(C)CCCCCCCCCCCCOC(=O)C(C)(C)C,C20H40O2,62
CN1CCCN(C(=O)N2CCCC2)C1=O,C10H17N3O2,32
O=C(NCCCCN1CCCCC1)c1c([N+](=O)[O-])oc([N+](=O)[O-])c1[N+](=O)[O-],C14H19N5O8,46
CCOC(=O)N(C)C1CCN(C2=CC(Cl)=CC=CC(C#N)=C2)C1=O,C17H18ClN3O3,41
Cc1csc(-c2cc(F)ccc2C(=O)N2CCC(C(=O)N3CCN(C(=O)C#N)CC3)C2)n1,C22H22FN5O3S,54
COc1cc(C)ccc1C(=O)c1ccccc1C(=O)N(c1ccccc1)C1CCCCC1,C28H29NO3,61
CCN1C(=O)C(=CC=COC)S(=O)(=O)N(c2cccc(S(=O)(=O)N(C)C)c2)C1=O,C17H21N3O7S2,50
CCCCN1C(=O)N2C3CN(C(=O)C4=CC=CC(F)=CC=C4)CC2C31,C19H22FN3O2,44
CN(CCN1CCc2ccccc2C1=O)c1cccc2c(=O)[nH]c(S)nc12,C20H20N4O2S,47
CC(C)(OC(=O)B(O)O)c1cc2cc-2c1,C10H11BO4,26
COc1cccc(SC2=NNC(=O)c3cccc(c3)N2c2ccc(S(=O)(=O)N(C)C)cc2)c1,C23H22N4O4S2,54
COC1CCN2C(=O)c3nc(n[nH]3)N(C)CCOC1C(NC(=O)C1=CN1C)C2=O,C17H23N7O5,48
O=C1NCCN(c2nc(C(=O)O)c[nH]2)C(=O)N1,C8H9N5O4,25
Cn1c(=O)ccc(N2CCC2=O)cc2c(c3cccc(N(Cc4ccccc4)C(=O)c4ccccc4)c31)=CC=2,C33H27N3O3,66
O=C(NC(=O)c1ccccc1C(=O)c1ccccc1)c1ccc(Cl)cc1,C21H14ClNO3,40
COc1cc2cc(c1)n(CCNCCOc1ccccc1)c(=O)c2=C1Nc2ccc1cc2,C26H25N3O3,56
CCCCCCCCCC#CC(=O)C(C)(C)C,C16H28O,45
O=C(NC(=O)c1ccc(C(F)(F)F)cc1)NC(=S)S,C10H7F3N2O2S2,26
CCN1c2ccc(s2)-c2ccccc21,C12H11NS,25
O=C(O)CN1Cc2cc(c3nc2N3)[N+](=O)CCC1=O,C11H11N4O4+,29
CCCCCCCCCCC1CCCN(C(=O)C2=C3C(=O)C=CC=C3S2)C1=O,C23H31NO3S,58
CC(=O)OC(=O)C1=CC(C(=O)OC(C)=C2CCCCCCCCC(C)(C)C2=O)=C1,C23H30O6,59
O=C1NCC(F)(F)c2cccc1c2-c1cccc(Br)c1,C15H10BrF2NO,30
CC(=O)N(C)Cc1ccc([N+](=O)[O-])o1,C8H10N2O4,24
COC1=CC=C([N+](=O)[O-])N=Nc2ccccc2C=CC=C1C(=O)N1CCNC1=O,C19H17N5O5,46
CCN(C(=O)c1cc2cc(c1)C(=O)N2)C1CCNC1=O,C14H15N3O3,34
CCC(=O)N(C)C(=O)NC(=O)c1cc(OC(F)(F)F)ccc1[N+](=O)[O-],C13H12F3N3O6,37
O=C1Nc2nc(nc(=NC3=CC=CCC3)s2)N1CCOc1cccc(F)c1,C18H16FN5O2S,43
COC(=O)N(CCCCN=C(N)N)C(=O)N(C)C(N)=O,C10H20N6O4,40
O=C(Nc1cccc(Cl)c1)NC(C1=CC(Nc2ccccc2)=C1)c1ccccc1,C24H20ClN3O,47
CN(C(=O)N1c2ccccc2C=CC=CNS1(=O)=O)c1ccccc1,C18H17N3O3S,42
COc1cc2nc3[nH]c(c-2c1)C(=O)N1CCCCCCN2CC(C2)CN3CCCCCC1,C25H37N5O2,68
CCN(C)C1=Nc2cccc3c(cccc23)S(=O)(=O)N2CCN(CC2)C(=O)CS1,C20H24N4O3S2,53
O=C1C2CCN1CC(CCCc1nnc3n1CCC3)N2C(=O)c1cccc(F)c1,C21H24FN5O2,52
COc1ccc(C(=O)C2=CC(=O)N(c3cccc(Cl)c3)CCCNC2=O)cc1,C21H19ClN2O4,47
CCCCCCCC[Sn](C)(C)CCF,C12H27FSn,41
C=C1CCCNC(=O)C1=Cc1cc2ccccc2[nH]c1=O,C17H16N2O2,37
CC(=Cc1cc(F)ccc1[N+](=O)[O-])C(C)C,C12H14FNO2,30
CN1CCN(CCC2C(=O)Nc3ccc4c(c3)c3cccnc3n42)CC1,C20H23N5O,48
COC1NC(=NC=C2N=C(c3ccc(I)cc3)N(C)C2=O)N2C(=O)N(C)C(C)C2C1O,C20H23IN6O4,50
CN1C(=O)N(CCN(C)S(=O)(=O)c2ccccc2)c2n[nH]c(=O)c3ccccc3n(c3ccccc23)C1=O,C26H24N6O5S,62
CN1CC2=CC=C(Cl)c3cc(Cl)ccc3C(=O)N(C)C(=N1)S2,C15H13Cl2N3OS,35
CC1CN(C)COc2ccc3c(c2)nc2n3CCN21,C14H18N4O,36
CCOCNC,C4H11NO,17
COC1=CC(C(=O)NS(=O)(=O)c2ccccc2)=C(C)C(C(=O)N(C)C)=CC=C1,C20H22N2O5S,50
COC(=O)C(=CC=Cc1ccc2cc1-2)C(=O)N1CCCCC1=O,C18H17NO4,40
COc1ccc(Oc2cccc(S(=O)(=O)N3CCN(CCCN4C=CC4)CC3)c2)cc1Cl,C23H28ClN3O4S,60
Nc1nnc(SC2=CC3=CC=CC(=CC=C2)C3(F)F)[nH]1,C13H10F2N4S,30
CC(C)(C)C1C(NC(=O)c2ccccc2)CCCN1Cc1ccc(F)cc1,C23H29FN2O,54
O=c1[nH]nc(NC2=NC3=CC=CC2=CC=CC=C3)[nH]1,C13H11N5O,29
COC(=Nc1ccc(C)cc1)Sc1nc(C)c2c(=O)n1CC2,C16H17N3O2S,39
N#CC1=CC=CC2=NNC(=N1)S2,C7H4N4S,15
CCCCCN(C(=O)C(F)(F)C(F)(F)C(F)(F)C(F)(F)F)C(=NBr)SC#N,C12H11BrF9N3OS,38
CCN1C2=NC1=C(C(=O)N(C)C(=O)c1cccc(C)c1)C=C(C)C(=O)N2C,C20H22N4O3,49
CCCCN1CCCc2cccc(c2)S1(=O)=O,C13H19NO2S,36
CCCC1OC2C(C(=O)N2CCC)C(O)[S+]1n1nnnc1C=C[NH3+],C14H24N6O3S+2,41
CCCN(CCCCC(C)(C)C)C(=O)c1c2ccc3c1SC(=N2)S3,C19H26N2OS2,50
COC(=O)C(C=Cc1ccc(Br)cc1C)=CC=C(C(=O)OC)c1ccc(C)c2ccccc12,C28H25BrO4,58
O=C1NC(=O)C2=CC(=CC2N=c2sc3ccccc3s2)N1,C14H9N3O2S2,30
CN(C(=O)Nc1ccc(F)cc1)c1nnc(N(c2ccccc2)c2ccccn2)[nH]1,C21H18FN7O,47
O=C(c1ccccc1)N1C(=O)C2CCCN(C2)C1=O,C14H14N2O3,32
Cc1nc(N(C)C)sc1C(=O)Nc1ccccc1,C13H15N3OS,33
COc1ccc(OCCc2ccc(C(F)(F)c3ccccc3C(=O)N3CC3Cc3ccccn3)cc2)c(OC)c1,C32H30F2N2O4,69
CCCC(C(=O)C1=CCCCC1)=C(C)C(=O)OC(C)(C)C,C18H28O3,49
C=CC=C(F)C=CC1=CC=CC(OC)=CC=CC=C2C(=O)N(C)C(=O)c3ncnc(n3)N2C1=O,C24H20FN5O4,54
CCCCN(C(=O)C1=CC(S(=O)(=O)OC)=CC=C(C(C)=O)C=C1Cl)C(=O)c1ccccc1,C23H24ClNO6S,56
COC1=CSC2=NC(=C1)C(=O)N2CCCC1CCCC1,C15H20N2O2S,40
CN=C1c2ccccc2CCC(NC(=O)c2cccc(F)c2)CN1C(=O)Nc1ccccc1,C26H25FN4O2,57
CCCC(=O)N1CCCCCCCCCC1=O,C14H25NO2,42
CCN1CCN(C(=O)C=C2c3ccccc32)C1=O,C14H14N2O2,32
COC1=CC(=C(Br)C(=O)O)c2ccc(OC)cc21,C13H11BrO4,29
C=C(C(=O)N(CCCCC)CC(=O)Nc1ccc(C(=O)c2ccccc2)cc1)c1ccccc1,C29H30N2O3,64
CN(C)CCCCC1(C)CCN2CC3=CC=CC=C1C2=C3,C19H28N2,49
CCN(CCn1c(Oc2ccccc2)nc2cccnc21)C(=O)c1ccccc1,C23H22N4O2,51
O=C1CN2CCCC(O1)OS2(=O)=O,C6H9NO5S,22
C=C1CCCCCCCCCCCCCCCCOP1(=O)OP(=O)=O,C18H34O5P2,59
CN1C(=O)N(CC2CO2)c2ccccc2S1=O,C11H12N2O3S,28
CSc1nc(=O)n2c(=O)n1CCN(C)CC2,C9H14N4O2S,30
CN(C(=O)C=CC1=CC=C1Cl)C(=O)N(C)C(=O)Oc1cccc(Cl)c1,C17H14Cl2N2O4,39
CCCN(C)Cc1c2ccc(Cl)c1C1=NC(=CC(Cl)=CC=C3C=C32)C(=O)N2CCN1C(=O)C2,C25H24Cl2N4O2,57
CN(C)C(=O)N1CC=NC1=Nc1c(Cl)ccc(C(F)(F)F)c1Cl,C13H11Cl2F3N4O,34
CCOC(=O)C(=CC=C(C(=O)OC)C(=O)OCC(=O)COc1ccccc1)C(=O)OC(=O)O,C21H20O12,53
CC(=N)N(C(=O)N(C)C(=O)c1cccc(Cl)c1)c1cccc([N+](=O)[O-])n1,C16H14ClN5O4,40
C=C(C(C)=O)C(=O)C(CCCCCCC)C1C(C)C(=O)OC2C(CC)C(=O)OC(=O)OC21,C24H34O8,60
CC(=O)Oc1ccc(C(=O)NC(=O)C(=O)c2ccc(Cl)c3ccccc23)cc1,C21H14ClNO5,42
COC1=C2CCN(C2=O)C(=O)c2cc(C(=O)N3CCCCC3=O)ccc2S1,C19H18N2O5S,45
CN(C)C(=O)c1ccc(C(=O)NCc2ccccc2)s1,C15H16N2O2S,36
CCCCN(Cc1cccc(OC)c1)C(=O)C(c1csc2ccccc12)C(C)(C)C,C26H33NO2S,62
N#CC1=CC=C(Sc2ccccc2)C(F)(F)c2ccc(cc2)-c2ccccc2O1,C24H15F2NOS,44
O=C(c1ccc(C2=CC=C2)s1)N1CCCCCN2CCN(CC2)CC1,C20H27N3OS,52
COc1ccccc1C1=c2sc([nH]c2=O)=NN=N1,C11H8N4O2S,26
CCCCCN(C)CCN(CC)C(C)CNC(N)=NC1=Nc2nccc(C#N)c21,C21H34N8,62
COc1ccc(C(=O)NC(CCCNC(=O)C#Cc2cccc(F)c2)CN(C)C)cc1,C24H28FN3O3,58
C=C(C)SC#N,C4H5NS,11
CCNCCN1C(=O)c2ccc(cc2)S(=O)(=O)NC(C)C1=O,C14H19N3O4S,41
CCCCC(=O)N(CCS(=O)(=O)N(C)C)C(=O)C1=CC=C1,C14H22N2O4S,43
CC1CCN(C2=NC=CC2=Nc2ccccc2)C1,C15H17N3,34
CCCCCN1CCN(C(=O)c2cc(F)ccc2OC)CCN(CC)C1=O,C20H30FN3O3,57
FC(F)(F)c1ccc2ccc3cc2c1c1ccccc1ccn1c(Nc2ccccc2)nnc1o3,C27H17F3N4O,52
CCC(=O)ON=CNC(=Nc1ccc2cc1-2)SCc1ccccc1,C18H17N3O2S,40
CCN(CC)c1nc2c3ccc(cccc(Cl)n2n1)cc3-c1ccccc1,C22H21ClN4,48
Cn1nc(C2=CC=CC=CC(c3ccccc3)=C2)n(C)c1=O,C18H17N3O,39
O=c1ccnc(SC=Cc2ccccc2)[nH]1,C12H10N2OS,26
C=CC=C(C(=O)O)C1=CC=C(c2ccccc2)SC(Oc2ccccc2)=N1,C22H17NO3S,44
CCCCN(CC)C(=O)c1nc(-c2cc(Oc3ccc(Cl)cc3Cl)ccc2OC)[nH]c1C,C24H27Cl2N3O3,58
CCNc1nc(C=C2C=C([N+](=O)[O-])C=C2OC(C)=O)c(C(=O)OC)s1,C15H15N3O6S,40
CCCCCCCn1c(=O)c#ccc(OC)c1=O,C14H19NO3,37
CCN(C)C(=O)C(=CC=Cc1ccccc1C(N)=O)c1ccc(OC)cc1,C22H24N2O3,51
C=C(C=CC=CC=CC=C1C(=O)NC2=NC=C12)C(=O)NC(=O)c1ccccc1,C22H17N3O3,45
CN1CCC=C(C=CC=CC2=CC=C2N=c2nc(-c3cccc(Cl)c3)[nH]c(=O)n2C)C1=O,C24H22ClN5O2,54
COc1cc(OC)cc(S(=O)(=O)N(C#CCN2CCCC2)Cc2ccccc2)c1,C22H26N2O4S,55
O=C(Nc1ccc(F)cc1)C1=CC=CC2=NN=C1SC(NC(=O)c1ccccc1)=N2,C21H14FN5O2S,44
COc1cc(OCCNC(=O)c2ccccc2)ccc1C(=O)N1CC(=O)N(C)C1=O,C21H21N3O6,51
COC1=CC2=CC=C3SC(=C4NC4=C3CN(C)C(=O)N(C)C(=O)N(C)C)C2=C1,C20H22N4O3S,49
CCN(C(C)=O)c1nc(-c2cccc(C(F)(F)F)c2)c(C)s1,C15H15F3N2OS,37
O=S(=O)(Cl)CS(=O)(=O)Cl,CH2Cl2O4S2,11
CC(c1cc(-c2ccccc2)c(F)cn1)P(=O)(O)OP(=O)(O)O,C13H14FNO6P2,37
COc1ccccc(C(=O)N(C)Cc2ccccc2)c2cc-2c1,C20H19NO2,42
CCN(C(=O)N(CCOP(=O)(O)OC)c1cccc(F)c1)c1ccccc1C(=O)N1Cc2ccc1cc2C#N,C27H26FN4O6P,65
N#CC(=NBr)C1CCCCCC1,C9H13BrN2,25
CC(C)=NC1=CC(C(=O)C2CCC2)=C1,C12H15NO,29
CC(C)(C)C(=O)N1C2=CC1=NC1=NC1=C2,C11H11N3O,26
N#CC1=CC=CC(NC(CN2C(=O)NC2=O)c2ccccc2)=CC=C1,C19H16N4O2,39
C#CC(=CC=C1C=C2C=C1C(=O)N(CCCC1CCCCC1)S2(=O)=O)OCCOCC,C24H31NO5S,61
CCCN(CCCOC(=O)c1ccccc(-c2ccccc2)cc2ccc(ccc1)[nH]2)C(C)=O,C29H32N2O3,65
CN1CCCN2CCC3CN(C(=O)c4ccccc4C1=O)C(=O)N3C2=O,C18H20N4O4,46
CN1C(SC2=CC=C2Oc2ccccc2)=NS(=O)(=O)c2ccc(s2)S1(=O)=O,C16H12N2O5S4,39
CC(C)(C)C1=NC2=NC=C(Cl)C(=N1)S2,C9H10ClN3S,24
CCCCCC1OC(=O)C(C)C1C,C11H20O2,30
COC(=O)C1=CC2=CC=C3C(=C1)C(=O)c1cc3cc(c1OC)C2(F)F,C19H12F2O4,37
CCCCCn1c(=O)c2ccc(c(C(=CC=C3C=C3)OC)c2)c1=O,C20H21NO3,45
CCCCN(CC)C(=O)N(C)CCn1c2ccc3c4nc(c2-3)c1n4,C18H23N5O,47
CCCCC(=O)N(C)C(=O)CCN(C)C(=O)c1csc2ccccc12,C19H24N2O3S,49
COc1ccc(OC)c(C(Cl)=CC=Cn2c(=O)c3ccc2cc3)c1,C19H16ClNO3,40
CCCN(CCCCN1CCc2ccccc2CC1=O)C(=O)C(C)(C)C,C22H34N2O2,60
CCN1CCN(CN(c2ccc(Cn3c(=O)[nH]c4ccccc43)cc2)c2c[nH]c3ccccc23)S1(=O)=O,C27H28N6O3S,64
CC(C)OC(=O)CCC(Cl)C(Cl)(Cl)Cl,C8H12Cl4O2,26
CCCN(C)C(=NC=CC1=CC=C1)Nc1ccccc1Nc1ccccc1,C23H26N4,51
COc1ccc2c(C(C)(C)OC(=O)C(=O)OC(C)(C)C)cc(Cl)cc2c1,C20H23ClO5,49
CCCCCCCCCCN(C(C)=O)C(=O)N1COC(=O)c2ccccc2C1=O,C22H30N2O5,59
CCCCN(CC)C(=NC1=CCCN(C)C1=O)c1ccccc1,C19H27N3O,50
COC1=C2C1=CC=C1c3cc(OC)cc2c3N(CCCN(C)C)C(=O)N1C,C21H25N3O3,52
COC(=O)c1cc(C(C)=O)ccc1C(=O)N(C)C(=O)c1ccccc1,C19H17NO5,42
C=CC=CC(=CC=CSc1nnc(SC2=CC(=C)C=C2)s1)[N+](=O)[O-],C16H13N3O2S3,37
COc1ccc(C(C)=CC(=O)N2CCN(S(=O)(=O)c3ccc(F)cc3)CC2)c([N+](=O)[O-])c1,C21H22FN3O6S,54
CNC(=O)C(NC(=O)c1ccc([N+](=O)[O-])cc1F)C1SC2=NN(C)C(=O)NCCN1C(=O)N(C)CCS2,C20H25FN8O6S2,60
O=C(NC(=O)c1ccccc1)NC(=O)c1cccnc1,C14H11N3O3,31
CC(=O)COC(=O)c1ccc(C(=O)Oc2ccccc2C(=O)OCC(C)=O)cc1,C21H18O8,47
CC(C)(C)N1C(=O)N2CCCc3cc(ccc3SC2=O)S1(=O)=O,C15H18N2O4S2,41
CNC=Nc1ccc([N+](=O)[O-])cc1,C8H9N3O2,22
CN(CCCn1c2nc(nc1=O)N2)C1=CC=C2C=CC=C1N2,C15H16N6O,37
CN1C(=O)C=CC=C(Cl)N=C=NN=C1c1ccccc1,C14H11ClN4O,31
CCN(C)C(=O)N1CCCCCC=CC=c2c3ccc(c2n3)S1(=O)=O,C18H23N3O3S,48
COC(=O)c1ccc(OC)cc1C(C)=O,C11H12O4,27
CCCCN(C(=O)CC#N)C(=O)N(CC(=O)O)C1=NC1=CC(Br)=C[N+](=O)[O-],C15H16BrN5O6,43
CCN(C#N)[N+]1([O-])NC2=CC2=C(Cl)C=C1[N+](=O)[O-],C9H8ClN5O3,26
C=CC=C(C(=O)Nc1ccc(OC)cc1)C(=O)N(C)c1ccc(Cl)cc1,C20H19ClN2O3,45
CCOCC(C)(C)C(=O)N1CCN2CC1Cc1cc(F)cc3cc(ccc13)S2(=O)=O,C22H27FN2O4S,57
CCN1CCN(C(=O)n2ncnc2C(F)(F)F)CC1,C10H14F3N5O,33
CCCN1CCCC(C(=O)c2ccccc2)=Cc2ccc(cc2C(=O)c2ccc(OC)cc2)C1=O,C30H29NO4,64
CCCCCCCC1C2OC(=O)N(CC3=CC3=COC)C12,C17H25NO3,43
CCN(C)C(=O)C1=CC=C(Sc2ccccc2)NC(=O)NC1=O,C16H17N3O3S,40
COC1=CC=C2C=C(C=C2NC(=O)N2CCCN(C)C(=O)N(C)C2=O)C1(F)F,C18H20F2N4O4,48
COC(=O)c1ccc(OCCCOC(=O)COc2ccc3c(c2)OCOC3=O)c(C(=O)OC)c1C(=O)OC,C25H24O13,62
CN1C(=O)C2Cc3ccccc3N=C2N(C)C1=O,C13H13N3O2,31
COC(=O)CN1CCCCC1=O,C8H13NO3,25
O=C(O)CC1N(S(=O)(=O)Nc2ccc(Cl)cc2)CCn2cnn1c2=O,C13H14ClN5O5S,39
CC1C(O)C(O)C(N2CC=C(C=CC=C(F)c3ccc(C(F)(F)F)cc3)CC2)C1Cc1ccccc1C(F)(F)F,C30H30F7NO2,65
CCC(=O)N(C(=O)C1=CC=C1C(=O)S(=O)(=O)N1CCCCC1)C1OC2C(O)C(O)C3OC2C(O3)C1Oc1ccc(F)cc1,C28H31FN2O11S,66
CC(C(O)C1OC(O)C1O)N(C)C,C8H17NO4,25
COc1cc(F)ccc1S(=O)(=O)NCCCCN1C(=O)C=C(C(=O)OCCC(C)C)C1=O,C21H27FN2O7S,59
O=C1N2CCN(CC2)C2CCN(c3ccccc3)C(=O)N3CCN1C3C(O)C2O,C20H27N5O4,52
COc1cccc(NC(=O)NN=NNC(=CC=CF)Oc2ccccc2)c1,C18H18FN5O3,44
COc1ccc(N2CCN(CCn3c(=O)c4ccc3nc4)C2=O)cc1,C18H18N4O3,43
CN1CCN(CCN2CCCN(C(=O)N3CCOc4c5cc-5nc43)CC2)CC1,C20H30N6O2,58
CC(=O)N1CCCCC2=CC=CC3=CC=C2C(=O)N2C(=O)N(C3=O)C(CCC1)C2C,C23H27N3O4,55
CN(C)CCN1C(=O)N2CCCN(P(=O)=O)C(=O)N3CCCCN(CC2)C(=O)N(CCC3)C1=O,C20H34N7O6P,68
C=C1C=C1[N+](=O)C1CCCCCCCCCCCCC1,C18H30NO+,49
CN(C(=O)CNC(=O)c1ccccc1)C1=Nc2ccccc2C1=Cc1ccc(F)cc1,C25H20FN3O2,51
CCN1C(=O)c2sc3ccccc3c2C(=O)N2CCN(CC2)C1C,C18H21N3O2S,45
O=[N+]([O-])c1ccc(Sc2sc3nnc4n(nnn34)c2C=C2C=CC(Cl)=C2)cc1,C16H8ClN7O2S2,36
Cc1cn2c(n1)N1CCCCN(CC2)C1=O,C11H16N4O,32
CCOC(=O)C1CCCCc2ccc(Cl)cc2C(=O)OCC(=O)N(C(=O)C2=CC=C2Cl)C1,C23H23Cl2NO6,55
CN1C2=NC(=NC=NC=C2)NC2CN(C(=O)c3ccccc3Br)CC21,C17H17BrN6O,40
CCCC(=O)OC,C5H10O2,17
CC1CC(N(C(=O)c2ccc([N+](=O)[O-])cc2)c2ccc3ccc([N+](=O)[O-])cc3c2)C(C)O1,C23H21N3O6,50
C=C1C(Sc2ccccc2)=Nc2cc(Br)ccc21,C15H10BrNS,28
COc1ccccc1C(=O)Nc1ccc(Cl)cc1S(=O)(=O)N1CCN(C2CC2)C1=O,C20H20ClN3O5S,50
CCN1CCN(CC)C(=NC)C1=O,C9H17N3O,30
O=c1nc(SC2=CC(Cl)=CC(CCl)S2)[nH]c(=O)[nH]1,C9H7Cl2N3O2S2,25
COC1=CC=CC2=CC(=C1)C(=O)N1CC(CCO2)NC1=O,C15H16N2O4,36
C=CC=C1C(=O)N(CCN(CCCC)C(=O)c2ccccc2)CCN(CC)S1(=O)=O,C22H31N3O4S,61
C=C1Nc2ccccc2N(C)C(=O)NS1(=O)=O,C10H11N3O3S,27
O=S1(=O)NC2=NC(Cl)=C(Cl)C1=CS2,C5H2Cl2N2O2S2,15
CSc1ccccc1C(=O)N(C)C(=O)NC(=O)C(F)=Cc1ccc2cc1-2,C19H15FN2O3S,41
O=C(N=C1SC(=S)S1)C1=CCCC=C1,C9H7NOS3,21
CCOCCn1c(N2CCN(C)C2=O)nc2cc(Br)cnc21,C14H18BrN5O2,40
O=C(C1=CC=C2C(=O)N(S(=O)(=O)N3CCCCC3)CCC2C1)N1CCCCC1,C20H29N3O4S,57
CC(=O)N(C)c1nc2c(cccc3c(=O)n1CCC3)=CC=2,C16H17N3O2,38
COc1cc(SC(=CC=C[N+](=O)[O-])c2ccc(Cl)cc2N2CCN(C)C2=O)ccc1Cl,C21H19Cl2N3O4S,50
CCN(c1cccc(-c2ccccc2Cl)n1)c1nc(N(C)C)nc(N2CCCC2)n1,C22H26ClN7,56
O=C(CCCN1CCN(C(=O)c2cc3ccc2[nH]3)C1)N1CCCC1,C18H24N4O2,47
COc1ccc(C(=O)N2CCCC2C(=O)N2CCC2C)cc1,C17H22N2O3,43
CCCCC1C(=O)N2CC(CCC2C(=O)OC)N1C(=O)c1ccc(OC)cc1OC,C22H30N2O6,58
O=C(NC1CCN2CCCN(C(=O)c3c4cccc3OC=C4)CCN(CC2)C1=O)c1ccccc1,C27H30N4O4,64
O=C(O)CCC=CC=CC=CN=C1Sc2nnc(s2)N1c1ccccc1,C18H16N4O2S2,42
COc1ccccc1N1CCCN2C(=O)C3CCN(C(=O)C3N(CCCN=[N+]=[N-])C1=O)C(OP(=O)(O)OC)C2=O,C23H30N7O9P,67
CC(C)(C)C(=O)C1=CC=C2OC(=O)C(C(C)(C)C(=O)O)C=C2CCOC1=O,C20H24O7,50
CCCc1cc(C(F)(F)F)c2c(n1)N(CCC)S2(=O)=O,C12H15F3N2O2S,35
COC(=CC=C(C(=O)Cl)c1ccc(C)cc1)C=C(Cl)C(=O)Nc1ccc2cc1-2,C22H17Cl2NO3,45
Clc1ccc(CCCc2ccccc2Cl)cc1,C15H14Cl2,31
CN(C(=O)C(=Cc1ccc2cc1-2)SF)C(=O)c1ccccc1C(=O)O,C18H12FNO4S,37
O=C1NC(=O)N(c2ccccc2)C(=O)C=C2C=C1c1ccc2cc1,C19H12N2O3,35
O=C(O)C=CC=Cc1ccccc1-c1ccccc1,C17H14O2,33
COc1cccc(C=C2C=COC2=O)c1,C12H10O3,25
CCN1C(=O)NC=CSc2ccc(F)cc2C(=O)N(C)C1=O,C14H14FN3O3S,36
O=C(Nc1ccccc1)NC1CN(C(=O)c2ccccc2)C(=O)N=c2n(c3cccn23)C1,C23H20N6O3,51
O=C1NC2CCN1CCN(C(=O)c1cccc(Cl)c1)CCN(Cc1ccc(F)c(Cl)c1)C2=O,C23H23Cl2FN4O3,55
CCCCCCCCCCCC(=O)OC(=O)NC(=O)O,C14H25NO5,45
Cc1ccc(C(=O)Nc2ccccc2)c(NC(=O)N(C)C)n1,C16H18N4O2,40
CCCCN1CCCC(=CC=CC2=NNC(=Cc3ccc(Cl)c(Cl)c3)C2=O)S1(=O)=O,C21H23Cl2N3O3S,52
NS(=O)(=O)c1ccccc1C(=O)NC1=NC=C1,C10H9N3O3S,26
O=C(O)C=Cc1nnc(-c2ccccc2)[nH]1,C11H9N3O2,25
CN1C(=O)C=C(c2ccc(Cl)cc2)N=C(c2cc(Cl)ccc2Cl)N(C)C1=O,C19H14Cl3N3O2,41
C=C(NC(=O)c1ccccc1)C(C(=O)NNC(C)=O)=C1C=C1,C16H15N3O3,37
C=CC=CN(CCCCOC(=O)N1CCCN(C(=O)c2cccc(C#N)c2)C1=O)C(=O)C(C)(C)C,C26H32N4O5,67
CC(C)CCCCCCCC1=Nc2nc3nc(n2)N13,C14H21N5,40
COS(=O)(=O)c1ccc(C=Cc2cccc(Cl)c2)cc1,C15H13ClO3S,33
CC(C)(C)N1CCCCC=C(C(=O)N2CCCCC2)C(=O)NC1=O,C18H29N3O3,53
O=C(NCc1ccccc1)C1OC1CSc1ccccc1,C17H17NO2S,36
CCOc1cc2cc(c1)C(=O)N(C)C(=O)c1ccccc1C(=O)N1CCCN(CCC1)C2=O,C25H27N3O5,60
CN(C(CCOc1ccc([N+](=O)[O-])cc1)c1ccc2cc1C(=O)N2)S(=O)(=O)c1ccccc1,C23H21N3O6S,54
COc1ccc(OCCN2CCN3CN(C(=O)C4=CC=CC=C2S4)C3=O)c([N+](=O)[O-])c1OC,C21H22N4O7S,55
CCCN1CCCC(NC(=O)c2cccc(Cl)c2)C(C)N2C(=O)C(C)=C(C(=O)c3ccc(c(C(=O)OC)c3)S1(=O)=O)C2=O,C30H32ClN3O8S,70
COc1ccccc1OC(=O)c1ccc(OC)c(C(=O)O)c1,C16H14O6,36
COC1=CC(S(=O)(=O)N2CCCC3C(CC4CCCC4)C4CCCN4CCCC32)=C1,C24H38N2O3S,64
CCC(=O)N1CCCCC1=O,C8H13NO2,24
O=C(Nc1nnc(Nc2ccc(C(F)(F)F)cc2Cl)s1)N(C1=CC=C1)c1cccc(Cl)c1,C20H12Cl2F3N5OS,44
CN(CC1NC(=O)NNC1=O)C(=O)c1ccc(-c2ccccc2)[nH]1,C16H17N5O3,39
CN(C)C(=O)Nc1ccc(F)c2c1=CC=CC=C(Br)C=2,C15H14BrFN2O,34
COC=CC=C(C#N)C(=Nc1cc2ccc1cc2)c1cccc2ccccc12,C25H18N2O,46
CC(C)(C)CCC1CCCCC(C(=O)Nc2ccc(Cl)cc2)N(C(=O)c2cccc(Cl)c2)C1=O,C27H32Cl2N2O3,65
O=S(=O)(NC(=Nc1ccc(Cl)cc1)c1ccc(Cl)cc1)c1cccc(Cl)c1,C19H13Cl3N2O2S,40
O=C(C=CC=C1C(=O)N2CCCN1CC2)c1ccc([N+](=O)[O-])cc1Cl,C17H16ClN3O4,41
CC1(C)CC2CCN(C(=O)c3ccccc3)CCCCCN2C1=O,C20H28N2O2,52
Cc1ccc(C(=O)C(C)C)cc1C(=O)C=CC=C1C=C1,C18H18O2,38
CCOc1ccc2c3cc(nc2c1)N1CCCCCCN3CC1,C19H25N3O,48
NC1=NNC1=CC=CC(=O)N1CCN(c2ccccc2)C1=O,C15H15N5O2,36
COc1ccccc1N1CCc2ccccc2N(C2=Nc3cccn32)C1=O,C21H18N4O2,45
CC(OC(=O)c1ccccc1C1=Cc2c(cc3cc2-3)C(C(=O)[O-])=CC=C1)C(=O)[O-],C23H14O6-2,43
NC(=O)n1c(=O)c2cccc3ccc(c-2c3)c1=O,C13H8N2O3,26
CCC(=O)C1=CC=C1C(Cl)=Cc1ccc(C(=O)OC)cc1,C17H15ClO3,36
CC(C)(C)C(=O)N1CC2=CC=CN=C1N=c1[nH]c3nc1ccc32,C17H17N5O,39
COC1=CC2=CC=C(Cl)C2=CN=C(N2CCN(C)C2=O)C=C1Cl,C16H15Cl2N3O2,38
O=C(N1CCCCCC1)N1CCC([N+](=O)[O-])=Nn2cc([N+](=O)[O-])nc2C1,C14H19N7O5,45
COC(=CC=C1C=C1N1C(=O)N(Cc2ccccc2)CC1(C)C)C(Cl)=CC=CN=c1[nH]c(=O)[nH]c(=O)s1,C26H26ClN5O4S,62
CCCCCC1CN(C(=Nc2ccc(OC)cc2C=C2C=C2Cl)SC)C(=O)O1,C21H25ClN2O3S,52
C=Nc1ccc(C(=O)NC=NN2CCN(Cc3ccccc3)C(=O)c3ccccc32)cc1,C25H23N5O2,55
CC(C)(C)C1C=C2CCCCC1C1CCCC1C(C(C)(C)C1CCCCC1)C2=O,C28H46O,69
COc1ccccc(N2C3=CC2=C3Cl)c(Oc2cccc3c2=CC=3)ccc1,C23H16ClNO2,43
CCN(C)c1nc2nc3cccc(-c4ccccc4)cc(F)ccccc-3n1c(=O)[nH]2,C24H22FN5O,53
O=C1CN(Cc2ccc(Cl)cc2)CN(C(=O)c2ccc([N+](=O)[O-])cc2)C(=O)N1,C18H15ClN4O5,43
CCOc1cccc(-c2nc(C3=CC=C4CCC=CC=C43)n[nH]2)c1,C20H19N3O,42
O=C(COc1cccc(F)c1)N(N=Cc1cccc(=O)[nH]1)S(=O)(=O)c1ccccc1,C20H16FN3O5S,46
COc1ccc(Cl)c(C(=CC=C2C=C2)C(=O)N(C)C(=O)c2ccccc2F)c1,C22H17ClFNO3,45
CCCN1C(=O)N(C)C(=O)C(c2ccccc2)=CC=CN2C34NC(=NC12S3)S4,C19H19N5O2S2,46
CC1OC(=O)N(CCCCOc2cccc(C(F)(F)c3ccccc3)c2)C1C,C22H25F2NO3,51
O=c1n2c3nc4nc-3ccc4n(CCN3CCCCC3)c(=O)n1CC2,C17H20N6O2,45
CCN(C(=O)N(CC)c1nc(N)nc(C(=CC2=CC=CCC2)c2ccccc2)n1)c1ccccc1,C28H30N6O,65
COC1=CC(C(=CSC)C(C)=O)=C1,C10H12O2S,25
O=c1[nH]nc(-c2ccc(-c3ccc4cc(Br)cc5c4c3C=C5)cc2)[nH]1,C20H12BrN3O,35
CCCCC1=NC(Sc2nnc(-c3ccccc3)[nH]2)=N1,C14H15N5S,35
CCC[N+](C)(C)S(=O)(=O)C1=C(S(=O)(=O)c2ccc(Br)cc2)[N-]C1=O,C14H17BrN2O5S2,41
CCC(C(=O)N(CC)CC)N(C(=O)C(O)C1NC1=O)C(=O)N(C)C(=O)OC,C16H26N4O7,50
CN1CCCN2C(=CCl)C(Cl)=C2S1(=O)=O,C8H10Cl2N2O2S,25
CN(C)C(=O)Nc1ccc(NC(=O)c2cccc(Cl)c2)cc1,C16H16ClN3O2,38
CCCCCN(C)C(=O)C1=C2C1=CC=CC(Cl)=C2Cl,C15H17Cl2NO,36
CCC(=O)N(CC)c1ncc(C(C)=O)c(C)n1,C12H17N3O2,34
O=C1N=C2N3CCCN2C1CN(c1ccccc1)CCCN(S(=O)(=O)c1ccccc1)CC3,C24H29N5O3S,62
COc1[nH]c2c(Cl)c(C(F)(F)F)c(C(F)(F)F)cc2c1C,C12H8ClF6NO,28
CCn1cc(OC)c(=O)n(CCCNC(=O)C2C(O)C(C(O)C(O)C3OC(C(O)C4OP(=O)(O)O4)O3)NC(=O)N2C)c1=O,C22H34N5O15P,68
C=C(Br)C=COC1OC(=O)OC1O,C7H7BrO5,18
COC(F)(F)C(=C=NC(=O)N1CCCC(C)C1)C#N,C12H15F2N3O2,34
O=[N+]([O-])C1=CC=C2C3=CC=CC2C3=CC=C1NS(=O)(=O)c1cccc([N+](=O)[O-])c1,C19H13N3O6S,42
CCC(Cl)(Cl)C(=O)OP(=O)(O)OP1(=O)OCCC(C)(C)O1,C9H16Cl2O8P2,37
O=C1C=C(c2ccccc2)C(=O)N(CCCN2CCCCC2)C2CCN1C2,C22H29N3O2,56
COc1ccc(N(C)C2=NN=C3N=C(N2)N(c2ccc(Cl)cc2)C3=O)cc1,C18H15ClN6O2,42
CCCCCCC(=O)OC(C)(C)C(=O)OC(=O)CCCCC1CCCCC1,C22H38O5,65
CC(C)(C)c1cc2ccc1o2,C10H12O,23
CCCN(C)C(=O)c1cc(C)cccc2cc-2c1,C16H19NO,37
O=C1c2ccc(cc2)CC2CN1CCCN1CCN2CC1,C17H23N3O,44
C=CC=C1C=CC=CC(C(=O)OCC)=CC1=Cc1ccccc1OC,C22H22O3,47
CC(=O)OC(C)C(=O)Oc1ccccc1OC1=CC=CC2=CC2=C1,C19H16O5,39
CCC1=CC=c2[nH]c(c3cc-3ccc2OCC(=O)OC)=N1,C16H16N2O3,36
O=C1c2cc(Cl)ccc2CN1CCCCN1CCCC1,C16H21ClN2O,41
C=Cc1ccccc1N(CC)CCN1CCCN(C(=O)c2ccccc2C)C1=O,C24H29N3O2,58
COC=C1C=C1S(=O)(=O)N(C)CCOc1ccc(C(=O)N(C)C)c2ccccc12,C21H24N2O5S,53
CSC(=NC(=O)c1cccc(Br)c1)NC(=O)c1ccccc1,C16H13BrN2O2S,35
C=Cc1ccccc1C(=O)OC(C(=O)OC)C(O)Cc1ccccc1,C20H20O5,43
COC(N)(O)OCCCCN(C)C,C8H20N2O3,33
O=C1NC(NC2=CC=C2)=NC=CC=c2c3cccc2c(cc3)N1,C18H14N4O,36
COc1ccccc1C(=O)NC(=Nc1ccccc1)Sc1ccccc1O,C21H18N2O3S,45
COc1ccccc1NC1=NN=C(C(=O)Nc2ccccc2C(F)(F)Oc2ccccc2)C=CN1C,C26H23F2N5O3,59
CCN(CC)C(=O)C(=Cc1cc2ccc1c1ccccc21)C(=O)N(C)C,C22H24N2O2,50
CCOP(=O)(OC)OC(=O)N1CCCCC1,C9H18NO5P,34
O=C1N2CCCN3C(=NN1CC2)c1ccccc1C3(F)F,C14H14F2N4O,35
CCN1CCn2cccc2C1=O,C9H12N2O,24
CN(C)C(=O)C1=CC=Cc2cccc(c2)NC(=N)N=C(NC(=O)c2ccccc2)N=C1,C23H22N6O2,53
CCN1CCN(C(=O)C(=Cc2ccccc2OC)OC)CN2C(=O)N3C(=O)N4C(=O)C2C3C4C1=O,C23H25N5O7,57
COc1ccc(-c2nnc(N(C)C(C)=O)s2)cc1OC,C13H15N3O3S,35
Clc1ccc(-n2nnnc2C=C2C=C2)cc1Cl,C11H6Cl2N4,23
O=C1c2ccc3c(c2)OCCN1C=CC(Oc1cccc(S(=O)(=O)c2ccccc2)c1)=CC=C3,C27H21NO5S,55
O=C1CCCCN1C(=O)CC1CCCCC1,C13H21NO2,37
CC(C)(C)CCCN1CC2CN3CCCCN2c2ccc(c(c2)C3=O)C1=O,C22H31N3O2,58
O=C1SCCN1C(=O)N1CCN(CCCC2CCCCC2)C1=O,C16H25N3O3S,48
Cc1ccc(S(=O)(=O)N(C)CN2CCS2(=O)=O)cc1,C11H16N2O4S2,35
COC(=O)c1ccc(C(=O)Nc2cc(OC)cc(OC)c2)c(OC2c3ccccc3C2OC)c1,C26H25NO7,59
CCCCCCN1CCN(C(=O)c2ccccc2)C(=O)c2ccc(OC)cc2C1=O,C24H28N2O4,58
COc1ccccc1S(=O)(=O)N1CCCC(C)C1,C13H19NO3S,37
C=CC=C(SC(=S)NC(=O)c1ccccc1)C(C)=O,C14H13NO2S2,32
CCOC1=CC=C2C(C(=O)N3CCC4CN(CC)CCN4C3=O)=CC=C12,C20H25N3O3,51
c1ccc2c3cnc(nc3N3CCCN4CCN(CC4)CC3)c2c1,C19H23N5,47
C=C(C=CC=CN(CC)C(=O)c1cccc(OC)c1)c1ccc(C(=O)c2ccccc2)s1,C27H25NO3S,57
CC1CCOc2ccc3c(c2-3)OCC2CCCCN12,C16H21NO2,38
O=c1[nH][nH]c(=O)n1-c1cccc(C=CC(Cl)=Cc2ccccc2)c1,C18H14ClN3O2,38
CN(CCC1=CS1)C(=O)Nc1cc(F)cc(Cl)c1,C12H12ClFN2OS,30
O=C(OC(=O)c1cccc2c(=O)oc3cc-3cc(Cl)cc12)c1cc(Cl)ccc1C(=O)c1ccccc1,C28H14Cl2O6,50
CCC1C(C(=O)N2CCCCC2)N(C)CCC1n1c2nc-2c1-c1cc(F)cc(Cl)c1,C23H28ClFN4O,55
CCOC1C2OC(NC(=O)OS(=O)(=O)O2)C(O)C(O)C(O)C(O)C(OC)C(O)C1O,C14H25NO14S,45
O=S(=O)(Nc1nnc(OC2=Cc3ccccc32)s1)c1cc2ccc1cc2,C18H11N3O3S2,37
CC1=C(C)C(=O)OC(=O)c2ccccc2CCCC1,C16H18O3,37
C=C1C=CC=C1S(=O)(=O)NCC(=O)OC,C9H11NO4S,26
CCC1CCCCCCCC1=O,C11H20O,32
CCCCN(CCCCC(C)C)CCN(CC)C(=O)C=Cc1c2cccc1-2,C24H38N2O,65
N#CC1=C=NCCCN2CCN(CCCCCCCCN3CCN(C2=O)C3=O)C1=O,C21H30N6O3,60
CCOc1ccccc1N1C(=O)C2C(=O)N(C)CC2Nc2nnc1s2,C16H17N5O3S,41
C=Cc1ccccc1SCC1NC(=O)N2C(=O)N1C2=O,C13H11N3O3S,30
CN1C(=O)n2c(-c3ccccc3)cccc(=O)[nH]c(=O)n(c2=O)-c2ccccc21,C21H16N4O4,44
CN(C)C(=O)N(CCc1ccc(C(F)(F)F)cc1)C1=C2C=CC=C1N2,C18H18F3N3O,42
C=CC=C1CN2C(=O)N1c1nc(C)c2n1C,C11H12N4O,28
O=C(c1ccc2cc1-2)N(N=NNc1ccc(Cl)s1)c1ccccc1,C17H11ClN4OS,34
CCCCN1C(=O)N(CC)c2nc(NC(=O)c3ccc(Cl)c(F)c3)nc1n2,C17H18ClFN6O2,45
C=CC=CC(=O)N(C(=O)Sc1ccccc1)C(=O)c1ccccc1,C19H15NO3S,39
CCSc1nnc(N(C)C(=O)C=C2N=C(NC)Nc3ccc2cc3)s1,C16H18N6OS2,43
O=C(NC=CC=C1C=CC=C1F)N1Cc2ccccc2NC1=O,C17H14FN3O2,35
O=C1NS(=O)(=O)C(=Cc2ccccc2F)C=CC=CC(c2ccccc2)=Nc2cc(F)ccc21,C26H18F2N2O3S,52
O=S1(=O)C=CC(Cl)=CC(=CC=C(F)C(F)(F)F)CCCN2CCCN(S(=O)(=O)c3ccc1cc3)S2(=O)=O,C21H21ClF4N2O6S3,58
CCOC(=O)N1C(=O)c2ccccc2-c2ccccc2CN(S(=O)(=O)c2ccccc2)C2CCCC(CC)C21,C31H34N2O5S,70
CCCCCCN1CCC2=CC=C21,C12H19N,32
CCN1CCN(C(=O)c2ccccc2)CCN2CCCN(C(=O)c3cccc(cc4ccc3-4)C1=O)C2=O,C29H30N4O4,67
COC(=CC=C1C=CC=C1)C(=O)N1CCCN2CCCN(C2=O)C1=O,C18H21N3O4,46
CN1CCN(c2nnc3n2Cc2ccccc2C2=CC=C23)CC1,C18H19N5,42
O=C(O)C1NC(=O)N2C(=O)N(CCCCC=C3C=C3)CCC12,C15H19N3O4,39
CCCCCCCCCCCCCCCCC(C1OC1C)C(OC=C1C=C1)C1OC1=O,C27H44O4,70
O=C(Nc1nncccc2cc-2n1)Nc1ccccc1Cl,C14H10ClN5O,31
CN1CCC(CCCOC2=CC=C2Cl)C(=O)NC1=O,C13H17ClN2O3,35
COC1C2CN(C)CCN(C3=Nc4cccnc4C(=O)N4CCCN3C4=O)CC1O2,C20H26N6O4,53
CCN1CCN(C(=O)Nc2ncc(-c3ccccc3)s2)C1=O,C15H16N4O2S,38
CCCCCN1CCCC2C(=O)N3C(S(=O)(=O)c4ccccc4)=CC=C(OC)C(=O)N2C(=O)C3C1=O,C25H29N3O7S,63
NC=C1C=C([N+](=O)[O-])C=C1[N+](=O)[O-],C6H5N3O4,18
CCCCOC(=O)C(=CC=CC=C([SiH2]c1ccc(C(=O)OC(C)=O)cc1)C(=O)CCC)C(=O)OCC,C27H34O8Si,68
CCN1CCN2CCN(CC2)C(=O)C2=CC=C(C(F)(F)C2=CC2=CC=C2)S1(=O)=O,C20H23F2N3O3S,52
CN(C)C(=O)Nc1ccc(NC(=O)c2ccc3n2-c2ccccc2-3)cc1,C20H18N4O2,44
CN(CC1=CC=Cc2ccccc2N=C1N)c1ccccc1,C19H19N3,41
CC(=CC=C(Cl)C1=CC=C1)C=C(Cl)C=CCCCCCn1c2nnc1s2,C20H21Cl2N3S,47
O=c1[nH]c(=O)n(-c2cccc(O)c2)c2ncc([N+](=O)[O-])cc12,C13H8N4O5,30
CCCCC1C(=O)OCCCCCOc2ccc1c(C(=O)N1CCCCC1)c2,C23H33NO4,60
COc1ccccc1C(=O)OC(C)CNC1=NC(c2ccccc2)=N1,C19H19N3O3,43
CN1CCN2CCN(C(=O)N(C)C2=O)C2=NC2=CC1=O,C12H15N5O3,35
C=C1C=C(OC)C=C(N(C)CCN(C)C)C2=CC(=Cc3ccccc31)c1ccc2n1C,C27H31N3O,62
COC(=O)c1ccc2cc(n(C(C)=O)c(=O)c(C(=O)c3ccc(-c4ccc(OC)cc4)cc3)c1)O2,C27H21NO7,56
CCN1Cc2cc(cc(N(C)B(O)O)c2)-c2ccc3c4c(c(OC)ccc24)C1=N3,C22H22BN3O3,51
COC(=O)c1ccc(S(=O)(=O)NC(=O)C2=Cc3cccc(c3)-c3cc(OC)c(OC)c(c3)OC(=O)COC(=O)C2)cc1,C29H25NO11S,67
CCCN(C(C)=O)C(=S)NC(=O)CN(C(C)=O)C(=O)c1cccc2ccccc12,C21H23N3O4S,52
CCC(=CC(=Cc1ccc(OC)c(OC)c1)C(=O)OC)c1cccc(Cl)c1,C22H23ClO4,50
COC(=O)NC1=CC2=Cc3ccc(s3)C(=O)N3CCCN(CC3)C(=O)N2c2cc(OC)ccc21,C24H24N4O5S,58
CC(=O)COC(=O)NC(=O)O,C5H7NO5,18
ClC=Cc1ccc(N=Nc2ccc3cc2-3)cc1,C14H9ClN2,26
CN(C)CCCCCCCN1C(=O)N2N=C3NC34SC24C1=O,C14H21N5O2S,42
CCCCCC1C(=O)N(C)C(=O)C2=CC2=CN(C(C)=O)c2nnc(s2)N1C(C)=O,C19H23N5O4S,51
C=CSc1c(-c2ccccc2)cc(C(=O)OC)c2ccc(OC)cc2c1=O,C22H18O4S,45
COc1cccc(C2=CN=C3NC(c4cccc(C)c4)=C(N2)N3CCN2CCOCC2)c1,C25H29N5O2,59
CCC1C(n2c(=O)c3sc2nc3-c2ccccc2F)CN(C(=O)c2ccccc2)CCN1C,C25H25FN4O2S,56
COc1ccc(C(=CC(=O)NC(=O)c2ccccc2)[N+](=O)[O-])cc1,C17H14N2O5,38
Cc1cc(-c2nnc(N(N=Nc3ccccc3)c3ccccc3)s2)ccc1Oc1ccc(Cl)cc1,C27H20ClN5OS,55
CN(C)C(=O)C=Cc1nc2ccccc2c(=O)[nH]1,C13H13N3O2,31
COc1ccc(C(=O)NC(=O)C2=CCCN(c3cccc(F)c3)C(=O)C=C2)cc1OC,C23H21FN2O5,52
Cc1nc2sc1C(=O)N(C)C(C(C)O)N2,C9H13N3O2S,26
CCCCCCCN(C)C(=O)c1c(C)sc2cc(OC)ccc12,C19H27NO2S,50
O=c1c2cc3cc4c5cc6c(Cl)cc(Cl)cc6c6c5c5cc(Cl)ccc7ccc(Cl)cc7c(c3=O)c6c1cc5c24,C34H12Cl4O2,52
CC1=CC=CC(S(=O)(=O)Nc2nnn[nH]2)=CC=CCC(c2ccc(Cl)cc2)S1,C18H18ClN5O2S2,45
C=C1C=CC(N(Cc2cccc3ccccc23)C(=O)c2ccccc2)=C1,C24H19NO,45
COC=C1C2=CC(OC)=CC=C1NC(N(C)C(=O)c1ccc(Cl)cc1)=N2,C19H18ClN3O3,43
O=C(c1cccc(Cl)c1)c1ccc(Cl)cc1C=CC1=CC=C1,C19H12Cl2O,34
CCN(C)C(=O)N(C)CCN1C(=Cc2ccc(-c3ccc(OC)cc3OC)cc2)S1(=O)=O,C23H29N3O5S,61
COC1=CC=CC=C(c2cc3ccc2n(C(C)=O)c3=O)C(OC)=C1,C19H17NO4,41
COc1cc2ccc1-c1cccc(c1)CCCCCCCCN(C(C)C)C2=O,C25H33NO2,61
COS(=O)(=O)N(C)C,C3H9NO3S,17
CC1(C)CC1,C5H10,15
O=S(=O)(c1ccccc1Cl)N(CCOc1cc2cc(c1)C=CC=C2)CCN1C=NCC1,C23H24ClN3O3S,55
CN1CCCN(C(=O)c2ccc3c(c2)C=C3)CC1,C15H18N2O,36
CCCCN(C(C)=O)C1=Nc2cnnc(c2C)S1,C12H16N4OS,34
CCN1C(=O)C(C)=CC=C(c2ccc(OC)cc2)N=C1SC1=NC(C)=N1,C19H20N4O2S,46
CC1=CC(=O)NN(C)C(=O)C1=C(Cl)C(Cl)=CCl,C10H9Cl3N2O2,26
COc1ccc(-c2c[nH]c(C(=O)N3CCN(C(=O)Nc4ccccc4)CC3)c2)cc1,C23H24N4O3,53
COc1ccccc1C(=O)N1C(=O)OC2C(O)C(O)C(O)C21,C14H15NO7,32
COC(=O)C(C1=CC1=CC=C(OC)OC)=C(C(=O)OC)c1ccccc1OC(C)=O,C22H22O8,52
COc1cccc(S(=O)(=O)N2c3ccc(cc3)N(C)CC3NC(=O)c4ccc3cc42)c1,C23H21N3O4S,52
CCN(CCC(C)(C)C)C(=O)c1sc(C(F)(F)F)cc1C#N,C15H19F3N2OS,41
COC(=O)COc1c2c(cc(C(=O)OC)c1C(C)(C)C)C(=O)OC2=C(C(=O)OC)C(=O)OC,C22H24O11,57
Cc1cccc(N(C2=C3N=C2N3C(=O)NC(=O)N(C)c2ccc(C)c(C(F)(F)F)c2)c2nc3c([nH]2)=CC=3)c1,C26H20F3N7O2,57
O=C1NC1CCOc1ccccc1O,C10H11NO3,24
Cl[Ge](Cl)(Cl)Cl,Cl4Ge,5
CCCN(C)C(=O)c1cc2ccccc3nc-2[nH]c(n1)S3,C15H16N4OS,36
COc1ccc(C(=O)N2CCSCC(=O)N(C)C(=O)C2)cc1,C15H18N2O4S,40
CCCC(=CC=C1C(=O)N(C)C1=O)C(=O)OC,C12H15NO4,32
CCN(C)C(=NC(=O)NC)N=C1C(=CC=CC(Cl)=Cc2ccc(-c3ccccc3F)[nH]2)N1C(=O)N(C)C,C26H29ClFN7O2,65
O=C(NC(CCCc1ccccc1)C(=O)N1CCCC1)c1ccccc1,C22H26N2O2,51
CCCc1ccc(C(=O)N(C)C(C)C(=O)c2cc3cc(C(=O)OC)ccc3s2)cc1,C24H25NO4S,54
C=CC=C1N=C(N(C)c2ccccc2)N=C(NC(=O)Nc2ccccc2)Nc2ccccc21,C26H24N6O,56
COc1ccc(C(=O)N2CCCC3CCN(C(=O)N3)C(=O)N(C(=O)c3ccccc3)CCC2)cc1,C26H30N4O5,65
CCN1CCn2c(ccc(NC(=O)c3ccccc3OCCN3CCN(c4ccccc4)C3=O)c2=O)C1=O,C28H29N5O5,67
COc1ccc(NC(=O)c2ccccc2)c(-c2ccc(N(C)C=O)cc2C(=O)NC(=O)c2cccc(Cl)c2)c1,C30H24ClN3O5,63
COC1=Cc2ccc(Br)cc2-c2nn(c(=O)n2C)CC2=CC=CC2=C1,C19H16BrN3O2,41
c1nc2nc3c1n2CCCC1CCCCN31,C12H16N4,31
O=C(NCc1ccccc1)c1ccccc1C(=O)Nc1nc(Nc2ccccc2)nc(Nc2ccccc2)n1,C30H25N7O2,64
CCN(CCC(OC)(OC)OC(=O)OC)C(=O)NC,C11H22N2O6,41
CC1=CCCCC2C3CCCCC(OC1=O)C23,C15H22O2,35
CC(C)(C)CCN(CC(=O)N1CCCC1)C(=O)c1ccc(-c2cc3cc(C(F)(F)F)ccc3s2)cc1,C28H31F3N2O2S,67
BrC1=CC=C1c1ccccccc2c3nn2c2nnc(s2)n13,C15H8BrN5S,30
COC(=O)C(C)(C)C(=O)c1ccccc1[N+](=O)c1ccc(CCCCC2CCCC2)cc1,C27H34NO4+,66
CN(C)C(=O)N(c1ccccc1)c1ccc(-c2cccc(Cl)c2F)cc1,C21H18ClFN2O,44
CCOC(=O)NC1C(O)C(O)C(O)C1OC(=O)OC,C10H17NO8,31
C=CC=C(C=C)CN(C(=O)Nc1ccccc1)C1OC(=O)N(c2ccc3ccccc3c2)C1=O,C27H23N3O4,56
CCOc1ccc(C2=Nc3cccc(c3)C(c3ccccc3)C(=O)N2)cc1Br,C23H19BrN2O2,46
COc1cccc(C2=CNC(=O)N3CCN(CC3)C2=O)c1,C15H17N3O3,38
CC(=O)NC(=O)C(=CSc1ccccc1)Sc1ccc(C(N)=O)cc1,C18H16N2O3S2,41
CCCCCCC(C)C1(NC(=O)c2ccc(C(F)(F)F)cc2)Oc2ccc(F)cc21,C23H25F4NO2,54
CCN(C)c1nnc2sc(NC(=O)c3c4cccc3C=C4)nn12,C15H14N6OS,37
CN(Cn1cccc1-c1nnc[nH]1)C(=O)OCCN(C)C(=O)c1ccccc1,C19H22N6O3,49
CSc1cc(S(N)(=O)=O)c2cc-2cc(Cl)cc1C(=O)N(C)C,C14H15ClN2O3S2,37
O=C1c2ccc(c3ccc(C(F)(F)F)cc23)N2CCN(C2)C(=O)N1c1ccc(F)cc1,C22H15F4N3O2,46
CN1CCN(C(=O)C=Cc2cccc(F)c2)CCN(C(C)(C)C)C1=O,C19H26FN3O2,51
CCCCN1CCN(C)C(=O)C(NP(=O)=O)C(C(C)(C)C)c2ccc1c(=O)[nH]c2=O,C20H31N4O5P,58
COc1ccc(N=Nn2c3nnc(N)[nH]nc2s3)cc1,C10H10N8OS,29
CN(C(=O)N(C(=O)N1CCN(C#N)C1=O)S(=O)(=O)N(C)C)C1C(=O)NC2OC1C(O)C2O,C15H21N7O9S,48
C=C(OC)C(=C1C(=O)N(C)C(=O)N(CCC)C1=O)[N+](=O)[O-],C12H15N3O6,36
CN(C(=O)NC(=O)C(=CC=C1NN=C(N)N1)c1ccccc1)c1ccccc1,C20H20N6O2,46
CC(C)(C)c1ccc2sc(=C3C(=O)N4CCCCCCCN(C3=O)C4=O)c(=O)n2c1=O,C22H25N3O5S,56
CCCCN1CCN(C(=O)c2ccc(-c3csc(C(=O)N4CCCC4)c3)cc2)CC1,C24H31N3O2S,61
O=C(NNC(=O)c1ccccc1)Nc1nnc(Nc2ccccc2)s1,C16H14N6O2S,38
COC(=O)NC1(N)SC(SC)(SC)S1,C6H12N2O2S4,26
C=CC(C)=CC=CS(=O)(=O)c1ccc(N(C)C(=O)c2cccc([N+](=O)[O-])c2)cc1,C21H20N2O5S,49
CC(C)(C)CN1C(=O)CCCCCC(=O)c2ccccc2C1=O,C19H25NO3,48
CCCCOC(=O)COC1=CC=CC(OC)=CC=C1C(=O)c1cccc(C(=O)OC)c1,C24H26O7,57
CN1CCOc2ccc(cc2)Sc2ccccc2-c2c3[nH]c4c1cc-3cc2=CC=4,C25H20N2OS,49
CCCC(=O)OCCC(=O)OCC,C9H16O4,29
CC1=CC=C1CCN1CCCN(Cc2ccc3cc2C2=CC=C23)CCC1,C24H28N2,54
COC=C1C(O)=CC=C1Br,C7H7BrO2,17
CCCCCN(C(=O)OC)C(=O)N(CC(=O)OC)C(=O)OC(=O)N(C)C,C15H25N3O8,51
COc1ccccc1C(O)C(O)CCCCCOC(=O)C1=CC=C(C(=O)c2ccccc2O)C1=O,C27H28O8,61
COc1cccc(NC(=O)c2ccc(C(=O)Oc3cccc(C(=O)NC(=O)O)c3)cc2)c1,C23H18N2O7,50
O=C1N2CCCN(CC3=CC=C3)CCN3CCN(CCCN1CC3)CC2,C20H33N5O,59
CCC(=O)NC(=O)c1cc2ccc1-2,C10H9NO2,21
COc1cc(-n2nc(C)[n-]c2=O)c(C=C2C=C[N+](=O)c3ccc(C)cc32)c([N+](=O)[O-])c1,C21H17N5O5,48
COc1ccc(C(=O)Nc2ccc(OC)c(NC(=O)CSC(=O)c3cccs3)c2)c(OC)c1,C23H22N2O6S2,55
CC(=O)N1C(=O)c2cccn(c2=O)C(=O)C1C,C11H10N2O4,26
CC(C)(C)CCCCCCCCCCCOC(=O)c1ccc2c(c1)C(=O)OC2=O,C24H34O5,63
CCC(=O)N(C)c1ccccc1NC1=Nc2cc1ccc2C(=CC=CF)OC,C22H22FN3O2,49
C=CC=CC=CC=C1C=C2C(=O)N(C3=NC=CC(=CC=Cc4ccccc4)S3)C(=O)N2C1=O,C26H19N3O3S,52
C=C(C(=O)OC1C(C)OC(=O)C2C(C)C12)C(C)=CC=C(OC)C(=O)OC,C19H24O7,45
CCCCCCN(C(=O)c1ccccc1C(=O)NCCC)C(=O)N1CCCCC1=O,C23H33N3O4,63
Nc1nc(-c2ccc(C(=O)O)cccccc2Br)n[nH]1,C13H11BrN4O2,30
CCCCCCN1C(=O)C(S(=O)(=O)c2ccc(C(=O)OC)cc2C(=O)OC)=Cc2ccc(cc2)C1=O,C26H27NO8S,63
COc1cccc(-c2c(CCCCN3CC(O)C(O)C4OC43)sc3c(C)cc4ccccc4c23)c1,C29H31NO4S,62
FC(F)C(F)(F)Cl,C2HClF4,8
O=C1C2CCCN1CCN2CCCN1C(=O)N2CCN(CC2)c2ccccc21,C21H29N5O2,56
COc1cc(N(C)C(=O)N(C)c2nccn2-c2ccc(Cl)cc2OC)ccc1Cl,C20H20Cl2N4O3,49
COc1ccc(C(=O)N2CCC(C)C2=O)cc2cc-2s1,C15H15NO3S,35
CC1C(=O)N(c2ccccc2)C2CCCCC2N1C(=O)c1cccc(C(=O)c2ccccc2)c1,C29H28N2O3,59
CN(C)CCN(C)C(=O)c1cc2c3ccc-3c2[nH]1,C14H17N3O,34
CCCCN1C(=O)C2CCCCCCCCCCCC2C1=O,C19H33NO2,53
O=C(COC(=O)c1cccc(C2=CC=C2Cl)n1)NS(=O)(=O)c1cc(Cl)ccc1Cl,C18H11Cl3N2O5S,40
C=C(OC)C(=O)N(CCN1CCCOc2ccc(c(OC)c2)S1(=O)=O)c1nc(C(=O)N2CCCC2)cs1,C24H30N4O7S2,67
N#CN=CN1C=CC=CC=Cc2ccc(cc2)C(F)(F)C1=Nc1ccccc1,C22H16F2N4,44
CCC1C(=CC(=O)N(C)C)N=C(NC(N)=O)c2c(-c3ccc(OC)c(Cl)c3)ccc(OC)c21,C24H27ClN4O4,60
C=Cc1c(OC)c2ccc1c(C(=O)N(CCOC(=O)CCCC)C(C)=O)c2,C21H25NO5,52
CCCCCCCCCN1C(=O)C2=CC=C3N=C1SC=CC=C32,C19H24N2OS,47
CCCN1CC(C)(C)N(S(=O)(=O)c2cccc(OC)c2)CC1=O,C16H24N2O4S,47
C=C1N=C(Sc2ccccc2S(=O)(=O)OC(C)=O)N(C)C1=O,C13H12N2O5S2,34
CN1C(=O)CCCCCCCCCC(=O)OP1(=O)O,C12H22NO5P,41
CCN(C)C(=O)N(C)C(=O)Nc1nc2c(s1)=CC=2c1ccccc1,C17H18N4O2S,41
CCC(Cc1cc2ccc1-2)N(C)C(=O)C1CCCC1,C17H23NO,41
COc1ccc(OC)c(N2CCCC(=O)N(C(=O)c3ccccc3Cl)CCC2=O)c1,C22H23ClN2O5,53
COC(=O)Nc1ccccc1C(=O)N(C)C(=O)CSC1=CC(=O)N(C)C1=O,C17H17N3O6S,44
CCCCCCCCCN1C(=O)C(c2ccc(C(F)(F)F)cc2)C1=NC#N,C20H24F3N3O,51
CCCN(CCn1c2nnc1s2)Cc1ccc(C(=O)N2CCCC2)cc1,C19H25N5OS,51
Cc1ccc(C)c(N(C)C(=Nc2ccc(C(F)(F)F)cc2)Nc2nc(N)nc(Nc3ccc(F)cc3)n2)n1,C25H23F4N9,60
CCn1c(C2=Cc3ccccc3C3C=CC=CC23c2ccc(OC)cc2)nc(=O)[nH]c1=O,C26H23N3O3,55
COC1=CC=C(N(C)C(=O)N(C)C)c2ccc1c1ccc(OC)cc21,C20H22N2O3,47
CC(=O)N1CCCCCCCC(C)C1=O,C12H21NO2,36
C=CC1=CC=CN(c2ccccc2)C(=O)Nc2ccccc2S(=O)(=O)N2CCN(CC2)C1=O,C24H24N4O4S,57
CCCc1ccc(Cl)cc1Cl,C9H10Cl2,21
O=P([O-])([O-])OC1C(O)C(C(O)C(O)O)C1O,C6H11O9P-2,21
CC(NC(=O)c1ccc2ccccc2c1)C(=O)Nc1nc2ccccc2s1,C21H17N3O2S,43
CCC1N(C(=O)Nc2ccccc2)C(CC(=O)Nc2cccc(F)c2)(c2ccc(F)cc2)N1C(=O)N(C)C,C28H29F2N5O3,67
Clc1ccccc1C1=Nn2nnnc2C=CC=C1,C12H8ClN5,26
CC(C(=O)N(C)C)C1CCC(=O)N1C1=CC=C(C(F)(F)F)C2=C(F)C(=C2)C=C1,C20H20F4N2O2,46
CN1CCCC(=O)NCCOC2=CC=CC3=CC(=C2)C(=CC1=O)c1n[nH]c3n1,C20H21N5O3,48
CN1C(=O)N(C(C)(C)C)C(=O)C2(CCCCC2)C1=O,C14H22N2O3,41
CCCCCCC(=O)N(CCCC)C(C)C,C14H29NO,45
CN(C)C(=O)N1Cc2ccc(Cl)cc2C(F)(F)c2ccc3c(c2)C(=N3)N(C)c2nnc1s2,C21H17ClF2N6OS,49
CCOC(OC)C1OC2OC(O1)C(O)C(O)C(O)C(O)C(O)C2O,C13H24O11,38
CC1SCCS1,C4H8S2,14
CC1CCN(Cc2ccccc2)c2cnc3cc2-c2nn(c(=O)n21)C(NC(=O)c1ccccc1)=N3,C26H23N7O2,57
CCC1CCCCCC1=O,C9H16O,26
N#Cc1ccccccc2oc(ccc1)C(n1c3nnc1s3)=CC=C2Cl,C19H11ClN4OS,37
CC(=O)C(=CC=Cc1ccccc1)C(=O)Nc1ccc(Cl)cc1,C19H16ClNO2,39
O=C(NC(=O)Nc1cc2ccc1-2)Nc1ccccc1O,C14H11N3O3,29
CC(=O)C(C)=C1C=C1C(=O)OCC(=O)O,C10H10O5,25
COc1cccnc1C=C1C=C1C(=O)N(C)CCC(C)Oc1ccccc1,C22H24N2O3,50
O=C=C(N=c1c2ccccc12)C(=O)O,C10H5NO3,19
CC(C)(C)CCCC1=CC(=O)N(C(=O)c2ccccc2)CC1,C19H25NO2,47
CCCCCCCCNC(=O)N(C(=O)N(C)CCC)C(=O)N(CC)CCCC,C21H42N4O3,70
CSC1=CC=Cc2ccc1c(=O)[nH]2,C10H9NOS,22
CCN1C(=O)CC=C(C(=O)N2CCC(CCN3CCN(S(=O)(=O)c4ccc(Cl)cc4)CC3)C2)C1=O,C24H31ClN4O5S,66
CCCN(C(=O)CCNC(=O)c1cccc(C2=CC3=CC3=CC=C2)c1)P(=O)(O)OCC,C23H27N2O5P,58
CCCCC1CC(S(=O)(=O)c2ccc3c(n2)C(C(C)C)=N3)NC1=O,C17H23N3O3S,45
CCCN1C(=O)c2ccc(cc2)N2CCCN(C(=O)N3CCN(CC3)C1=O)C2=O,C20H25N5O4,54
COc1ccc(C(F)(F)c2ccc(CNC(=O)CCNC(=O)c3ccccc3)cc2C#N)cc1,C26H23F2N3O3,57
CC(C)CCCCCCCOC(=O)C=Cc1c(C(=O)OC(C)(C)C)c1=O,C21H32O5,58
CC(=O)N1CCCOC(=O)CC1=O,C8H11NO4,24
CCCCCCCCCCC1OC2OC3C1OC2C(OC(C)=O)C3OC(=O)c1ccccc1C(C)=O,C28H38O8,67
O=C1C2=CCCN1CCCCCCCCCCN(C(=O)c1ccccc1)C2,C23H32N2O2,59
CCCCC1CCCCCCCCC1=O,C14H26O,41
CCCCN(CC)C1=NC2=CC(=C2)S1,C11H16N2S,30
C=C(NC(N)=O)C1=CC=C1c1nc(C)c[nH]1,C11H12N4O,27
CCCCCN(C)S(=O)(=O)c1ccc(Cl)c(=O)n(CC)c1=O,C14H21ClN2O4S,43
C=C1c2nnc3n1c(=Nc1ccccc1)c1cccc(ccc1)n23,C19H13N5,37
CCCCCOC(=O)c1cc(C(=O)NC(=O)NC(=O)c2ccc(C(=O)OC)cc2)ccc1OC,C24H26N2O8,58
CCCC(=O)Nc1nc(-c2ccccc2)ccc1C(=O)OC,C17H18N2O3,39
COC1=CC=c2c(=O)n3c(=O)n(C)c(cccc2oc2ccc3cc2)=CC=C1,C22H18N2O4,46
CC1CCCC1CCCN1CCCN(Cc2ccc(C(F)(F)F)nc2)C1=O,C20H28F3N3O,55
C=C1C=CC=CC1=[N+]([O-])c1ccccc1C=C(Cl)c1nnc(N2CCN(c3cccc(Br)c3)CC2)[nH]1,C27H24BrClN6O,60
CCCCCCCN1C(=O)c2ccc(s2)C(=O)N(C)C1=O,C15H20N2O3S,41
CCCCCCCCCCCCC(CCC)NC(=O)c1c2nc3nc4nc1n3c2n4,C23H34N6O,63
O=C(NCCCCN1C(=O)N2CCC1=NN=C2c1ccc(Cl)cc1)c1ccccc1,C22H22ClN5O2,52
CCCCC1=CC=C(C#N)C=C(Cl)C=C1,C13H14ClN,29
C=c1c(N(C)C(=O)N(C)CC)nc2cc3cc1c2cc3C(F)(F)F,C17H16F3N3O,40
CN1CN(Oc2ccccc2-c2ccccc2)C(=O)Nc2cccc(c2)NC1=O,C22H20N4O3,49
C=CC=CC=CC=C(Sc1nnc(Sc2ccccc2)[nH]1)c1ccc(N)cc1,C22H20N4S2,48
COC(=O)CC(=O)c1cccc(C(=O)N2CCCC2C)c1,C16H19NO4,40
CCCCCCCC1C(=O)n2c(=O)c3ccc(OC)cc3c(=O)n1c2=O,C19H22N2O5,48
CCCCN1CCN(C(=O)c2ccc(F)c3ccc(C(F)(F)F)cc23)c2nnc1s2,C20H18F4N4OS,48
COC(=O)C(OC(=O)c1cccc(OC)c1)C(O)C(OC(C)=O)C(OC(C)=O)C1OC(=O)C2OC1C1OC2C(=O)OC1OC(C)=O,C28H30O18,66
COC=CC(C)=CC(=O)c1ccc(N(C(=O)c2ccccc2I)C2OC(=O)N(c3cccc(I)c3)C2=O)cc1,C29H22I2N2O6,60
CC(C)(C)CCCCCN1CCN(CCCC(=O)c2cc(Cl)cc3c4ccc(c(Cl)c4)c23)C1=O,C28H34Cl2N2O2,68
CN1C(=O)CCCCCCCCCCN(C)S(=O)(=O)c2cc3ccc2cc(c3=O)C1=O,C23H30N2O5S,61
CNC(=O)NC(=O)NC(=O)C(=CC=Cc1cc2cc-2c1)c1cccc([N+](=O)[O-])c1,C20H16N4O5,45
CCC1C2C(C)C2N1C(=O)c1ccccncnnc1-c1ccc(Cl)cc1,C21H21ClN4O,44
CN(C)c1ccc(N2CCN(S(=O)(=O)C3=CC(Cl)=C3)CC2)cc1,C16H20ClN3O2S,43
CNC(=O)N1CCN(C=CC=CC2=CC=C2)C1=O,C13H15N3O2,33
O=C(NN=c1c2ccccc12)NC1CN(Cc2ccccc2)C(=O)N(c2ccccc2)C1,C25H23N5O2,54
CN(C)S(=O)(=O)c1ccc(-n2cccc2-c2nc(Nc3ccccc3)nn2-c2ccccc2)cc1,C26H24N6O2S,59
O=S(=O)(O)NC([O-])=CC=C1C=CC(Cl)=C1,C8H7ClNO4S-,22
c1sc2cc1CCCCCCCCCCCCCCC2,C19H32S,52
O=C1c2ccc(s2)C(=O)N2CCCCCN1C2=O,C12H12N2O3S,30
C=C(C(=O)OC(=O)CCCCCC)C(=O)OC1C(OC(C)=O)CCCCCC1C(C)(C)C,C25H40O7,69
COc1ccnc(-c2nn(C3=NN=N3)c(=O)n2CN2CCC2)c1,C13H14N8O2,37
CNC(C)C(=O)N1CC(NC(=O)NC(=O)N(C)c2ccc3ccc(OC)c(OC)c3c2)C1,C22H29N5O5,58
COC1=Cc2ccccc2C(=O)OCCN(C(C)(C)C)c2nnc(s2)C=CC=C1,C22H25N3O3S,54
O=C1N(c2nc3ccc(C(F)(F)F)[nH]c-3n2)CC2CN3CCN4CCC(CCCN12)(C3)C4=O,C21H24F3N7O2,56
COC1=CC=C2N3CCCCN(CCN2C3=O)C1=O,C13H17N3O3,36
C=CC(C(=O)N1CCN(C(=O)C(C)(C)C)C1=O)=C1C=C1,C15H18N2O3,38
CCCCCCN1CCCN2CC3NC(=O)c4c5ccc(c4-5)C=C3C2C1,C22H29N3O,53
CC(=O)NC1=CC2=CC(c3ccccc3)=CC1=CS2,C16H13NOS,32
CC(C)(C)C1Cn2nc3[nH]c(=O)c-3cc(=O)n1c2=O,C12H14N4O3,32
COC1=CN=C2C=CC=C1N(c1ccccc1)c1nnc(s1)N2c1ccccc1,C22H17N5OS,46
CCN(CCn1c(=O)c2ccccc2c(=O)n(C)c1=O)C(=O)c1cccc(Cl)c1,C21H20ClN3O4,49
O=C(Nc1ccccc1)c1n[nH]c(=O)n1CCN1CC1=O,C13H13N5O3,34
C=Cc1cc(OC)cc2ccnc(Sc3ccccc3)n(C)c(=O)n(-c3ccccc3)c12,C26H23N3O2S,55
CCCCN1CCN2CCN(C(=O)c3ccc4ccnc1c4c3)C(CN1CCC1)C2,C24H33N5O,63
CCC1CCCCCCCN1C(=O)c1ccc(OC)cc1,C18H27NO2,48
O=C(c1cc(F)cc(Cl)c1)N1CCN(CCCSc2cccc(N3CCCCC3)n2)CC1,C24H30ClFN4OS,62
CCN(CC)C(=O)c1ccc(C(=O)Nc2nnc(NC(=O)C3=CC=CC(C)=CC(Cl)=C3)s2)cc1,C24H24ClN5O3S,58
COc1cccc2ccc(OCC(=O)N3CCCN4CCCCC3C4=O)cc12,C22H26N2O4,54
O=c1c2ccc3n1CCCCCCCCCC(=CC=C2)S3(=O)=O,C18H23NO3S,46
CCNS(=O)(=O)c1ccc2cc3c(OC)ccccc(F)c2c1SC(N)=N3,C18H18FN3O3S2,45
COC(=O)c1ccc(C(=O)OCCCCCOC(=O)C(C)(C)C)c2cc(C(C)=O)ccc12,C25H30O7,62
CN(C(=O)N1CCN(CCc2ccccc2F)CC1)c1ncccn1,C18H22FN5O,47
Cc1cccc(S(=O)(=O)N(CCN2CCN3C=C(C2=O)c2csc3n2)C(C)C(=O)N(C)c2ccccc2)c1,C27H29N5O4S2,66
CN(C)C(=O)Cn1c(=O)[nH]c2ccc([nH]c3ccccc3sc3nnc1s3)c1ccccc21,C23H20N6O2S2,52
CC(C)N(C=C(c1ccccc1)c1ccccc1-c1nnnn1-c1ccccc1)c1ccccc1,C30H27N5,61
O=C(NC1=CC2C=CC12)Nc1nc2ccccc2s1,C14H11N3OS,30
Cn1nnc2ccc(-c3ccc(Cl)cc3)cc2ccc2ccccc2c1=O,C22H16ClN3O,43
COc1ccc(Cl)c(C(=O)C2CCCN(C(=Nc3ccccc3OC)SC=O)C(=O)N2C(=O)c2cccc(Cl)c2)c1,C29H25Cl2N3O6S,65
CN(C)CCCCN(CCCCn1nc2nc(c1=O)NC(=O)N2)P1(=O)OP(=O)(O)O1,C14H25N7O7P2,54
CCCCC1CCCCN1C(=O)C1=C(OC)C=C1,C15H23NO2,41
CNC(=O)Nc1ccc(OC)c(Cl)c1Nc1nc2ccccc2[nH]1,C16H16ClN5O2,38
CCOC1=C2C=CC=C2C(S(=O)(=O)N(CC(=O)N2CCCCC2)C(=O)CN2CCC2=O)=C1,C22H27N3O6S,59
CN1C(=O)C2CN3C(=O)N(CCN(CCCN4CCSCC4)C(=O)N2C3=O)C1=O,C17H24N6O5S,52
O=C(NC1=C(Cl)C(C(F)(F)F)=C1Cl)N1C2CCCC1C2,C12H11Cl2F3N2O,30
CN1CC(c2ccc3cc2-3)C(N2CCN3CC2C3)C1,C16H21N3,40
CCCN(C(C)=O)C(=O)C1=CC=C1C,C11H15NO2,29
CCCC1CCCN1C(=O)c1ccccc1C1=CC=C(OC)C2=CC1=C2,C23H25NO2,50
COC(=O)c1cc2c(C(=O)OC)c(c1-c1cccc(OC)c1)CCC2,C20H20O5,45
O=c1c2ccc3c(c2)sc(=CC(F)(F)F)c2ccccc2n1CCCCS3,C20H16F3NOS2,43
COc1ccc2cc(-c3ccc(Cl)cc3OC)n(C)c2c1,C17H16ClNO2,37
CC1(CCCCCCCCCCOP(=O)(O)OC2CC2)c2cncn21,C18H31N2O4P,55
CCCCN1C(=O)N(CCCCCCCCC2CCCCC2)C(=O)c2ccc1cc2,C26H40N2O2,70
COc1ccc(C(=O)NC(C)=O)c(OC(=O)c2ccccc2)c1,C17H15NO5,38
CCCCC(OC1C(N)C1O)C(OC)OCC,C12H25NO4,37
C=CC=C1C=C(OC)C=CN=C2NN=C(S2)n2c(Nc3cccc(C(=O)N(CC)c4ccccc4OC)c3)nnc21,C29H28N8O3S,68
CC(C)(C)C(=O)C1CCC(=O)OC(=O)C1,C11H16O4,31
CC(=O)N(CCNC(=O)n1c(=NN=C=S)sc2ccc(F)cc21)C(=O)c1ccccc1,C20H16FN5O3S2,47
CC(NC(=O)N(C)C)C(=O)C(=CSc1cccc2ccccc12)C(=O)c1ccccc1,C25H24N2O3S,54
OC(F)(C(F)(F)F)C(F)(C(F)(F)F)C(F)(F)F,C5HF11O,18
CCCN(CC)c1nnc(Sc2ccccn2)s1,C12H16N4S2,34
COc1ccccc1-n1c(N2CCC2)nnc1-n1ccc(C(F)(F)F)c1,C17H16F3N5O,42
CN1CCN(CCN(C(=O)c2ccc(F)cn2)C2CC2)C1=O,C15H19FN4O2,40
CCOC1=CC=CSC(=NN=C(CC)c2ccc([N+](=O)[O-])cc2)c2ccccc21,C22H21N3O3S,50
CN1CCCCC(=NC#N)c2ccc(cc2)C(=O)N2CC(C1)N(C)C2=O,C19H23N5O2,48
Clc1ccc(-c2nnc(Cc3cc(Cl)cc(Cl)c3Cl)s2)c(Cl)c1,C15H7Cl5N2S,30
CCN1CCCN(C(=O)c2ccc(C(F)(F)F)c(N3CCCCC3)n2)CC1=O,C19H25F3N4O2,53
COC(=O)C1=CC2=C(OC)C2=CC=C1C(=O)OC1OC(C)C(OC)C(O)C1OC,C20H24O9,48
CCC(=O)N(CCCN1CCCC1)CCCN(C)c1nc2ccccc2c2ccccc12,C27H36N4O,68
COC1=CC=CC2=CC(=C1)C1CCC3CCCCCCCN(C2=O)C31,C22H29NO2,51
CN(C)CCCN(CCCn1c(=O)n2cc3nc-3sc1n2)c1ccccc1,C19H24N6OS,51
CCCCCC1OC(=O)OC(C)C1OC(=O)c1ccccc1,C17H22O5,41
C=C(C(=O)N(CC)C(=O)c1ccccc1C(=O)OC)C1=CC(OC)=C1,C19H19NO5,44
CCCNC(=O)c1sc2nc1-c1ccccc1N2,C13H13N3OS,30
CC(C)(C)C(=O)OCC(=O)OCCCCCOC(=O)c1c2cccc1-2,C19H24O6,49
CCCCCCCCCCCCOC(=O)N(C)C(=O)c1cccc2ccccc12,C25H35NO3,64
CCN(C)CCc1sc2nc1C(=O)N2CCCN(C)C(=O)Nc1ccccc1F,C20H26FN5O2S,55
O=C1C=CC=C(Cl)C=C2SC3=NN(C(=O)N1)C23c1cccc(C(F)(F)F)c1,C17H9ClF3N3O2S,36
CC1CCC(=O)O1,C5H8O2,15
COC1=CC(C)=NC(NC(=O)N(C)C(=O)c2ccccc2)=NN=C1NC(=O)c1ccccc1,C23H22N6O4,55
Cc1ccccc1Sc1nnc(C(=O)NCc2ccccc2)n1C,C18H18N4OS,42
Cn1c(=O)c2ccc1c1c2=CC=C(F)C=CC=1,C14H10FNO,27
CC(=O)CCCCN1C(=O)c2ccc(C(=O)OCC(C)(C)C)cc2C1=O,C20H25NO5,51
COC1=CC1=CCCCN1CCN(c2nnc(N3CCCC3)s2)CC1,C18H27N5OS,52
CCN(CCC(=O)NC(=O)c1ccccc1)c1nc2ccccc2s1,C19H19N3O2S,44
CCCCC1CCCCCN1C(=O)C1=CC=C1,C15H23NO,40
CN(C)C1=NC2=CC=CC3=NC(=N1)N(CCN3)C2,C12H16N6,34
O=C(O)CCSC1=NC2=NC3=CC=CC2=CC=C(Cl)C=C3N1,C15H12ClN3O2S,33
CCC(=O)N(CCNC(C)=O)CCOC1=CC=c2ccc(c(-c3cccc(OC)c3)n2)=C1,C25H29N3O4,61
CCCCN1CCN2CCc3ccc(nc3C1=O)N=C1N=C12,C16H19N5O,41
CCCN(CCCC1CCN2CCCCCN1C2=O)C(=O)c1ccc2cc1-2,C22H31N3O2,58
CCOc1ccc2c(c1)NN=C1C=CC2=c2cccc1c2=CC=CC(=O)OC,C23H20N2O3,47
COC(=O)C(C(=O)c1ccc(C(=O)OCC2OC3OC23)cc1)=C(C(=O)OC)c1cccc(OC)c1,C25H22O10,54
COC(C)C(C)NC1=CC=CC=CC=C1NN=c1sc2ccccc2s1,C20H23N3OS2,46
COC1C(O)C1N1CCc2c(cccc2C2=CC=C2CN2CCCCC2)C1,C23H30N2O2,54
CN1CCCCN2C(=O)N(CC2C(OC2=CC([N+](=O)[O-])=C2)C2=CC=C2Cl)C1=O,C18H19ClN4O5,45
COc1ccccc1NC(=O)C1=C2C=CC=C(O)C(=CC=C2NC(=O)c2ccccc2)OC1=O,C26H20N2O6,54
COC(=O)CSC1=C2CCCCC(C)c3cccc(c3)C2=C1,C19H22O2S,44
C=C(Cl)C=c1ccccccc2cc(OC)cc(c2)c2sc1cc2C(=O)N(C)C(=O)c1ccc(C(=O)N(C)C)cc1,C33H29ClN2O4S,70
C=CC=CC=Cc1ccccc[nH]nc(S)[nH]c(=O)[nH]c1=O,C15H16N4O2S,37
O=C1C=CC=CN2CCCN(CC2)C(=O)c2ccccc2Nc2nc(nc(Nc3cccc(C(F)(F)F)c3)n2)N1,C27H25F3N8O2,65
O=C1OCn2c1nc1c2C(=O)N2CCCCCCN(CCC2)C1=O,C16H20N4O4,44
O=C1OC(=O)C2=CC=CC=CC=C1C2=O,C11H6O4,21
C=CC=C(OC)N1CCCC2C3C(C)C4NC(=O)N3CCN2C(=O)C(COP(=O)(O)O)N(C(=O)OCC)C4C1=O,C24H36N5O10P,70
O=C(O)C1=CC=C(Br)C1=Cc1ccc(Cl)cc1,C13H8BrClO2,25
COc1ccc(-c2nnc(-c3ccccc3C)n2C)ccc2ccc1c(C)c2,C24H23N3O,51
CCCCCN(C(C)=O)C(=O)c1cccc(S(=O)(=O)C2=CC=C2)c1,C18H21NO4S,45
O=C1C(=Nc2cc(C(F)(F)F)c(Cl)cc2C(F)(F)F)N=C2N1CCN2C1=CC=C1,C17H9ClF6N4O,38
OC1OC(O)C1OCCCBr,C6H11BrO4,19
O=C(NCCOc1ccccc1)N1CCN2CCN(CC2)C1=O,C16H22N4O3,45
COc1ccc(-c2nnc(C(Cl)=CC=C3C=CC=C3)s2)cc1Cl,C17H12Cl2N2OS,35
O=C(c1ccccc1C(=O)N1CCC(CCC2CCCCC2)C1)N1CCCCC1,C25H36N2O2,65
COc1ccc2cccccc(F)n3c(c1)nc-3[nH]c2=O,C15H12FN3O2,33
CCCCCCC(=O)N(CCCC)C(=O)c1ccc(C(=O)N2CCCOC2=O)c2ccccc12,C27H34N2O5,68
O=[N+]([O-])OC1C(O)C2COC1C2O[N+](=O)[O-],C6H8N2O8,20
COc1ccc(C(=Nc2ccccc2OC)NC(=O)c2ccccc2)cc1,C22H20N2O3,47
COc1ccccc1N(C)C(=O)c1nc2c3cc(cccnc(NC(=O)N4CCC4)n2n1)C=C3,C24H23N7O3,57
CCC1CCC2=Cc3cc(ccc3C2=O)C(=O)N(C(C)C)C1=O,C19H21NO3,43
O=C1N2CCCCCCCCC3c4cccnc4N(CCC2)C(=O)N13,C19H26N4O2,51
C=C(NC(=O)NC1CN2CCCN(C1)S2(=O)=O)c1ccc(OC)c2c1NC=CC=C2,C20H25N5O4S,53
COc1ccc(OC)c(-c2nnc3scc4c(OC)ccc-4n23)c1,C17H15N3O3S,39
CCC1C(CCCC2=CC=C(Br)C=C3C(C)=C23)C2OC1C2O,C19H23BrO2,40
NN=Cc1cc(Cl)c(Cl)cc1Cl,C7H5Cl3N2,17
CC(CCCC1=NC23N=C(N=C(N2)N1c1cccc2ccccc12)N3C)C(=O)N(C)C,C23H27N7O,56
CN(C)N=C1N=C2c3ccccc3CCCN12,C13H16N4,33
COc1cccc(-c2ccc(C=CC=C3C=CC=C(C)c4cccc3c4C(=O)N(C)C)cc2)c1,C31H29NO2,63
O=C1OCCCCCCCN(CCCC(F)(F)F)C(=O)N1CCOC1=CC=C1,C19H27F3N2O4,55
Cc1sc(NCC(=O)Nc2ccccc2)nc1Sc1nc2ccccc2[nH]1,C19H17N5OS2,43
CCCN(C(=O)c1ccccc1)c1nnc(C=C2C=C2)n1C,C17H18N4O,40
CCN1CCCCCCNC(=O)N(C)C(=O)C(=CC=C2C3=CC=C23)NC1=O,C20H26N4O3,52
CCC1CC(=O)OC1=O,C6H8O3,17
O=C(NC1=NN(C(=O)NCc2cccc(F)c2)C1)c1ccc(Cl)cc1C(F)(F)F,C18H13ClF4N4O2,42
CCN(C)C(=O)c1ccc(C(=O)O)o1,C9H11NO4,25
CCN1C(=O)N(CCN2CCCCN(CCC(C)(C)C)C2=O)C(=O)N2CCN(C1=O)C2=O,C21H34N6O5,66
COC(=O)C(=CC=CC(=O)N1CCCN2CCCCN(C2=O)C1=O)OC,C17H23N3O6,49
CCN(C(=O)NC(C)=O)C(=O)N1CCCCN(C(=O)c2cccc(OC)c2)C(=O)C(=CC=COC)C1=O,C25H30N4O8,67
CC(CCC(C)(F)F)NC(=O)O,C7H13F2NO2,24
O=C1NCCN1CCCN1CCN(C(=O)c2ccc(Cl)cc2)C1=O,C16H19ClN4O3,43
COc1ccc(Cl)c(C=CC=C2c3cc(Cl)ccc3N3C4=CC(=CC=CC(=CBr)S2(=O)=O)S(=O)(=O)NC4=CN=C3N)c1,C28H21BrCl2N4O5S2,63
C=CC=c1c2ccc(c1=CC(=O)Nc1ccccc1)Nc1c-2cccc1N(C)C(=O)c1cccc(C)c1,C32H27N3O2,63
C=C(C=Cc1cccc(OC)c1)C(=O)N(C(=O)NCCC)c1ccccc1,C22H24N2O3,51
O=C1NC(Nc2cccc(C(F)(F)C3=CC=C3)c2)=NCN1C(=O)N1CCCC1,C19H19F2N5O2,47
COc1ccc2c3c1=C(C=3)NC(=O)N2C(C)CN(C)C,C15H19N3O2,39
O=C1C=CSCCCCCCC2CCN1CCCO2,C15H25NO2S,43
O=c1c(OS(=O)(=O)c2ccccc2)cccsc2nnc1[nH]2,C13H9N3O4S2,31
CCC(=O)N1CCN(C(=O)c2ccccc2Sc2nc3cc(OC)ccc3n2C)CC1,C23H26N4O3S,57
COC1=CC=C2C3=CC=C1CC(CCN(C)C)N3C(=O)Nc1cccc2c1,C22H25N3O2,51
CCC(Nc1ccccn1)C(=O)N(CC)CCOc1ccccc1F,C19H24FN3O2,48
CCCCN(CC)C(=O)N1CCN(C(=O)NC(=O)N(CCCC)C(=O)n2cc3nc2-3)CC1,C21H33N7O4,65
COC(=O)c1ccccc1C(=O)C=C(C=C(C)C(=O)N(C)C(C)=O)c1ccccc1,C24H23NO5,53
CCN(C)C(=O)NC1=CC=C(c2ccccc2)C=CC=C1,C18H20N2O,41
COc1ccc2c(c1)nc(CN(C)C(=O)Nc1ccccc1)n2N=C=N,C18H18N6O2,44
CCCN(C(=O)N(C)C(C)=O)C1=NN=C1c1ccc(F)c(OC)c1,C16H19FN4O3,43
CC1CC(NC(=O)c2ccccc2)C(=O)N(CCOc2ccccc2)C1,C21H24N2O3,49
Cc1cc([N+](=O)[O-])ccc2cc-2c(C(N)=O)n1,C11H9N3O3,26
C=CC1=C(C=C)C(=O)N(CCCN(CCCCCCC)S(=O)(=O)c2ccccc2C(F)(F)F)C1=O,C25H31F3N2O4S,66
CN(C)C(=O)n1c(=O)c2ccccc(C#N)cc1cc2Cl,C15H12ClN3O2,33
CC(=O)NC(=O)c1ccccc2cc(cc1)C(=O)N(C(=O)c1ccccc1)CCO2,C23H20N2O5,50
COCCN1CCCCCCN2C(=O)C=C(C1=O)C2=O,C14H20N2O4,40
CCCCN(CCCC)CCN(CC)C(=O)c1ccc(F)c2c1C(=O)N2,C20H30FN3O2,55
O=C1N2CCCN1C(=O)n1c3nn(c1=O)CCCCCC(CC2)CS3,C16H23N5O3S,48
CN(C(=O)NN=NN=C(c1ccccc1)c1ccccc1F)C(=O)c1ccccc1,C22H18FN5O2,47
FC=CCl,C2H2ClF,6
CNCCN(C)C(=O)N(C)N=c1c2ccccc12,C13H18N4O,36
FC(F)(F)c1ccccc1Nc1nccc2cc3ccc2c(n[nH]1)C=C3,C19H13F3N4,38
COc1ccc(OC(=O)c2ccccc2Oc2cc3ccc2CC(OC)C(=O)O3)cc1,C24H20O7,51
C=CC=CC(=Nc1ccc(OC)cc1Cl)C(=O)n1c2nnc1s2,C15H11ClN4O2S,34
COC=CC=C1CCCN(CCN2CCCC2)C1=O,C15H24N2O2,43
O=P1(O)OP(=O)(NC2=CC=C(C(F)(F)C(F)(F)F)CC2)O1,C8H8F5NO5P2,29
C=C(C(=O)NC(=O)Nc1ccccc1F)C1=CC=C1,C14H11FN2O2,29
COC(=O)C(=Cc1ccc(C(C)(C)C)cc1)c1ccc([N+](=O)c2ccc(Cl)cc2)cc1,C26H25ClNO3+,56
CC1CN2CCN(CC2)C(=O)C1NC(=O)C1=CC=c2c1c1c3cc2=CC=CC(=C3)NC(=S)N1,C25H25N5O2S,54
CCOC(=O)N(C(=O)c1ccc(C(=O)Nc2cccc(F)c2)cc1)C1=NN1CC,C20H19FN4O4,48
CC(C)(C)Oc1c(C(=O)O)cc2cc1-2,C11H12O3,26
CC(=O)CCCCCCCCCCCCCC(N)=O,C16H31NO2,50
CCC1CCN(C(=O)C=CC=C(C(=O)N(C)C(=O)c2ccccc2)c2ccccc2C)C1=O,C27H28N2O4,60
CCN(c1ccc(S(=O)(=O)N(C)C2C=CC=C(OC)C3=CC32)cc1)c1cccc(C(F)(F)F)c1,C25H25F3N2O3S,59
C=Cc1ccccc1C(=O)N1CCCCCN2CCN(CC1)C2=O,C19H25N3O2,49
CC1=CC(=O)N(S(=O)(=O)c2ccccc2)CCNC(=O)N1,C13H15N3O4S,35
CN1C(=O)N2CCN(C2=O)c2nnc(s2)N(C2=CC=CC=CC=C2)C1=O,C16H14N6O3S,40
CCN(C(=O)C1=Cc2nnc(n2C)S1)c1ccccc1,C14H14N4OS,34
C=C(C(=O)Nc1cc([N+](=O)[O-])ccc1Br)C1=CC=C2C=C(C)SC(=N2)NC1=O,C18H13BrN4O4S,41
CN(C(=O)C=NN=C=O)C(=O)C1=CC(Cl)=CC=C(Cl)C(Cl)=C1Cl,C13H7Cl4N3O3,30
CCN(CC1CN2CCN1CC2)C(=O)c1cc2ccccc2s1,C18H23N3OS,46
COc1ccccc1NC(=O)c1cc(C(=O)c2cccc(OC(F)F)c2)c2ccccc2n1,C25H18F2N2O4,51
CCCN1CCCN(C)C1=O,C8H16N2O,27
CCOC(=O)c1ccc(C(=O)OCCN(C)S(=O)(=O)c2ccccc2Cl)cc1,C19H20ClNO6S,48
O=C(Nc1ccc([N+](=O)[O-])cc1)Oc1cccc(Br)c1,C13H9BrN2O4,29
CCOC(=O)N1C(=O)N2CCC1C2=O,C8H10N2O4,23
O=C1C2=CC=CCCN1CC1CCCN1CCCC2,C16H24N2O,42
CCCCCCCCCCN(C)S(=O)(=O)c1cc1=O,C14H25NO3S,44
CCCCCCN(CCOc1ccccc1C)C(=O)c1ccccc1Br,C22H28BrNO2,54
CCN(C(C)=O)C(=O)C(=CNC(=O)Nc1ccccc1)c1ccccc1F,C20H20FN3O3,46
CC1(C)CN(C(=O)c2ccccc2)c2nnc(s2)N=C1Nc1ccccc1,C20H19N5OS,46
CC1(C)C2CCN1C(=O)N2CCOc1cccc2c1S2,C15H18N2O2S,37
COc1cc(C(=O)NC(C)(C)C)ccc1C(=O)N1CCCCNC1=O,C18H25N3O4,50
CSC(=NC=Cc1ccccc1)N(C)C(=O)c1ccccc1,C18H18N2OS,40
CCc1cccc(Sc2nnc(Sc3ccccc3)s2)c1,C16H14N2S3,35
CC1=NC2=CC=c3cc(ccc3=C1)N(C1C3OC3CCC1(C)C)C2=O,C21H22N2O2,44
CCN(C(=O)c1ccc(OC)cc1)C(=O)c1ccc(N=C(NC)c2ccccc2)nc(=O)c1,C25H24N4O4,56
CC(NC(=O)c1ccccc1)C(=O)NC1=NC=CC=CC=C1C(N)=O,C18H18N4O3,42
C1=CC(N(CCOCCN2CCCC2)c2nn[nH]n2)=C1,C13H20N6O,39
COc1ccc2nc3c(cc(Cl)cccccc(C(F)(F)F)cc2c1)C(=O)N(C)C3=CC(Cl)=C1OCCN(C)C1=O,C29H24Cl2F3N3O4,65
CCCC1N(CCC)CCCN1C(=O)c1cccc2ccccc12,C21H28N2O,52
ClC1=CC=C1C1=CC(=Nc2ccccc2)N=CN=CN(c2ccc(Cl)cc2)c2nnc1[nH]2,C23H15Cl2N7,46
CC1CN(C)C(=O)N(C(=O)C#N)C1,C8H11N3O2,24
C=CC=C1C(=O)NC(=O)NC(=O)C=CC(Cl)=CC=C1Cl,C13H10Cl2N2O3,30
COc1cccc(C(=O)OCCC(C(=O)N(C)C)=C(C)C#N)c1,C17H20N2O4,43
O=C1NC(=Cc2ccccc2)SCN1C(=O)c1ccccc1,C17H14N2O2S,36
COC(=O)c1c[nH]c(C(=O)N2CCCN3CCC4C(C2)N(C3=O)C(=O)N4C(C)=O)c1,C19H23N5O6,50
O=C1CCCN1CC1CN2CCN1CCN(S(=O)(=O)C1=CC(c3cccc(Cl)c3)=C1)CC2,C23H29ClN4O3S,61
CC=C1C=C1P(=O)(OC)OC1CCCCCCCCC1,C16H27O3P,46
CCN1CCN2Cc3ccc4cc3C(=CC=C4OC)N(CC1)C2=O,C19H23N3O2,47
CC(Cc1cccc(F)c1)(C(=O)Nc1ccccc1)C1=CN1,C18H17FN2O,38
CN(C(=O)C(=CC=CBr)C(=Nc1ccc(F)cc1)c1ccc2ccccc2c1)c1cccc(F)c1,C29H21BrF2N2O,56
COC(=O)C1(NC(=O)c2ccccc2F)C2=CC=C21,C14H10FNO3,29
CC1(C)CCCCCCCCCC(C)(C)C2c3ccccc3C(=O)OC3C(OC32)O1,C26H38O4,64
CCN(CCCN(C)c1nc2c3cc1ccc3C=2)C(N)=O,C16H20N4O,41
COS(=O)(=O)OCCCCN1C(=O)Nc2nnc1s2,C8H12N4O5S2,31
C=CC1=CC(C(=O)N(C)C(=O)CCC)=C1,C12H15NO2,30
O=c1[nH]n2c(=O)n1CC=C2c1ccccc1,C11H9N3O2,25
O=C=CC(=O)Nc1nnc(O)[n-]1,C5H3N4O3-,15
CCCCCOCCCOCCC,C11H24O2,37
O=C(C=NNC(=O)NC(=O)c1ccccc1)C=C1C(Cl)=Cc2cc(C(F)(F)F)ccc21,C21H13ClF3N3O3,44
CCC1OC1C(O)COC1=CC=C(OC)C2=CC2=C1,C15H18O4,34
CCCCCCN1CCN(C(=O)c2ccc(C(=O)C(C)(C)C)cc2)CC1=O,C22H32N2O3,59
CCCNC(=O)c1ncnc(NCCN(CC)C(=O)CCOc2ccc(OC)c3ccccc23)n1,C25H32N6O4,67
COc1ccccc1S(=O)(=O)N1CCN2CC3NS(=O)(=O)C(=CCC2=O)N(CC1)C3=O,C18H22N4O7S2,52
CCOC(=O)c1ccc(C(=O)NCC(NC(=O)N(C)C)C(=O)Nc2ccc(C(=O)OC)c(Br)c2)s1,C22H25BrN4O7S,59
O=C1OCCN2CCCCCCCCCCC(Cl)=CC=C1OC2=O,C18H26ClNO4,50
Clc1cccc(CN2CCN(C3=NC=Cc4ccc(Cl)cc4N3)CC2)c1,C20H20Cl2N4,46
COc1ccc2c(Sc3c4n(C(C)(C)C)c(=O)n(c3=O)CC4)c1-2,C17H18N2O3S,41
O=C(Cc1cccc(N2C(=O)NC(=O)c3ccc2cc3)c1)Nc1ccc(I)cc1,C22H16IN3O3,45
CCN(CCN1CCN(C(=O)C2=CC(Cl)=C2)C1=O)C(C)(C)C,C16H24ClN3O2,46
COC(=O)c1ccc(SCCCCCCC(C)(C)C)c2ccccc12,C22H30O2S,55
COc1ccccc1N1CCCN2CCN3CN(C=C(C3=O)c3cccc(c3)C2)C1=O,C24H26N4O3,57
CCN1CCN(CCN2CN=C(c3ccccc3)N=C=NC(=O)c3ccccc3C2=O)CC1,C25H28N6O2,61
O=C1Nc2ccc3cc2C=CC(=C3)Oc2cccc(c2)C(C(=O)O)N1,C19H14N2O4,37
CCC1=C(C(F)(F)F)C=C1P1(=O)OCCO1,C9H10F3O3P,26
NC1=NC=CC(=O)NC(c2ccccc2)=N1,C11H10N4O,26
CCN(C(=O)C(C)=CC=C(C)N=C(NC(=O)c1cccc(Cl)c1)c1ccccc1[N+](=O)[O-])C(=S)NC,C25H26ClN5O4S,62
O=C1Nc2cccc(c2)C(C=CC2=Cc3ccccc32)=CC=CO1,C21H15NO2,38
Cc1cccc(Br)c1C(=Cc1ccccc1)C(=O)Nc1nc2nc(n1)S2,C19H13BrN4OS,39
CCCN(C(=O)CCCCCn1c2nc3nc(ccc3c1=O)S2)C(=O)c1cc(Cl)cc(OC)c1,C24H25ClN4O4S,59
CCCCC(=O)OC1OC2C(O)C(C(=O)OC(C)(C)C)C(C)OC1C2OC(C)=O,C20H32O9,54
C=CC=CC=NC(=Nc1ccccc1)NC(=O)c1ccccc1,C19H17N3O,40
COc1ccccc1N(C(=O)C(=O)O)C(=O)c1cc(OC(C)C)cc2c(=O)c12,C20H17NO7,45
COc1cc(OC)cc(C(=O)N2CCCN(C(=O)CSC3=CC=C3Cl)C(=O)C2)c1,C20H21ClN2O5S,50
CC(C)C1C2CCCN1CCN2S(=O)(=O)c1ccccc1,C16H24N2O2S,43
Cc1sc2nc1C(=O)N2CCCCCC(C)O,C12H18N2O2S,34
CCN(CCCCC(C)(C)C)c1nnc(Sc2c3cccc2-3)s1,C18H25N3S2,48
COc1ccc(CN2CCCC(C(NC(=O)c3ccccc3)C(=O)Oc3cccc4ccccc34)C2=O)cc1,C32H30N2O5,67
CCCCN1CCN(C(=O)C=C2C=C2)CC1=O,C13H18N2O2,35
O=C(O)c1ccc(Cl)cc1-c1cc(Cl)cc2c1=C(Cl)C=2,C15H7Cl3O2,27
C=C1C=CC=C1NS(=O)(=O)c1ccc(OCC(=O)NC(C)=O)cc1,C16H16N2O5S,40
COC1=CC=CC1=CC=C1N=C(N2CCCCC3CCCN(C3)C2=O)S1,C20H25N3O2S,51
COCCCCCCC(C(=O)OC)=C(C(=O)OC)C(=O)c1ccc2cc1-2,C20H24O6,50
COc1ccc2c(c1)C(=C(C(=O)N(C)C)C(=O)N1CCCC1)C2=O,C18H20N2O4,44
CCN1CCCCCc2ccc(c3c2=CC=3)S1(=O)=O,C15H19NO2S,38
CCOC(=O)B(CC)N(C)C(=O)c1c(Cl)c1=O,C10H13BClNO4,30
O=C1C=C(c2cccs2)c2cn(c(=O)[nH]2)CCN1c1ccc(Cl)cc1,C18H14ClN3O2S,38
CN(C)C(=O)NC(=O)C1=CC=CC=C2C=C21,C12H12N2O2,28
CCN(CC(=O)NN=C(C(N)=O)N1CC(=O)NCC1=O)S(=O)(=O)c1ccc(C(F)(F)F)cc1,C17H19F3N6O6S,52
COc1ccc2c(c1)C(=O)N1C(=O)C3CCCC1C3N(C1CCCCC1)C2=O,C22H26N2O4,50
COC1=CC(=O)N(c2nc3ccccc3s2)CCN(C)C(=O)C=C1,C17H17N3O3S,41
CCCC1CCCN1C(=O)C1=CCCS1,C12H19NOS,33
CCCCN(C)c1nnc(-c2cc(C(=O)N(C)CC)ccc2-c2ccccc2C)[nH]1,C24H31N5O,60
COP1(=O)OCCCC(n2c3nc4ccccc4c2n3)CN1CCN(C)C,C18H26N5O3P,53
CCC1C(C)OCCN1C(=O)c1ccc(Cl)cc1,C14H18ClNO2,34
CC(C)(C)C(=O)c1ccc(C(=O)N2CCCCCCOC2=O)o1,C17H23NO5,46
COC(=O)c1cccc(CCCN2C(=O)C3=CC=CC=CC=C3c3cc(OC)cc(c3)C2=O)c1,C28H25NO5,59
O=C(c1ccc(C(F)(F)F)cc1)N(CCN(C(=O)N1CCCC1)S(=O)(=O)C1=CC=C1)CC(F)(F)F,C21H21F6N3O4S,56
COc1cc(=O)[nH]nc1-c1cccc(C(F)(F)F)c1,C12H9F3N2O2,28
C=CC=CC=C1C=C(C(=O)Nc2ccccc2)N=C1C(=O)NC(=O)c1ccccc1,C24H19N3O3,49
CCN(C(=O)NC(=O)c1cccc(Br)c1)C1=CC=C1,C14H13BrN2O2,32
CCCCCCC1C(=O)N(C2CCCCC2)CCN1C(=O)OC,C18H32N2O3,54
COC(=O)C1CCC2=C(NC(=S)N1)C(OC)=C2OC,C12H16N2O4S,33
CC(=O)NC(=CC=C1c2ccc(Cl)cc21)c1ccc(S(=O)(=O)N(C)C)cc1,C20H19ClN2O3S,46
CNS(C)(=O)(OS(C)(=O)=O)OS(C)(C)(=O)C(C(C)=O)=C(Cl)Cl,C9H19Cl2NO7S3,41
O=C(O)C1=CSC(C(=O)c2ccccc2)=CC=C1,C14H10O3S,28
C=C(C(=O)N1CC2B(O)N(CCN2C(=O)N2CCCCCC2)C1=O)C1=CC=C1Cl,C19H24BClN4O4,52
C=C(C=C1C=C2C=C(OC)c3cc(sc31)C(=O)N(C)CCN1CCN2C1=O)OC,C21H23N3O4S,52
CCCN1C(=O)C(C(=O)NC(=S)N(C)C)C2CN(C(=O)c3cccc4nc5ccccc5n34)CCC21,C26H30N6O3S,63
CCCCCCCCCCCCCCCCCOC1=C2C=C1C2=O,C22H36O2,60
O=C1C2C1N(C(=O)c1ccc(I)cc1)C2C1CCCCCC1,C18H20INO2,38
CC(=O)OC(=O)C1=C2C(C(C)(C)C)=CC(C(C)(C)OC(C)=O)=C(C(=O)OCC(C)(C)C)C(=C1)C2(F)F,C27H34F2O7,70
CCCCN1CC2C3=CC=CN4C(=O)N3C(=O)C4CCCC2N(CC)C(=O)c2ccccc2C1=O,C27H32N4O4,64
CCN(C(=O)c1c(C)sc2ccccc12)C(=O)N1CCCCC1,C18H22N2O2S,45
CN1CCCN(C2=Cc3nnc(-c4ccc(C(F)(F)C(F)(F)F)cc4Br)n32)C1=O,C17H13BrF5N5O,42
CN1CCN(C(=O)N2CCN(C(=O)C3=CC3=CC3=CC=Cc4ccc(F)cc4S3)CC2)C1,C24H25FN4O2S,57
COC(=O)CN(C(=O)c1ccccc1)C(=O)c1cc(-c2cccnc2)ccn1,C21H17N3O4,45
COC1=Cc2ccc(N(C)C(N)=O)c(C(=O)Nc3ccccc3)c21,C18H17N3O3,41
CCCCCc1[n-]c(OC)c(C)c1[N+](=O)c1cc2ccc1-2,C17H20N2O2,41
CC1C2C=CC=C(Br)c3cc(ccc3Cl)C(=O)N1CC2,C16H15BrClNO,33
COC(=O)c1ccc(OC)cc1C(=O)N(CCN1CCOCC1)Cc1ccc(OC)cc1,C24H30N2O6,62
C=C(N=C(N=c1c2ccccc2n(CCCC)c(=O)n1C)NC(=O)N(C)CC)c1ccccc1,C26H32N6O2,66
C=C(Nc1c2ccc(C(F)(F)F)c1-2)C(=O)O,C10H6F3NO2,21
CC1COc2c(F)ccc(c2C(=O)N2CCCCC2)-c2cncc1c2,C20H21FN2O2,46
O=C1N2CCCCN3CCCN(C3)S(=O)(=O)c3cc(C(F)(F)F)ccc3N1C2=O,C17H19F3N4O4S,48
COc1cccc(C(=O)c2cccc(C(=O)Nc3cc(OC)ccc3C(=O)N3CCCC3)c2)c1,C27H26N2O5,60
CC(C)(C)OC(=O)CCC(=O)N1C(=O)c2ccc3nc1sc3c2,C16H16N2O4S,39
O=C(CCCCCN(C(=O)c1ccc(Cl)c(Cl)c1)C(=O)N1CCCCC1=O)N1CCCCC1,C24H31Cl2N3O4,64
O=C(O)C=C=CC=C1C=C1O,C8H6O3,17
CN(C)C(=O)c1cccc(N(CC(=O)Nc2ccc(F)cc2)C(=O)c2ccccc2)n1,C23H21FN4O3,52
CCN(CCN(C)C(=Nc1ccccc1[N+](=O)c1ccccc1)c1ccccc1)C(C)=O,C26H29N4O2+,61
O=C1C=CC=CSC(NC(=O)c2ccccc2)(Sc2nccs2)N1,C16H13N3O2S3,37
CC1C(=O)N(CC(C)(C)C)CCCN1C(=O)C1=CC=C1C(F)(F)F,C17H23F3N2O2,46
C=c1ccc(=CC=CC(=Cc2ccccc2)OC)c(N(C(=O)c2ccccc2)C(=O)N(C)C(=O)CC)c1,C31H30N2O4,67
CC1=Nc2nnc(s2)N1CCN1CCCCC1,C11H17N5S,34
CCOC(F)(F)c1c2ccc(C(=O)C3=CC=C3C(=O)OC)c1NC(=O)CO2,C18H15F2NO6,42
CN(C(=O)NC(Cc1ccccc1)C(=O)Nc1ccccc1)C1(c2ccccc2)CC2C=CC=CC21,C31H31N3O2,66
COC(=O)C1OC(C(C)(C)C)CCCCC(C2(C)C(=O)c3ccc2s3)C1C(=O)OC,C23H32O6S,58
CN1CCN2CC(N(C)C)C(O)C(NC2=O)NC(=O)N(C)C(=O)NC1,C14H27N7O4,49
CCCNC(=O)c1cccc2c1N=C(S)N(S(=O)(=O)c1ccccc1)C2,C18H19N3O3S2,45
COP(=O)(O)OP(=O)(OC)OP(=O)(O)Oc1ncc(C(N)=O)[nH]c(=O)n(C)c(=O)[nH]c1=O,C10H16N5O14P3,47
COC(=O)CCCCCC(=O)c1ccc(C(=O)OC)c2c(=O)c12,C17H18O6,41
FC(F)(c1cccc(Cl)c1)c1cccc(N2C3=CSC2=NC(C2CC2)=N3)c1,C20H14ClF2N3S,41
CC1=CC=C2C3=CC=CC=CC=C1[N+]32[O-],C13H11NO,26
CC1C2CC(CO2)C1N(C)C(=O)N(CCc1cccc(Cl)c1)c1nc2c3cc1cc2-3,C24H24ClN3O2,50
COC1=CC=C1C1=CC=CN=C(NC(=O)N(C)c2ccc(OC)cc2)S1,C19H19N3O3S,45
O=C1CCCCN1C(=O)C1=CC=CC(Sc2csc3ccccc23)C1,C20H19NO2S2,44
CN(CCN1CCN(c2ccnc(-c3ccccc3)n2)C1=O)C(=O)Nc1ccccc1Cl,C23H23ClN6O2,55
O=c1[nH]cc2cc1C(Sc1ccc([N+](=O)[O-])cc1Br)=N2,C12H6BrN3O3S,26
C=CC(=CC(Cl)=CCl)CCCCCCCC1C2C(=O)N(CCCC)C1C2C(C)(C)C,C26H41Cl2NO,67
COc1ccc(C(=O)Nc2ccccn2)cc1,C13H12N2O2,29
COc1ccc2c(c1)C(=O)N1CCC(C1)N1CCC(CC1)c1ccc-2[nH]1,C21H25N3O2,50
CC(=O)N(CCSC1=NCCCN1C(C)=O)C(=O)c1ccc(C(F)(F)F)cc1,C18H20F3N3O3S,48
O=c1[nH]c(-c2ccc(Cl)cc2)nn1-c1ccccc1,C14H10ClN3O,28
CCC1C(OC(=O)c2ccc(C(C)(C)C)cc2)C2OC1C1OC21,C19H24O4,41
CSC=CC=C1CCN2CCN1C2=O,C10H14N2OS,28
O=C(c1c(Cl)c2c3nc1nc2-3)N1CCN(CCN2CCCCCC2)CC1,C19H24ClN5O,50
COc1ccc2c(c1)C=C2C1=CC(=O)N(CCCC(C)C)C2C(C)OC(C2O)N2C(=O)N(C1)C2=O,C26H31N3O6,62
CCC=CCOC(=O)C(C)(C)C,C10H18O2,30
O=C1NC2CCN3CCCCN(CCSc4cc1ccc4C3=O)C2,C18H23N3O2S,46
CCN(C)C1=NC2=NC(C)=Nc3cccc(c3=CC=C2)=N1,C16H17N5,38
COC(=CC=CCl)c1ccc(CCC2C(=O)N(S(=O)(=O)c3ccc(C)cc3)C(=O)N2C)c(Cl)c1,C24H24Cl2N2O5S,57
CCCC(CC(=O)c1ccc(F)cc1)c1ncccc2nc-2[nH]1,C18H18FN3O,40
CCCCC(CCCOc1ccccc1F)n1c2nnc1s2,C16H20FN3OS,42
CC=CC=C1C=CC=C1N(C)C(=O)c1ccccc1OC,C18H19NO2,40
CCCCCN1CCN2CCN(CCN(c3cc4c(=O)[nH]c(=O)c3=4)CC1)C2=O,C20H29N5O3,56
O=C(Nc1nc2ccccc2n1CCN1CCCCCC1)c1ccccc1,C22H26N4O,52
CC(C)(C)CCCCC1CC2CCCCN2C(=O)N(CCC2=CC=C2Cl)C1=O,C23H35ClN2O2,63
CN(N=c1c(=O)n1C)C(=O)c1ccc(Cl)c(S(=O)(=O)c2ccccc2)c1,C17H14ClN3O4S,40
CC(=NN=NN=C1C=Cc2ccccc21)c1ccccc1,C17H14N4,35
CCCN(C)C(=O)C1=C2C(=O)N(CCC)C(=O)CCCCCCN(C1=O)C2=O,C20H29N3O5,57
COc1ccc2c(S(=O)(=O)N3CCCCCCCN4CCN(CC3)C4=O)c1-2,C19H27N3O4S,54
CCCC=C(C)CCN1C(=O)C(=CC=C2C=C2C)C=C1C(=O)N(C)CCCC#N,C24H31N3O2,60
O=C1C=C2CC3OC2C(O1)C3O,C8H8O4,16
Cc1sc2nc1N(C(=O)c1ccccc1)C(=O)N(C)C(=O)N2C,C15H14N4O3S,37
COC(=O)C(=C(C)Nc1cc(OC)ccc1C(=O)OC)C1CCCCC1,C20H27NO5,52
CCCN1CCNC(=O)c2cccc(c2)C(=O)Nc2nc(nn2-c2ccccc2)C=CN(c2ccccc2)C1=O,C30H29N7O3,69
CC(=O)N1C(=O)C2=CC1=CC=CC=C2,C11H9NO2,23
CCN1C(=O)c2ccc(C(=CC=COC)C(=O)OC(C)C)c(c2)C1=O,C19H21NO5,46
CCCCOP(=O)(O)OC1=C(C#N)NC1=O,C8H11N2O5P,26
CC(=O)N(C)C(=O)c1ccccc1C1=Nc2cccc(c2)C=C(c2cccc(C)c2)C(=O)N1,C27H23N3O3,55
COC(=O)C1CCC2NC(=O)C3CN(C(=O)C(=C4Sc5ccccc5S4)C(=O)N3C1C(=O)N(C)C)C2C(C)(C)C,C28H34N4O6S2,69
O=C1C(=CC=CS(=O)(=O)c2ccc(Cl)cc2Cl)CN1CCC1CCCCC1,C20H23Cl2NO3S,50
NC(=O)C(O)=CC=CSc1ccccc1,C11H11NO2S,26
CCN(CCOc1ccc2c(c1OC)O2)C(=O)C1=CC(OC)=C1,C17H19NO5,42
CCCC(=O)c1ccccc1C=CC=C1CCCCC1=O,C19H22O2,43
CCOc1ccc(NC(=O)c2ccc(Oc3ccc(C(F)(F)F)cc3)cc2F)cn1,C21H16F4N2O3,46
C=CC=C1C(=O)N1CN1CCN(c2ccc(Br)cc2)C1=O,C15H14BrN3O2,35
C=CCN1CCCN(C(=O)C#Cc2ccccc2Cl)CC1,C17H19ClN2O,40
COc1ccc(NC(=O)c2ccccc2-c2ccc3c(=O)n(C)c-3ncn2)cc1,C22H18N4O3,47
ClC1=Cc2nc3nc(c21)N(CCCCCCN1CCCCC1)CC1CCCCN31,C23H34ClN5,63
C=CC(Cl)=Cc1cccc(C(N)=O)c1OCC(O)C1CN2CCN(c3cccc4ccc(Cl)cc34)CCN1C2=O,C30H30Cl2N4O4,68
COC(=O)c1ccccc1C=Cc1cc(Br)ccc1-c1ccccc1,C22H17BrO2,42
CN(C)C(=NC(=CC=C1C=C1)C1=CC=C1)NCCc1ccccc1,C21H23N3,47
CN(C)CCN1CCN(c2cccc3c2C(=O)N3)C1=O,C14H18N4O2,38
O=C1C2=CSCCCCN1CCCC2,C11H17NOS,31
CCn1cc(-c2ccccc2)n2c(-c3ccccc3)nnc12,C18H16N4,38
CCCCCCCCN1CCC=C(C(=O)N2CCOC2=O)C1=O,C17H26N2O4,49
COc1ccccc1N(CCN1Cc2ccc(cc2)C1=O)C(=O)N(C)c1ccc(Br)cc1,C25H24BrN3O3,56
CCSc1ncc(-c2ccc3cc2C(=O)N(c2ccc(OC)cc2)CCO3)s1,C21H20N2O3S2,48
CC(C)(C)C(O)C1CCN1C(=O)C=C1C=C1F,C13H18FNO2,33
O=C1c2ccc(cc2)C2=CN=C(SC(N3CCCC3)=C2)N2CCCCN1CC2,C22H26N4OS,54
CC1(C)CCN2C(=O)C=C3C=CN=C(NCCN(CC1)c1ccccc1-c1ccccc1C2=O)N3,C28H31N5O2,66
CN(C)C(=O)CN(C)C(=O)c1cc2cc(c1)N(P1(=O)OP(=O)(O)O1)C=CC=C2,C16H19N3O7P2,47
Nc1cccc(C(=O)O)c1,C7H7NO2,17
CC(C)(C)C1CC2CCCCCCC(OC(=O)c3cccc4c3CCC4)C1O2,C25H36O3,60
CC1CCCN1C(=O)N(CC1CCCC1)S(=O)(=O)c1ccccc1,C18H26N2O3S,50
CCNC(=O)n1c(SC)nnc1Sc1ccccc1C=C1C=C1,C16H16N4OS2,39
CN(C(=O)c1ccc2cc1cccc1c(c(=O)n2C)=C1)c1cccc2ccccc12,C26H20N2O2,50
CCCN1CCN2CCCC3C2C1N3C(=O)c1ccccc1OC,C19H27N3O2,48
CCN(C(=O)c1ccccc1)C(=O)c1ccc(C(=O)NCc2ccccc2OC)cc1,C25H24N2O4,55
O=C(N=c1-c2cc3ccc2n3-1)N1CCCC2CCN3CCN(CCN2CC1)C3=O,C21H26N6O2,55
CC1=NN2C1=C(Cl)C=C(S(N)(=O)=O)C2C,C8H10ClN3O2S,25
FC(F)(F)c1ccc2c(c1)sc1c3sc(c12)N(CCN1CCCCC1)CCCC3,C22H25F3N2S2,54
CC1(C)CCCCCCCCCC(=O)OC(=O)S1,C14H24O3S,42
O=C1N2CCC3CN4CCN(CCCCCC(C2)N13)CC4,C16H28N4O,48
CNC(=O)NC1=NC(=N)S1,C4H6N4OS,15
CC1CN(C(=O)c2ccccc2OCC(O)C(O)C(C)NC(=O)c2cccc3c2NC3=CC=C2c3ccccc32)C(=O)N1,C33H32N4O6,70
NCC1=CC=CC(c2nc3n(n2)C(N)=N3)=CC=C1,C12H12N6,30
C=CC=CSC(=O)NC(=O)C(=O)C(=O)c1ccccc1,C14H11NO4S,31
CCn1c(=O)c2cc(OC)ccccc-2c2ccc(cc2)c1=O,C19H17NO3,40
O=CN(CCN1CCCCC1)CC1=CC=C1Cl,C13H19ClN2O,36
COc1ccc(N2CC(=O)N(CCN3CC(=O)NCCNC(=O)c4ccc(nc4)C3=O)CC2=O)cc1,C24H26N6O6,62
N#CC1=C(O)C=C2C(C=CC=C3NC3=O)=CC=C21,C14H8N2O2,26
COC(=O)N(C(=O)N(C)C(=O)Nc1ccc(OC)c(OC)c1)c1ccccc1,C19H21N3O6,49
COc1ccc(OC(=O)C(C)(CCCC2CCCC2)C(=O)OC2C3OC4OC2C4O3)c(OC)c1,C25H32O9,61
O=C(c1ccc(Cl)cc1)N1CCCCC23CCCN2C2=NC(=O)N3C(=N1)S2,C18H18ClN5O2S,45
CCC1CN(C(=O)c2nnc(-c3ccccc3)[nH]2)C(=O)C1(C)C,C17H20N4O2,42
CCOC(=O)N1CC2C(OC(=O)c3ccccc3OC)C1C(C)N2S(=O)(=O)C(=Cc1ccccc1)C1=CC=C1,C29H30N2O7S,65
C=C1C=C1N=C(C#N)NC(=O)N(C)CCCCN(C)c1ccccc1,C19H23N5O,48
Cc1cccc(C(=O)N(CCN(C)C)c2c3ccccc3n3c2ccn3-c2cccc(F)c2)c1,C28H27FN4O,61
CCCN1CCN2CCCC(CCN3C(=O)c4ccc(cc4C3=O)S2(=O)=O)CC1=O,C21H27N3O5S,57
CCN(C)C(=O)C1=CC=C(Cl)c2ccc(C(=O)N(C)C)c1c2,C17H19ClN2O2,41
CCCN(C(=O)N(C)C(=O)c1ccccc1Cl)S(=O)(=O)c1cccc(C=C2Nc3ccc(F)cc32)c1,C26H23ClFN3O4S,58
CN(C)C(=O)N1CCN(CCN2CCCN(CCCCC3C=CC=C3)C2=O)CC1,C22H37N5O2,66
CN(CC(=O)N(C)C(=O)c1ccccc1)C(=O)CN(C)C(=O)c1ccccc1,C21H23N3O4,51
CC1CS(=O)NC(C)C(=O)O1,C6H11NO3S,21
CCCCC1OC2OC3=CC=c4ccc(n(c4=O)C(=O)NC(C1O)C2O)=C3,C19H22N2O6,44
COC=C1C=C2C=C1C(=O)c1cc(OC)ccc1OC2=O,C16H12O5,33
CN1CCCCN2CC(=CC3=CC=C3C(=O)N3CCCC3)C=C(C1=O)C2=O,C21H25N3O3,52
Cc1cccc([N+](=O)c2ccccc2-c2cccc(F)c2)c1,C19H15FNO+,37
CCCCCCC(=O)C(=CC=C1C=CC(C(=O)OC)=CC=C1Cl)c1ccccc1,C25H27ClO3,56
O=C1N(C2=CC=C2)CCCN1c1ccccc1Br,C14H13BrN2O,31
COc1cc2ccc1c(=O)n(C(C)C)c2=O,C12H13NO3,29
C#CC=C1N=C1C(=O)N(CCCC)CC(C)N(C)CC,C16H25N3O,44
CCCn1c(N=C2CCN3CCCN2C3=O)nnc1-c1ccc(OC)cc1,C19H24N6O2,51
CNC(=O)OCC(N)C(=O)O,C5H10N2O4,20
CC(=O)N(C1=CC(C(=O)OC(C)C)=C1)c1nnc(-c2ccccc2)s1,C18H17N3O3S,42
COC(=O)N(CCC(C)C)CC1COC(=O)N1C(=O)c1ccc2cc1N(C(C)(C)C)C2=O,C23H31N3O6,62
CC(C)(C)Sc1c(C(=O)N2CCCC2)c1=O,C12H17NO2S,33
CCN(C(=O)COCCCCc1ccccc1)C(=O)c1ccc(C)cc1,C22H27NO3,53
COc1ccc(OCCCCN(N=c2c(=O)c3ccccc23)C(=O)c2ccc([N+](=O)[O-])cc2)cc1,C26H23N3O6,58
COc1cccc(C(=O)NC(=O)C2N=C3C=CC=CC(=O)N32)c1,C16H13N3O4,36
Nn1c2ccc3c4ccc-4cccc(cccc1-3)C(NS(N)(=O)=O)=CC=C2,C20H18N4O2S,45
CN(C(N)=O)C(=O)c1c2cccc1-2,C9H8N2O2,21
O=C1CCN(C(=O)c2cc(Cl)c(C(F)(F)F)cc2C(F)(F)F)C(=O)C1=CNC(=O)c1ccc(Cl)cc1Cl,C22H11Cl3F6N2O4,48
O=C(Oc1ccccc1OC(=O)c1cc2oc(=O)c1oc2=O)c1ccc(F)cc1,C20H9FO8,38
CC(=O)n1c(=O)c2ccc(C)cc2n(C)c(=O)c2ccc3scc1cc2-3,C20H16N2O3S,42
COC(=O)Nc1nnc(Sc2ccc(C)cc2)s1,C11H11N3O2S2,29
CC1CCOC(F)(F)C2=CC=c3c(cc([nH]c3=O)=CC(=O)N1)S2,C15H14F2N2O3S,36
COC(=O)C1=C(C)C(=O)OC(C)C(O)C2C(C)CCCN2C1=O,C16H23NO6,43
CC(=O)OC1C(C(=O)c2ccccc2)C(=O)OC1C(CCc1ccccc1)OC(=O)c1ccccc1,C29H26O7,58
CCCOc1cc2c(=O)n(C)c3c4ccccc4c(c1)=NN(N=3)c1ccc(cc1)C(=O)Nc1ccc-2cc1,C30H25N5O3,63
CCC1C(=O)N(C2=CC(OC)=C2)C(=O)N(C)C(=O)N1C,C13H17N3O4,36
COC(=O)c1ccc(C(=O)c2cc(C)ccc2OC)c(C2=CCSC=C2)c1,C22H20O4S,47
C=CC1=CC=C2C=Cc3cc(OC)cc(c3O2)C(=O)N(C)c2nnc(s2)NC1=O,C20H16N4O4S,45
COC1=CC=C(C(=O)N2CCCN(C(=O)N3CCCC3)CC2=O)c2nnc3c(=O)[nH]c(n23)=N1,C20H22N8O5,55
COc1ccc(Cl)c(OCCn2c(=O)c3nnc2n3N(C)CCN2CCN(C3OC(O)C(O)C3O)C2=O)c1,C22H28ClN7O8,62
CCN(C)C(=O)NC(C#N)=C[N+](=O)[O-],C7H10N4O3,24
CCCN(CC)C(=O)C1=CC=C1c1nc(C)nc(N2CCCCOC2=O)n1,C19H25N5O3,52
CN(C)CC1=c2c3c(c(n2C(=O)N(C)C)=CC=3)=C1,C14H17N3O,35
Fc1ccccc2c(ncc1)N2,C9H7FN2,18
Nc1nnc(-c2ccc(O)cc2)n1-c1ccccc1N1N=C1c1ccccc1,C21H16N6O,44
CC#CN=C1CCN1C(C)CCC,C11H18N2,30
CC1=CC=CC=c2nc3n(c2=N1)C(=O)N(C)CCN3C,C14H17N5O,37
O=C1Nc2nnc(s2)N(C(=O)c2ccc([N+](=O)[O-])cc2)C1Cc1ccccc1,C18H13N5O4S,41
CCc1nc2cccc-2cccc2nnc([nH]c(=O)n1C)[nH]2,C15H16N6O,37
CCOC1C(CCCCCc2ccc3c(c2)=C(F)C=3)OC1OCC(=O)OC(C)C,C23H31FO5,57
O=C1Nc2nnc(n2-c2ccccc2)C(F)(F)c2ccc(cc2)N1CC1=CC=C1,C21H15F2N5O,44
CN1CCN2C(=O)Nc3ccccc3N(CC1)CCN(c1ccc(-c3ccccc3)c(=O)[nH]1)C2=O,C26H28N6O3,63
CCN1CCN(CCC(=Cc2ccccc2)C(=O)NC(=O)c2ccccc2)CC1,C24H29N3O2,57
COc1ccc(C(=O)OC2CC2)c2ccccc12,C15H14O3,31
COc1ccc(N2CCC2)cc1C=CC=c1nc2-n-c3ccc(cc3)-n1-2,C21H20N4O,46
C[Si](C)(CCl)CCC(F)(F)C(F)(F)C(F)(C(F)(F)F)C(F)(F)C(F)(F)F,C11H12ClF13Si,38
CC1CCN(c2ccc(N3CCN(CC(C)NC(=O)c4ccc(C(F)(F)F)cc4)CC3)cc2)C1,C26H33F3N4O,66
CCN(C)C(=O)C1=CC=C(C(=O)N2CCCCC2)C(=O)N(C)c2nnc(s2)S1,C18H23N5O3S2,51
COC1=CC=C(N2CCN(C(=O)Nc3ccccc3Br)C2=O)c2ccc1s2,C19H16BrN3O3S,43
CCCN(CC)C(=O)C1=CC=C(C(=O)NC)S(=O)(=O)c2ccccc2SC=C1,C20H24N2O4S2,52
CCOC1=CC=C(C(=O)N(CC)C(=O)c2ccccc2)C2=CC(=C2)C=C1,C22H21NO3,47
CN1C(C(=O)Nc2ccccc2)=CC=CN=C2N(C)C1=NN2c1ccccc1,C21H20N6O,48
CC12NC(=O)C=CC=C1S2,C7H7NOS,17
COC=C1C=c2ccc(CCC(=O)OC)cc2=C1,C15H16O3,34
C=C(C=C1N2CCN(c3ccccc3)C(=O)N(C2)c2ccccc2CN(C)S1(=O)=O)OC,C23H26N4O4S,58
CCCCC(NC(=O)c1ccc2cc1-2)c1ccccc1,C18H19NO,38
O=c1nc2[nH]cc1C=C2C=CBr,C8H5BrN2O,16
O=C(NC=C1C=Cc2ccccc21)c1cccc(C2=NC=C2)c1,C20H14N2O,37
O=C(CNCCNC(=O)Nc1cc2ccc1-2)Nc1ccccc1,C17H18N4O2,41
CCSc1ccc(C(=O)N2CCN(C)CC2)c2ccccc12,C18H22N2OS,44
COc1ccccc1C(=O)N(NS(=O)(=O)OC)c1ccccc1,C15H16N2O5S,39
COc1ccc2c3ccc-3nc(N3CCCCC3C)sc2c1,C18H20N2OS,41
CCCCN(C(C)=O)C(=O)N1CCCCCN(CC)C(=O)c2ccc(o2)C1=O,C20H29N3O5,57
CC(NS(=O)(=O)c1ccc(C(F)(F)C#N)cc1)C(C)C(C)(C)C,C16H22F2N2O2S,44
CC(C)(C)NS(=O)(=O)c1ccccc1-c1ccccn1,C15H18N2O2S,38
C=C1N=CN=C2NC(=O)N(c3ccccc3)CCN2C(=O)c2ccccc21,C20H17N5O2,44
COc1ccc(N=C(N)NC(=O)c2ccc(C)cc2)s1,C14H15N3O2S,35
O=c1[nH]c2cccc3cc(Cl)c(cc3=Cc3ccc(cc3Cl)C=C(Cl)C=CC=2)[nH]c(=O)[nH]1,C24H16Cl3N3O2,48
CC(NC(=O)C1=CC=Cc2ccc1o2)C(C)N(C)C,C15H20N2O2,37
Cn1c(=Nc2ccccc2)nc(-c2ccccc2)[nH]c1=O,C16H14N4O,35
CCC(C)CN1C2C(C)C3C4CC5=C(NC(C)=C6C=C65)C(=O)N4C(C1C(C)C2CC)C3(C)C,C29H43N3O,67
CCCCCCCN(C(=O)OC(C)=O)C(=O)C1=C(C(=O)O)C(=O)N(CCCC)C(=O)N(CC)S1(=O)=O,C22H33N3O10S,69
O=C1NC(=O)N1C=CC=C1C=CC=C1,C10H8N2O2,21
CCCCC(C)C(=O)OP(=O)(O)OCC,C9H19O5P,34
COc1cc2c3ccccc3c1C(=O)NCCCCC(=O)N(C)C2=O,C19H20N2O4,45
CN(C)C(=O)c1ccc(N(C)CCCc2cccc3ccccc23)c(Cl)c1,C23H25ClN2O,52
COc1ccc(N=C(C)n2c(=O)n3c(=O)n(c2=O)CCC3)cc1,C15H16N4O4,39
O=C1C(=N[N+](=O)[O-])CC2CCN1CC2,C8H11N3O3,25
O=C(Nc1ccccc1)C1=C=CN1C(=O)c1ccccc1,C17H12N2O2,33
C=CC=C(C(=O)[O-])C(=O)OC(=O)[O-],C7H4O6-2,17
CCCC(=O)OC1C2OC3C(OC(=O)C=Cc4cc(OC)ccc4OC)C(C)C(C)OC1C3O2,C25H32O9,58
CC(=O)N(C(=C1C(=O)N2CCN(C(=O)C2)C1=O)c1ccccc1)c1cccc(Cl)c1,C22H18ClN3O4,48
CN1C(=O)C(C(C)(C)C)N(C(=O)c2cc2=O)C2CCCCCC21,C18H26N2O3,46
C=C1C(F)=C1C(=O)N(C)C(=O)CC,C9H10FNO2,23
O=C1CCCCCCCN2CCCCN1C(=O)c1ccc(o1)S2(=O)=O,C17H24N2O5S,49
CCCCN(CCN1CCCOC1=O)C(=O)c1cc(Br)ccc2c(F)ccc1-2,C21H24BrFN2O3,52
NC(=O)NC1=CC(N)=C1Cl,C5H6ClN3O,16
CN(C(=O)c1ccccc1)c1cccc2c(nc(Nc3ccccc3)n1C)=CC=2,C24H22N4O,51
CCCCCCCCCCCC1=CC(=O)NC1=O,C15H25NO2,43
COc1cc(OC)cc(N2CCN3CC(=CC=C(C=CC=C4NS4(=O)=O)NC2=O)C3=O)c1,C21H22N4O6S,54
CCN(CC)CCCn1c(=O)c(=Cc2ccccc2)c2cc(-c3ccccc3)nc1n2,C26H28N4O,59
CCCN1C(=O)Nc2ccc1c1c2C2=CC=C(CCN(CCCCCCc3ccccc3)C1=O)C2=O,C30H33N3O3,68
O=C(COc1ccccc1)NC(=O)c1cc(Cl)ccc1Cl,C15H11Cl2NO3,32
CC(=O)NC(=O)c1ccc(S(=O)(=O)c2cccc(-c3ccccc3)c2)c(F)c1,C21H16FNO4S,44
CCCCCCC(=O)C1=CC=C1C(=O)c1ccccc1C(=O)OC,C20H22O4,46
CC1=CC=CCCCCN(C(Cc2ccc(Cl)cc2)C(=O)Nc2ccccc2)C1=O,C25H27ClN2O2,56
O=C1CC(C(F)(F)C(F)(F)C2(F)C(F)(F)C(F)(F)C(F)(F)C(F)(F)C(F)(F)C(F)(F)C(F)(F)C(F)(F)C(F)(F)C(F)(F)C(F)(F)C2(F)F)CC1=O,C20H5F29O2,56
O=C1CCN(C(=O)c2ccccc2C(F)(F)F)c2nnc(s2)NN=C1c1ccc(F)cc1,C20H13F4N5O2S,44
C=CC1(CCn2c3nnc2s3)C=C(Cl)C=CC1C=Cc1ccc(Cl)c(OC)c1,C21H19Cl2N3OS,47
COc1cc2c3nc(CC4CCCN(C)C(=O)C4C(C)C)c([nH]3)c2cc1OC,C22H29N3O3,54
CN1CCN(C(=O)c2ccc3cc(C(F)(F)F)ccc3c2)CC1CN1CCCNC1=O,C22H25F3N4O2,56
CC(C)OC(=O)c1cccc(S(=O)(=O)N(C)C=CC=C2C=C2)c1,C17H19NO4S,42
O=C(Nc1nc(-c2ccccc2)cs1)c1cccc(Cl)c1,C16H11ClN2OS,31
CCCN1CCN2CCN(C)CCCCN(C(=O)c3ccccc3)CCc3nc1nc2n3,C24H35N7O,67
CC=CC=C(C(=O)NC1=NCC2=CC1=C2)C1=C(C(F)(F)F)C=C2C1=CC=C2N(CC)C(C)=O,C25H22F3N3O2,55
O=C(Nc1ccccc1)N(Cc1ccc(C(F)(F)F)cc1)C(=O)C1=CC=C1,C20H15F3N2O2,42
CCCCCCC1C2C(=O)N1C(=O)N2C(=O)NC1=CC(OCC)=C1,C17H23N3O4,44
O=C1N2CCN(CCCCCCN1C1CCCCC1)CC2,C17H31N3O,52
COc1cccc(N(C)C(=O)c2cc3ccc2C=CC=C3Nc2cc(C(F)(F)F)ccc2Cl)c1,C26H20ClF3N2O2,53
CC1CCSC1(C)C(=O)N1CC1,C9H15NOS,26
COC(=O)C1=C(c2ccccc2)C(=O)N(C)CCN(C(=O)c2cccc(F)c2)CC1,C23H23FN2O4,53
Cc1nnc(-c2ccccc2)n1C1=NC(C)(c2ccc(Br)cc2)CCN1,C20H20BrN5,46
Cc1nccccccccc2ccccc2c2nncn12,C18H16N4,38
COC1=CC=C(NC(=O)c2ccccc2)C(n2nc(SC)[nH]c2=NC#N)=CC=C1,C20H18N6O2S,47
CCCN1CCN(CC)C(=O)c2[nH]c(nc2-c2ccccc2)N(COc2ccccc2Cl)C1=O,C25H28ClN5O3,61
C=C1Sc2cccc(C=CC=CC=CC(=O)N(C)C(=O)N(C)C)c2S1,C19H20N2O2S2,45
O=C1NC(=O)N(C2=CC=CC=CC(F)=C2)C1=Nc1ccccc1,C17H12FN3O2,35
FC(F)(F)c1cc(Cl)cc(Br)c1,C7H3BrClF3,15
COC(=O)c1ccc(OC(C)C2Oc3ccccc3O2)cc1,C17H16O5,36
NC(=Nc1cccc2c1C(Cl)=C2)N1CCCC1,C13H14ClN3,31
CCN(C)C(=O)c1ccccc1NC(=O)Nc1nnc(NC=C(C)C(=O)N(CC)C(=O)c2cccc(C)c2)s1,C27H31N7O4S,69
COc1cc2ccc1c(=O)n2C(=O)C=C(C(=O)Oc1cccc(Cl)c1)C(=O)N(C)C,C21H17ClN2O6,47
CCCCCC(OC(=O)c1ccccc1C(F)F)C(NC(=O)c1ccccc1)C1=CC=C1OC,C27H29F2NO4,61
C=C(c1cc2ccc1cc2OC)C1CCN2C(COc3cc(OC)ccc3S2(=O)=O)C1,C24H25NO5S,55
COc1cccc(C=CC=CC2=CC(=O)NC(=O)C=CC=C2)c1,C19H17NO3,40
CCCCCCCCCC1C(=O)OC2C(=O)N(CCSC(C)(C)C)C(=O)C2N1C(=O)CC,C24H40N2O5S,69
COC(=O)C(C)C(C)C(=O)OC,C8H14O4,24
COc1ccc(N(C)C(=O)N2CCN3Cc4cc([nH]c4-c4ccccc4C3=O)C2)c(C(F)(F)F)c1,C25H23F3N4O3,57
CCc1ccc2c(-c3ccc4n[n+]3CCCCCCCC4)cccc2c1,C24H29N2+,55
CCCCCC(C(=O)c1ccc(C)c(C(=O)OC(=O)CC)c1)C(C)(C)C,C22H32O4,57
O=C1NC2=CN=C(c3ccccc3)N(C2)C(=O)N1Cc1ccccc1,C19H16N4O2,41
CN1C(=O)N(C(=O)N2CCCCC2)CCCN(c2nc3ccccc3n2C)C1=O,C20H26N6O3,55
O=C(CCC(=O)N1CCCCCCCCCN(S(=O)(=O)c2ccccc2)C1=O)C1=CC=C1,C24H30N2O5S,62
CCCCCCCCCC1=CCCCC1=O,C15H26O,42
COCC1NC(=O)C(=Cc2ccccc2)N(CC(=O)N2CCN(CCCC(=O)N3CCCC3)S2(=O)=O)C1=O,C25H33N5O7S,70
COc1ccc2ccc3ccccc(c1co3)-c1[nH]c(N)nc1-2,C18H15N3O2,37
COc1ccc2c(=O)n(C3CCCCCCCCCC3C)c(C)nc2c1,C22H32N2O2,56
O=C(NC1CCCCc2ncn(n2)CCC1)c1cccc2ccccc12,C21H24N4O,49
CN1CCN(C(=O)Cc2ccccc2SC2=Nc3nnc(s3)S2)CC1,C16H17N5OS3,42
CC(C)=CC=CC=C1C=CC=C(C(=O)N2CCC2)C2=CC=CC=C(F)C(=C2)S(=O)(=O)N1,C24H25FN2O3S,56
O=C1C(C(=O)N2CCCCCCCCC2)=CC=C1C1=CC=C1,C19H23NO2,45
CN(CCc1ccc2c(F)cc(F)cc2c1)C(=O)c1ccc(C(=O)N2CCN(C)C2=O)cc1,C25H23F2N3O3,56
COC(C=Cc1ccccc1)=CC=CC=CSc1nnc(C)[nH]1,C18H19N3OS,41
C=C1C=C1CC(=O)NC1=Nc2ccccc21,C13H10N2O,26
CCCCC(=O)N(CCC)C(=O)c1ccc(OC)cc1,C16H23NO3,43
CCCN1C(=O)C(C(=O)O)N(C(=O)C=CC=C(C)c2ccccc2Cl)C1=O,C19H19ClN2O5,45
C[Se]c1ccc(Cl)c2ccc3c(N4C(=O)N5CCCC5C4C)cccc3c12,C22H21ClN2OSe,46
CC(=O)OC(=O)C=CC=CC=C(C=CC=CC(=O)c1ccccc1)c1ccccc1,C26H22O4,52
N#Cc1ccc(-c2nc3ccccc3[nH]2)c(-c2ccc(Cl)cc2)n1,C19H11ClN4,34
CCSC1=NC(=CC=CN(C)C)C(c2ccc(Cl)cc2)=N1,C16H18ClN3S,39
O=C(CCCN(CCC1=CC=C1)C(=O)c1ccc(Cl)c(Cl)c1)N1CCCC1,C21H24Cl2N2O2,51
CCN1CC(C(=O)N(C)C(C)C)=CC=CN=C1c1ccccc1,C19H25N3O,47
COc1ccc(C(=O)N2CCN(CC3CN4C(=O)N3Cc3ccccc34)CC2)cc1,C23H26N4O3,55
CCC1CCCN(C(=O)c2ccccc2C(=O)OC)C1,C16H21NO3,41
CCCCCC(=O)N(CC)C1=CC1=CC#N,C13H18N2O,34
COc1ccc(CC2CCCN(C(=O)C#CC(=O)N3CCCOC3=O)C2)cc1S(=O)(=O)N(C)C,C23H29N3O7S,63
C=C1C=CC=CC=CN=C1n1c(-c2ccccc2)nc(=O)[nH]c1=O,C18H14N4O2,37
C=CC1C(C)N(C(=Nc2ccc(OC)cc2Cl)c2ccc(Cl)cc2)CCCN1c1ccccc1,C28H29Cl2N3O,61
COC(=O)c1ccc(S(=O)(=O)N2CCCCCC2C(C)O)cc1,C16H23NO5S,44
O=C1NC(=O)C(C(F)(F)F)=NN(C(F)(F)F)C(=O)N1,C6H2F6N4O3,21
CCCN1CCN(CCN(CC)C(=O)c2cc(-c3nnc(-c4ccccc4)[nH]3)ccc2C)CC1,C27H36N6O,69
COC(=O)C1=CC=C1C(=O)N(C)C(=O)O,C9H9NO5,24
NC(=O)NC(=O)NC(=O)C1=C(C(N)=O)Nc2ccccc2N1,C12H12N6O4,30
O=C(c1ccccc1)N(CC(=O)n1c(=O)c2c(c3ccccc31)C=C2)C(=O)c1ccc(-n2nc3c4ccccc4cccc2-3)cc1,C38H24N4O4,70
CC(CCOc1ccc2nc3[nH]ccc3ccc1-2)NC(=O)N(C)C,C18H22N4O2,44
Cc1ccc(N(C(=O)c2cccc3ccccc23)c2ccccc2[N+](=O)c2ccccc2)cc1,C30H23N2O2+,57
COc1cccc(C2C=CC2(NC(=O)c2ccccc2)c2ccccc2)c1,C24H21NO2,48
O=C1OC2c3ccc1c(c3)CCCCCC1CCCCCCC12,C21H28O2,48
N=C(N)SC(=CC=CC1CC=CC=C1[N+](=O)c1ccccc1)c1cccs1,C21H20N3OS2+,47
CCN(C)C(=O)N1Cc2cn(-c3ccc(Cl)cc3Cl)c1n2,C14H14Cl2N4O,35
C=C1c2ccc(cc2)C=CC2=NN=C(C(=O)N1C)N(C)C(=O)N2c1cccc(Br)c1,C22H18BrN5O2,48
C1=CC=CC(c2nnc(-c3ccc(Nc4nnc(N5CC5)s4)cc3)[nH]2)=CC=C1,C20H17N7S,44
O=S(=O)(NS(=O)(=O)c1cccs1)c1cccc(Cl)c1,C10H8ClNO4S3,27
CCCCCC1CN(CC(=O)N(CCCCC)C(=O)c2cccc(Cl)c2)C1=O,C22H31ClN2O3,58
CCN(CCCCN1CCCN(C#N)C1=O)C(=O)c1c2cccc1-2,C18H22N4O2,46
CCC(NC(=O)c1ccc(-c2ccccc2)s1)C1=C2N=C2NC(c2ccccc2)=C1,C25H21N3OS,49
COc1ccccc2nc3c(c1)C(=O)N(C(=O)C#N)CCCCN3S2(=O)=O,C17H16N4O5S,43
CN(C)C(=O)NCCN(C)C(=O)N(C)c1ccc2cc1cc1c2=C1,C18H22N4O2,46
COc1ccc2nc(N(CCC(C)=O)C(=O)N(C)C(=O)c3ccccc3C(C)=O)sc2c1,C23H23N3O5S,55
CCCOC(=O)NC(=O)N(C)C,C7H14N2O3,26
O=[N+]([O-])c1ccc2c(c1)C(C(=Cc1ccccc1Br)N1N=C3NN=C1S3)=C2,C18H10BrN5O2S,36
CN1C(=CC=C2C3=CC(=CC=CC=C3)N(C)S2(=O)=O)Nc2ccccc21,C20H19N3O2S,45
CNc1ccccc1N=C1CN1C(=O)Nc1ccccc1,C16H16N4O,37
CCCCCC(=O)NC(=O)C=C1C(F)=C1C(C)=O,C13H16FNO3,34
CCCN1CCC(C(C)(C)c2cccc(C(F)(F)F)c2)C2NC(=O)N(Cc3cc(F)ccc3C(F)(F)F)CC21,C28H32F7N3O,68
CCCC(C)CN(CC)C(C)=NC1=NN=C=N1,C12H21N5,38
CCN1CCCC2=CC=CC=C(C=C2C2=Nc3cc(F)ccc32)C1=O,C21H19FN2O,44
CCC(O)C(O)C(O)C(O)CCCCCCCCC(=O)OC,C16H32O6,50
COc1ccc(C(=O)NC2=CC=CC3=C(C)C2=CC(C)(C)C3)cc1OC,C22H25NO3,50
O=C1C=CC=C(Oc2ccc(Br)cc2)OC(=O)N1CCOc1ccccc1,C20H16BrNO5,43
CC(C)(C)C(=O)N1CCCCCCc2c([N+](=O)[O-])nnc1c2Cl,C15H21ClN4O3,44
CNC(=O)c1ccccc1NC(=O)NC=CC=Cc1ccccc1,C19H19N3O2,43
C(=Cc1nnc[nH]1)C=Nc1ccccc1,C11H10N4,24
CC1=CC=Cc2nc1n(-c1ncncn1)n2,C10H8N6,24
CC(C)(C)OC(=O)C#CC(=O)N1CCCCCCC1,C15H23NO3,42
CN(C)C(=O)N(c1ccccc1)c1c(-c2nc(Nc3ccccc3)n[nH]2)[nH]c2cccc(-c3ccccc3)c12,C31H27N7O,64
CC(=O)N1CCSCCC1=O,C7H11NO2S,22
C=C1C=C1C(=O)N(CCCCCCC)CCN1CC1,C16H26N2O,45
COC(=O)N1CC2C(C)OCCN2C(=O)c2cccc(c2)S1(=O)=O,C15H18N2O6S,40
CC1CC(C)(C)O1,C6H12O,19
c1ccc(N=c2[nH]ccs2)cc1,C9H8N2S,19
CN(CCCN1CC1)C(=O)NC1=C(Cl)c2c1c1ccc2[nH]1,C15H17ClN4O,37
O=C(c1ccccc1S(=O)(=O)N1CCCCC1)N1CCN(C2=CC=C2)CC1,C20H25N3O3S,52
CC(=O)N(C(=O)c1cccs1)c1ccc([N+](=O)[O-])cc1C(=O)Nc1ccccc1,C20H15N3O5S,44
COC(=O)c1ccc2c(=O)c(OC)ccc(C(=O)N3CCCCCCC4C5OC(C(O)C5O)N4C3=O)c2c1,C27H30N2O9,63
COc1ccc(NC(=Nc2ccccc2)Sc2ccc(OC)cc2)cc1,C21H20N2O2S,46
CN1C(=O)CN2CCCN(C(=O)c3cnc2n3Cc2cccc(Cl)c2)C1=O,C18H18ClN5O3,45
COc1ccc2cc1C(=O)N1N(C2)S(=O)(=O)NC(=O)c2cccc(c2)S1(=O)=O,C16H13N3O7S2,41
CC(C)(C)C1C2OC(=O)C=CC=C(C2=O)C1C1CCCCC1(C)C,C21H30O3,50
COC1=CC=C(C=COC(=O)Oc2ccccc2)OCCOC1=CC=C1OC(=O)c2ccc1cc2,C27H22O8,57
CCN(C(C)=O)C(=O)C1=C2C(=CC=C2C2CCCCN2C(C)=O)N1,C18H23N3O3,46
C=CC=CC=Cc1cc2cccc3[nH]c1nc23,C15H12N2,28
CCCN(Cc1cc(S(=O)(=O)N2CCC2)ccc1OC)C(=O)c1ccc(OC)cc1,C22H28N2O5S,58
COC1=CC=C2C(=O)N3C4COC(C4O)C(C)(C2=CC=C1OC)S3(=O)=O,C17H19NO7S,42
CCCc1nnc(N=C2C(Cl)=CC(OC)=C2Cl)s1,C11H11Cl2N3OS,29
Clc1ccccc2c(N3CCCC4CCCC43)ccc1-2,C18H20ClN,38
CCCCCCCCCCN1C(=O)C2OC3CCCC(C4=Cc5ccccc5C5=CSC(=N4)S5)C2C31,C30H38N2O2S2,69
CSc1ncc(C=C(C(C)=O)C(F)(F)F)n1C(=O)c1ccc(Cl)c(Cl)c1,C16H11Cl2F3N2O2S,37
COc1ccc(Nc2nc(=O)nc(N(C(=O)C=Cc3cccc(F)c3)C(C)(C)C)s2)cc1,C23H23FN4O3S,55
O=C1c2cccc(c2)-n2nc3nc2N1CCCCN1CCN(CC1)Cc1ccc-3cc1,C24H26N6O,57
CCCCCCCC(=O)N(CC)C(=O)C1=C(OC)C(C(=O)O)=C1,C17H25NO5,48
CN1CC(OP(=O)(O)O)C(C(=O)NC2=CNc3ccccc3-c3ccccc32)NC1=O,C20H21N4O6P,49
O=C1CN2C(=O)c3cccc(c3)OCC2C(=O)N1CCCCCCc1cc2ccc1-2,C24H24N2O4,53
COc1ccc(C(=O)N2CCNC(=O)CN(c3ccccc3)CC2)cc1,C20H23N3O3,49
CC(C)N(c1ccc(Cl)c(Cl)n1)C1CCCCCCNC1=O,C16H23Cl2N3O,44
C=C1OC2=CC=C1N(C)CC(C(=O)OC)N(CCN(C)CC)S(=O)(=O)c1ccc(F)c(c1)-c1ccccc12,C28H32FN3O5S,69
CC1=NC(=CC=CNC(=S)Nc2cccc(Br)c2)C=N1,C14H13BrN4S,33
O=C(CN1C(=O)c2ccc(s2)-c2ccccc21)N1CCCCN(C(=O)c2ccccc2)C1,C25H23N3O3S,55
CN(C)CCN(CCN=C=O)CCN(CC#N)C(=O)N(CC1=CC=C1)C(=O)c1ccccc1,C24H30N6O3,63
C1=CC(c2ccccc2CCN(CCCN2c3csc2n3)CCN2CCCCC2)=C1,C25H32N4S,62
CNC(=O)N1CCC=CC=C(S(=O)(=O)c2cccc(OC)c2)C1=O,C16H18N2O5S,42
CCN1CCCCN(C(=O)c2ccccc2)C(=O)N(C)C(=O)c2ccc(cc2)C1=O,C23H25N3O4,55
O=C1COC(=O)C2=CC=CC(=CC=C2)S(=O)(=O)OC(C2OCCO2)O1,C15H14O9S,37
CN(C)c1cc(NC(=O)Nc2ccc(C(F)(F)F)cc2)ccc1-c1n[nH]c(Nc2ccccc2)n1,C24H22F3N7O,56
CCn1cnnc1NC(C(=O)Nc1ccccn1)C(=O)Nc1ccccc1F,C18H18FN7O2,45
CCOC(=O)N(CC)C(=O)N1CC2=CC=CC(=Cc3ccc(OC)c1c3)c1ccccc12,C26H26N2O4,58
O=S1(=O)NC2=Cc3ccc(Cl)c(c3C(F)(F)C(F)(F)F)C=C2S(=O)(=O)N1,C12H6ClF5N2O4S2,32
CC(=O)N1CCN(C(=O)N=Cc2ccccc2C=C(c2ccccc2)c2cccc3ccccc23)CC1,C32H29N3O2,66
CN(C)CCCCN1CCN2C3=CC(=C3)N=C12,C13H20N4,37
Nc1nnc(C2=CC=CC3=CC2=CC=C(Cl)C=C3)s1,C14H10ClN3S,29
CCCCCCCCCCCN1C(=O)CCC1C(=O)O,C16H29NO3,49
COC1=CC=CC=CC(Sc2nnc(N3CC4OCC3C4O)s2)=C1,C16H17N3O3S2,38
O=C1N2CCN(CCN3CCn4c(nc5ccc(F)cc54)N1C3)CC2,C17H21FN6O,46
CC1CC(NCCN2CCN(CCOc3ccc4ccsc4c3)CC2)C(=O)N1,C21H30N4O2S,56
CCN1C(=O)C=Cc2ccc(cc2)C(=O)N(Cc2ccc(Cl)cc2)CCCC1=O,C23H23ClN2O3,52
O=C(N1CCN(c2ccc(F)cc2)C1=O)N(CCN(c1ccccc1)c1ccc(F)cc1)C1=NS1,C25H21F2N5O2S,56
CCCCCCCCCCCC(=O)O,C12H24O2,38
CCCN1CCN(CCCCCN2C3=NC(=N3)N=C2c2ccc(-c3ccccc3F)cc2)CC1,C27H33FN6,67
O=C(O)C(O)C(O)N(C=Cc1ccc([N+](=O)[O-])cc1)c1ccccc1,C17H16N2O6,39
CC(C)(C)CCN1CCC2Cn3c(nc4ccccc43)N2C1=O,C18H24N4O,47
COc1ccc(-c2cc(F)ccc2NC(=O)C2=CC(=O)NC2=O)cc1,C18H13FN2O4,38
CCCCCCCC(C(=O)OC(C)(C)C)N1C(=O)CSC1=O,C16H27NO4S,48
O=C(c1ccc2c(c1)N=C1NCCC=CC=C2N1)N1CCCCC1,C19H22N4O,45
C=CCCCCC1CCCN1C(=O)c1ccccc1C(=O)N1CCCC1=O,C22H28N2O3,55
CCOC1CCCn2c(=O)n(c(=O)n(-c3ccc(OC)cc3)c2=O)CC1O,C18H23N3O6,48
COc1ccccc1C(=O)N1CC2C1CCCN2CCN1C(=O)c2ccccc2C1=O,C24H25N3O4,54
COc1ccc(C(=O)c2ccc(N(CC=C3c4ccc(OC)cc43)C(=O)OC(C)(C)C)cc2C)cc1,C30H31NO5,67
COc1ccc(C(=O)N2C(=O)NC3=NC=CN=C2S3)cc1Br,C13H9BrN4O3S,31
CC(=O)N(C)C(=O)C(=Cc1ccc(C(=O)c2ccccc2C(=O)O)cc1)C(=O)NC(=O)c1ccc(Br)cc1,C28H21BrN2O7,58
CCCC(C)S(=O)(=O)N(C)C,C7H17NO2S,28
O=C1c2ccc3c(c2)C(=O)N1CCCCCCCCS3,C16H19NO2S,39
CSC1=NC(=N)N1S(C)(=O)=O,C4H7N3O2S2,18
COc1cc2c(c(N3CCCC4CCCCCCN(CC3)C4=O)c1)N2,C20H29N3O2,53
CCN1CCSc2ccc(c(OC)c2)OCC1=O,C13H17NO3S,35
CCCC(C)(C)CC(C)N(C(=O)c1cc2c1c1c3ccc3c21)C(C)C,C23H29NO,53
O=C1CCN2CCN(CN3CCN(CC3)C(=O)c3cccc4cc(ccc34)N1)C(=O)C2,C23H27N5O3,58
COc1ccc(C(F)(F)F)cc1NC(=O)N(C)S(=O)(=O)c1ccc(C(F)(F)F)cc1,C17H14F6N2O4S,44
CCCCCN(C(C)=O)c1nnc(C2=CC=CNC=C2)s1,C15H20N4OS,40
COC(=O)C=CC=C(OC)c1cc(OC)cc(Cl)c1OC1OC1C(C)O,C18H21ClO7,44
O=C1N2CCCCN3CCCC(C2)N1CC(=Cc1cccc(F)c1)C3,C20H26FN3O,50
FC(F)(F)C(F)(F)C(F)(F)C(C1=CC=C1Br)N1CC1,C10H7BrF7N,26
CN1CCC(CCc2ccccc2)CN2CCN3CC(CC1)C2C3,C21H33N3,55
CN1CCN2C(=O)N(C2=O)c2c(sc3cc(OCC(=O)OC(C)(C)C)ccc23)C1=O,C20H21N3O6S,51
COc1cc2cc3c(C(=O)N(CCN4CCCN(C)C4=O)C4CC4)ccc(c13)O2,C22H25N3O4,54
O=C1C2OC(=O)N(c3ccccc3)c3ccccc3CCCCCN1C2=O,C21H20N2O4,46
CC(=O)OC1CCCCCCCCCCCCCCCCCCNC1=O,C22H41NO3,66
CNC(=O)c1ccc(S(=O)(=O)N2C=NN=C(c3ccccc3)CCCC2)cc1,C20H22N4O3S,50
C#CC1=CC=C1C(=Nc1ccc(Cl)c(Cl)c1C(=O)N(C)C)NC1CCC(C(=O)N(C)C)CC1,C25H28Cl2N4O2,59
CC1CCCN(S(=O)(=O)c2ccc(OCCC#N)cc2)CC1,C16H22N2O3S,44
CCCCCCC(C(=O)OC)N1C=C2C=C2CC1,C15H23NO2,40
CCCCCCCCCCC1C(C)=C2C=C(C(C)(C)C)C(=O)OC3C1C1C(OC2=O)C31,C27H40O4,65
CNC(=O)C(C)=CSc1nnc(NC(=O)c2ccc(F)cc2)s1,C14H13FN4O2S2,36
O=[N+]([O-])c1ccc(S(=O)(=O)Nc2nc3ccccc3[nH]2)cc1,C13H10N4O4S,31
CC(C)(C)OC(=O)N1CCCCCCCCCCC2CCCCC2C1=O,C22H39NO3,63
CCOC(=O)OC(C)(C)OCC,C8H16O4,28
O=C(O)CNC(=O)C=C(NC(=O)c1ccccc1)C(=O)NC(=O)c1ccccc1,C20H17N3O6,45
CCCC(O)C(OC(C)(C)CCCCCc1cc2cc-2c1)C(=O)OCC,C22H34O4,58
CCCCCCCCCC(C(=O)OC)n1c2ccc-2c1=O,C17H25NO3,45
CCN(c1ccc(OC)cc1C)c1ccccc1C=Cc1ccccc1C,C25H27NO,54
CCN1CCCCCn2c(C)nnc2C(=Cc2cc([N+](=O)[O-])cc([N+](=O)[O-])c2)C1=O,C19H22N6O5,52
CN1CCN2C(=O)c3ccccc3SC2=NN(c2ccccc2F)CC1,C19H19FN4OS,45
CCN(C)C(=O)c1cc2ccccc2nc1-c1ccccc1OC,C20H20N2O2,44
Cc1cccnc1N=C(c1ccccc1)N(C)C(=N)N,C15H17N5,37
COC(=O)COC(=O)C1CC(=O)N2CC(=O)N(C)C1C1C(=O)C(=CC2=O)C(=O)N1c1ccc(Cl)cc1,C23H20ClN3O9,53
COCC(O)C1C(O)OC1n1c(=O)n2c(=O)n(c3nnc1s3)CC2,C12H15N5O6S,35
C1=C(CCN2CCN(CC3CCCCC3)CC2)c2cccc1c2,C21H30N2,53
Cc1ccccc1-c1nnc(N2CCN(C)C2=O)[nH]1,C13H15N5O,33
CCN(C(=O)c1ccccc1)C(=O)N1CC1,C12H14N2O2,30
COc1cc2c3cc(ccc3c1)CN(C(=O)NS(=O)(=O)N(C)C)C2,C16H19N3O4S,43
CC(C)(C)CN1CCCCCc2c3nn(c(=O)c2-3)CCC1,C17H27N3O,48
O=C(CSc1ccc2c(=O)[nH]sc2c1)NC(=O)C(=O)c1ccccc1,C17H12N2O4S2,37
C=C1C=CC(n2ncn(CCN3CCN(CCN4CCN(c5ccccc5)C4=O)CC3)c2=O)=C1,C25H31N7O2,65
COc1ccc2cccc(cc1)-c1nnc-2n1C(=O)N(C(C)=O)C(C)(C)C,C20H22N4O3,49
CCCCCCCCCN1C(=O)N(C(=O)OCC)C2C3OC(=O)OC3C21,C18H28N2O6,50
O=C1C2=CCCCCN1CCN(S(=O)(=O)c1ccc(OCCN3CCCCCC3)cc1)C2,C24H35N3O4S,67
CCCOc1cccc(C(=O)N(C(=O)N(C)C2=N[Se]2)C2=CC(OC)=C2)c1,C18H19N3O4Se,45
O=C1NC2CCCCC2C2=C(CCCC2)CN1CCCCCN1CCCCC1,C24H41N3O,67
COC(=O)OC(=O)C(O)C(N)C(=O)N(C)C,C8H14N2O6,28
CC[N+](C)(C)CO,C5H14NO+,21
CCN1C=CC=C(Cl)C(=O)NC1=O,C8H9ClN2O2,22
CCN(C(=O)c1ccc(OC)cc1)C(=O)c1cccc(OC)c1,C18H19NO4,42
CCC1CC(=O)N(c2nc3ccc(Cl)cc3s2)C1,C13H13ClN2OS,31
COc1cc(C(=O)N2CCCC2)cc(S(=O)(=O)OC(=O)c2ccc(C)c(C3CC3)c2)c1,C23H25NO6S,56
COc1ccc(S(=O)(=O)NC=CC(=NC2CN(C(=O)c3ccccc3)C2)NC2=CC(Cl)=CC=C(Cl)C=C2)cc1,C28H26Cl2N4O4S,64
CCCN(Cc1ccc(Cl)cc1[N+](=O)[O-])C(=O)c1ccc(C(=O)OC)nc1C,C19H20ClN3O5,48
O=C(OCCCCCCCCCCC1CC1)C1=CC=C1,C18H28O2,48
CCN(C(C)=O)C(=O)C(=CC1=CC(OC)=CC(Cl)=CC=C1)C(=O)Nc1ccccc1,C23H23ClN2O4,53
NC1CC1c1ccc(F)cc1F,C9H9F2N,19
CCN(C)CCn1c(=O)[nH]c2ccc(Cl)n2c1=O,C11H15ClN4O2,33
COC(=O)NC1=NN2N=C(NC(=O)Nc3cc(Cl)cc(OC)c3)SC2(NNc2ccccc2Cl)S1,C19H18Cl2N8O4S2,53
C=C(C)C=CN=C1SC(=Nc2ccc(Cl)c(OCCCC)c2)S1,C17H19ClN2OS2,42
O=C(Nc1ncccccc(Br)c2ccccc12)Oc1ccc(Br)cc1,C20H14Br2N2O2,40
CC12OP(O)(O)(OC1=O)O2,C3H5O6P,15
CCCCCCCCCCCCCN1C(=O)C=CC(C)C1=O,C19H33NO2,55
O=C(NC1=NN=C(n2ncnc2-c2cc(C(F)(F)F)ccc2I)c2ccc1cc2)c1ccccc1,C24H14F3IN6O,49
Cc1ccc(C2=CC=C2)cc1COP1(=O)OCCN1C,C15H18NO3P,38
COC(=O)c1cc(OC)ccc1C(=O)C(=Cc1ccc(Cl)cc1)SC,C19H17ClO4S,42
C=CN(C(=O)Nc1ccc(Cl)cc1)c1nc2cc(OC)ccc2s1,C17H14ClN3O2S,38
C=CC=C(C=C)C(=O)n1c(Sc2ccccc2)nc(=O)[nH]c1=O,C16H13N3O3S,36
O=C=CSc1ccc(C(=O)NC(=O)c2ccccc2)s1,C14H9NO3S2,29
CC(C)CCC(C1=CC=CC=C2C=C21)=C1NC(=O)N(C2CCCC(O)C2O)C1=O,C23H28N2O4,53
O=C(c1cccc2ccccc1c(=O)n1c(=O)n2CC1)N1CCCC1,C19H19N3O3,44
CC(C)SC1(O)NC1=O,C5H9NO2S,18
CC(C)(C)CCc1nc2c(=O)c3c4ccc(c2s1)c43,C16H15NOS,34
O=C(O)OCCCCCCCCCCCCCCCCOC(=O)O,C18H34O6,58
COc1cc(N2CCCCC2(C)C)cc2c1C(=O)NC2=O,C16H20N2O3,40
CC(C)=CN1C(=O)C(C)=C(Cl)C1=O,C9H10ClNO2,23
CCCCCC1Oc2ccc1cc2,C12H16O,29
CCC(C)N(C(=O)N(CC)C1=NN=C=N1)C1=CC=C1[N+](=O)[O-],C13H16N6O3,37
CC1C(NC(=O)c2ccccc2)CCn2nc3nc2nc2n1c(cc3C=Cc1ccccc1)=CC=C2,C29H26N6O,60
O=C1CCCN(C(=O)c2cccc3ccccc23)c2ccccc2C(=O)N1,C22H18N2O3,45
CCN(c1nnc(NC(=O)c2c(C(F)(F)F)c3ccc2[nH]3)s1)S(=O)(=O)c1ccccc1,C18H14F3N5O3S2,45
CCC(C1=C(Cl)C(Cl)=C1Cl)C(C)(C)Br,C10H12BrCl3,25
COc1nc(NC(=O)NC(=O)c2ccccc2)n[nH]c2nc(-c3ccccc3)ncccc1-2,C23H19N7O3,51
C=C1C=C2N=C2N(C)CCN1C,C9H13N3,25
O=C(NC=NN=C1C2=CC=C1C=C2)c1ccccc1,C15H11N3O,30
C=C1C=CN2C(=O)CN(C(=O)C2C)c2cc(OC)ccc2S1(=O)=O,C16H16N2O5S,40
CN1CCCCn2c3nnc2C=C(C=C3)C1=O,C12H14N4O,31
COc1sc2nc1C=C1C(=O)N(CC(C)(C)C)CCN12,C14H19N3O2S,39
C=CC=C1C=CC(S(=O)(=O)NC(=O)c2cc(C(F)(F)F)ccc2Cl)=C1,C16H11ClF3NO3S,36
C=CC=C(C(C=C(NC1=CC=C1)C(=O)Nc1cccc(Br)c1)=C(CCC(=O)NCC)c1ccccc1)[N+](=O)[O-],C30H29BrN4O4,67
COc1ccc(S(=O)(=O)N2CCN3CCN(C(=O)c4ccc(C)cc4)C(C2)C3=O)cc1,C22H25N3O5S,56
CN(C)C(=O)N1CCN(C(=O)c2ccccc2NN=C(N)C2=CC=CC3=CC2=C3)CC1,C23H26N6O2,57
C=C1C(=O)NCCOc2ccccc2S(=O)(=O)N2CCN(CC2)C1=O,C16H19N3O5S,44
CCC(C)N1C2=NC(C(F)(F)F)=C(c3ccc(OC)cc3C(F)(F)F)C1=NC(C)=N2,C19H18F6N4O,47
CCCCCN(CC)C(=O)N(C)C(=O)N(CCC)C(=O)N(C)C(=O)O,C16H30N4O5,55
COC(=O)CCC(=O)O[Si](C)(C)C,C8H16O4Si,29
COc1ccc(N=C(Nc2cccc(C(F)(F)F)c2)c2ccccc2C(F)(F)F)cc1,C22H16F6N2O,47
C=C1C=C(Sc2ccccc2Oc2cccc(OC)c2)C(=O)NC(=O)NC1=O,C20H16N2O5S,44
CCCC1CCCCCCN(C(=O)c2ccc(-c3cc(OC)ccc3OC)s2)C1=O,C24H31NO4S,61
CCN1C(=O)c2ccc(cc2)C(=O)N(CC)c2nc1sc2SCc1ccc(C)cc1,C23H23N3O2S2,53
C=CC=CC=CC1=Cc2ccc(cc2OCCn2c(=O)[nH]c(=O)n(C)c2=O)S1(=O)=O,C20H19N3O6S,49
O=C(C1=C([N+](=O)[O-])C1=C(Br)C(=C(C(F)(F)F)C(F)(F)F)C(F)(F)C(F)(F)F)N1CC1,C13H4BrF11N2O3,34
Brc1ccc(Oc2cc(Br)ccc2Br)cc1,C12H7Br3O,23
O=C(N1CC1)N1CCN(C(=O)N(CCCCN2CCCC2)C(=O)n2c3ccc2cc3)CC1,C23H32N6O3,64
C=CC=C(C(=O)Oc1ccccc1)C(=O)N(CC(=O)c1ccc(Cl)cc1)C(=O)c1ccccc1,C27H20ClNO5,54
CC1=CC=CC(F)=C(Cl)C(NC2=Nc3n[nH]c2n3)=C1,C12H9ClFN5,28
CCCN1CCCCCN(C(=O)C2=CC(Cl)=CC3=CC2=C3)C1=O,C18H21ClN2O2,44
CN(C)C(=O)c1ccccc1N(C)C(=O)N(C)C1SC2=C(S2)c2ccccc21,C21H21N3O2S2,49
COc1cc(C=C2C3=CN=C3N(C)S2(=O)=O)cc(F)c1Cl,C13H10ClFN2O3S,31
OC1C2OC1C(n1c3ccc(F)cc3[nH]c3ccccc3c3cc(F)ccc31)O2,C22H16F2N2O3,41
CC(=O)NC1=NC=CC=CC2=CC=C2S(=O)(=O)N2CCCN1CC2,C16H20N4O3S,44
CC1=CC=c2nc(N)sc2=CC=C1,C10H10N2S,23
N#CC(Cl)=CC=C1NC(=O)Nc2ccccc21,C12H8ClN3O,25
CC1=C2SCCCCCCCCC(C(=O)N3CCCC3)N(C1=O)C2=O,C19H28N2O3S,52
O=C1c2cccc(c2)N2CC3CN(CCN3CCN1c1ccc(F)cc1)C2=O,C21H21FN4O2,49
O=S1(=O)c2ccc3ccccn2CCN1C3,C11H12N2O2S,28
C=C(OC)C(=Cc1ccccc1C(=O)N(CC(=O)O)C(=O)c1cccs1)OC(=O)c1ccccc1,C26H21NO7S,56
CCN(C)S(=O)(=O)C1=CCC=C=C1,C9H13NO2S,26
CCN(CCn1c2nnc1s2)C(=O)CCN1CCOc2ccc(cc2)C(Cl)=CC=CC1=O,C22H24ClN5O3S,56
CN1C(=O)CN(c2cccc([N+](=O)[O-])c2)C(=O)NS(=O)(=O)C=CC=CC2=CC=CC=C(C=C2O)S1(=O)=O,C22H20N4O9S2,57
C1=CC1=CC1CN2CCN(CC2)C1,C11H16N2,29
O=C(c1ccc(Cl)cc1)N(C(=O)c1cccc(F)c1)c1ccc(Oc2ccc(F)cc2)cc1,C26H16ClF2NO3,49
COC=CC=C1C(OC)=CC=C1S(=O)(=O)NC1=Nc2ccc(Cl)cc2N=C(NC2C(O)CC2O)S1,C22H23ClN4O6S2,55
O=C(O)c1ccc(C=Cc2ccc3cc2N3)cc1,C15H11NO2,28
CCN(C(=O)N1CCN(C(=O)c2ccc(F)cc2)CC1)C(C)(C)C,C18H26FN3O2,50
CCn1c(=O)c(OC)ccc(-c2cc(OC)ccc2OC)c1=O,C17H19NO5,42
OC(C=Cc1ccccc1C(F)(F)F)=NN=C1N=C=NO1,C12H7F3N4O2,28
COc1cccc(C=CC=C(C=CC(=O)Nc2ccccc2)c2nnc(-c3ccccc3C)[nH]2)c1,C29H26N4O2,60
Cc1cc2nnc([nH]2)c(C)cc([N+](=O)[O-])c1Cl,C10H9ClN4O2,26
CN(C)C(=O)C1=CC(F)=CN=C(N)Nc2ccc1c1ccccc21,C18H17FN4O,40
CC(C)(C)C(=O)N1CCSCCN2CCCC1C2=O,C14H24N2O2S,42
CC1OCCCN(C(=O)C2CCCC2)C(=O)C2=CC(=C2)C2OC12,C18H23NO4,43
C=CC=Cc1cc2ccc1N=C1Sc3ccccc3C(=O)N1C2,C19H14N2OS,37
CCN1CCCN2C(=O)c3ccccc3OC(c3ccccc3)(CN(C)C2=S)C1=O,C23H25N3O3S,55
Cc1ccccc1-n1nc(NC(=O)C23C4C5C2C4(Cl)C53)nc1C,C17H15ClN4O,38
C=NN=C(NC(=O)Nc1ccccc1)c1cccc(Cl)c1,C15H13ClN4O,34
COC1=CC(Br)=C(COC2C(O)C2O)C(=O)NC(=O)N1,C11H13BrN2O6,29
COC(=O)C=C(Sc1ccc(Br)cc1OC(=O)c1ccccc1)C(=O)N(C)C(=O)c1ccccc1,C26H20BrNO6S,55
CNC(=O)C=CC=C1NC(=O)N(C)c2ccc1cc2,C14H15N3O2,34
CC(O)C(O)C1C(=O)C1O,C6H10O4,16
CCCCCCCCCN1C(=O)c2cccccc(ccc2)C1=O,C21H27NO2,51
S=C1N2CCCCC3=Cc4cc(ccc43)CN1CCC2,C17H20N2S,40
C=C1c2ccc3c(c2)C=CC=CC(=C3)NC(=O)NCCCN1C(=O)Oc1ccc(OC)cc1OC,C27H27N3O5,62
COc1cc2ccc3cc2C(Cl)=Cc2ccc(cc2OC)-c2nc(c3)c(ccon2C#N)c1,C26H18ClN3O3,51
C=CC(=CC=CC=CC=Cc1ccccc1)C(=O)NC1=Nc2nnc(s2)S1,C20H16N4OS2,43
CCOc1cccc(C(=O)N(C)C(=O)C=C2C=CC=CC(NC(=O)c3ccccc3)=N2)c1,C25H23N3O4,55
CCCCCCC(=O)OC(C)C(O)C(C)NC(C)=O,C14H27NO4,43
O=C(NC1=CN(c2cc(Cl)ccc2Cl)C(=O)C2=CSC(=C1)S2)c1ccc(Cl)cc1,C20H11Cl3N2O2S2,40
CCCC(=O)OCCOC(=O)C1=C(SC)SC=C(C(=O)C#CC(=O)OC(C)=O)S1,C18H18O8S3,47
CN1C2=CC=C3c4ccccc4C(=CC=CC=C2)N=C1N3CCNS(=O)(=O)c1ccccc1,C26H24N4O2S,57
CCN1CCNC(C(=O)N2CCN3CCN(CC3)C(=O)c3ccc2cc3)C1,C20H29N5O2,55
CC(=Nc1ncnc(NC(=O)c2ccccc2F)n1)NS(=O)(=O)C(C#N)=CC=C1C=CC(Cl)=C1,C21H15ClFN7O3S,48
O=C(O)c1ccccc1C=C1C=CC(F)=C1,C13H9FO2,25
C=C1C=CN(CCN(CCCCCC)C(=O)c2ccc(Cl)cc2)C1=O,C20H25ClN2O2,50
CC12CSC3=C(NC1C(=O)N3)C2(F)F,C8H8F2N2OS,21
COC(=O)c1ccc(OC)c(C(=O)OC2COC(=O)OC2C(C)OC)c1,C17H20O9,43
CCCCN(C(=O)c1ccc2cc(OC)c3cc2c1S3(=O)=O)C(=O)N(C)CCN1CCCCC1,C25H33N3O5S,67
O=C(C1=CC=CN=C(N=C(C(=O)N2CCCCC2)c2ccccc2)N1Cc1ccccc1)N1CC1,C28H29N5O2,64
CCCCCCCCCn1c(=O)n2c(=S)n(c1=O)C(C)C2,C15H25N3O2S,46
COC1=CN=CN=C(N2CCN3CCN(C(=O)c4ccccc4)C(=O)c4ccccc4N=C32)C(OC)=C1,C27H26N6O4,63
CCCCCCCC(OC(=O)N1N=C1SC)C1C(=O)N1C,C14H23N3O3S,42
Cc1ccc(NC(=NCCCN2CCN(C(=O)c3ccc4c(Cl)cccc4c3)C2=O)N(C)C)c(Cl)c1,C27H29Cl2N5O2,65
CCN1CC2CN(CCN2C(=O)c2ccccc2OC)C(=O)c2nc(OC)ccc21,C22H26N4O4,56
COC1=C(c2cccs2)C(C(=O)O)=C1,C10H8O3S,22
NC(=NC1=NC(=CC=Cc2ccccc2)C(=O)N1)Nc1ccccc1,C19H17N5O,42
O=C1C2=C(S(=O)(=O)N3CCCCC3)C(=C2)S(=O)(=O)N2CCN1C2,C13H17N3O5S2,40
CC1=CC2=NCC12c1ccc(NS(=O)(=O)c2ccccc2)cc1,C18H16N2O2S,39
CN(C)CCN1CCCn2-c(=O)-c3ccc(c(cc(Cl)c3)-c3ccccc3-2)C1=O,C23H24ClN3O2,53
CCC=CCCCCC,C9H18,27
CN1CCCN(C(=O)COc2ccc(C(F)(F)F)cc2)C(=O)c2ccc(cc2C(F)(F)F)S1(=O)=O,C21H18F6N2O5S,53
COc1cccc(NC(=S)N2CCCN(C)C(=O)NC(=O)C3=CC=C4C=CSC(=C4N3)C2=O)c1,C23H23N5O4S2,56
CC1=NN=C(c2cccc(OC(=O)c3ccccc3)c2)NC(=O)S1,C17H13N3O3S,36
CCCCCCCN1C(C(=O)N(C)C)=CC=C2SC1=NC2=O,C16H23N3O2S,45
CCN1CCOC(=O)N(C(=O)C2=CC=Cc3ccc2ccccs3)CC1,C20H22N2O3S,48
CCCCCCCCCCCCCCCCCCC(C)C(=O)C(=O)[N+](=O)[O-],C22H41NO4,68
CC1CN(C(=O)C(=CC(=Nc2cccs2)c2ccc(Cl)cc2)c2ccc(Cl)cc2)C(=O)c2ccc(s2)C(=O)O1,C29H20Cl2N2O4S2,58
C=C(C(=O)NCCN(C)C(=O)Nc1nc2ccccc2s1)C1=CC=C1,C18H18N4O2S,42
Cc1c2c(c3c(C(=O)N(C)CC(C)(C)C)c1-3)N2,C14H18N2O,34
CCCN(CC(C)C)S(=O)(=O)c1ccc(C#N)c(-c2ccccc2Cl)n1,C19H22ClN3O2S,48
COC1=CC1=CC(=O)NC1CCCN(CCC2CCCCCCC2)C1=O,C21H32N2O3,57
CCN(C(=O)Nc1cccc(Br)c1)C(=O)c1cccs1,C14H13BrN2O2S,33
CC(C)(C)C1C2CCCCC1C(=O)OC2=O,C13H20O3,34
COc1ccc(C)c(N(C#N)c2cc(OC)ccc2C(=O)N(C)C(=O)Nc2ccccc2)c1,C25H24N4O4,57
COc1ccc(CN2CCN3CCC2CNC(=O)c2ccccc2S3(=O)=O)cc1,C21H25N3O4S,54
CCC1Cn2nnnc2C(=O)N1c1cc(Cl)ccc1C(F)(F)F,C13H11ClF3N5O,34
O=C1c2c3cc4ccccc4c2N1C1CCCCN(CCC1)C3,C20H22N2O,44
C#CC(=O)N1CCCCCCC1,C10H15NO,27
CCN(CCN(CC)S(=O)(=O)c1ccc2c(c1)[nH]c1ncccc12)C(=O)COc1ccc(C)cc1,C26H30N4O4S,64
CCCNC(=O)Nc1cccc(-c2cc(Cl)cc(Cl)c2)c1Cl,C16H15Cl3N2O,37
C=C1CC(=O)NC(N(CCC)C(=O)c2ccc(OC)cc2)=N1,C16H19N3O3,41
COc1cc(Cl)cc(S(=O)(=O)C2=CC=C3C(=CC=C3OCOc3cccc(F)c3)N=NC=C2)c1,C24H18ClFN2O5S,52
O=C(NC(=NNc1ccccc1)Sc1ccc(F)cc1)Nc1ccccc1,C20H17FN4OS,43
COc1ccc2sc3cc(c1)C(=O)N1CCN(CCCOc4ccc3c2c4)CC1,C23H24N2O3S,53
COC1=C(C(=O)N(C)C(=O)c2ccccc2)c2ccc(OC)cc2C=CC=CC=C(NC(C)=O)C(F)=C1,C29H27FN2O5,64
CCOC1=C(c2nc3sc2-3)C=C1C(=O)N(CCC(C)C)C(C)=O,C17H20N2O3S,43
COc1nc(N2CCCC2)sc1S(=O)(=O)N1CCCCC1,C13H21N3O3S2,42
CC1CCN(C(=O)C2=CC=c3ccc(c4nc(N5CCCCC5)sc34)=C2)CC1,C23H27N3OS,55
CSC(=NS(=O)(=O)NC1C(=O)N(C)C(=O)N2C(=O)N3CCC3C12)N(C)C,C13H20N6O5S2,43
CCN1CCOS(=O)(=O)C(=CC=C(SCc2ccc3cc2-3)C(=O)N(C)C)C1=O,C19H22N2O5S2,50
COc1ccc2c(c1)-c1ccccc1CNC(=O)C2=NC#N,C17H13N3O2,35
CCCCN(c1nnc(C)s1)S(=O)(=O)C=CC=C1C=CC(OC)=C1c1ccc(Cl)cc1,C22H24ClN3O3S2,55
Cc1ccc([Si](C)=O)c2cc(C(=O)OC(C)C(C)(C)C)ccc12,C19H24O3Si,46
COc1ccc2cc3cccccc(c-3c1)C(=O)N(C)CCO2,C19H19NO3,42
CSC1=NC(=CC=Cc2ccccc2C(=O)NCCN(C)c2ccccc2)C(=O)N1,C23H24N4O2S,54
CN(c1ccccc1)S(=O)(=O)c1ccccc1C(=O)NCn1nnnc1Sc1ccc(F)cc1,C22H19FN6O3S2,53
COC1=CC2=CC=CC(=C1)OC(=O)N2,C10H9NO3,23
CCN(CC(=O)N(C)C(=O)C1=CC=Cc2ccccc2S1)C(=O)Nc1ccccc1,C23H23N3O3S,53
C=C1C(NS(=O)(=O)c2ccc(C#N)cc2)=CC=C1c1nncc(OC)n1,C17H13N5O3S,39
CC1=CC(c2ccccc2Cl)=NN=CC=C1,C13H11ClN2,27
C=CC1=CC=C1c1nnnn1CCNC(=O)c1ccccc1,C16H15N5O,37
CN(C(=O)Nc1ccccc1)c1nnc2n1C(CNC(=O)c1ccccc1F)N1CCN2C1=O,C22H21FN8O3,55
CN1C(=O)NN=C(Sc2ccccc2)NC1=O,C10H10N4O2S,27
C=CC=COc1ccc(C(=O)c2ccccc2OC)cc1,C18H16O3,37
C=Cc1cc2ccccc2n1CCN(C(=O)NNC(=O)Nc1ccccc1)S(=O)(=O)c1ccccc1,C26H25N5O4S,61
Cn1c2nc(nc1=NC(=Nc1ccccc1)c1ccccc1)NC(=O)N2,C18H15N7O,41
CNc1ccc([N+](=O)c2ccccc2Br)cc1,C13H12BrN2O+,29
CCCCCCC=C1C=C1,C10H16,26
CCCN1CCN(c2ncc3n2-c2ccccc2N=C=N3)CC1,C17H20N6,43
COC1=CC=C(N2CCCC2=O)C(=O)N(c2cc(F)cc(Cl)c2)C(=O)C=C1,C19H16ClFN2O4,43
CCC(C)N(C)C(=O)C(CC12CC3=CC1=CC=C32)OP(=O)=O,C16H20NO4P,40
O=C(NC(=O)c1ccc(C2=CC=C2[N+](=O)[O-])c2ccccc12)c1ccccc1,C22H14N2O4,42
C#CC1=C(N2CCCCC2)C(=O)N(CC[N+](C)(C)C)C1=O,C16H24N3O2+,45
C=C(c1ccccc1)N1CCCN(C(C)C(NC(=O)c2ccccc2)C(=O)N2CCCCC2C)C1=O,C29H36N4O3,69
C=CC=CC=CC(=C)c1nc(-c2ccccc2)n(C2OCC2C(O)C(=O)c2ccccc2)n1,C27H25N3O3,55
CCCCCCN1CCN2CCCCCc3ccc(cc3C2=O)C1=O,C21H30N2O2,55
O=C(N=CNC(=O)NC(=O)Nc1ccccc1)Nc1ccccc1,C16H15N5O3,38
CN(C)CC1CCN(C=CC=C2c3ccccc32)C1,C17H22N2,41
CCCC(OC)SC,C6H14OS,22
COc1cccc(NC(=O)N(C(=O)c2ccccc2OC)c2ccc(C)cc2)n1,C22H21N3O4,50
CN(CCN1CCN(C2=CC(Cl)=C2)C(=O)C2=CC=C21)C(=O)COc1ccccc1,C22H22ClN3O3,51
CCOc1ccc(C(=O)N2C(=O)C2(C2=CC3=CC3=CC(OC)=C2)N2C(=O)c3ccc(OC)cc3C2=O)c(OC)c1,C30H24N2O8,64
COc1ccc2c(n1)c1cc(C(F)(F)F)ccc1c(=O)[nH]c1ccccc1n1c(=O)[nH]nc21,C22H14F3N5O3,47
CCCCCCCCCCCCCCCCC=C(C(=O)O)C(=O)O,C20H36O4,60
CN(C)S(=O)(=O)c1ccccc1N(C#N)C(F)(F)F,C10H10F3N3O2S,29
CC(=O)N(CCCN1CCC(=O)N[N+]([O-])(c2ccccc2)c2ccc(cc2)S1(=O)=O)C(C)=O,C22H26N4O6S,59
COC(=O)C(=CC=C1C=CC=C1n1c2nnc1s2)C=C(OC)C(=O)CCCCc1ccccc1,C26H25N3O4S,59
COc1ccccc1N(N=C(N)N)c1cc2ccc1n(C)c2=O,C16H17N5O2,40
COC(=O)c1ccccc1C(=O)CCCC(C)c1ccc(Cl)cc1,C20H21ClO3,45
CCCCCCCCC(CCCC)CCCC(=O)O[Sn](C)(C)C,C20H42O2Sn,65
C=C(C=C1C=C1NC(=O)Nc1nc(Nc2ccccc2Cl)c(C)s1)OC,C18H17ClN4O2S,43
O=C(CN(CCN1CCCC1)C(=O)c1cc(C(=O)N2CCCCC2)ncn1)N1CCCCC1,C24H36N6O3,69
CCOC1=C2C(Cl)=CC=S12,C7H7ClOS,17
O=C(O)n1c(=O)[nH]c2ccc([N+](=O)[O-])cccc2c2ccc2oc1=O,C15H9N3O7,34
Cc1c(C(=O)N2CCCC2)cc(N2CCCN3CCCC2C3=O)c2ccccc12,C24H29N3O2,57
CCOc1cccc(C23NC(=NC=CC=C2[N+](=O)[O-])S3)c1,C14H13N3O3S,34
O=C1NCCC1Nc1cc(-c2ccccc2)ccn1,C15H15N3O,33
CCN1CCN(S(=O)(=O)[N+](=O)c2c3cc-3cc2C(C)(C)C)CC1,C16H24N3O3S+,47
CC1=Nc2nnc(n2C(=O)OCC(F)(F)C2=CC=C2)S1,C11H8F2N4O2S,28
COC1=CC(S(=O)(=O)NC2=C=NC(C(F)(F)F)=C2[N+](=O)[O-])=C1[N+](=O)[O-],C10H5F3N4O7S,30
CC(=O)N(C)c1c2cccccc-2c2ccc(F)cc12,C17H14FNO,34
CCCNC1CCC1C(=O)N(CC)C(=Nc1nccc2cc(F)ccc12)c1cccc(OC)c1,C27H31FN4O2,63
C=CC1=C(I)C(C(=O)N(C)C(=O)N(C)C)=C1,C11H13IN2O2,29
CCSc1nc2c(s1)N2S(=O)(=O)c1ccc(OC)cc1,C12H12N2O3S3,32
CN(C(=O)NC(=O)N=c1sc2nc(=Nc3cccnc3)n1-2)C(=O)Nc1ccccc1,C18H14N8O3S,44
CC(C)(C)OC(=O)C1=CC1=CC1CCCCCCCC1,C18H28O2,48
COc1cc(Br)ccc1NC(=O)c1cccc([N+](=O)[O-])c1,C14H11BrN2O4,32
CCN1CCN2CCN(C(=O)c3cc(OC)ccc3NC(=O)NC(=O)N3CCCCC3)CC2C1,C24H36N6O4,69
CCCC(=O)OC1C(OC(C)=O)C(OC(=O)C(C)C(C)CC)C2OC(=O)c3ccc(cc3)C(=O)OC1C2OC(C)=O,C29H36O12,69
CCN(CC(=O)NC)C1=CC=c2c(c3ccc2c2cc(C(=O)N(C)C(C)=O)ccc32)=CC=C1,C27H27N3O3,60
CN1CCCCn2c(=O)[nH]cc(c2=O)C1=O,C10H13N3O3,29
CCN1C2=CC=C2C2=NC1=NN(C)CCCCN(CC)S(=O)(=O)c1ccc(cc1)C(F)(F)O2,C22H27F2N5O3S,60
C=CC=C(C(=O)C(=O)Nc1nnc(-c2ccc(F)cc2)s1)c1ccccc1,C20H14FN3O2S,41
CCCCCn1c(=O)n2c(=O)n(c1=O)C2,C9H13N3O3,28
O=C(c1ccccc1)N1CCN(c2ccc(Cl)cc2)CN2C(=O)N3CCCCCCC1CC2C3,C27H33ClN4O2,66
COc1cccc(N2C(=O)CCCC(=O)N3CCN(CC3)C2=S)c1,C17H21N3O3S,45
CCCCN(CC)C(=O)C1=C2C(Cl)=CC=C3C(=C3C=C1OC)C=C2Cl,C20H21Cl2NO2,46
CCN(C#N)c1nc(C(=O)N(C)C)c(-c2ccc(Cl)cc2)s1,C15H15ClN4OS,37
NC1=CC=C(Br)C2=CC(=C1)C(Cl)=CC(Cl)=C2,C12H8BrCl2N,24
CCCCCc1cc(C)c2nc1NC2=O,C12H16N2O,30
CC(C)(C)C1CC1C(O)C1CCCCN1C(=O)c1ccccc1,C20H29NO2,48
COC(=O)c1cc([N+](=O)[O-])cc2c1C1=CCCCCCC(=O)CCCN(C1=O)C2=O,C21H22N2O7,52
COC(=O)N(C)S(=O)(=O)c1cccc(-c2ccccc2)c1,C15H15NO4S,36
CN1C(=O)Nc2cc1ccc2S(=O)(=O)C=CC=C1SCc2ccccc2NC1=O,C20H17N3O4S2,46
CCNC1=NC2=CC=CC=Cc3ccccc3N1c1nnc2n1CC,C19H20N6,45
O=C(c1ccc(Br)cc1)N1CCCCN(c2cccc(Br)c2)C(=O)N2C(=O)CC12,C21H19Br2N3O3,48
CCN1CCCN(CCCN2CCN(C(=O)n3c4ccc3c3ccccc34)C2=O)C(=O)C1,C24H29N5O3,61
CCOC(=O)C1=CC1=Cc1cccc2ccc(OC)cc12,C18H16O3,37
C=Cc1ccc2c(N(CCCC(C)C)S(=O)(=O)c3ccccc3OC)cccc2c1C(=O)OC,C27H31NO5S,65
C=NN(C)C(=O)N1C(=O)N(C(=O)N(c2ccccc2)c2ccccc2)CC1C,C20H21N5O3,48
COC(=O)C(C(=O)OC)=C1CC(=O)OCCCCCCCCCC1=O,C18H26O7,51
O=C1C2CCCN1CCCCCCCN2C(=O)c1cnc(N2CCCCC2)nc1,C22H33N5O2,61
COc1ccc2c(=O)[nH]c(Nc3ccccc3)nc2c1,C15H13N3O2,32
CC1(CCCCC(=O)Oc2ccc3c(=O)oc4ccccc4c3c2)CCCOC1=O,C24H24O6,54
COc1ccc(C(=O)N(C)C(=Cc2ccc([N+](=O)[O-])cc2)C(N)=O)cc1,C18H17N3O5,43
COc1ccc(NC(=O)C(C)NC(=O)c2cccc(C3=C4C=CC=CC(=C3)N(C)C=N4)c2)cc1OC,C28H28N4O4,63
COC(=O)C=C(C(=O)N(CC(=O)OC)C(=O)c1ccccc1)C1CC1,C18H19NO6,44
COC1=CC=C2SC3=C1C(=O)N(CCN(C(C)=O)C3=O)C2=O,C14H12N2O5S,34
CC(Sc1nc2c([nH]1)C2)C(=O)N(CCOc1ccccc1)CCN1CCOC1=O,C20H24N4O4S,52
COc1c(F)ccc(Cl)c1-c1cc(C(C)(C)C)ccc1CN(CCCN1CCCC1)C(C)=O,C27H36ClFN2O2,69
CC(=O)N(C)C(=O)C(=CC(F)(F)F)c1ccc2cc1NC(=O)c1ccccc1N2,C20H16F3N3O3,45
CCCCCCN1C(=O)C2=CC=C3C=C(SC1=N3)C(=O)N(CCN(CCC)C(=O)c1ccccc1)C2=O,C28H32N4O4S,69
CCCN1CCC(=O)N(c2ncnc3ccccc23)CC1,C16H20N4O,41
O=C(C1CN1C(=O)c1ccnc(N2CCCCC2)n1)N1CCCCCC1,C19H27N5O2,52
CC(C)N(CCCCSCC1C2C3C(=O)N1C(=O)N2CC(=O)N3C(=O)c1ccc(Cl)cc1)C(=O)C(C)(C)C,C27H35ClN4O5S,70
COC1=CC=C2C=C(C=CC=Cc3ccc(OC)cc3)N=C(S2)S1,C19H17NO2S2,41
CCCCCCn1cccc2[nH]c3n2c(nc1=O)N=3,C13H17N5O,36
COc1cccc(-c2ccccc2C(=O)N2CCCc3nnc2s3)c1,C19H17N3O2S,42
CCCCC(=O)OC(C)C(C)OC(=O)C1=CC(=O)c2cccc(CC(C)(C)C)c21,C24H32O5,59
CN(C(N)=O)C1=NC2=CC=C(C(F)(F)F)CN2C(N)=N1,C10H11F3N6O,31
CCN(C(=O)O)C(=O)c1cccc(F)c1,C10H10FNO3,25
CN(C(=O)CCC(=O)N1C(=O)C2OC1C2O)c1nc(-c2ccc(F)cc2F)n[nH]1,C17H15F2N5O5,40
CN(C)S(=O)(=O)C1=CC=C1n1c2ccccc2n1C(N)=O,C13H14N4O3S,35
O=C1NC(Cl)=NOCCCCC2CCOC(=O)N(CC2)C1=O,C13H18ClN3O5,39
Cn1ccc(=O)n(CCCCOC2=CC=C([N+](=O)[O-])c3cccc2c3)c1=O,C19H19N3O5,46
CCCN(C(=O)c1ccccc1C(=O)N1CCSc2ccccc2C1=O)C1CCCCC1,C26H30N2O3S,62
COC(=O)c1ccc(C(=O)OCC(=O)OC2C(O)C(O)C(O)C(O)C2OC2OC(C)C(O)C2OC(=O)c2ccccc2)c(OC)c1,C30H34O16,70
COc1ccccc1C(=O)N1CCCCC1C(C)(C)c1ccccc1,C22H27NO2,51
CC1OC(=O)CCCCC1OC(=O)c1ccc2c(C(C)(C)C)ccc-2s1,C21H26O4S,50
COc1ccc2n(C)c(=O)n(CC(C)(C)Oc3ccccc3)c(=O)n1C(=O)N(C)C2=O,C21H24N4O6,55
O=C(c1cc2cccc3c1cc23)N1CCN2CCCCCCCCCCCC2C1,C26H34N2O,63
COC(=O)CC(Br)(Br)C(=O)OC,C6H8Br2O4,20
CCOC(=O)c1cc(C)ccc1C(=O)N(C1=CC=C1c1cc(C)ccc1OC)C(C)C,C26H29NO4,60
Cc1ccc(C=CC=C(Cl)C=CC(=O)N2CCN(c3ccccc3)C2=O)cc1,C23H21ClN2O2,49
C=C1NC(=O)N(CCCC)CCN(C(=O)NC(=O)c2ccc(OC)cc2)CCS1,C20H28N4O4S,56
CN(CCN1CCCCC1)CCN1CCC=C(N2C(=O)NC(=O)NC(=O)c3ccccc32)C1=O,C24H32N6O4,64
C=C1C(Cl)=CC=C1NC(=O)CNC(=O)NC(=O)c1ccc(OC)cc1,C17H16ClN3O4,41
CCNC(=O)N(Cc1cccc(OC)c1)C(=Nc1cc2ccc1-2)c1cccc(OC)c1,C25H25N3O3,56
CCN(C(=O)NS(=O)(=O)c1ccccc1)c1ccc(C#N)cc(Cl)cccn1,C19H17ClN4O3S,45
CCOc1ccccc1C(=O)N1CCCC2C(O)C1CN2c1ccccc1,C22H26N2O3,50
CCOC1OC(=O)OC1C(OC(C)=O)N(C(=O)N(CC)C(=O)OC)C1OC1C,C16H24N2O10,47
CC=CC=Cc1cccc(C(=O)NNS(=O)(=O)c2ccccc2)c1,C18H18N2O3S,42
C=CC=C1C=C([N+](=O)[O-])c2cc(ccc2O)N1C1=NC(N(C)C)=N1,C16H15N5O3,39
CC(=O)N(c1nc2ccc1cc2-c1ccc([N+](=O)[O-])cc1)C(C)C,C18H17N3O3,40
CCN(C(C)=O)c1nc2c(s1)C(=O)NCCCN(C(=O)c1ccccc1)C2=O,C19H20N4O4S,48
CCCCN1CCN(C(=O)C=Cc2csc(N(C(=O)Nc3cccc(F)c3)C(C)C)n2)CC1,C24H32FN5O2S,65
Cc1ccccc1SC1=NC(=O)CS1,C10H9NOS2,23
CCC(OC(=O)c1ccccc1OC)C1OC1OC(=O)c1cccc(C)c1,C21H22O6,46
CC(C)(C)N1C(=O)N(c2nnc(N3CCCC3)s2)c2ccc1cc2,C17H21N5OS,45
CCN(C)C1=NC(=O)N(C(=O)c2cccc(C)c2)CCN1C(=O)OC,C17H22N4O4,47
CC(CC(C)C)=Nc1ncc2cc1-2,C11H14N2,26
O=C1C2CCN1CN(CCC1CC3CN(CCN3c3cc(C4=CC=C4)c(Cl)cc3Br)C1)C2,C25H30BrClN4O,61
CCCCCCC(=O)C(C)(C)C(=O)OC(=O)[N+](=O)[O-],C12H19NO6,38
O=C1NC1=CC=Cc1ccc2cc1NC(SCCN1CCC1)=N2,C17H18N4OS,40
COc1cc(F)cc(S(=O)(=O)N2CCC=C3C(=O)N4CC(CC2)N(C3=O)C4=O)c1,C18H18FN3O6S,46
c1ccc(-c2nnc3ccnc(N4CCCC4)n23)cc1,C15H15N5,35
COc1ccccc1N1CCCN(C)C(=O)NC(=Nc2cccc3cc(Cl)ccc23)N=C(N)SC=C(F)C1,C27H28ClFN6O2S,66
COC(=O)C1=Cc2ccc(cc2CC(=O)OCCCOC(C)=O)O1,C17H18O7,42
CN1C=CC=CCCCCN2CCN(CC2)C1=O,C14H23N3O,41
Cc1ccccc1NC(N)=Nc1c2cc(F)cc1C=C([N+](=O)[O-])C=C2,C18H15FN4O2,40
CN(C)C(=O)c1c(N2CCCCCCOP(=O)(O)OCc3ccc(cc3)C2=O)c2ccc1cc2,C25H29N2O6P,63
CCOc1ccc2c(c1)Sc1ccc(cc1C(=O)NC(=O)N1CCCCCC1)C2(F)F,C23H24F2N2O3S,54
O=C1NCC(Oc2ccccc2)Oc2ccccc21,C15H13NO3,31
O=C1c2ccccc2CN2CCN1CC2,C12H14N2O,29
COC(=O)N(C#N)C(c1ccccc1)n1c(=O)c2ccc(cc2)c1=O,C18H13N3O4,38
CCSc1nc2cccc(C(=O)N(C)C)c2c(=O)n1C,C14H17N3O2S,37
O=C(NC(=O)c1ccccc1NS(=O)(=O)c1ccccc1)NC1C2=CC(=O)C1=CC=C2,C22H17N3O5S,48
CCCCN(CC)C(=O)c1cnc(N(C)C2C3OC(O3)C2OC)s1,C16H25N3O4S,45
CN(C)CCn1c(=O)n(CCc2cc3ccc2cc3)c(=O)n2c3ccccc3nc12,C23H23N5O2,53
CC(=Cc1ccccc1)C1=NC2=NN=C(c3ccccc3)N1C2,C19H16N4,39
COc1ccc2c(nc(C3=CC=C3)nc3-c4ccc(cc4)-n1-3)=CC(c1nnc(C)[nH]1)=CC=C2,C26H20N6O,52
CCN1CCN2C(=O)N3CCCCC2C(C3)NC(=O)N(CCCOC)C1=O,C18H31N5O4,56
CCCCN(CCN(C)CCC)C(=O)NC(=O)c1ccc(-c2ccccc2)cc1,C24H33N3O2,61
Cc1nnc(C(=O)N(C)C)n1C1=CC([N+](=O)[O-])=CC(C#N)=CC=C1,C15H14N6O3,38
Cc1c2csc(C(=O)N3CCCCC3)cnnc1N2C(C)C,C16H22N4OS,44
CCN(C(=O)c1ccccc1)C1=CC=CC(=O)N(C)C(NC(=O)c2ccccc2)=N1,C23H22N4O3,52
Cc1ccc(C(=O)OC=Cc2ccc(-c3ccccc3)cc2)cc1,C22H18O2,42
N#CC=CC=CC1=CC=CC(N2C(=O)NC2=O)C=CC(C#N)=CC=C1,C19H14N4O2,39
CCC(C)n1c2sc(c1=O)=CC(=CC=C(CC(=O)OC)c1cccc(Cl)c1)C(=O)N=2,C22H21ClN2O4S,50
CCCN1CCN(S(=O)(=O)c2ccc(F)cc2Cl)CCN(CCN(C)C(=O)C2=CC=C2)C1=O,C22H28ClFN4O4S,61
CCN1C(=O)c2c3ccc1c2-c1ccccc1NC=C3C(=O)N(C)C,C20H19N3O2,43
O=C1C(CCCCCCC2=CC=C2)C2CCCCCN12,C18H27NO,45
Cc1cc2ccc1n(C(=O)c1ccccc1C(F)(F)F)c2=O,C16H10F3NO2,32
CCCCCCCCCN1C(=O)SC(=C2C(=O)N(CCCCC)C2=O)C1=O,C20H30N2O4S,57
CC(=O)N1CCN(C(=O)CC(C)(C)C)C1=O,C11H18N2O3,34
CCn1c2sc(c1=O)=CC=C(OC)N=2,C9H10N2O2S,24
CCN1C(=O)N(CCCCCBr)C1=O,C9H15BrN2O2,29
CCN1C(C)=NC(c2ccc(Br)c(F)c2)=NN=C1N,C12H13BrFN5,32
CCC(OP(=O)(O)OC)c1ccc2cc1-2,C10H13O4P,28
C=C1CCCCC(C)(C)C1=O,C10H16O,27
CCn1c(=O)[nH]c2ncc(c(=O)n(C)c1=O)=Cc1ccccc1N=2,C16H15N5O3,39
CC(C)(C)CCN1CCN(c2ccc3sc(=O)[nH]c(=O)c3c2)C1=O,C17H21N3O3S,44
O=C1NC2=CC=C2C2=CC=CC3=CC=C(C=CC32)N1C(=O)c1cccc(Cl)c1,C23H15ClN2O2,43
CC(=O)N(c1ccccc1)c1ccccc1C(=O)NCC(=O)N(Cc1ccccc1)c1nccs1,C27H24N4O3S,59
COc1ccc(C(=O)N(CCCN2CCC2=O)c2ccc(S(=O)(=O)N(C)C)cc2)cc1,C22H27N3O5S,58
CCc1[nH]c2ccc(OC)cc2c1C(=O)N(CC)CCN1CCN(C(=O)c2ccccc2)C(C)C1=O,C28H34N4O4,68
CCN1CCCN(c2ccccc2)C(=O)c2nnc1n2C=CC(F)=Cc1cccc(OC)c1,C25H26FN5O2,59
C=C(Cl)C(Cl)=CC=Cc1nnc2sc(N)nn12,C9H7Cl2N5S,24
COc1cc(C(=O)N(C)C(=O)C2CCCN2C(=O)C(C)(C)C)ccc1Cl,C19H25ClN2O4,51
COc1cccc(CN2C(=O)N(C)C(=O)C2=CC=C2c3ccccc32)c1,C21H18N2O3,44
COc1ccc(C(=O)N(C)CCN2CCC3=C(C=C3Br)C2=O)cc1,C18H19BrN2O3,43
CCCCCN1CCCN2CCN3CCN(C(=O)C2=CC=C(Cl)C1=O)C3=O,C19H27ClN4O3,54
O=C(NC(=O)N1CCC1)c1ccc(C(=O)N2CCCCCCCCCCC2)cc1,C23H33N3O3,61
CCCc1nnc(C2=Cc3cc(F)c(C)c(c3)C(N(C)C)=N2)[nH]1,C17H20FN5,42
CN(C)CCOc1cc2c(-c3ccccc3)cc(N(C)C)c-2ccc1[N+](=O)[O-],C22H25N3O3,53
c1ccc(COc2ccc(CN3CC4C5OCCN4CC53)cc2)cc1,C21H24N2O2,46
O=C1c2ccc(s2)C(=O)N2CCCN1CCCC2=O,C13H14N2O3S,33
CCN(C)c1cccc(OC)cc(C(=O)N2CCC2)ccc1,C18H24N2O2,46
CCCN(C)[N+]1=NC(C=CC=C(C)c2ccc3ccccc3c2)=C2C(C)=CC=C21,C26H28N3+,57
COC(=O)c1ccc(F)cc1COS(=O)(=O)c1ccc2cc1C=C2,C17H13FO5S,37
CCCCOC(=O)C(=CC=C(C(=O)O)c1ccccc1)C(=O)OC(C)=O,C19H20O7,46
CC(C)(C)C1CC1CCN1CCN(c2nc3c4ccc(c3[nH]2)-c2cc-4c2)CC1,C24H30N4,55
O=C1NC(=O)C(C=CC=C(F)c2cccc(F)c2)=Nc2cc(Cl)ccc2N1,C19H12ClF2N3O2,38
O=C(O)COC(=O)C(=CC=CNC12N=C(S1)N2C(=O)c1ccccc1)c1ccccc1,C22H17N3O5S,48
O=C1NC(=O)C(=Cc2cccc(Cl)c2)C=CC=Cc2ccccc2C(=O)N1,C21H15ClN2O3,42
CN(CCCN1CCN(c2cc(Cl)cc3cccc(Cl)c23)C1=O)c1ccc(Cl)cc1,C23H22Cl3N3O,52
O=C1N(CCOc2cccccc(Cl)ccc2)CCCN1S(=O)(=O)c1ccccc1,C22H23ClN2O4S,53
CN1CCc2cc(C(=O)N3CCCCC3)[nH]c2C1=O,C14H19N3O2,37
C=C1C2=CC=C1S(=O)(=O)N2CCN(CCCCc1ccccc1)S(=O)(=O)c1ccccc1,C24H26N2O4S2,58
COc1ccc(NC(=O)CCCN2CCCN(S(=O)(=O)c3ccccc3)c3ccc(cc3)S2(=O)=O)cc1,C26H29N3O6S2,66
CC(=O)OB1OCCCOC(=O)c2ccccc21,C12H13BO5,31
N#Cc1ccc2cccc(C3CCCCCN4CCCN(CCC3)CC4)c2c1,C25H33N3,61
O=C(c1ccccc1C1=NN=C=N1)N1CCN(CCCCN(c2ccc(F)cc2)c2cccc(=O)[nH]2)CC1,C28H28FN7O2,66
CCn1c(C(F)(F)F)ccc2cc3sccc(c-3c1=O)C(=O)N1CCN(CC1)S2(=O)=O,C19H18F3N3O4S2,49
COC(=O)C1NC(=O)c2ccccc2NC(=O)C1Nc1nc(C)ccc1-c1ccc(OC)cc1,C25H24N4O5,56
COC(=O)C1=C(c2ccccc2)C(=O)N(C)CCN(CCCCOc2cccc(F)c2)C1=O,C25H27FN2O5,60
COC1=CC=C1OC1CCCN(C(=O)c2ccc([N+](=O)[O-])s2)C1=O,C15H14N2O6S,38
O=C(c1ccco1)N1CCCCCCCCCC2OC3C2CCN3CC1,C21H32N2O3,55
CCCCN(c1nccs1)S(=O)(=O)c1ccc(F)cc1,C13H15FN2O2S2,35
COc1cc(OC(C)=O)c(S(=O)(=O)NC(=O)c2ccc(F)cc2)cc1C(Cl)=CC=Cc1ccccc1,C26H21ClFNO6S,57
O=C(c1ssc1[N+](=O)[O-])N1CCCCC2(CCCC1)CC2,C14H20N2O3S2,41
CCCCN1C(Cc2nc([N+](=O)[O-])[nH]c(=O)n2)C(O)C2OP(=O)(OC)OC21,C13H20N5O8P,42
COC(=O)c1ccc(SC(=CC=CC2(C(=O)OC)C=CC=CC2)C(=O)Nc2ccccc2)cc1,C27H25NO5S,59
CC1CN2CCN(c3cc4cc-4c3)CCCN1C2=O,C15H19N3O,38
Cc1cccc(N2C(=O)NC2=O)c1,C9H8N2O2,20
COc1ccc(CN2CCSC2=Nc2cccc3ccccc23)cc1,C21H20N2OS,45
O=C1c2nnc(N3CCN4CCN(C4=O)C3=O)n2CCCCCN2CCN1CC2,C18H26N8O3,55
CSc1cccc(C(C)=O)c1,C9H10OS,21
FC(C=CSc1ccccc1)=CC=CC=C1C=C2C=CC=C3N1N=NN23,C20H15FN4S,41
CCOC(=O)OC(=O)c1ccc(C(=O)OC(C)(C)C)c2ccccc12,C19H20O6,45
C=C1C=CC=C1NC(=O)COc1cccc(C(=O)CC)c1,C17H17NO3,38
CCN(C)C(=O)n1nc2n(C3=CC(C(F)(F)F)=C3Br)c(=O)cccc1-2,C15H12BrF3N4O2,37
CCN1C(C(O)C(O)C(O)C(=O)OC)OS1(=O)=O,C8H15NO8S,29
C=C(Cl)C=Cc1ccc(Cl)c(C=Nc2ncnc(N)n2)c1,C14H11Cl2N5,32
CCCCCCOC(=CC=C(C)C(=O)OC)C(=O)c1ccc2cc1-2,C20H24O4,48
C=C1C=C1N1CC2C(CC)N(C1=O)C(=O)N2C,C12H15N3O2,30
CCCCCN(CC)C(=O)c1cccc(NC(=O)N2CC2)c1C(=O)N1CCCCC1,C23H34N4O3,63
CC(NC(=O)n1c(=O)[nH]c2nc3ccc(Br)cc3cc21)c1cccc(-c2ccccc2)c1,C25H19BrN4O2,49
COc1ccc2ccc3cc4cc(ccc14)N(C(=O)NC(=O)N(C)C(=O)C=C2)C3=O,C22H17N3O5,47
O=C1C(=CSc2nnc(-n3nnnn3)s2)CCN1CCc1ccccc1,C15H14N8OS2,40
O=C(Nc1cc(Cl)ccc1C(=O)O)C1=CCCC=C1,C14H12ClNO3,31
C=C1C=CC2=Cc3cc(OC)cc(c3S1)N(C)C(=O)N(C)C(=O)N2,C17H17N3O3S,41
CC1=C(C=Cc2ccccc2)CCc2ccccc2-c2nn1c(=O)[nH]2,C21H19N3O,43
Cc1c(OC2NC3CC4C(O)C4OC32)cccc1-c1cc(CN(C)C)ccc1-c1ccc(F)cc1,C29H31FN2O3,60
CC(C)CCCn1c(=O)[nH]c2nc-2cc2c1=NC=2,C13H16N4O,33
CCN(CCOCC(=O)N1Cc2ccc(cc2)-c2ccccc2C1=O)C(=O)c1cccc(Cl)c1,C27H25ClN2O4,59
CCCCN1CCN2C(=O)C3=C4C(=O)N(c5ccccc54)C2C(C1)N(CCC)C3=O,C23H28N4O3,56
CCCCCCC(=O)NC(C)C(=O)N1C=CC=C(C)C2=CC=C(C=C1C(=O)N(C)C(C)=O)S2(=O)=O,C25H33N3O6S,67
COC(=O)OC(C)(C)OC(C)=O,C7H12O5,24
CC(C)(C)CN1CC2NC(=O)N(C3=C4C3=C4c3n[nH]c(=O)[nH]3)C2C1,C16H20N6O2,40
CN(c1nnc(NC(=O)N=C(N)Nc2ccccc2F)[nH]1)c1cccc2ccccc12,C21H19FN8O,49
Cc1ccccc1C(=O)Nc1ccc(-c2ccccc2Cl)c(Nc2ccccc2)n1,C25H20ClN3O,49
CCN(CCOC(=O)c1cccc2cc(C)ccc12)C(=O)C1CCCC2CCCC1C2C,C28H37NO3,65
CCOC1=NC=C(C(=O)N(C)CC)C1=C1C(N(C)C)=Nc2ccccc21,C20H24N4O2,50
CC(=O)N(CCCNC(=O)c1cc2ccccc2c(=O)[nH]1)CS(=O)(=O)c1cccc(F)c1,C22H22FN3O5S,54
COc1ccc(Oc2ccccc2CC(O)C(O)C(C)O)c2c(=O)c12,C19H20O6,42
CCCCCN1CCN(c2cccc(C(=O)N3CCN(C(=O)c4ccc(Br)c(Cl)c4)CC3)c2)CC1,C27H34BrClN4O2,69
CCN1CCN2C(CCCCCCC3CCCN(C3)C(=O)c3ccc(cc3)S2(=O)=O)C1=O,C24H35N3O4S,66
COC1=CC=CC1=C1C(=O)N1CN(C)S(=O)(=O)c1ccccc1,C16H16N2O4S,39
CCCN(C(=O)N1CC(=O)N(CC)C1=O)S(=O)(=O)c1c(OC)cc(OC)c2ccc(Cl)cc12,C21H24ClN3O7S,57
CCCN(C)C(=Nc1ccc2[nH]c3ccccc3c2c1)c1cccc(C(=O)N(C)CC)c1,C27H30N4O,61
CCCCCCCC1C(OC(C)=O)C(O)C(OC(C)=O)C1(C)C,C18H32O5,51
CCCSc1nnc(N(C(=O)C=C2C=C2OC)C(=O)c2ccccc2)s1,C18H17N3O3S2,43
CCN(C(=O)NC)C(=O)c1ccc(Cl)c(=O)n1-c1ccc(Cl)cc1,C16H15Cl2N3O3,39
COC(=O)C1=CC=CC(NC(=O)c2ccccc2)=CC=C1,C17H15NO3,36
COc1cccc(C(=O)N(C)C(=O)C(=CC=Cc2cccc(C(N)=O)c2)N=Nc2ccccc2)c1,C27H24N4O4,59
COC1=C2C=C2C(C2CC3CCCC(C)(C)CN(C3=O)C2=O)=CC(F)=C1,C21H24FNO3,49
Cc1nc(N(C)CCN2CCCC2)sc1C#N,C12H18N4S,35
N#CC(O)C1CC2CCCCN2C(=O)N1C(=O)c1ccc(F)cc1Cl,C17H17ClFN3O3,40
CCOC1C(O)CC(C)OC(=O)c2c(c3ccc2cc3)CCCC1C(C)(C)C,C24H34O4,58
COc1cc(-c2ccc3c(=O)oc(=O)oc(=O)c3c2)ccc1C(=O)C(C)(C)C,C21H18O7,46
COc1ccc(-c2cccc(C)c2)nc1N=c1n2nc(C(F)(F)F)n1CCCCC2,C21H22F3N5O,52
CCCCc1c(C)c2ccccc2n[n+]1Cc1ccc2ccccc2c1,C24H25N2+,51
COc1c(Cl)cc2c(c1Cl)SCCN(C)S2(=O)=O,C10H11Cl2NO3S2,29
CCN1CC2CCCN2C(=O)C2=CC=C2c2cc(ccc2F)C(=O)N(CC)CC1=O,C23H26FN3O3,55
CCCC(=O)NCC(=O)OC,C7H13NO3,24
O=C(Nc1ccccc1)C1=C(n2nn[nH]c2=O)C=CCC1,C14H13N5O2,34
C=CC=c1c2c(c3nc1n3)C=CC=CC=C2,C14H10N2,26
O=C(NC(=O)C1=CC=C1)Nc1ccc([N+](=O)[O-])c(O)c1,C12H9N3O5,29
CC(=O)N(C)c1nc(N=C(C)C(C)=Cc2ccccc2)nc(-c2ccccc2)n1,C23H23N5O,52
COc1cc(NC(=O)N(C)C(=O)c2ccc(C(=O)NC(=O)Nc3cccc(Cl)c3)s2)c2cc1-2,C22H17ClN4O5S,50
CCN(CCCCCCCN1CCCN2C(=O)C(=CS1(=O)=O)C2=O)C(=O)c1ccccc1,C23H31N3O5S,63
CC(n1c(=O)c2sc1nc2-c1ccccc1)C(C)(C)C,C16H18N2OS,37
O=C1OCN1N(c1ccccc1)c1nc2ccc1c(=O)[nH]2,C14H10N4O3,31
O=C(CN1N=c2sc1ccc1c(s2)=C1)Nc1ccc(Cl)c(Br)c1,C15H9BrClN3OS2,32
O=C1NC(=CC=C(F)F)C2=CC=CSc3cc(C(F)(F)F)ccc3SC(=N2)N1,C17H10F5N3OS2,38
CC(C(=O)N(C)C)=C(C(=O)N(C)C)c1ccc(Br)cc1,C15H19BrN2O2,39
O=C1COC2C(O1)C2N1C(=O)C2=CC=CC1=CC(C(=O)c1ccccc1)=C2,C21H15NO5,39
COc1ccc2nc(N3CC3C)n(CCCCC(C)CN3CCCC3)c(=O)c2c1,C23H34N4O2,63
Cc1c(SCCC[N+](C)(C)C)c1=O,C10H18NOS+,31
CCCN1CCn2c(=O)c3cccccc1c(cc3)c2=O,C17H18N2O2,39
CN(C)C(=O)N=C(c1ccccc1)N1CCC1,C13H17N3O,34
COC1=CC=Cc2ccc(s2)N2CC(=CC(N(C)c3cccc(F)c3)=C1)N(C)C2=O,C23H22FN3O2S,52
CC1C2CC2(C)N=C(C2=CC(Cl)=C2)N1S(C)(=O)=O,C12H15ClN2O2S,31
O=C1C=CC(=C2C(NS(=O)(=O)c3ccccc3)=CC=C2[N+](=O)[O-])CN1,C16H13N3O5S,38
Cc1cccc(C(=O)Nc2cc3ccc2-3)c1,C14H11NO,26
COC(=O)C1=CC=CC=C2SC2=Cc2cc(OC)ccc2CCc2ccc(C)c(C)c21,C27H26O3S,57
C=Cc1c(N(C)CC)ccc(-c2cccc(OC(F)(F)Oc3cccc(C)c3)c2)c1C,C26H27F2NO2,58
COc1ccc(Cl)c(C(=O)N(CC(=O)N2CCCCC2=O)C(=O)c2ccc(OC)c(OC)c2)c1,C24H25ClN2O7,59
CC1=CC=C2CNC(=O)N3CCN(C3=O)c3nc4ccc(cc4[nH]3)C2=CC=C1,C21H19N5O2,47
COc1cc(F)ccc1C12CCN(CCN(C3CN(C)CN(S(=O)(=O)c4ccc(F)cc4OC)C3)C1=O)C2=O,C26H30F2N4O6S,69
CC1C(NC(=O)c2ccc(Cl)cc2Cl)CN1C(=O)Nc1cccc2ccccc12,C22H19Cl2N3O2,45
CC(C)(C)CN(CC12CCN(CC1)C2=O)c1nc1=NN1CCCC1,C18H29N5O,53
CNCCN1CCN(C(=O)c2ccc(OC)cc2C#N)CC1,C16H22N4O2,44
CN(C)S(=O)(=O)c1ccc(F)c(-c2cccc(-c3ccccc3F)n2)c1,C19H16F2N2O2S,42
CCC(=O)C1=CC=C(C)C(c2ccc(F)cc2)C1(C)C(=O)OC,C19H21FO3,44
CC(C)c1ccc(CC2C3Sc4nnc3n42)c(Cl)c1,C14H14ClN3S,33
CCN1CCN2C(=O)NC(CO)C(=O)N(Cn3cc2nc3NS(=O)(=O)c2ccccc2)C(C)(C)C1,C22H31N7O5S,65
CCCCCN1CCC(C(=O)N2CCN(COc3ccc4ccccc4c3)CC2)NC1=O,C25H34N4O3,65
O=C(Nc1ccc(NN=NN2C=CC=CC=C2Sc2ccccc2)cc1)c1ccccc1,C25H21N5OS,52
O=C(C1=CC=C(Cl)SC(N2CCCCCC2)=N1)N1CCCCCC1,C18H26ClN3OS,50
OC1C2COCCN2C1OC1=CC=C(NC(=NC2=CN2)c2cc(C(F)(F)F)ccc2C(F)(F)F)CC1,C23H22F6N4O3,53
O=C1C=CN(S(=O)(=O)c2ccccc2)CCNC(=O)c2ccc(cc2)C(=O)N1,C19H17N3O5S,45
O=C(C=Cc1ccccc1)Oc1ccccc1NC(=O)c1cccc(Cl)c1,C22H16ClNO3,43
Nc1nnc(C2=CC=C2)[nH]1,C6H6N4,15
COc1ccc(N2CCNC(N)=NC3=CC=C3C3=CC=C2C=CC=C3)cc1Cl,C22H21ClN4O,49
FC(F)(F)c1ccc(C(F)(F)F)c(Oc2ccc3cc2CC3)c1,C16H10F6O,33
Fc1ccc(-c2cccc(-c3ccccc3)n2)cc1,C17H12FN,31
CCCCN(CCC)C(=O)N(C#N)C1=Nc2cc(Br)ccc21,C16H19BrN4O,41
CC1C2CN(CCOP(=O)(O)O)C(=O)C3=CC=C3n3c(nc4c3=CC=4)NCCN1C(=O)N2,C19H23N6O6P,53
CCCCCC(=O)N=C1Sc2cccc(c2)C1(F)F,C14H15F2NOS,34
C#CC(=O)NCCCN(C(=O)c1ccccc1)c1ccccc1Oc1cccc(OC)c1,C26H24N2O4,56
CN1CCN(C(=O)N(C)c2ccc(C=CC=C3C=Cc4ccc3o4)cc2)C1=O,C22H21N3O3,49
O=C(O)NC(=O)C=C(Sc1ccccc1)C(=O)Nc1ccccc1,C17H14N2O4S,38
CC1CN2CCCN1c1ccccc1S(=O)(=O)N1CCN(CC1)S(=O)(=O)c1ccccc12,C22H28N4O4S2,60
C=CC=C1C=C1NC(=O)N(Cc1ccccc1)C(=O)NC(=O)c1ccccc1,C22H19N3O3,47
C=CC=C(F)C=CC(=O)Nc1nc2ccccc2[nH]1,C14H12FN3O,30
O=C(c1ccccc1)N1CCCC2=CCN3CCN(CC1)CCN2C3=O,C20H26N4O2,52
COC(C=CC=C1SC=C1C1=CC=C1OC)=CC=CC=C1NC(=O)NC1=O,C20H18N2O4S,45
COc1cccc(N2Cc3ccccc3C(=O)N3CC(=O)N4CCN(C(=O)OC(C4)C(O)C(O)C3)C3=NC2=N3)c1,C27H28N6O7,65
CCCN1CCN(CC)C(=O)c2ccc(nc2-c2ccc(OC)cc2)-c2ccccc2C1,C27H31N3O2,63
O=C(NC(=O)c1ccc(C(=O)c2ccc(Cl)cc2)s1)Nc1ccccc1,C19H13ClN2O3S,39
COc1ccccc1C(=O)N1CCCCCC(=O)NC(=O)OC(=O)OCC1=O,C18H20N2O8,47
O=C(OCC1C2C(CN3CCCCC3)CCC3C4C(=O)N1C(=O)C(=CC=C4C(F)(F)F)C32)c1ccccc1,C29H31F3N2O4,63
NC(=O)NC(=O)c1ccc(Oc2ccccc2)c(Br)c1,C14H11BrN2O3,31
CCC1COC(=O)C(C)C(=O)OC1C,C10H16O4,27
C1=CCN(CCn2c3nc4nc-3ccc42)CCC1,C14H16N4,34
CCN(C)C(=O)C1=CC=Cc2cc3ccc2N(CCN(CC(=O)O)C(=O)c2ccccc2)C(=N3)S1,C26H26N4O4S,61
CCCCCCCCCCCCn1c(=O)ccccc1=O,C18H29NO2,50
CCCC(=O)N(C)C(=O)C1=CC=C2C(=O)C1=CC=C2C(=O)c1ccc(Cl)cc1,C22H18ClNO4,46
O=C(Nc1cc([N+](=O)[O-])ccc1Br)c1ccc2nc1N2,C12H7BrN4O3,27
CCOC(=O)C1C2C(=O)OC3C1C1OC2C(OC(=O)C2CCCCC2)C1OC3C(C)(C)C,C24H34O8,56
COC=CC=CC(=O)NC(=O)N(C)C(=O)N(C)S(=O)(=O)c1ccccc1,C16H19N3O6S,45
COC(=O)c1ccc(CCOC(=O)c2ccc(OC)cc2)cc1,C18H18O5,41
O=C1NCCCN1C(=O)Nc1ccnc(C(F)(F)F)n1,C10H10F3N5O2,30
O=C(O)C1=CC=CC(C(=O)c2ccccc2)=CC=C1,C16H12O3,31
c1ccc(C2=Nc3ccccc32)cc1,C13H9N,23
CCCn1c(=O)cc(OC)c(C(=O)N2CCN(CC)C2=O)ccc2c3ccc(c(F)c3)c2cc1=O,C26H26FN3O5,61
CCN(C)C(C(=O)N1CCN(C(=O)Nc2ccc3c4c2C2=CC2=CC=C3N4)CC1)C(O)C1CNC(=O)N1C,C27H33N7O4,67
N=C(Sc1ccccc1)N1CCN(C(=O)Nc2ccccc2)CC1,C18H20N4OS,44
CCN(C)CC(C)(C)c1ccc2c(c1)sc1c(Cl)cccc12,C19H22ClNS,44
O=C(O)C(Br)=C1C(Br)=C(Br)C(Br)=C1Br,C7HBr5O2,15
CCC(C)N1CCCCCN(CC(C#N)=CC=C2C3=CC=C23)C1=O,C20H25N3O,49
C=CC=C1SC(NC(=O)Nc2ccccc2)=Nc2cccc(F)c21,C18H14FN3OS,38
CN(C)C(=O)N(C)C(=O)N1C(=O)C(C2=CC(Br)=C2)=Cc2ccc1cc2,C18H16BrN3O3,41
COc1ccc(C(=O)Nc2ccc3cccc(s2)C(=O)N(C)C3=O)cc1Cl,C19H15ClN2O4S,42
C=c1nc(SC)n2c1=c-c1ccc(cc1)-n-c(=O)-n(C)-c-2=O,C15H14N4O2S,36
CCN(C(=O)c1ccc(OC)cc1)C1=NC=CC=Cc2cc(C(F)(F)F)ccc2C(=O)N(c2ccccc2)CCS1,C31H28F3N3O3S,69
CCN(C)C(=O)N(Cc1cccc(C(F)(F)F)c1)c1nc(-c2ccccc2)cs1,C21H20F3N3OS,49
C1=NC2=NC(c3ccccc3)=NC(=N1)N2,C10H7N5,22
CC(=O)N(C(=O)c1ccccc1C(F)(F)F)C(C)C,C13H14F3NO2,33
C=C(Br)C=C1C=C2SC=C(S2)C(=O)NC(C(=O)OC)C(C(=O)OC)NC1=O,C16H15BrN2O6S2,40
COc1cccc2n(-c3cc(Br)cc(NS(=O)(=O)c4ccccc4)c3)cc(c1)C=CC=C2,C25H21BrN2O3S,53
CNC(=O)NC1=Cc2ccc(cc2)SC=CC(S(=O)(=O)N(C)C)=C1,C16H19N3O3S2,43
Cc1cccc2ccc(-c3nnc(N4C(=O)Nc5nnc4n5CC(C)(C)C)n3C)cc12,C22H24N8O,54
CCOC(=O)c1ccc(C(=O)OCCC(C)(C)C)cc1-c1ccc2c(c1)CCOC2=O,C25H28O6,59
CCCC(C)(C)OC(=O)OC(C)(C)C,C11H22O3,36
CCC(=O)c1ccc2c(c1)C(=O)N2CCCCN(C(=O)c1ccccc1Br)C(=O)c1ccccc1OC,C29H27BrN2O5,64
CC1(C)Oc2cc(c([N+](=O)[O-])c([N+](=O)[O-])c2)O1,C9H8N2O6,25
O=C1c2cccc3ccc(cc23)N(C(=O)O)C(=O)N1CCCCCCc1ccccc1,C25H24N2O4,55
O=C1NC(=O)c2ccc(cc2)-c2ccc(cc2)C(=O)N1,C15H10N2O3,29
O=C1NC(=O)c2cc3cc-3c2CN2CCN(S(=O)(=O)c3ccccc3)CC2C(=O)OCCCCO1,C24H25N3O7S,58
CN(C)C(=O)C1=CC=C1C(F)(F)C(=O)N1CCC2CCN3C(=O)N(CC1C2)C3=O,C19H22F2N4O4,51
COC(=O)c1c(OC)ccc2c1C(C)N(CCN1CCCCC1=O)C2=O,C19H24N2O5,50
O=C1c2ccc(cc2)CCCCCCCOS(=O)(=O)c2ccccc21,C20H22O4S,47
CCCCCCC(=O)C(=CC=C(C)C(=O)CC)C(=O)O,C16H24O4,44
NC1(c2ccccc2)NC(=O)N1C(=O)Nc1ccccc1,C15H14N4O2,35
COC=C1C=c2c(n(CCN3CCN4CC3C4)c3cc(F)sc23)=C1,C18H20FN3OS,44
CCCCCCCCCC(F)(F)C(F)(F)C(F)(F)C(F)(F)C(F)(F)C(F)(F)C(F)(F)C(=O)OC(=O)O,C18H20F14O4,56
CCCN(C(C)=O)c1nnc(-c2ccc([N+](=O)[O-])cc2)s1,C13H14N4O3S,35
O=C1C=C(N(C(=O)c2ccccc2)S(=O)(=O)c2ccccc2)C(=O)NC1=O,C18H12N2O6S,39
CCN1CC(F)(F)c2ccc(cc2)NC1=O,C11H12F2N2O,28
CCCCCCCCCCCCCC1=CCCCC(=O)C1=O,C20H34O2,56
COC(=O)C1=C2C=C(Cl)C3=C2C(=C1)C(=O)N(CCCCCCC(C)(C)C)C3=O,C22H26ClNO4,54
CCN(CCN1COC(=O)c2[nH]cnc2C1=O)S(=O)(=O)c1ccccc1,C16H18N4O5S,43
COc1cc2cc(ccc(S(=O)(=O)c3ccccc3)cc1Cl)C(=O)NC(=O)NC(=O)CO2,C21H17ClN2O7S,49
CN1CCN(CCN2CCn3c(=O)c4ccc(sc5ccc(F)cc5n4c(=O)n(C)c3=O)C2=O)C1=O,C23H23FN6O5S,59
C=C(C=C(C(=O)N1CCCC1)C(=O)N(CCCc1ccccc1F)C(=O)c1ccccc1)S(=O)(=O)O,C26H27FN2O6S,63
CC(C)(C)OC1=Cc2csc(C(=O)N3CCN(CCN4CCCC4)C3=O)c21,C20H27N3O3S,54
C=C1C(Cl)=CC(Cl)=c2cc1c1c(Cl)cc(ccc2[N+](=O)[O-])C=CC(CN2CCN(C)CC2)=CC=1,C26H24Cl3N3O2,58
COC1=CC=C2N=C(c3ccccc3)SC=CC=C(O)C=C(C=C1)C(=O)NC2=O,C22H18N2O4S,47
CC1CN(C)C(=O)N2N=C2S1,C6H9N3OS,20
O=C(C=Cc1ccccc1)NNC(=O)c1ccccc1,C16H14N2O2,34
COc1ccc2c(C3=C(C(=O)N4CCC(CCCC(C)(C)C)C4)C(=O)N3)c1-2,C22H28N2O3,55
COc1cccc(OC(F)(F)c2ccc3cc2S(=O)(=O)N2CCCC(C2)NS3(=O)=O)c1,C19H20F2N2O6S2,50
CCCN(CCCCCCC(=O)NC1C2COC(=O)C1O2)C(=O)C1=CC(N(C(C)=O)C(F)(F)F)=C1,C23H30F3N3O6,62
CN1C(=O)N(C(C)(C)C)CN(S(=O)(=O)c2ccccc2)C1=Nc1ccc(Br)cc2[nH]cc1-2,C22H24BrN5O3S,55
COc1ccc(C(=O)NC2CC(O)C3OC2C(O)C3OC(=O)NCCN(C)C(=O)C2=Cc3ccccc3C2=O)cc1,C29H31N3O9,66
O=C1NC(Sc2ccc(Cl)cc2Cl)=NC(O)N1,C9H7Cl2N3O2S,24
CC(C)(C)OC(=O)NC(=O)NC1=CC2=CC=C([N+](=O)[O-])C2=C1,C14H15N3O5,37
COc1ccc(Br)cc1CN(C(=O)CN1CCCCC1=O)C(=O)C1=Cc2cccc1c2,C24H23BrN2O4,54
Clc1ccccc1C1=CC=C(N2N=C3NN=C2N3c2ccccc2)C1=CC=Cc1ccccc1,C28H20ClN5,53
CCCN(CC)CCn1c2nc(N(C)C)nc(n2)n2nc3nc1nc2c3=Cc1ccccc1,C23H28N10,61
C=Cc1ccc(Br)n(C(=O)c2ccccc2C(=O)Nc2ccc(O)cc2)c1=O,C21H15BrN2O4,43
CN1C(=O)Nc2ccc3c(c2=CC=CC=C1c1ccccc1)=C3,C20H16N2O,39
O=C(c1ccc(C(=O)N2CCN(C3CCCC3)CC2)cc1)N1CCCCC1,C22H31N3O2,58
CCC(OC1(c2ccccc2C(F)(F)F)C2=NN21)C(=O)N(C)C,C15H16F3N3O2,38
COc1ccc(OC)c(-c2cccc(S(=O)(=O)N3CCCC4C5CN(C)C(=O)C4N(CC3)C5=O)c2)c1,C26H31N3O6S,64
CC(=O)OC1=CC=CC(=O)NNC(=O)C[Se]c2cccc1c2,C15H14N2O4Se,36
COC(=O)c1ccc(S(=O)(=O)c2ccc(C(=CC(=O)N3CCCC3=O)OC)cc2)cc1,C22H21NO7S,52
C=C1C=CC=C1NC(=O)c1cccnc1N(c1ccc(C)cc1)c1ccccc1Cl,C25H20ClN3O,50
CCCC(C)C(C)N(CC)C(=O)c1nc2ncc3nc(C)n1c3n2,C17H24N6O,46
O=C(C#CC(=C[N+](=O)[O-])[N+](=O)[O-])N1CCCCC1,C10H11N3O5,29
CC1OC1N(C)C(=O)N(C)C1=CC=C2C=C2C(F)=C1,C14H15FN2O2,32
O=C(NCCN1CCC1)N1CCN(c2nc3ccc2c2ccccc32)CC1,C21H25N5O,52
CCC1OC(OC2=CC=C2C=Cc2cccc(OC)c2)C(OCC(=O)OC)C1OC,C23H28O7,54
CCN(C)C(=O)Nc1nc2[nH]c1n2C,C8H13N5O,26
O=C1C2=Cc3sc4nc3C(=O)N4CCCCN(CN1CCCCC1CCCC1)C2=O,C22H28N4O3S,58
CN(C(=O)C1=CC=CC=CC=C1C(F)(F)F)C(=O)c1nc(=O)n2nc1-2,C15H9F3N4O3,34
CCOC1=CC=CC1=CC=C(F)SCCCn1c(=O)[nH]c(=O)c2ccc(F)cc21,C21H20F2N2O3S,48
CCc1ccccc1C1=CC=Cc2cc(N(C)C(C)=O)ccc2C(=O)N1C,C23H24N2O2,51
FC(F)(F)c1ccc(N2CCCCCCC=C3N=CN=C32)cc1,C17H18F3N3,41
COC(=O)CCC1(C)C(=O)N(C(C)C)C(=O)c2ccc3cc2C1=CC=Cc1ccc(OC)cc1-3,C28H29NO5,63
Brc1ccc2[nH]c(C3=CC=Cc4ccccc4C=C3)nc2c1,C19H13BrN2,34
Cn1nc(SC2=C(C=Cc3ccccc3F)C=C2)[nH]c1=O,C15H12FN3OS,33
O=C(O)Nc1ncnc(N(C(=O)NC=Cc2ccccc2)c2cccc([N+](=O)[O-])c2)n1,C19H15N7O5,46
C=CC=Cc1cccc(-c2ccccc2-c2[nH][nH]c2C(=O)O)c1C(=O)OCC,C22H20N2O4,46
O=[N+]([O-])c1ccc2c3cccc(c3)cc2c2c3c(c-2c1)=CC=C3,C20H11NO2,34
ClC1=CC=c2oc(ccnc(Sc3nnc(Nc4ccc(Cl)cc4)s3)s2)=C1,C17H10Cl2N4OS3,37
NC(=O)C1=CC=C(Cl)c2ccc(c(-c3ccccc3)c2)OCCC1,C20H18ClNO2,42
C=CC=CC=CC(=Cc1ccccc1C(=O)O)C(=O)NC(=O)c1ccccc1,C23H19NO4,47
CCCCCCCN1CCCN(c2nc3ccc2c2ccccc32)C1=O,C22H27N3O,53
CC(=O)OC(=O)CCCCCCCCC1CCCCC1,C17H30O3,50
O=C1c2ccc(Cl)cc2-c2cccc(Cl)c2CN1C1CCCN2CCN(CC2)C1,C23H25Cl2N3O,53
Cc1ccc(-c2nnc3sc4c(C(C)(C)C)cc(C)nc4n23)cc1,C19H20N4S,44
O=C([O-])N1CC2C(=O)N3CC(O)C(O)C3CN2C(=O)c2[nH]c3ccccc3c2C1=O,C19H17N4O7-,42
CN1CCCC(NC(=O)C=C(Cl)C=C[N+](=O)[O-])C1=O,C11H14ClN3O4,32
C=CC1=Cc2nc(sc2C(=O)N(C)C(=O)CCCC(=O)O)Sc2cc(Cl)ccc2C1=O,C21H17ClN2O5S2,48
CCCC1OC2CCN(C(=O)C(=CC(=O)OC)C(C)=Cc3ccc(F)cc3)C1C2O,C23H28FNO5,54
CC[N+]([O-])(C1=CC=CC=C(C#N)C([N+](=O)[O-])=C1)c1cc(C(F)(F)F)cc(C(F)(F)F)c1,C19H13F6N3O3,44
O=[N+]([O-])c1cc(Cl)ccc1Cl,C6H3Cl2NO2,14
CCCN(CC)C(=O)c1cc2ccc(OC)cc2cc1C(=O)N(C)CCN1CCC1=O,C24H31N3O4,62
CN1C(=O)N(c2ccccn2)C2CN3CCN(C(=O)c4ccccc4)CCN(CC21)C3=O,C23H26N6O3,56
CC1=C2CCC[Se]CCN(C1=O)C2=O,C10H13NO2Se,27
CN1CCN(CCn2cc3c(Cl)cc4cccc-4cnc2-3)C1=O,C17H17ClN4O,40
CC(=O)N1CCCCCC=CC=CC1=O,C12H17NO2,32
O=C1N2CCN(c3ccccc3)CCCN1c1ccccc1C2,C19H21N3O,44
O=C1c2c(-c3ccccc3)ccc(I)cccn(c2=O)C(=O)N1c1ccc([N+](=O)[O-])cc1,C23H14IN3O5,46
COC(=O)c1ccc(OCCCCCCC2=CCOC3=CC=C3OCC(=O)O2)cc1OC,C24H28O8,60
CNC(=O)N1CCCN(C(=CC=C2C=CC=C2C(F)(F)c2ccccc2)C(=O)Nc2ccccc2)C1=O,C28H26F2N4O3,63
O=C1N2CCCCCC3CCCS(=O)(=O)N(CC3)CCN1CC2,C16H29N3O3S,52
CN(CC1CCCC1)C(=O)c1cc(-c2ccccc2C(F)(F)F)n[nH]1,C18H20F3N3O,44
CCOC(=O)C(C)=C1CC2OC2OC1=O,C10H12O5,25
O=C1NC(=O)N2CCN(CCN1C=Cc1ccccc1)C2=O,C15H16N4O3,38
CC1C(O)C2(C)C(=O)N1C2=O,C7H9NO3,18
CCCN(CC(C)c1ccc(C(F)(F)c2ccc(Cl)cc2)cc1)C(=O)c1ccc(OC)cc1,C27H28ClF2NO2,61
O=C1N2CCCCCN(C3=NC4=CC(=C4)S3)CCCN1CCCC2,C18H26N4OS,50
COC1=CC=C([N+](=O)[O-])Sc2ncccc1cccc2C,C15H14N2O3S,35
COC1=CC(=Cc2ccccc2N=C2SCCCN2S(=O)(=O)OC)C=C1C(F)(F)F,C19H19F3N2O4S2,49
O=C1CCN(C(=O)N2CCCOc3ccc(c(F)c3)C2=O)CCN2CCN1CC2,C20H25FN4O4,54
COc1cccc(SCC2Cn3c(=O)c4ccccc4c(=O)n(c3=O)C2)c1,C20H18N2O4S,45
CCCCC(=O)OC1C(OC(=O)OCCCCC2=CC=C2)C(=O)OC(C(C)O)C1O,C21H30O9,55
COc1cccc(C(=O)N2CCN(C(=O)c3ccc(OC)cc3OC)C(C)C2)c1,C22H26N2O5,55
O=C(c1ccccc1)N1CCN(CCN2CCCCC2)C1=O,C17H23N3O2,45
COc1cccc(S(=O)(=O)N2CCC(CNC(=O)CN3CCN(c4cccc(F)c4)C3=O)C2)c1,C23H27FN4O5S,60
O=C1NCCCCCCCCN2C(=O)C=CC=C1CCN1CCCN(C1=O)C2=O,C21H30N4O4,59
COC1=CC=C1C1CCCCCCCCC(=O)O1,C15H22O3,39
CC1(CCCCn2c(=O)n3c(=O)n(c2=O)CCC3)CCCCCC1,C18H29N3O3,53
CCCCCN(CCC)C(=O)C1=CCCCC(=O)c2ccc(cc2)C(C(=O)OC)=CC=CS1,C27H35NO4S,68
CN(C(=O)NCCN(C)S(=O)(=O)C1=CC=C1)c1ccc(Cl)cc1-c1[nH]c2nc1S2,C18H18ClN5O3S2,46
COC1=CC(C(=O)N2CCCC3CCN(CCCC4OC42)C3=O)=C1,C18H24N2O4,46
O=C(Cc1ccc2c(c1)C(Br)=C2)N1CCCCCCCCC1,C19H24BrNO,46
CC(=O)C1=CC(C(=O)N2CCCCCC2=O)=C1,C13H15NO3,32
CNC(=O)C=CN1CCN(S(=O)(=O)c2ccccc2)C1=O,C13H15N3O4S,36
COc1ccc(N2C3=Nc4ccccc4C2=C3C(=O)NC2=CC=CCN2c2ccccc2)cc1,C28H22N4O2,56
O=c1[nH]c(=O)n2c(=O)n1C=C(C=C(Cl)C=Cc1cccc(NS(=O)(=O)c3cccc(Cl)c3)c1)C2,C22H16Cl2N4O5S,50
CC1N(C(=O)c2ccccc2)C2CN(C)CCC2N1c1ccc(-c2nnc(Nc3ccccc3)[nH]2)cc1,C29H31N7O,67
Cc1cccc(NC(=O)c2ccc(NC(=O)c3ccccc3C(=O)NC(C)c3ccc(F)cc3)cc2)c1,C30H26FN3O3,63
CN(C(=O)c1ccccc1)C(=O)N(C)C(=O)N1C(=O)c2ccccc21,C18H15N3O4,40
O=C(C1=CC=C1[N+](=O)[O-])N1CCCCCCCCCC1,C15H22N2O3,42
COC1=CC(N(C)C(=O)C2CCCCCN(S(=O)(=O)c3ccccc3)C2=O)=C1,C20H24N2O5S,52
O=C1c2ccc(cc2)C=CCCCCC2CN3CCCN1CCN2C3=O,C21H27N3O2,52
O=S1(=O)N(CCC2=C(Cl)C=C2F)CCN2CCN1CC2,C12H17ClFN3O2S,37
COc1ccc(-c2ccccc2C(=O)N(C)C2=C(O)C=C2C(F)(F)F)cc1,C20H16F3NO3,43
O=[N+]([O-])C1=CC(c2ccc([N+](=O)[O-])cc2)=CC=C(S(=O)(=O)O)C=C1S(=O)(=O)O,C14H10N2O10S2,38
CN1CCN(C)C(=O)c2cccc(c2)C2=CC=C2SCC1=O,C17H18N2O2S,40
COC1=CC2=CC3Oc4cccc(c41)C3N(CCn1c(=O)n(C)c(=O)n(C)c1=O)C2=O,C21H20N4O6,51
O=C1Cc2ccc(c(=O)n2CCCCCCN2CCCCC2)C(=O)N1,C19H27N3O3,51
COc1cc(Br)cc(C(=O)N(C)C(=O)NC(=O)C2=Cc3cc(OC)ccc32)c1,C20H17BrN2O5,45
CCN(C)Cc1ccc(C2CC([N+](=O)[O-])=CC=C2[N+](=O)[O-])cc1,C16H19N3O4,42
CN(C)C(=O)C1=CC=CC1=C1N=C1Sc1nnc(N2CCCC2)s1,C16H17N5OS2,41
CN1CCN(C(=O)CCCCCN2CCN(C(=O)C3=CC=C3)C2=O)C1=O,C18H24N4O4,50
COc1ccc(N=C=NC(=O)NCc2ccc(Cl)cc2)cc1,C16H14ClN3O2,36
CC(C)(C)S(=O)(=O)c1ccc(C(=O)NCC2CN3CCN2C3=O)cc1,C17H23N3O4S,48
C(=Cc1cccc(-c2ccccc2)c1)Sc1nnnn1-c1ccccc1,C21H16N4S,42
O=C(c1ccc(-c2ccc(Br)cc2)cc1)N1CCCC1,C17H16BrNO,36
CCCCC1=CC=CC=C2N=C(NC(=O)C(C(=O)N(C)C)=C1)N2,C17H22N4O2,43
O=c1[nH]nc2nc(C=Cc3cccc(Cl)c3Cl)n-2c(=O)n1-c1ccc(F)cc1,C18H10Cl2FN5O2,37
C=C1C(S(=O)(=O)c2cccc(CNC(=O)N(C)c3cccc(Cl)c3)c2)=Cc2cn1c(=O)[nH]2,C22H19ClN4O4S,51
NC(=O)N(C(=O)N1CCCCC1)C1CN2CCCN1C(=O)c1ccccc1-c1ccccc1NC2=O,C26H30N6O4,66
CC1C(=O)N(CC(C)(C)C)CCCCN1C(=O)c1ccc(NC=CC(N)=O)c2c3ccc(s3)c12,C26H32N4O3S,64
C=CC=CN=C(Nc1ccccc1Cl)n1nnnc1Nc1ccccc1,C18H16ClN7,42
O=C(C=C1C(=O)N2C(=O)C3CCCCCN(CCC2C3)S1(=O)=O)c1ccccc1,C21H24N2O5S,53
CN(C)c1nnc(-c2ccc(-c3ccc(Cl)cc3)c(Cl)c2)s1,C16H13Cl2N3S,35
Cn1c2c(-c3ccccc3)nc1n(C)n(C)c(=O)[nH]c2=O,C14H15N5O2,36
O=C1NCCN2CCCCCC1C(=O)Nc1ccccc1C(=O)n1cccc1C2=O,C22H24N4O4,53
CCCCCCCCCCCCCCCCN1C(=O)c2ccc3n(c2=O)C(=O)N(C3=O)C1=O,C25H35N3O5,68
CC=CC(=CC=Cc1ccc2sc3nnc1n3c2=O)S(=O)(=O)c1ccc(C(F)(F)F)cc1,C21H14F3N3O3S2,46
CCCOCN1CCCCN2C(=O)C(=C(c3c4cccc3C(NS(=O)(=O)c3cc(OC)ccc3Cl)=N4)C2=O)C1=O,C27H27ClN4O7S,67
CCCCCN1C(=O)c2ccc(C(=O)OCC)cc2C1=O,C16H19NO4,40
COc1cc(S2(=O)(O)OCO2)cc(Cl)c1Cl,C8H8Cl2O5S,24
C#CC1=CC(N2CCN(CCNC(=O)c3ccccc3)CC2)=C1,C19H21N3O,44
CN(C)c1ccc(N(C)c2nc3ccc2cc3)cc1,C16H17N3,36
O=C(Nc1ccccn1)c1c2cccc1C(C(F)(F)F)=C2,C15H9F3N2O,29
COc1ccc2c(c1)C=CC=C(F)C(N1CCCCC(C)C1=O)=N2,C19H21FN2O2,44
Cc1ccccc1C(=O)N1NC1=O,C9H8N2O2,21
COc1cc(C(=O)Nc2c3c(=O)n(CCCCN4CCN(CCN(C)C)C4=O)c(=O)n2-3)ccc1F,C23H29FN6O5,64
COC1=CC=C(Br)C(Br)=C(Br)c2cc1c(=O)n(C)c(=O)c2Br,C14H9Br4NO3,31
CCN1CCN2CCCC(C)OC(=O)C3=CC=C4SC1=NC(=CC=C43)S2(=O)=O,C19H23N3O4S2,50
CCCN(CCNc1cccc(Cl)c1)C1=NC(=Cc2cccc(Cl)c2)C(Cl)=C1,C22H22Cl3N3,50
O=C(Nc1ccc(Cl)cc1)N1CCN(C(=O)C2=CC3C=CC23)c2cc(Cl)ccc21,C22H17Cl2N3O2,46
CCCCCN1CCCN2CCc3c([N+](=O)[O-])ccc(c3OC)C=C(C1=O)C2=O,C21H27N3O5,56
CCCCCN(CC1=CC=C2C=CC(=C2)S(=O)(=O)N(CCC)C1=O)C(=O)c1ccccc1OCC,C27H34N2O5S,69
CCN1C(=O)C2=CC=CSC(=NN(c3ccccc3)C1=O)NC2=O,C16H14N4O3S,38
CCCC(C)NC(=O)c1ccc2cc1-c1ccc(C)cc1-2,C19H21NO,41
C=C1CN(CCN2CCN(C(=O)c3cc(C(F)(F)F)ccc3OC)C2=O)C1=O,C18H18F3N3O4,46
O=C(C=C1C=C1S(=O)(=O)N1CCCCCCCCC1)N1CCCCC1=O,C19H28N2O4S,54
CCCN1CCCN(C(=O)c2ccc(C(=O)N3CCN(C)CC3)cc2)C1=O,C20H28N4O3,55
COc1ccc(C2=CC2=CC=Cc2nc3nc(n2)N(C)C3=O)cc1,C18H14N4O2,38
CC(C)OCCCCCCCCCCCCCCOCC[NH3+],C19H42NO2+,60
CCCCCCN1C(=O)NC(=O)C(=C(C(=O)OC)C(=O)c2ccc(C(=O)OC)cc2)C1=O,C22H24N2O8,55
CCCN1CCN(CC)C(=O)C(Cl)=CC=C(C(=O)N(C)C)C1=O,C16H24ClN3O3,47
O=c1[nH]c(=O)c2cccc-2ccc1Oc1ccccc1,C16H11NO3,31
C#CC=C(Cl)N1CCN(Cc2ccc(Br)cc2OC)C1=O,C15H14BrClN2O2,35
CCN(C)C(=O)c1ccccc1Nc1ccc(Cl)cc1,C16H17ClN2O,37
CNC(=O)c1ccccc1C(=O)N1Cn2c1nnc2N(C)c1ccccc1,C19H18N6O2,45
CCN(CC(C)O)C(=O)C(Cl)=C1C=C(c2ccc(Cl)cc2)C(Nc2ccccc2Cl)=N1,C23H22Cl3N3O2,52
CN(CC(=O)N1CCn2c1cn(C)c2=O)S(=O)(=O)c1ccccc1,C15H18N4O4S,42
CCCNC1=Nc2ccc3c(n2)N(C3)C(c2ccccc2)=N1,C17H17N5,39
CC(C)(C)OC(=O)C1=CC=C1N1CCCC1,C13H19NO2,35
O=C(NC=CC=c1cccc2c1=C2)Nc1cccs1,C15H12N2OS,30
O=C(Nc1ccccc1)N1C(SC2=CC=C2)=NNC12C=Cc1ccccc12,C21H16N4OS,42
CN(C=CC=Cc1ccc(-c2ccc(F)cc2)cc1)c1nc2ccc(Br)cc2s1,C24H18BrFN2S,47
O=C1c2ccc(Cl)cc2N1C(=NN1c2ccccccccc21)c1cccc(Br)c1,C24H15BrClN3O,45
COC(=O)COc1nc(-c2ccccc2)c2cc(Cl)ccc2n1,C17H13ClN2O3,36
CCOc1cc2c(N)c(Br)c1-2,C8H8BrNO,19
CC=C(C(=O)OC)C(=O)N(Cc1ccccc1)C(=O)c1ccc(Cl)cc1,C20H18ClNO4,44
CC(C)CCCCCOC(=O)C(=O)C(=O)O[Si](C)(C)C,C14H26O5Si,46
C=CC1=C(C(=CC(=CC(=C)OC)C(=O)N2CCCC2)OC)C(=O)N(CCN2CCCCC2=O)C1=O,C26H33N3O6,68
COc1ccccc1C=C1C(=O)N1C(=O)N1CCN(c2ccccc2OC)C1,C21H21N3O4,49
CCN1CCN2CCN(CC2)C(F)=CC=CS1(=O)=O,C12H20FN3O2S,39
COc1ccccc1N(C)C(=O)N(C)C1C(=O)NCCC1NC(=O)c1ccccn1,C21H25N5O4,53
CC1C(=O)N(CCOc2ccc3c4[nH]c5c(c=5c-3cc(Cl)c2)=CC=4)CCN1CCCN(C)C,C26H31ClN4O2,62
COc1ccccc1OC(=O)N(C)C(Sc1nc2cc(Cl)ccc2s1)C(=O)Nc1ccc(C)cc1,C25H22ClN3O4S2,56
CC(C)(C)C1C(OC(=O)C2=CC=C2)OC1C1CCCC[Si]1(C)C,C19H30O3Si,49
O=C(NC1=NC(O)=C1)Nc1ccccc1-c1cccc(Br)c1,C16H12BrN3O2,34
O=C1NC2CCCN3CCCN(C2)CN(CC3)C(=O)C=Cc2ccccc21,C21H28N4O2,54
C=Cc1cc2ccc1C(=O)N(c1ccc(OC)cc1)CCCCNS2(=O)=O,C20H22N2O4S,49
CC(=O)N1CCN(C(=Nc2ccccc2)c2ccccc2C(=O)N2CCN(C)CC2)C(=O)C1,C25H29N5O3,62
CCN1CCSC(=CNc2nnc(NC(=O)c3ccccc3)s2)C1=O,C16H17N5O2S2,41
C=C(Cl)C=CC(C)=CC=CC1=CC=C1NC(=NN=C(c1cccc(OC)c1)N(C)C)c1ccccc1C,C31H33ClN4O,69
COC1=CC=c2nc(NC(=O)c3ccccc3C(=O)NC(C)=O)sc2=CC=C1OC,C21H19N3O5S,49
CC(=O)OCC(C)(C)CC(C)(C)C,C11H22O2,35
CCCCCCC1OC(=O)C2=C(C(=O)OC)c3ccc(cc3C(C)=O)C(=O)OC1C2=O,C23H24O8,53
CC(C)(C)CC(=C1C(=O)OC1=O)C1CCCCC1,C15H22O3,40
COc1ccc2cccc1-c=c1c(cc(C#N)c(=O)n1CCC(=O)N(C)C)=c-2F,C22H20FN3O3,49
CCNC(=S)N(C)c1cc(-c2cc3ccc2o3)nc(C(=O)N(C)C)n1,C17H19N5O2S,44
CC(C)(CC[N+]12CCC(C1)C2)C(=O)Oc1cc(Br)c(Br)c([N+](=O)[O-])c1Br,C17H20Br3N2O4+,46
O=C(COc1cc(Cl)cc(Cl)c1)NC(=O)Oc1ccc(C2=CC(C(=O)NC(=O)c3ccccc3)=C2)s1,C25H16Cl2N2O6S,52
CCCCN(CC)C(=O)c1ccc(C(=O)N(C)C)c2c(Cl)c(Cl)ccc12,C20H24Cl2N2O2,50
CSC(=CC(=CS(=O)(=O)c1cc([N+](=O)[O-])ccc1Cl)[N+](=O)[O-])C(=O)CC(C)(C)C,C17H19ClN2O7S2,48
CC(=O)N(CCCN1CCCCC1)C(=O)c1ccc2ccc(F)cc2c1,C21H25FN2O2,51
CCCCN(CC)c1ncc(C(=O)N2CCN(C(=O)c3ccc4cc3-4)C(CCC)C2)s1,C24H32N4O2S,63
COc1cccc(N2CCCN3C(=O)c4ccc(C)n4C(=O)N=C(c4ccccc4)N(CC2)C3=O)c1,C27H27N5O4,63
CCOC1=CC=CC(=CC=C(C)C(=O)NC(=O)c2ccccc2C)C1=O,C21H21NO4,46
CN(C)c1nnc(NC2=CC(Cl)=C2)s1,C8H9ClN4S,23
CCN(C(=O)C=CC1=C(C(=O)N(C)C)C(=O)c2cc(OC)ccc21)C(=O)c1ccccc1C,C26H26N2O5,59
CN(CCCCCN1c2cccc1c2)C(=O)C=C1C=C1,C17H20N2O,40
CCOC(=O)c1ccccc1C(=O)OC,C11H12O4,27
CC=C1C=CC=C(Sc2cc(OC)ccc2C(=O)N2CCCCC2)N(CCC)C1=O,C24H30N2O3S,60
CCN1CCCCN(C)C(=O)c2cccc1c2,C14H20N2O,37
CC(C)CCN1N=C2C=CC(F)=CC=CC=C1c1nnc(-c3ccccc3)n12,C22H22FN5,50
CC(=O)N(C)C1=NC(c2cccc(Cl)c2)=CC=C(C)S1,C15H15ClN2OS,35
CCN1CCOc2cc(ccn(C(C)=O)c3c4c2C(=CC=4)C=3)NC(=O)N(c2ccccc2OC)C(=O)NC1=O,C28H27N5O6,65
CNS(=O)(=O)c1ccc(C(F)(F)c2cccc(Cl)c2)cc1O,C14H12ClF2NO3S,34
COc1ccccc1C(=O)N(CCCc1ccccc1)C(=O)c1cc2ccc1cc2OC,C27H25NO4,57
CC1(C)CCCCCCCN2C(=O)c3nc2sc31,C14H20N2OS,38
CC(C)n1cc2sc3ccc(cccc-2c1=O)C(=O)N(c1ccccc1)C(N)=N3,C22H20N4O2S,49
N=C(N)N[N+](=O)[O-],CH4N4O2,11
N#Cc1cccccc2ccc(C(F)(F)F)cc2nc1-c1ccccc1,C21H13F3N2,39
C=C1C=CC(CNC(=O)c2ccc(C#N)cc2)=C1,C15H12N2O,30
CCCN(C)C1=NN=C(c2cc(Cl)ccc2Cl)SC(NC(=S)Nc2ccccc2)=N1,C20H20Cl2N6S2,50
CN(C)C(=O)C1=C2C(NS(=O)(=O)c3ccc(F)cc3)=CC=C2S1,C15H13FN2O3S2,36
C=CC1=CC=C(c2cccc(Cl)c2)C=CC(C(=O)N(C)C)=CN=C(N2CCCCC2)S1,C25H28ClN3OS,59
CN1C(=O)N(Cc2ccccc2)CCN(C(=O)N(C)c2nccs2)C1=O,C17H19N5O3S,45
O=C1C=CC=CC(Br)=CC=C1,C9H7BrO,18
O=C(O)C1=C2SC(=CSc3ccccc3)C=C1C(=O)NC2=O,C15H9NO4S2,31
CCC(=O)N(C)CC(=O)Nc1ccc(Cc2ccc(C=CC=C3C=C3[N+](=O)[O-])cc2)cc1,C25H25N3O4,57
COc1ccc(C(=O)NC2CCN(C(=O)c3ccc(Br)cc3)C2C)cc1,C20H21BrN2O3,46
C=CC=CC1=CC=CC=C(C(=O)Nc2ccccc2)C(=O)N1,C18H16N2O2,38
CC(=O)n1c(NC(=O)C(C)C)nnc1-c1ccccc1C(F)(F)F,C15H15F3N4O2,39
CSCCC(OC(C)=O)C(C)OC(=O)SC,C10H18O4S2,32
O=C1N2CC(CCCCC3CCCCN13)CCc1ccccc12,C20H28N2O,50
C=CC=C1SC(=NN(C(C)=O)c2ccc(Cl)cc2Cl)N(CCC)C1=O,C17H17Cl2N3O2S,42
CCOC1=CC=C2C=Cc3c(C(=O)N4CCCC4(C)C)cc1n(c3=O)CCO2,C22H26N2O4,54
COc1ccnc(N2C(=O)CC2O)n1,C8H9N3O3,22
CCCCCCCCCOCCO[Si](=O)OCCOC(=O)OCCO,C16H32O8Si,57
CN1c2ccccc2C=C2SC(Nc3ccccc3)=NCC21,C18H17N3S,39
Nc1ccc(-c2ccc3cc(c(Cl)cc4ccccc24)NC(=O)N3)s1,C19H14ClN3OS,39
C=C1C=C1CN(CCCC1CCCC1)C(=O)S(=O)(=O)N1CCCC1,C18H28N2O3S,52
O=C1CN(CCCCCN(C(=O)c2ccc(Cl)cc2)c2c3c(c4cccc2c4)=CC=C3)C(=O)N1,C27H24ClN3O3,58
CCCN(C(=O)c1cccc(F)c1)C(=O)N(C)C1=NC2=CC(=C2)CS1,C18H18FN3O2S,43
CCN1CCN(Cc2cc(C3=C(OC)C(OC)=C3)ccc2OC)C1=O,C19H24N2O4,49
CN(C)C(=O)N1CCNC(CN(C(=O)c2ccccc2)C2=CC=C3C=CC=C32)C1,C23H26N4O2,54
COC1=CC(Oc2cccc(C(=O)N(CCN(C(=O)OCC(=O)O)c3cc(OC)ccc3OC)C(=O)N3C(=O)NC3=O)c2)=C1,C28H26N4O12,70
C[Sn](C)(C)OC(=O)CCCCCCCl,C10H21ClO2Sn,35
CC1CC(=O)N(C)CCN(c2nc3ccccc3s2)C1=O,C15H17N3O2S,38
COc1ccc(OC(=O)O)cc1C(=O)N1CCN(C(=O)N2CCN(C)C2=O)CC1,C18H22N4O7,51
COc1ccc2c(OC)ccc(C(=O)N3CCCCCC(=O)CCOC(=O)c4ccc(cc4)C3=O)c2c1,C29H29NO7,66
CC(C)(CCN1CCN2C(=O)N(CC1)c1nnc2s1)C1C2=CC=C21,C17H21N5OS,45
C=Cc1ccc(Cl)cc1C(=O)NC(=O)c1ccc(F)cc1Cl,C16H10Cl2FNO2,32
CCCOC(=O)c1ccccc1CCCc1ccc(C(=O)OC)cc1,C21H24O4,49
CN1CCN(c2ccccc2Cl)CCNC(=O)c2ccc1cc2-c1ccccc1Cl,C24H23Cl2N3O,53
O=C1N2CCC3CCSC(=Nc4ccccc4O3)N1CC2,C15H17N3O2S,38
COc1ccc2oc(C(=O)N3CCCCCCC3)c(C)c2c1,C18H23NO3,45
CCCCCCCCCCCCCC(C1OC2C3OC4C2OC3C(=O)OC41)C(C)(C)C,C26H44O5,68
CCC(NC1=CC(C#N)=C1)C1CN(CCN2CCCCCC2)CCO1,C20H32N4O,55
CC1C(=O)N(CCc2ccccc2-c2ccc(C(F)(F)F)cc2)CCN1C(=O)c1ccccc1Cl,C27H24ClF3N2O2,58
COC(=O)NC(=O)c1cc2cc(C(F)(F)F)ccc(Cl)cc1-2,C14H9ClF3NO3,31
Cc1ccccc1OS(=O)(=O)c1ccc(N(CC(=O)N2CCCCC2)C(=O)C2=CC=C2)cc1,C25H26N2O5S,59
CN(C(=O)c1cccc(C(=O)Nc2ccccc2C(F)(F)c2cc#ccc2)c1)S(=O)(=O)c1ccccc1,C28H20F2N2O4S,57
CN(C)S(=O)(=O)c1c(-c2cccc3ccccc23)cccc1-n1nnnc1-c1ccccc1,C25H21N5O2S,54
COC1=CC=C(C(F)(F)F)C=C2C=C1N(c1nnc(-c3ccc(F)cc3)[nH]1)C(=O)NC2=O,C20H13F4N5O3,43
N#Cc1ccc(C(F)(F)F)nc1NC(=O)c1ccccc1-c1ccccc1,C20H12F3N3O,39
CCN(C(=O)c1ccc(OC)cc1)C(=O)N1CCC1,C14H18N2O3,37
CN(C)CC(O)OB(O)O,C4H12BNO4,22
CCCN(C(=O)C=Cc1ccccc1F)C(=O)c1nc2nc(C(=CC=CC=CBr)c3ccccc3)n1n2,C28H23BrFN5O2,60
COC1=NC(c2c(Cl)ccc([N+](=O)[O-])c2OC)=C2C(=O)N(C)CCN1C(=O)C=C2F,C18H16ClFN4O6,46
COC(=O)c1ccc(C(=O)OCCOC(=O)CCCc2c(OC)cc3cc2C(=O)c2ccccc2OC3=O)cc1,C30H26O10,66
COc1ccc2c3cccc2n(C(=O)N(C)CCCCC(C)NC(=O)c2ccc(Cl)cc2)c13,C26H28ClN3O3,60
O=C(Nc1ccc2c(c1)Oc1cccc(c1)-c1nnc([nH]1)N2)c1ccccc1,C21H15N5O2,41
CC1OC(=O)CCCCCCCCCCC(=O)O1,C14H24O4,42
CCCCn1c(=O)c2c(C(=O)N3CCCCCC3)nc1n2-c1ccccc1,C21H26N4O2,53
COC1(C)C(=O)NC(=O)CC1c1cc(Cl)cc2ccccc12,C17H16ClNO3,38
COC1=C(C)C=C1C(=O)N(C)C(C)=O,C10H13NO3,27
C=CC(=CC=CC=C(C=CC=CC=Cc1ccc(C)cc1)[N+](=O)c1ccccc1)C(C)C,C30H32NO+,63
CNC(=O)NC(=Nc1nnc(-c2ccccc2Oc2ccccc2)[nH]1)c1ccccc1,C23H20N6O2,51
CC(=O)NS(=O)(=O)c1cc2ccc1-2,C8H7NO3S,20
CN(C)C(=O)N1c2ccc(Oc3ccccc3)c1c2Br,C15H13BrN2O2,33
CCCCN(C(=O)OC)C(=O)N(CC)C(=O)N(CC(=O)OC)C(=O)OC,C15H25N3O8,51
O=C(Nc1ccc(Cl)cc1)C1CN=C(Nc2ccc(Cl)c(Cl)c2)N1,C16H13Cl3N4O,36
Cc1ccc2c(F)c1N=C1C=CC=C(C(=O)Nc3ccc(Cl)cc3)C12C(F)(F)F,C21H13ClF4N2O,42
CC1CCN(c2ccc3cccc(CN4CCCCC4)c3c2)CCN1C(=O)c1cc2ccc1c(=O)[nH]2,C30H34N4O2,70
COC(=CC=CC1=CC=C1)C(=O)O,C10H10O3,23
CSC1=CC=CC=CN(C(=O)Nc2ccccc2Br)CCS1,C16H17BrN2OS2,39
CN(C)Cn1nc2n3c(nnc13)N(C)C(N(C)C)=N2,C10H17N9,36
COC(C=Cc1cccc(C)c1)=CC=C(F)C=CC=Cn1c2nnc1s2,C20H18FN3OS,44
CN1CCN2CCN(CC1)S(=O)(=O)N1CCN(CC1)S(=O)(=O)c1cc2nc2ccccc12,C20H28N6O4S2,60
O=C1CN(C(=O)c2cccc(Cl)c2)C(=O)NCNC(=O)c2ccc(cc2)S(=O)(=O)N1,C18H15ClN4O6S,45
CN1C=Nc2ccccc2C(OCCNC(=O)c2ccccc2)=C1,C19H19N3O2,43
CC(CCN=Cc1ccc(S(=O)(=O)N2CCN(C(=O)N(C)C)CC2)cc1)N1C(=O)N2CCN3C(=O)C1C3C2,C25H35N7O5S,70
O=c1c2ccccc2n(CC2CCC2)c(=O)n1CCCN1CCCCC1,C21H29N3O2,55
COC=CC=CC=C1N=C2c3ccc(OC)cc3S(=O)(=O)N2CCOC1=O,C18H18N2O6S,45
C=C(C=c1c2cc3ccc4c(c3)-c([nH]2)c14)S(=O)(=O)N(CCC)CCC,C20H22N2O2S,46
CCN1CCN2CCCCOc3nc(nc2n3)C=C(c2ccccc2NC(=O)NC(C)(C)C)C1=O,C25H33N7O3,68
Cc1ccc(NC(=O)N2CSC(=Nc3cccc4ccccc34)NCCN(C)c3ccccc32)cc1,C29H29N5OS,65
CCCC(=CC(=O)OC)N=C(Sc1ccc2cc1-2)c1ccccc1OC,C21H21NO3S,47
COc1cc2ccc1C(=O)N(CCCCC1CCCCC1)CCO2,C20H29NO3,53
CC(C)(C)c1ccc(C(=O)N2CCCCCC2)cc1,C17H25NO,44
CCCC(COc1ccc(F)cc1C(F)(F)F)NC(=O)N(CC)c1ccc(Cl)cc1,C21H23ClF4N2O2,52
O=C(C(=Nc1cccc(C(F)(F)F)c1)N(C(=O)c1ccccc1)c1nnc(N2CCC2=O)s1)N1CCCCCCC1,C28H27F3N6O3S,68
CCOC(=O)C1=C(C(=O)OCC)c2c(OC)cc(OCC)cc21,C17H20O6,43
COc1ccc(C(F)(F)c2ccc(CN3CCCC(C)C4OC4C3)cc2)cc1Cl,C23H26ClF2NO2,52
COc1ccccc1N1C(=O)C2=CC=C(C)C3C=CC=C2C3C1=O,C20H17NO3,41
CCCC(C)C(C(=O)Oc1ccccc1)N(C(C)=O)C(=O)C1=CC=C1c1cccc2ccccc12,C30H29NO4,62
CCN(C)C(=O)n1c(N2CCN(c3ccc(Cl)cc3)C2=O)nc2ccccc21,C20H20ClN5O2,48
O=C(Sc1cc(F)ccc1N1CC1)N1CCN(C(=O)N2CCNC2=S)CC1,C17H20FN5O2S2,47
COC=C1C=C1c1nc(C(=O)N2CCC(C)CC2=O)c(C(=O)OC)[nH]1,C17H19N3O5,43
CCCCN1CCCOC(=O)N(C)c2nnc3nc(n(c(=O)n4nc(n2CC)N2N=C4C2=O)C1=O)NC(=O)N3,C20H25N13O6,62
CCCCc1sc(C(=Cc2ccccc2C)c2ccccc2)nc1C,C23H25NS,50
CCCN(CCC1CCCC1)C(=O)c1nc2nnc3c4c(n1-2)=NC3=CC=4,C19H22N6O,48
CCCCCCCc1ccc(C(=O)C2=CN=C(N(CCC)C(C)=O)Sc3cccc2c3C)cc1,C29H36N2O2S,70
O=C(Oc1ccccc1)c1cc2ccc1c(=O)n1c(=O)n(c(=O)c3ccc(cc3)o2)c2ccccc21,C28H16N2O6,52
O=C(COc1ccc2c(F)ccc(Cl)c2c1)N1CCCN(C(=O)CC2CC2)C1=O,C21H20ClFN2O4,49
COc1ccc2c(c1)C=C1C=C1N1CCN(CCN(C)C(=O)N2)C1=O,C18H20N4O3,45
COc1ccccc1NC(=O)C1=C(C(=O)N2CCCCC2)OCCCN(C)C(=O)NC1=O,C22H28N4O6,59
CCN1CCN(CCCCCN2C3=CC(=CC3=C(OC)C3=Cc4ccccc43)S2(=O)=O)C1=O,C25H29N3O4S,62
N#CC=CC=CC(F)=CC=C1c2cccc3c2C=C3CSc2nnnn2S1(=O)=O,C19H12FN5O2S2,41
CCCCCCCC(C)(CCC)[B-]([B-]#N)(CCC[N+](C)(C)C)[N+]#N,C18H40B2N4,64
COC1=C(OC(C)C(=O)[O-])C1=C([NH3+])C(=O)[O-],C9H10NO6-,22
CCCCCCc1c2csc1C(=O)N(CCCC)C2=O,C16H23NO2S,43
CC1C(c2cccc(C=Cc3ccc(Cl)cc3)c2)CCc2ccc(cc2)N2CCN1CC2,C29H31ClN2,62
CN1CCN(C(=O)NC(=O)C2=CC(F)=CC2=CC=CC(=O)N2CCCCC2)C1=O,C20H23FN4O4,52
CCN(CC(=CSc1ccccc1C)c1ccc(-c2ccccc2)cc1Cl)C(C)=O,C26H26ClNOS,56
COc1ccc(Br)cc1C,C8H9BrO,19
COC1=CC(S(=O)(=O)N2CCN(c3ccc(Br)cc3)CC2)=CC=CC=C1,C19H21BrN2O3S,47
COC1=CC2=CNC(=O)C3CN(CCN21)C(=O)N3,C11H14N4O3,31
CN(C)C(=O)c1ccc(-c2ccccc2Cl)cc1,C15H14ClNO,32
COC(=O)OC(=O)N(CC(=O)SC)C(=O)N(C)C,C9H14N2O6S,32
CC(=CSc1sc2nc1N2)c1ccc(S(=O)(=O)N(C)C)cc1C(=O)N1CC(O)C(NC(=O)C(C)(C)C)C1,C24H31N5O5S3,65
CCCCN1CCCN(CC)P(=O)(O)OC(F)(F)C(F)(F)CC1,C13H25F4N2O3P,48
O=C1c2ccc(cc2)CCCOc2ccc(cc2)C(=O)N(C2=NS2)C2CCCN1C2,C23H23N3O3S,52
COC(=O)c1c(OC)csc1C1=CC=C1C(F)(F)F,C12H9F3O3S,28
CN1C(=O)c2nc(-c3cccc(N4CCCC4)c3)nc(n2)N(c2ccccc2)C1=O,C22H20N6O2,50
CC1=C2CC3OC(CCCCCCCCCCCCC1)C23,C20H34O,52
COc1ccccc1C=CC(F)=CC=C(Cl)C=C1N=C(SO)NC1=O,C17H14ClFN2O3S,39
CN(C)CCC1CN(CCCNC(N)=N[N+](=O)[O-])C(=O)N1,C11H23N7O3,43
COC1=CC(=O)C(C(=O)NC2CCCCCN2C(=O)c2ccc(OC)cc2)=C1,C21H24N2O5,52
COc1ccc(C(=O)Nc2ccccc2)cc1OCCn1ccc2c(c1=O)=CC=2,C23H20N2O4,49
COc1ccc(CN2CCN(C3CCCN(C)C3)C2=O)c(Cl)c1,C17H24ClN3O2,46
CN1CCN(CCN2CCC(N3C(=O)C=C(Cl)C3=O)CC2)CC1,C16H25ClN4O2,47
COC1=CC=C(C(F)(F)F)C=C2SC1=CC(=O)N1CCN(CC1)C2=O,C16H15F3N2O3S,40
Cc1ccc2nc(SCCN3CCC(C)C3=O)sc2c1,C15H18N2OS2,38
CN1C2=NN=C3C4=CC=C(Cl)C=C(C(F)(F)F)C1=NC(=N2)N3Cc1ccc(C(F)(F)F)cc14,C20H11ClF6N6,44
COc1ccccc1C=CC=C(c1cccc(C)c1)c1nc(-c2ccccc2)n[nH]1,C26H23N3O,52
COc1cc2cc(C(F)(F)F)c1N1C(=O)C(=C2C#N)CC1CCN(C)C,C18H18F3N3O2,44
CCCCSP1(=O)OCCN(CCC)C(=O)O1,C10H20NO4PS,37
C=c1c(CN2C(=O)N(Cc3cccc(C)c3)CCC2C(C)(C)C)ccc2c1=C2,C25H30N2O,57
CCNC1=Nc2cccc(c2)C=CN1,C11H13N3,26
CCCCC1C(=O)N2CCCCCCN(C(=O)C=CC=C3C(=O)N31)C2=O,C19H25N3O4,50
CN(C(=O)c1nnc(-c2ccccc2)n1C(=O)c1ccccc1)c1ccc(Cl)cc1,C23H17ClN4O2,47
O=c1scccc1C=Cc1ccccc1,C13H10OS,25
CCN(C1=CC=C2C3C=CC=C(NC(=O)N2C)C13)c1ccccc1,C20H21N3O,45
C=C(c1ccc(F)cc1)c1ccccc1N1N=C(c2ccccc2)NS1=O,C21H16FN3OS,42
CCCn1c(=NC)nc(C#N)n(CCN2CCCCC2)c1=O,C15H24N6O,46
CCOC(=O)OOCCOCCNC(=O)OC(C)(C)C,C12H23NO7,43
C=C(C(=O)NC)C(=CC=c1c2cccc1ccc2)C(=O)N(C)C(=O)n1c(=O)[nH]c(=O)c2ccccc21,C27H22N4O5,57
O=C1C(Cl)=CC=C2CCCCN2CCCN1C(=O)N1CCC1,C16H22ClN3O2,44
CCCCCCCCCCOC(=O)C1Oc2ccc(c(OC)c2)C(=O)OC2OC21,C22H30O7,56
C=C(Cl)C1N=C(N)NS(=O)(=O)c2ccc1cc2,C10H10ClN3O2S,27
CCn1cccc(C(=O)Nc2ccc(Cl)cc2)c1=O,C14H13ClN2O2,32
CCCCCCOC,C7H16O,24
Cc1nnc(N(C)C2=NC(=Cc3ccccc3)C=C2)s1,C15H14N4S,34
C=CC(=O)N(C(=O)c1cccc(Cl)c1)c1ccccc1,C16H12ClNO2,32
CCCOc1ccc(C(=CC=C2C(=O)N(C3CCCOC3=O)C2=O)OCC)cc1,C22H25NO6,53
Cc1ccccc1N(N=C1C=CC=C1)C(N)=Nc1ccccc1,C19H18N4,41
O=C1c2ccc3cc2C=C3C=Cc2cc(=O)n(-c3ccccc3)c(=O)n21,C21H12N2O3,38
O=S(=O)(NCCCSC1=NS1)c1cc2ccc1OCC2,C12H14N2O3S3,34
N#CC(=CC=Cc1cc2ccc1cc2)n1nc(Nc2ccc(Cl)cc2)[nH]c1=O,C21H14ClN5O,41
CCCCOC(=O)C(=CC=c1c(C(=O)OC)ccc2c1=C2)OC,C18H20O5,43
C=C1C=C(Cl)C=C(Cl)C=C1C=CN=C(NC(=O)c1cccc(Cl)c1)N(C)c1cccc(NC(=O)c2ccccc2)c1,C32H25Cl3N4O2,66
COC1=CC=C2CN(C)C(=O)c3c(OCC4CCCCC4)cc2cc31,C21H25NO3,50
CC(=O)N(CCCc1ccc(Cl)cc1)C(=O)NC#N,C13H14ClN3O2,33
CN1CC(F)(F)C2=CC=C(C1=O)C1=NC(=O)N21,C10H7F2N3O2,24
CCCC1CCN(C(=O)c2cc3ccc(cc3)c2=O)C1,C17H19NO2,39
CCNC(=O)n1c(SCC(=O)NCC(=O)Nc2ccc(C(F)(F)F)c(Cl)c2)nc2ccccc21,C21H19ClF3N5O3S,53
CCCCCN1C(=O)N=C2SC1=NC1=NC3=CC1=CC(F)=CC=C3N2C,C18H18FN5OS,44
CN(CC(C)(C)C)C(=O)NCCOC1=C2C=C2S(=O)(=O)N1,C13H21N3O4S,42
COC(=O)CCOC1=CC=C(OC)C2=CC1=C2,C13H14O4,31
O=C1C(c2ccc(F)cc2)=CCN2CCN1CCN1CCN(CC1)C2=O,C19H23FN4O2,49
CC(=O)N1CCCCCN2CCN(CC1)C(=O)c1c(Cl)ccc3scc(c13)C2=O,C21H24ClN3O3S,53
CC(C)CC(C)(C)Cc1c[nH]c2c1N(C)c1nc-2nc(C(C)C)n1,C19H29N5,51
Cc1cccc2c1CCCC2,C11H14,25
CC=C(C(=O)O)N1c2ccccc2OC(F)(F)c2ccccc2-n2c(SC)nnc21,C20H16F2N4O3S,46
CC(=O)N1C(=O)NC2=NCCCN2C1=O,C8H10N4O3,24
C=C1C=Cc2cccc(c2)CCCN2CCN(CC2=O)C1=O,C18H20N2O2,42
COC(=O)c1c2cccc1c2=CC=C1CC2=CC=C21,C17H12O2,31
CN(C)C(=O)NCCN(C)C1=CC=C(Cl)C(=C2C=C2F)S1,C14H17ClFN3OS,38
CCN(Cc1cc(F)ccc1OC)C(=O)CCNC(=O)c1ccc(Br)cc1,C20H22BrFN2O3,49
CCCCC1CCN(C(=O)C#CC(=O)N2CCCCC2)CC1,C18H28N2O2,50
CCOc1ccc2c(c1)N(CCC(C)C)C(=O)CN1C(=O)C(=C2)C1=O,C19H22N2O4,47
CCCCCCCCN1C(=O)N(CCCCCSc2ccc(Cl)c(Cl)c2)C1=O,C21H30Cl2N2O2S,58
O=c1[nH]cccc1CCCCc1ccc(Cl)cc1,C15H16ClNO,33
CN1CCC2CN(C)S(=O)(=O)c3cnc(s3)N2C1=O,C10H14N4O3S2,32
CC1C2CCC3C2CCCCCCCCCCCCC3(C)C(C)C1C(=O)C1=CC=C1,C29H46O,70
O=[N+]([O-])C1=CC=C1S(=O)(=O)N1CCN(CC2CN3CCN2CC3)CC1,C15H23N5O4S,48
O=C(NC1=NC#CN=C(NC(=O)c2ccc(F)cc2)S1)c1ccccc1,C18H11FN4O2S,37
CCCCN(CC)c1nc(C2=NNN3CCCCCCCN2C3=O)ccc1Cl,C20H31ClN6O,58
O=C1C=CCCCCCCCCCCCCCCCCO1,C19H34O2,55
CCC(NC(C)=O)C(O)C(O)C(OC1C(O)C(O)C(O)C1O)C(=O)NC(C)C(=O)OC1C(O)C(O)C(O)C1O,C22H38N2O15,62
O=C(c1ccccc1)N1C(SC=CC=CC2C=CC=CC2)=Nc2nnc1s2,C20H16N4OS2,43
O=C(Nc1ccccc1)C12OC=CC1C=CC=C2O,C15H13NO3,32
CCCCCCCCCCCCCC(=O)C1=C(C(=O)O)OC1=O,C18H28O5,51
C=C(C=C1C(=O)Nc2ccc(cc2)C(=O)N1C)OC,C14H14N2O3,33
CCCCC1=CC(C(=O)OCC)=CC=C2C=CC(=C1)C2=O,C18H20O3,41
CNC(=O)C(C)NC(=O)N1CCN(C)C1=O,C9H16N4O3,31
CCCCN(C)S(=O)(=O)C1=CC=C2C(=O)C=CC=C2C(OC)=CC(S(=O)(=O)N(C)C)=C1,C21H28N2O6S2,59
CCCCC(OC(=O)C1=C(C(=O)OC)C=C1)C(OC(=O)c1ccc(C(=O)OC)cc1)C1OC(CCC)C(O)C1O,C29H36O11,70
CCN(C)C(=O)SCCCOS(=O)(=O)OCCOS(=O)(=O)OCCCC(=O)OC,C14H27NO11S3,56
CN(C)C(=O)Nc1ccccc1C(=O)Nc1cccc(-c2ccc(-c3nc[nH]n3)cc2)c1,C24H22N6O2,53
COc1ccc2ccc3cc(C(=O)N(C(=O)c4ccccc4OC)C(O)C4C(O)C4O)ccc3c2c1,C28H25NO7,57
CN(C)CCn1nc(-c2ccc(NC(=O)c3cccc(Cl)c3)cc2C2=CC=C2)[nH]c1=O,C23H22ClN5O2,53
CC(=O)Nc1nc2ccccc2[nH]1,C9H9N3O,22
CCCCCCCN1C(N=C(N)N)=NC2=NC1=NC2=C(C)C(Cl)=Cc1cc(Cl)cc(Cl)c1Cl,C22H25Cl4N7,58
CC1=CC=CC=C(C(N)=O)C=CC=C(C(=O)[O-])N1,C13H13N2O3-,30
CC(C)OC(=O)Cc1cc2cc(n1)-c1ccc-2cc1,C16H15NO2,34
CN(C)C(=O)c1ccc2cc1C(=O)N(c1ccccc1)C2,C17H16N2O2,37
C=C(C)c1ccc(C(=O)N(C)C(=O)c2ccc(C)nc2OC)cc1,C19H20N2O3,44
CCN(CCc1ccc(C(=O)OCC(C)(C)C)cc1)C(=O)c1ccc(OC)cc1,C24H31NO4,60
CCCCCCCCCCCCCC1OC2C(CC)OC3C(C=C4C=C4)C(C)C2OC13,C28H46O3,69
COc1ccc2c(c1)N=C1N=C(S1)N(CCc1cccc(C(F)(F)F)c1)C2=O,C19H14F3N3O2S,42
N#CCCN(C(=O)c1ccccc1)C1CCN2CCCCCC1C2,C20H27N3O,49
CCc1nc(CC)nc(N=CC2=CC=C2F)n1,C12H13FN4,30
O=C(COc1ccccc1)NCC(=O)Nc1nc2cc(Cl)ccc2s1,C17H14ClN3O3S,39
CN1CCN2CCN(CCc3c4cccc3-c3nnc(n3CC1)S4)CC2,C19H26N6S,52
O=C1c2ccc3c(=O)n2CCCCCCN2CCCN1C2=N3,C16H20N4O2,42
CC(C)(C)CC1CN2CCCN(C(=O)C3=CC=C3Cl)CCN1C(=O)N1CCCN(C2=O)C1=O,C23H32ClN5O4,65
O=C1c2ccc(C(F)(F)F)c(=O)n2CCN1CCN1Cc2ccc(cc2)S1(=O)=O,C18H16F3N3O4S,45
CN1C(=O)N(C)C2=CC=C1C2=CC=C(C=Cc1ccco1)[N+](=O)[O-],C17H15N3O4,39
CN1C(=O)OCCCCCCCN(C(=O)CCCCCCOC2=CC(Cl)=C2Cl)C1=O,C21H30Cl2N2O5,60
CN(C)C(=O)C(CSc1nnc2n1C(c1ccc(Cl)cc1)=N2)OCCOc1ccccc1Cl,C22H21Cl2N5O3S,53
CCCCc1c(N2C(=O)N(CCC)CCC2C)c2ccc1cc2,C20H28N2O,51
O=C1C(Br)=CC(=O)N2CCCN1CCCCCC2=O,C13H17BrN2O3,36
C=CC=C1C=CC=C1C=C1NC(=O)N(c2ccc(OC)cc2Cl)C1=O,C19H15ClN2O3,39
CCN(C(=O)c1ccc(OC)cc1)C(=O)c1ccc(C(=O)OC)cc1,C19H19NO5,44
CCC(=O)N1C(=O)N2CCCCN(C(=O)c3ccccc3)CCCCC1CC2,C22H31N3O3,59
COc1cccc(-c2nnc(N3C(=O)CCC3C)s2)c1,C14H15N3O2S,35
O=c1[nH]nc(C(C=CC=C2C=CC=CC(F)=C2)=CC=Cc2ccccc2)[nH]1,C22H18FN3O,44
O=C(C=CSc1n[nH]c2ccccc12)Nc1ccccc1,C16H13N3OS,33
O=C1N(C=C2C=C2)CC2CCCN12,C10H12N2O,24
CCN1CCN(C)C(=O)c2cc(-c3ccccc3)cc1c2,C18H20N2O,41
COc1cccc(C(=O)N(C(=O)CCCCCC(=O)NC(=O)O)c2ccccc2)c1,C22H24N2O6,54
CCCCCCCC(OC=O)C(OC(C)=O)C(C)(C)c1ccccc1,C21H32O4,55
CCCCCN1CCN(C(=O)c2c(N3CCCC3)ccc3c2-c2nccnc2-3)CC1,C24H31N5O,61
O=C(c1[nH]c2nc1-c1nc(C(F)(F)F)ccc1-2)N1CCN2CCCCC2C1,C18H18F3N5O,44
CCCN(C(=O)c1ccccc1)c1nnc(NC(=O)N(C)c2ccccc2)s1,C20H21N5O2S,49
Cc1ccc2cc1C(F)(F)OC2=CC=CN(C)C(=O)C1=CC(C(=O)Nc2ccccc2)=CC1=O,C26H20F2N2O4,54
CC(C)[S+](NC(=O)[O-])C(=O)C1=CC=Cc2ccc(Br)c1c2,C15H14BrNO3S,35
CN1CCN(CCCCn2c3cc-3cc2=O)c2nnc1s2,C14H17N5OS,38
CCC(=NN(C)C(=O)c1ccccc1)n1c2ccccc2c(=O)n(C)c(=O)n(C)c2ccccc21,C27H27N5O3,62
CCOc1ccc(OC)cc1C(=O)N1CCN2C(=O)CN3C(=O)N(CCCc4ccccc4)C(=O)C3C2C1,C28H32N4O6,68
CCc1nn(C=CC=C2C=Cc3ccccc32)c(=O)[nH]1,C16H15N3O,34
COP(O)(O)(OC)OC(C)C(N)=O,C5H14NO6P,26
COc1cc(N2CCCCCN3CCN4C=C5C=C(C=C5C4=O)N=C32)ccc1F,C22H23FN4O2,52
COc1ccc(C(=O)N(C(=O)C2=CC=Cc3ccc2cc3)C(C)C)cc1,C22H21NO3,47
O=C(NC(=O)N1C=CC1c1ccc([N+](=O)[O-])cc1)c1ccccc1,C17H13N3O4,37
CN1CCN2CC(C1)C1=CC=C1S2(=O)=O,C10H14N2O2S,29
CN1C(=O)c2ccccc2C(=O)NCCC(N2CC2)c2cc(C(F)(F)c3ccccc3)ccc21,C27H25F2N3O2,59
C=C1C=C1CCN1CC1,C8H11N,20
COC1=CC=C1OCCn1c2nnc1S(=O)(=O)N1CCCCN3CCN2C(=O)N(CC1)C3=O,C19H25N7O6S,58
COc1ccc2ccc(cc(OCC(=O)N3CCN4CCCN(C4=O)C3=O)c1)S(=O)(=O)N2,C20H22N4O7S,54
CCCC1(C)CN2C(=O)C=C(OC)C=C1Sc1nnc2s1,C14H17N3O2S2,38
Cc1ccc(C)c2cccc3ccc(Br)cc1ncnc32,C18H15BrN2,36
C=C1C(N2CCc3ccc(cc3OC)S2(=O)=O)=Cc2ccc1s2,C17H15NO3S2,38
NC(=C1CN(CCNC(=O)c2ccc(F)cc2)S1(=O)=O)c1cccc(Cl)c1,C18H17ClFN3O3S,43
O=C1N2CCCC(CC2)CCN1c1ncc(-c2ccc(C(F)(F)F)cc2)s1,C19H20F3N3OS,47
CCC(C)(OC(=O)[O-])C(=O)OP1([O-])(O)OP([O-])([O-])(OP(=O)([O-])[O-])O1,C6H9O15P3-6,33
CN1C(=O)NC2C(O)C(NC(=O)C(Br)=C1F)C2O,C9H11BrFN3O4,25
CCCN(C(=O)C1CCCCC1)C(=O)C1CCCCC1,C17H29NO2,49
COC(=O)NC(=O)COc1ccc([N+](=O)[O-])cc1S(=O)(=O)N(C)S(=O)(=O)c1ccc([N+](=O)[O-])o1,C15H14N4O13S2,48
CN1C(=O)N2CC(F)C(N3CCCC3)C1C2,C11H18FN3O,32
N#CC[S+]([O-])CCCN1CCC2=CC=CC(C(F)(F)F)=CC=C2S1(=O)=O,C16H17F3N2O3S2,43
C1=CC(=NN=Nc2ccccc2)Sc2ccccc2C=C1,C17H13N3S,34
CC(OC=C1C=C1F)C1CC2CCN3C4=NC(=N4)N=C3N2CCN1C,C17H21FN6O,44
COC(=O)N(C)C(=NCCN(C(=O)c1ccccc1)C(=O)N1CCOC1=O)SC1=CC=C1,C21H22N4O6S,54
CC1CCC(=O)N(C(=O)c2cc(F)cc([N+](=O)[O-])c2)CC1,C14H15FN2O4,36
CCCCCCCCCCOC(=O)c1ccc(-c2ccc3cc2C3=O)c(OC)c1,C25H30O4,59
C=C(C(=O)N(C)c1ccccc1Cl)C1=CC=C1,C14H12ClNO,29
CCc1cccc2ccccc2n2c(=O)n(C)nc2s1,C15H15N3OS,35
Brc1cc2ccccc2c(-c2ccccc2)n1,C15H10BrN,27
CC1C2=CC=CC1(N(C)c1nc(NCc3ccccc3)nc(-c3ccc(F)cc3)n1)C2,C25H24FN5,55
O=[N+]([O-])C1=CC(CCCCCN2CCC2)=C1,C12H18N2O2,34
CCOP(=O)(OCC)OC1CCCCSC(=O)NC(=O)NC2C3OC(OC(=O)N4CCCCC4)C(O3)C2O1,C22H36N3O11PS,67
CC(C)(C)OC(=O)CCCCCCCCCN(C(=O)C=C1CC1)C(=O)c1ccccc1[N+](=O)[O-],C26H36N2O6,70
Cn1c(C2=Cc3cccc(c3)C(C(=O)Nc3ccccc3)=CC=C2OC(F)(F)F)n[nH]c1=O,C23H17F3N4O3,50
CCOC(=O)C(OC(=O)COc1ccccc1C1=Cc2ccc(OC)cc2C1=O)C1OCCOC1=O,C26H24O10,58
CCCNC(=Nc1cc(OC)ccc1-c1cccc(Br)c1)C1=Nc2ccccc21,C24H22BrN3O,51
CC1(C)CCN(CCN2CCCCC3=C4CCN(C=C4S3)C2=S)CC1,C20H31N3S2,56
CC(=O)N1CCN2CCCCC2N(C(=O)c2nc(-c3ccccc3)[nH]c2C(=O)Nc2ccccc2)C1=O,C27H28N6O4,64
CC(Cl)=C(Cl)C(Cl)=C1C(Cl)=C1Cl,C7H3Cl5,15
O=C(NCCSC(F)(F)F)NC(=O)Nc1ccc2cc1-2,C11H10F3N3O2S,30
CN1CCN(C(=O)NC(=C(c2ccccc2)[N+](=O)[O-])c2cc([N+](=O)[O-])ccc2Cl)C1=O,C19H16ClN5O6,47
COC=C1C=C(N2C(=O)c3ccc(C(F)(F)F)cc3C2=O)C=N1,C15H9F3N2O3,32
CC1=C(C)C(C)(C)C(=O)O1,C8H12O2,22
CCN(Cc1ccccc1)C1=NN=C2N=C(S1)N2c1ccccc1,C18H17N5S,41
CCC1OC(=O)c2ccccc2C#CCCCCC1OC(=O)c1ccc(OC)cc1,C25H26O5,54
CCCCN(C(=O)N(CCOc1ccc(Cl)c(Cl)c1)C(C)=O)C1=NC2=NC1=N2,C18H19Cl2N5O3,47
CN1C(=O)C(=Cc2cccc(C(F)(F)F)c2)C(c2ccccc2)=CC2=C3C=CC=C3C1=N2,C26H17F3N2O,49
CN1CCCN(C(=O)C(=O)N(C)C2=CS2)C1=O,C10H13N3O3S,30
COC1=Cc2ccccc2C(=O)N2CCN(CCCC2=O)C1=O,C17H18N2O4,41
C=CC=C(C(=NNC(=O)c1ccccc1OC)c1ccccc1)c1ccccc1,C25H22N2O2,51
CCCc1nc(N2CCC2=O)sc1-c1ccc(OC)c(OC)c1,C17H20N2O3S,43
CCC(=O)N(C)C(=O)c1ccc(OC)cc1C=Cc1ccccc1OC,C21H23NO4,49
COc1ccc2c(c1)NC(=O)c1ccc(Cl)cc1C=N2,C15H11ClN2O2,31
CCOC(=O)c1ccc(Cl)c(S(=O)(=O)N2Cc3cccc(c3)C(=O)N3CCC3CN(C)C(=O)C2C)c1,C25H28ClN3O6S,63
C=CC(=CCl)N(CN(C)C(=O)c1ccc(C(F)(F)F)cc1)S(=O)(=O)c1cccc(-c2ccccc2)c1,C26H22ClF3N2O3S,58
CN1CCN2CCN(C2=O)c2ccc(cn2)-c2ccccc2C1=O,C18H18N4O2,42
COc1ccsc1C(O)=CC=C(C(=O)N(C)C)C(=O)N1CCN(C)C1=O,C17H21N3O5S,47
COc1cc(-c2ccccc2)cc(C(=O)N(C)C2CN3CCN2C(=O)C3)c1Cl,C21H22ClN3O3,50
CC1=C(Cl)C(=O)N(C(C)CCN2CCCCC2)C1,C14H23ClN2O,41
CCCCCC(OC(CC)C1OC2OC1C2OC)C(C)OC(=O)C=C(C)C(=O)OCC,C23H38O8,62
C=CC(C)=NN(C)C(=O)c1cccc(-c2ccccc2)c1,C18H18N2O,39
COc1ccc(C(=O)N2CCCCC2=O)c(C(=O)N2CCCCC2C(=O)N2CCCCC2=O)c1,C25H31N3O6,65
CN(C)S(=O)(=O)c1cccc(NC(=O)c2cccc(C3N=C4N=C3N3CC(C)(C)N4C3=O)c2)c1,C23H24N6O4S,58
Cc1ccccc1C(=O)C1CCOc2ccccc2OC1,C18H18O3,39
O=C(c1ccccc1)N1CCC(C2CCN3CCCN4CCN(CN2CC3)C4=O)CC1,C24H35N5O2,66
O=C(c1ccc(C(F)(F)F)cc1)N1CCN(Cc2ccccc2F)C1=O,C18H14F4N2O2,40
CCCN(C(=O)c1ccc(C(=O)OC)c(C(=O)OC)c1)C(=O)c1cc(C)ccc1C(C)(C)C,C26H31NO6,64
CCOC(=O)C1=C(C(=O)c2ccccc2)SC(NC(=O)c2ccccc2)(n2ccccc2=O)S1,C25H20N2O5S2,54
O=C(c1ccccc1)c1cccc(=O)sc1=O,C13H8O3S,25
O=C(OC(=O)c1ccc(C(=O)O)[nH]1)C1=CC1=CC=CCl,C13H8ClNO5,27
C[S+]([O-])CCN1C=CC2=NC(=O)N2CCC1,C10H15N3O2S,31
COc1cccc2c3ccc(c12)C(=O)N1CCN(CC1=O)CC1C(O)C(O)NC(=O)N1C3=O,C22H22N4O7,52
Fc1cccc(-c2nnc(-c3ccccc3)n2C2C=CC(Cl)=CC2)c1,C20H15ClFN3,40
COC(=O)C(=CC=CC=CC(=O)c1ccc(Cl)cc1OC)C(C)=O,C18H17ClO5,41
CC=C(C(=O)N(CCCCCCCC)C(=O)OC)C(C)(C)OC(=O)c1ccc(Br)cc1Cl,C24H33BrClNO5,65
CC(C)(C)CN1C(=O)C=CC1=O,C9H13NO2,25
CCC(=O)NC(=O)c1ccc(C=CCCc2ccccc2)cc1,C20H21NO2,44
CN(C)C1=Nc2nnc3n2C2OC4CCN(CCCN3C42)Cc2ccccc21,C20H25N7O,50
COC(=O)C(C)OS(=O)(=O)c1ccc(C2=CC=C(F)C=CC=C2[N+](=O)[O-])cc1,C18H16FNO7S,44
CCOc1cccc(C(F)(F)C2(C)N3C(=O)Nc4cccc(c4)-c4ccc5cc4N2N=C53)c1,C25H20F2N4O2,53
CCCN1C(=O)N2C(=CN(C)C(=O)N(C)c3ccccc31)c1cnc2s1,C18H19N5O2S,45
COC(=O)CN1C(=O)CCCC(=O)N(C)C(=O)NC1=O,C11H15N3O6,34
CCCN(C(=O)c1ccc(C(=O)N(CC)CC)cc1)C(=O)c1ccccc1OC,C23H28N2O4,57
CCN1C(c2ccccc2)=NC(=O)N(C(C)C)CCN2C(=O)N3C(=O)N(c4ccccc4)C(=O)C3C2C1C(C)O,C29H34N6O5,70
C=c1c(=Cc2c(Cl)c(OC)cc(C=Cc3cccc(Cl)c3)c2C(=O)O)oc(=O)n(C)c1=O,C23H17Cl2NO6,49
COC(=O)C1CN(C(C)=O)C(=O)N=C(Sc2ccccc2)S1,C14H14N2O4S2,35
Cc1cccc(CNC(=O)C2=NC(=CC=CCl)c3nnc([nH]3)N2)c1,C16H15ClN6O,37
CCn1c(C)nn2c(SC=CC=C3C=CC=C3[N+](=O)[O-])nnc12,C14H14N6O2S,37
COC1=C2CN(CC1)C2=O,C7H9NO2,19
CCOC(=O)C1=C(C(=O)OC)C(=O)OC(=O)CC(C)(C)OC1=O,C14H16O9,39
O=C(Nc1nc2c([nH]1)=CC=2)N1CCCCN(c2ccccc2)C(=O)C1,C18H19N5O2,43
CCn1nc2nc1N1C=C(C(F)(F)F)C=C(C=C1c1ccccc1OC)NC(=O)N2C(=O)c1ccccc1,C26H21F3N6O3,59
COC1=C2NCCN(C)C(=O)N(C)c3nc1nc(n3)N(C)C2=O,C13H17N7O3,40
COc1ccc(S(=O)(=O)N2CCC(=O)N(c3ccccn3)CC2)cc1,C17H19N3O4S,44
N#CC1C(=O)N(C(=O)c2ccccc2)c2ccc1cc2,C16H10N2O2,30
N#Cc1ncccc2ccccn(c(=O)[nH]1)CCC1CCCN1C2=O,C18H19N5O2,43
CCN(C#N)N=NC1=C([N+](=O)[O-])C(OC)=C1,C8H9N5O3,25
O=C1C(O)C2CCCN(CCCCCc3cc4ccc3c(Cl)c4)CCCCCN12,C24H33ClN2O2,60
CCCC(=O)N1CCCCN(C(=O)c2ccccc2)CC(=O)NC(=O)c2cccc(c2)S1(=O)=O,C24H27N3O6S,61
CCOC(=O)C(C#N)=Cc1ccc(C(C)C)c([N+](=O)[O-])c1,C15H16N2O4,37
CCCC(C)N1CC(=O)NCC(=O)c2ccc(-c3cccc(OC)c3)c(c2)S1(=O)=O,C22H26N2O5S,56
CCCC(=O)N(C)C(=O)c1cc(OC)ccc1C1=Nc2cccc(c2)N1,C20H21N3O3,46
COC(=O)c1ccc(C(=O)OC(C)C2COC(=O)c3cccc(c3)C(=O)OCC(=O)O2)cc1,C23H20O10,51
CCN(CCN1CCCCCN(C(C)C)C1=O)Cc1c(-c2ccccc2)c2ccc1cc2,C28H37N3O,69
CC(=O)N1N=C2N=CN=C1N2C=CC=C1C=CC=C1,C13H11N5O,30
O=C1CCC1=CC=CC(F)(F)C(F)(F)C(F)(F)C(F)(F)C(F)(F)C(F)(F)C(F)(F)C(F)(F)F,C15H7F17O,40
CCN(C)c1nc(Nc2ccc3ccccc3c2)n(-c2ccccc2)n1,C21H21N5,47
O=C1C=C2Sc3ccc(cc3)S(=O)(=O)N2CCCO1,C12H11NO4S2,30
CN1c2ccc(c3ccc(C(F)(F)F)cc23)C1CCCOc1ccccc1C(F)(F)F,C23H19F6NO,49
CCC(=NC1=NC1=CC=C(NC(=O)c1ccccc1)c1ccccc1C(=O)N(C)C)NC(C)=O,C26H27N5O3,61
O=C(CCN1CCCN2CC(=O)N(CC1)C(=O)NC2=O)Nc1csc2ccccc12,C20H23N5O4S,53
O=C(NC(=NC1=CC=C1)c1ccccc1)Nc1ccccc1,C18H15N3O,37
CCN(C(C)=O)C(=O)C(C(=O)c1ccccc1)=C(C(=O)c1ccccc1OC)c1ccccc1OC(C)=O,C30H27NO7,65
CCN(CC)C(=O)C1CCCN1S(=O)(=O)C1=CC=C(OC)CC1,C16H26N2O4S,48
COc1cc2nn3n(c(NC(=O)c4ccccc4)c1)C(=N2)OC3=O,C15H11N5O4,35
CC=CC=CC=Nn1c(=O)c2ccc(cc2)c1=O,C14H12N2O2,30
CC(C)(C)C1C2OC(=O)c3ccc(cc3)C(=O)N(C3CCCC3)C1O2,C20H25NO4,47
C=CC=c1nc2[nH]c1=CN(C)C(=O)N2,C9H10N4O,23
N=C(N)Nc1nc(S(=O)(=O)O)ccc1C(=O)Nc1cccc(F)c1,C13H12FN5O4S,36
O=C1N2CCCCN(CCCCc3ccc4c(c3)=CC=4)CCCC3CCN3CN1CC2,C26H38N4O,69
C=C(O)c1cccc([N+](=O)[O-])c1,C8H7NO3,19
CN1C(=O)N=C1N(c1ccc(C(F)(F)F)cc1)c1cccc(Br)c1,C16H11BrF3N3O,35
CN1CCCCN2C(=O)Nc3nc(Cl)cc2c3C(=O)N(c2ccc(F)cc2)C1,C19H19ClFN5O2,46
O=C1NC(=O)N2N=C(Nc3ccccc3C(=O)Nc3cccc1c3)C1=CC=CC2=CC=C1,C24H17N5O3,49
CCC(NC(=O)Oc1ccc(F)c2ccccc12)C(=O)NC1CCN(C)C1,C20H24FN3O3,49
CCCC(=O)C(=C(C(=O)CCC)c1ccccc1C)c1cccc(C(C)(C)C)c1,C27H34O2,63
O=C1CC2CC(=O)OC2C(C2CCCCCCCC2)O1,C16H24O4,40
CCCNC(=O)Nc1cc(-c2ccccc2OC)ccn1,C16H19N3O2,40
O=Cc1ccc(Cl)cc1Cl,C7H4Cl2O,14
CC(C)OC(=O)C(C)CCn1c(=O)cccc(F)c1=O,C14H18FNO4,37
CC(CC(C)C(F)(F)F)OC(=O)C(F)(F)F,C8H10F6O2,26
Cc1ccc(C2=CCCCC(C(=O)N3CCCC3)NC2=O)cc1F,C19H23FN2O2,46
C=C1CC1CN(CC)S(=O)(=O)c1ccc(-c2cnc(N3C(=O)N4CCC3CC4)s2)cc1,C22H26N4O3S2,57
CCCCCCCCC1CCCC2C(=O)C12,C15H26O,39
CCCn1nnnc1C(=CC=C(c1ccc([N+](=O)[O-])cc1)N(C)c1ccccc1)c1ccccc1,C27H26N6O2,61
CCN1C(=O)C(=CC=C2NC(C)=CC=C2c2ccc(OC)cc2C)C1=O,C21H22N2O3,47
CC(C)(C)CCCCCCN1C2CCN(C(=O)C3=CC3=CS1(=O)=O)C2=O,C19H28N2O4S,54
CCOc1cc(-c2nc3nc(=O)n2CCCCCCCN3C)c2cc1-2,C19H24N4O2,49
C=C(C(=CC=Cc1cc(=O)n(C)c2ccc(Cl)cc12)NC(=O)N1CCN(CCC)c2ccccc21)c1ncc[nH]1,C31H31ClN6O2,70
CN1CC2CN(C(=O)Nc3ccccc3)C(=NN2)n2c3cccc4oc(cc3)c(ccc42)S1(=O)=O,C24H22N6O4S,57
CN(C(=O)c1ccccc1OCCOc1cccc(Cl)c1)c1cc(C=CF)c(=O)[nH]n1,C22H19ClFN3O4,50
CCCCCCCCCN(CCn1c(=O)n2c(=O)n(c1=O)CCC2)C(=O)C1=CC(Br)=C1,C22H31BrN4O4,62
COC(=O)CC(SC)=C(Cl)Cl,C6H8Cl2O2S,19
CC1CN(C)C(=O)N2CCCN1C2=O,C9H15N3O2,29
COc1c(Cl)ccc(-c2cc3sc2-3)c1N(C)C(=O)N(C)C,C15H15ClN2O2S,36
COc1cccc(C(=O)C2=CC=COC2(O)OC(=O)c2ccccc2)c1,C20H16O6,42
COc1cc(OCCN2CC3CCn4nc(c5cc(ccc4C(=O)N3)S5)C2=O)cc(C(F)(F)F)c1,C23H21F3N4O4S,55
CN1CCC(NC(=O)c2ccccc2)C(=O)NC2=CC=CC1=CC=C2,C20H21N3O2,45
COc1cc(C)ccc1C(=O)N1CCCN(CN2CCN(C(=O)c3ccccc3)C2=O)C1=O,C24H26N4O5,59
CN(C)C(=O)Nc1nc2ccc(Cl)c(Br)c2[nH]1,C10H10BrClN4O,27
COc1ccc(C(=NC=CC=C2c3cc(F)cc(c3)S(=O)(=O)N2C)N(C)C(C)=O)c(OC)c1,C23H24FN3O5S,57
C=CC(=C1C=C1OC(=O)c1ccccc1S(=O)(=O)N(C)CCC(=O)N(C)C)C(F)(F)F,C20H21F3N2O5S,52
CCN(C(=O)N(C)C)c1nc2c(s1)=C(c1ccccc1)C=2,C16H17N3OS,38
CCC1(C(=O)N2CCCCC2)CN(C(=O)c2cccc(OC)c2)CCN2CCN(C2=O)C1=O,C24H32N4O5,65
CC=C1C=C1C(C)(C)c1nnc(SCC)s1,C12H16N2S2,32
CCCOS(=O)(OC)(OC)OCOC(=O)OC,C8H18O8S,35
CCCN(C)c1nc(-c2ccccc2)nc(-c2ccc(S(=O)(=O)N(CC)CC)cc2)n1,C23H29N5O2S,60
CCN(Cc1ccc(C(=O)Nc2ccccc2)o1)C(=O)c1ccccc1OC,C22H22N2O4,50
CCN(C(=O)c1cccc(-c2ccccc2OC)nnc[nH]1)C(=O)C(C)NC(=O)c1ccccc1OC,C27H29N5O5,64
CC(C)(C)C1=CC=C1c1ccc(OCCC23CCCN(CC2)C3=O)c(=O)n(C(C)(C)C)c1=O,C27H36N2O4,69
OC(Nc1nnnn1-c1ccc(I)cc1)C1C(O)C1O,C11H12IN5O3,28
CCC(=O)NC(=O)C1=CC=C2C=CC=C21,C12H11NO2,26
CCCCCOC(=O)CCCC(=O)OC(=O)C(=O)c1ccc(C(=O)OCC)s1,C19H24O8S,52
COc1cc2ccc1c1ccc(C(=O)N3CCCCC3CC(C)(C)C)cc21,C24H29NO2,56
CCC(C)NC(=O)c1ccc(S(=O)(=O)N2CCN(c3ccc(Cl)c(OC)c3)C2=O)cc1,C21H24ClN3O5S,55
CC(=O)OC1C(O)C(O)C(O)C(O)C(O)C(O)C(O)C(O)C(OC(C)C(=O)O)C(O)C(O)C1O,C18H32O16,52
O=C(C=C(F)C(F)(F)F)N1CCN2CC21,C8H8F4N2O,23
COC1=Cc2cc(OC)ccc2C(=O)N2CCN(C1=O)C(=O)c1ccc(OC)cc12,C22H20N2O6,50
CC=CC=C(Cl)C=C1C(C(=O)Nc2ccccc2Cl)=CC=C1N(C)c1nc(-c2ccccc2C)n(C)n1,C29H27Cl2N5O,64
COc1cc2cccccc3c4n(c(=O)ccc(c2)c1OC)c(=O)n3N=C(C)N=4,C21H18N4O4,47
NC(=O)c1cc2cc(c1)N(c1nnc(N3CCN4CCN(CC4)CC3)s1)C1=CC1=C2,C21H23N7OS,53
c1ccc(CN(c2ccccc2)C2OC2c2cccs2)cc1,C19H17NOS,37
CC=Cc1ccccc1-c1nc2cc(OC(C)C(=O)OC)ccc2s1,C20H19NO3S,43
CCOC(=O)CCCN1CCN(C(=O)C2=CC(C)=C2)CC1,C16H24N2O3,45
COc1ccc2n(cccc1S(=O)(=O)Nc1cc3ccc1OCCOC3=O)S2(=O)=O,C18H16N2O8S2,46
O=C1NC(=O)N2CCN3CCCN(C(=O)c4cccs4)CCC2CCC1C3=O,C19H24N4O4S,49
COc1ccccc1OCN1Cc2cccc(c2)C(NC(=O)Nc2ccccc2)C1,C24H25N3O3,54
C=CC1=C(C(=O)OC(=O)CCCCCCCC)CCCC1=O,C18H26O4,48
CC=CC=C(Cl)c1cccc(OCCn2c3nnc2s3)c1,C15H14ClN3OS,35
Cc1cccc(-c2ccc(OCCN3CCN(C(=O)C4CCCN5CN4C5=O)CC3=O)cc2)n1,C25H29N5O4,63
CC1C2CC(CN1C(=O)N(C)c1cccc3ccccc13)N2,C18H21N3O,40
COC1=C2C3=CC=C(SC=CC=C1)C(=O)N2CCCN(C)C3=O,C17H18N2O3S,41
CCCCCCn1c(=O)c2sc=2c1=O,C10H13NO2S,27
COC(=O)C1c2ccccc2C1Nc1ccc(Br)cc1,C16H14BrNO2,32
CCC(C)CCCCNC(=O)C(N)C(OC(C)=O)C(F)(F)F,C14H25F3N2O3,45
CCn1ncnc(-c2ccccc2F)nc2nc1-2,C12H10FN5,28
COC1=c2cc3oc(=O)c2cc3=CC(c2ccccc2)=C1,C18H12O3,33
C=c1cc2c(cccc(F)cccc(NC(=O)NC(=O)c3ccccc3)c(=O)[nH]1)=C2,C23H18FN3O3,48
O=c1[nH]c(=O)c2ccc(c(Cl)c2)c(=O)c2ccc1cc2Cl,C15H7Cl2NO3,28
O=C(N1CCCCC1)N1CCN(CCCC(=O)n2sc3ccccc3c2=O)CC1,C21H28N4O3S,57
O=c1[nH]c(=O)c2ncccc(Cl)ccnc2[nH]1,C10H7ClN4O2,24
COc1ccc(-c2ccc(Cl)cc2OCCN2CCN(C(=O)C(C)N3CCC3)CC2)cc1Cl,C25H31Cl2N3O3,63
CCCCN1C(=O)c2ccc(C=C(C3=CC=C3)N(CC)C(C)=O)c(n2)C1=O,C21H23N3O3,50
CN1C(=O)NCC(NC=C2C(O)=CC=C2F)=C1c1ccccc1,C17H16FN3O2,38
CCNC1=NC2=CC=C3C=CC=C3S(=O)(=O)N(Cc3ccc(OC)cc3)C2=N1,C20H20N4O3S,48
CN=c1c(C(=O)N(C)C)c(N)n(C)c(=O)n1-c1ccc2cc(C(F)(F)F)ccc2c1,C20H20F3N5O2,50
O=C(O)C=CC(=O)Oc1ccccc1,C10H8O4,22
COC(=O)c1cccc(C(=O)N(CCCC(C)=O)CCN(C)S(=O)(=O)c2ccccc2)c1,C23H28N2O6S,60
CC(C)(CCCCNC(=O)c1cccc(Cl)c1)n1c(F)cc#cc1=O,C19H20ClFN2O2,45
CC(O)C(O)Oc1ccc(F)c2ccc(-c3cc(Cl)ccc3Cl)cc12,C19H15Cl2FO3,38
COP(=O)(OCCCCCC1CCCCC1)OC1C(=O)N(C(=O)NC(=O)c2cc(I)ccc2F)C2OC12,C24H31FIN2O8P,64
CC(C)(C)CCCCCCCCCCC1=CC1=C1C(=O)C1=O,C20H30O2,52
CCN(CCN1CC1)P(=O)(O)OC,C7H17N2O3P,30
O=C(Nc1ccc(F)cc1)c1nc2nn3c-2cccccccnnc-3n1,C18H12FN7O,39
CCN1CCCN(C(=O)C2=C3C=C2SCCN(C)S3(=O)=O)CC1,C15H23N3O3S2,46
Cc1ccc(-c2cccc(C)sc(N)nn2)cc1,C14H15N3S,33
CCN(C)C(=O)c1sc(N(C)C)nc1Br,C9H14BrN3OS,29
COC1=CC=C(Cl)C=CC=CCC(=O)Nc2ccc(cc2)S(=O)(=O)N2CCN(CCN3C(=O)C(=C1)C3=O)C(=O)C2,C27H27ClN4O7S,67
CC(CN(C)S(=O)(=O)c1ccccc1)n1c2nnc1n2-c1ccc(F)cc1,C18H18FN5O2S,45
CCN(CC(O)C(=O)N1CCCC1)C(=O)C1(C2=CC=C2)CCCCC1,C20H30N2O3,54
CCCCN1CCC(C)=C(C(=O)N2CCCC2)C1=O,C15H24N2O2,43
CCN(CCc1ccccc1)C(=O)C(=CC=CC=CC(=CC=Cc1cc(C)ccc1Cl)[N+](=O)[O-])OC(C)=O,C30H31ClN2O5,69
CC(C(=O)N1CCCCC1)=C1CC1,C11H17NO,30
CCN(C(=O)c1ccc(OC)c(S(=O)(=O)c2ccccc2)c1)C(=O)N(C)C,C19H22N2O5S,49
O=C(Nc1nnnn1C(=CC=Nc1ccccc1)c1ccccc1)c1ccccc1,C23H18N6O,48
NC1CCC(F)(F)C(O)C1O,C6H11F2NO2,19
CC1CN(C(=N)NC=Nc2cccc3ccccc23)C2CCN(Cc3ccccc3)C12,C26H29N5,56
CN(CCC=CC1=CC(Cl)=CC=C(Cl)C=C1)c1nnc(N2CCC2)s1,C18H20Cl2N4S,45
O=C(c1ccccc1)N1CCCN(c2ccccc2)CC1,C18H20N2O,41
COc1c(C2=CC=C(Cl)C(=O)NCC2(C)C)cc(Cl)c(Cl)c1Cl,C16H15Cl4NO2,38
O=S(=O)([O-])NC1=NC=CC=C(c2ccccc2)S1,C11H9N2O3S2-,27
CCC1CCC2CN1CC(c1cccc3ccc(C(F)(F)F)cc13)N2S(=O)(=O)c1ccccc1,C26H27F3N2O2S,59
CN(C(=O)NN=Nc1ccccc1)C(=O)c1ccccc1,C15H14N4O2,35
CCN(C)CCCN(C=c1ccc2cccc1c2)C(=O)N1CCCC1,C21H29N3O,54
CN(C)C(=O)N(C(=O)N(C)C(=O)c1ccc(C(=O)Nc2ccccc2)cc1)C1C=CC1,C23H24N4O4,55
CC(=O)OCCN(C(=O)c1cccc(Cl)c1)C(=O)C1CCCCCN1C(=O)c1ccc2cccnc2n1,C27H27ClN4O5,63
CN(C(=O)NC(=O)c1ccccc1)c1ncc(C=Cc2ccccc2)s1,C20H17N3O2S,43
CC1CCOC(=O)c2ccccc2C2=Nc3ccc(c4c(C(=O)O)ccc2c34)O1,C23H17NO5,46
CCO[Si](OCC)(OCCCN(C)C)OC(C)(C)OC,C13H31NO5Si,51
CC(C)CN1CCCN(C2=CC=C2)C1=O,C12H18N2O,33
CN1CCCCN(CCN2CCCC3=CC=CC3=C3NC2=NC2=C(N3)c3cccc2c3)CC1,C27H34N6,65
CCN(CC(=O)OC)S(=O)(=O)C1=C2C(=O)OC3C(C(O)C3(C)C)N(C2=O)C1=O,C16H20N2O9S,45
NC1=NC2=CC(=CN1C1OC3C(O)C(O)OC31)N1CCN(CC1)c1nnc(s1)N2,C16H20N8O4S,44
CNC(=O)c1sc(Sc2ccc(OC)cc2)nc1C(=O)O,C13H12N2O4S2,33
O=C1C=CC=C1C=Cc1ccccc1,C13H10O,24
C=CC=CC(=C)n1nnn(-c2ccccc2Cl)c1=O,C13H11ClN4O,30
COC1=CC=C1N(C=O)C(C)c1ccccc1,C14H15NO2,31
C=CC=C(NC(=O)c1ccc2c(OC)ccc(C(=O)N3CCNC(=O)CC3)c2c1)c1ccccc1C,C29H29N3O4,65
COc1ccccc1-n1cc(-c2cc(Cl)ccc2Cl)nc1N1C(=O)CN2CCN3C(=O)C1CCC3C2=O,C26H23Cl2N5O4,59
CCCCC(C)C(=O)C(C)(C)C,C11H22O,34
CCCCCC1(CCC)CCCCC1,C14H28,42
O=C(NCCN(Cc1ccccc1F)C(=O)C=Cc1ccccc1)c1ccccc1,C25H23FN2O2,53
CCCCCCCCCCn1c(=O)n2c(=O)n(c1=O)C2(C)C,C16H27N3O3,49
COC(=O)NS(=O)(=O)c1ccc(OC)cc1NS(=O)(=O)c1cccc(OC)c1,C16H18N2O8S2,46
O=c1ccc2ccc(Cl)cc2n1CCNc1ccccc1,C17H15ClN2O,36
FC1=CC(=CI)C=C1Cl,C6H3ClFI,12
CCCn1c(=O)n(C)c(=O)n(C2C3OC4OC(CSCC)C(C)C2C4O3)c1=O,C18H27N3O6S,48
Cc1nc2sc1C(NC(=O)N(C)C)=Cc1cccc(c1)N2,C15H16N4OS,36
O=C1SC=CCCCCN2CCCCCCN1CC2,C15H26N2OS,45
COc1ccc(C(=O)NC(=N)c2cc(OC)ccc2OC)cc1,C17H18N2O4,41
O=c1[nH]c(-c2ccccc2)nc2c1=CC=2,C12H8N2O,23
O=C1CC2CCN1CCN(C(=O)c1ccccc1)CC2,C16H20N2O2,40
COC=CC=C1C(Cl)=CC=C1S(=O)(=O)N1Cc2ccccc2SCC1=O,C18H16ClNO4S2,42
CCCCCCN(C(C)=O)C(=O)C=C1C=Cc2cc(OC)ccc21,C20H25NO3,49
COC(=O)C1=Cc2ccccc2C(=O)C(C=Cc2ccccc2)=CC(C)=C1,C24H20O3,47
CC(=CC(F)=Cc1ccccc1)N=C(NC(=O)c1ccccc1)N(C)C(=O)c1ccc(Cl)cc1,C27H23ClFN3O2,57
CCOC(OC)(OC)OC(OC)(OC)OCCOC(=O)OCCOC(=O)OCCOC(=O)OC,C18H32O16,66
COC1=CC(OC)=C(Br)C(=O)N(C)C(=O)N2CCN(C(=O)C2C)C(=O)N(C)C(=O)C(C)O1,C19H25BrN4O8,55
C=CC#CCCCCN1CCCC1,C12H19N,32
O=C(c1ccccc1)N1CCCN(C(=O)c2ccccc2-c2ccccc2)CC1,C25H24N2O2,53
CCOP(=O)(OC)OC1C2=CC(=C2)C(=O)N1C,C10H14NO5P,31
O=C1C2CCCC2CCN2CCCCN1CCCN(C1=NC3=NC(=N3)S1)C2=S,C19H26N6OS2,54
CCC(=O)C(=CC(=O)[O-])C(=O)[O-],C7H6O5-2,18
CC(=O)OC(=O)OC(F)(F)C(F)(C(F)(F)F)C(F)(F)C(F)(F)C(F)(F)C(F)(F)C(F)(F)C(F)(F)F,C12H3F19O4,38
CC(=O)N1CCCCCc2cccc(c2)OC1=O,C14H17NO3,35
CN(C(=O)N1CCN(S(C)(=O)=O)CC1)c1ccccn1,C12H18N4O3S,38
CC(C)(C)CN1CCCC2CCN(CC2)C(=O)c2ccc3sc(c4c(c2)c2ccc4n2-3)C1=O,C27H31N3O2S,64
CCCCC(=O)N(CCCC)C(=O)C=C1C=C1Cl,C14H20ClNO2,38
CC(=O)N1CCN(C2C(=O)N(CCOc3cc4ccc3o4)CCCCC2Oc2ccccc2)C1=O,C26H29N3O6,62
CCN(CCN1CCCCC1)c1ccc(C(=O)N2C3CCCC2C(=O)N(C)C3)cc1,C24H36N4O2,64
CC(CCCCCCCOP(=O)(O)O)CCCO[N+](=O)[O-],C12H26NO7P,47
COc1ccccc1-c1ccc(N(CCN(C)C)c2nc3c4ccc(s2)c43)cc1,C24H23N3OS,52
CCCCN1CCN(S(=O)(=O)c2cccc(OC)c2)C1,C14H22N2O3S,42
CN(C(=O)c1ccccc1)c1ccc2nc1N=C2N,C14H12N4O,31
CC(C)(CCc1ccc2sc-2nc(=O)[nH]1)CC1CCCOC1=O,C17H22N2O3S,44
CN(C)CCNc1nc(N)c(C(=O)Nc2ccc(Cl)cc2O)s1,C14H18ClN5O2S,41
CCCCCCCN1CCN(CCCCC2=CC2=CBr)C1=O,C18H29BrN2O,51
CCN1C(=O)c2nnc(n2Cc2ccccc2C(F)(F)F)SC1=Nc1ccc(C)c2ccccc12,C25H20F3N5OS,55
CCN(CC)C(=O)C(C)Nc1nc(-c2ccc(C(F)(F)F)cc2)cs1,C17H20F3N3OS,44
CCCC1OC(c2cccc(OC)c2OC)=CC=C(C2=CC(C)=C2)S(=O)(=O)N2CC(=O)NC1C2=O,C25H28N2O7S,61
COC(=CC=C(Cl)C=Cc1nc1=NC#N)c1ccc(Cl)cc1C(F)(F)F,C17H10Cl2F3N3O,36
C=CC=C(NC(=O)NS(=O)(=O)c1ccccc1)c1ccccc1Oc1cccc(Cl)c1,C23H19ClN2O4S,49
COC1=CSc2nc(C(=O)NC3CCn4c(=O)n(C)c(=O)n(c4=O)C(=O)C3O)c1s2,C16H15N5O7S2,43
COC(=O)N(C)CCN(CCn1c(C)nc2ccccc21)C(=O)CN1CCN(C)C1=O,C21H30N6O4,61
C1=CC2=CC3=CC=C1CN2CCCCCN1CCN(CCCCC3)CC1,C23H35N3,61
O=C(Nc1ccccc1N=NC1=CC(C(F)(F)F)=C1)Oc1ccccc1,C18H12F3N3O2,38
COc1ccccc1N=C1SC2=CC=C2C(=O)N2CCN1CCCCCCCCCC2=O,C25H31N3O3S,63
CCOC1C(O)C(O)C(O)C(O)C1OC1OC2OC(CC(O)C(O)C2OC(C)C)OC1OC(C)C,C22H40O13,60
COc1cc(F)ccc1C=CC(=O)N(C)C(=O)N(C)C,C14H17FN2O3,37
CC1CCN(c2nnc(-c3ccc(Br)cc3)s2)C1=O,C13H12BrN3OS,31
CCCC(=O)N1CCN(C(=O)c2ccccc2N2C=NC=CC2=C2C=C2)CC1,C22H24N4O2,52
CN1CCN(C=Nc2ccc(C(=O)Nc3cc(F)cc(Cl)c3)cc2)C1=O,C18H16ClFN4O2,42
O=C(NC1CN2C(=O)C3=CC(=C3)C=CN(Cc3cccc(Cl)c3)C(=O)C12)c1ccccc1,C25H20ClN3O3,50
O=C(c1ccccc1)N1CCCCCN(CC2CCN3CCN2C3=S)C1,C20H28N4OS,53
FC(F)(F)c1cccc(N=C(c2ccc(Cl)cc2)N2CCCCC2)c1Cl,C19H17Cl2F3N2,43
O=C1CN(C(=O)c2nc3ccc2cc3)CCCCCCCCCCO1,C20H26N2O3,51
CC(=O)C1C(O)C1C1(C)CCC1,C10H16O2,25
CCN(C(=O)NC(=O)C1=Cc2ccc(OC)c1c2Cl)C(=O)c1ccccc1Cl,C20H16Cl2N2O4,43
CCCCN(C(=O)C1=C(F)C(=O)OC1=O)C(C)(C)C,C13H18FNO4,37
CN1CCCCn2c1nc1cccc(F)c12,C12H14FN3,30
O=C1NC2CCCCN(CCCc3ccc(Br)cc3)CN(C2)C(=O)c2ccc1cc2,C24H28BrN3O2,57
COC1=CC(C(=O)N2CCCCCC(CCCC(C)(C)C3C(=O)N4C(=O)N3C4=O)C2=O)=CC=CC(F)=C1,C27H32FN3O6,67
Cc1ccccc1C(=O)N1CCN(c2ccccc2N2CCC2=O)CC1,C21H23N3O2,49
C=CN=C1c2ccccc2C(=O)N(C)C(=O)N(C)C(=O)N1C,C15H16N4O3,38
CC=C1C(C)=C1C(=O)N1CCCCC1CCCCCC,C18H29NO,49
CCN(c1ccc(-c2ccccc2)cn1)c1nc(N)nc(-c2ccccc2)n1,C22H20N6,48
CC=CC=C1C=CC2=CC(=Cc3nc2n[nH]3)C=C1C,C16H15N3,33
O=C(Nc1ccccc1)C(=O)N1CCc2cccc3ccccc3ncnc21,C22H18N4O2,46
COc1cc(C(C)(C)C)n2c1C21C(=O)N(C)CCN1C,C15H23N3O2,43
COc1ccc(OP(=O)(O)OC(C)(C)Oc2ccc3c(C#N)ccc4c3c2-4)cc1OC,C22H20NO7P,51
O=C1C(=Cc2c3cccc2-3)S(=O)(=O)N2CCN(CCCCN1CCN1CCCCC1)CC2,C24H34N4O3S,66
CCN(C(=O)c1cc(Cl)ccc1Cl)c1nnc2n(C)cc(C=C(F)F)n12,C16H13Cl2F2N5O,39
CCCC(=O)OC(=O)CCCCC1CCCCCCCC1,C18H32O3,53
CCN(Cc1cccc(C2=NN3C4=NC4=CC3N2c2ccccn2)c1)S(=O)(=O)c1ccc(C)cc1,C26H24N6O2S,59
COc1ccc(OC)c(OC)c1CCN1C(=O)c2cccc(c2)C1=O,C19H19NO5,44
C=C1C=C1C(F)(F)c1csc(N2CCN3CCN(CC3)C2=O)n1,C15H16F2N4OS,39
CSC1=NC(=Nc2cccc(Br)c2)N1C,C10H10BrN3S,25
Cc1cccc(Sc2ccccc2)n1,C12H11NS,25
O=C(Nc1c2ccc(Cl)c1-2)Sc1ccccc1,C13H8ClNOS,24
CN(CNC(=O)CN(Cc1ccccc1)C(=O)OS(=O)(=O)c1ccccc1)C(=O)c1ccccc1,C25H25N3O6S,60
CN1CCCN(C(=O)C2=CC=CC=CC=C2Cl)C(=O)N(C)C1=O,C16H18ClN3O3,41
CN=C(N=CNC(=O)c1cccc(C)c1)NN=C(C=Cc1cccc(F)c1)c1ccccc1,C26H24FN5O,56
CC(=O)N(CC(C)C)C(=O)c1ccc(C(=O)N(C2=CC=C2)c2ccccc2S(=O)(=O)N(C)C)cc1,C26H29N3O5S,64
CCCC(C)N1C(=O)N2CCCC(C2)N(c2nc3cc(OC)c2c2ccc(OC)cc32)C1=O,C25H30N4O4,63
CCN(Cc1ccc2cccc(C)c2c1)C1C(=O)NC(C)C1Oc1ccccc1C,C26H30N2O2,57
CC=NN(C(=O)NC(=O)Nc1ccccc1)C1=Cc2cccc1c2,C18H16N4O2,39
O=C1NC=C2C=C2C=CSc2ccccc2NC(=O)N1,C14H11N3O2S,31
CNC(=O)N(CCCc1cccc(Cl)c1)C1=NC(c2ccccc2)=N1,C19H19ClN4O,44
CCCN(C)CCCN1C(=O)NC1=O,C9H17N3O2,30
CCCN(C(=O)c1ccc(C(C)=O)cc1)C(=O)c1cc(C)ccc1C,C21H23NO3,48
CN(C)C(=O)c1ccc(-c2ccccc2Nc2nc(-c3ccccc3)cn2C)cc1,C25H24N4O,54
CCCCSC(=S)N1CCCC(=O)N2C(=O)C(O)C(O)C(O)C(OC)C2OC1=O,C17H26N2O8S2,50
NC(N)=Nc1ccccc1C(=O)NCCCCN(C1=Cc2cccc1c2)c1ccccc1,C26H27N5O,59
CCN(CC)CCN(CC)C(=O)c1cc2[nH]c1c1c2=CC=1,C17H23N3O,43
O=c1-n-c2ccc3cccc(cc2)-n-3-c(=O)-c2ccc-1cc2,C18H12N2O2,34
C=CC=C(c1c2ccc3c1C=C2N(C)c1nnc(s1)NC(C)C(=O)N3)C(F)(F)c1ccccc1,C25H21F2N5OS,54
CCOC(=O)CC(=O)N(CCCCCC(=O)OC)C(=O)c1ccccc1C(=O)c1ccc2c(c1)C=C2,C28H29NO7,65
CCc1c(C2CCCCCCCC2)c1=O,C14H22O,37
CCN1CCCC(=O)OC(=O)NC1=O,C8H12N2O4,25
COc1ccc2c(ccc3sc(N4C(=O)N5CCC4CN(C)CC5)nc32)c1,C20H22N4O2S,49
O=C1N2CC(CCCCCOc3ccc(Cl)cc3Br)N1C1=NC1=N2,C16H16BrClN4O2,40
O=[N+]([O-])c1ccc([N+](=O)[O-])c(N(Nc2ccccc2[N+](=O)[O-])c2ccccc2)c1,C18H13N5O6,42
COC(=O)c1cccc(C(=O)C(C)(C)C2CCCCC2)c1,C18H24O3,45
COc1ccc(-c2ccc(C=CN=C(N)NS(=O)(=O)c3ccccc3)cc2)c(Br)c1,C22H20BrN3O3S,50
N=C1NC=CC=CC=CC=C(Cl)c2nc(NC(=O)c3cccc(Cl)c3)nc(n2)-c2ccccc2N1,C25H19Cl2N7O,54
COc1ccccc1-c1cc2ccc1C=CC(=O)NC(=Nc1ccccc1)NCCNC(=O)N2,C26H25N5O3,59
CNC(=O)NC1=NC=C(c2cc(Br)ccc2C)C=CN1,C14H15BrN4O,34
C=C1C=Cc2ccccc2C(=O)N(CCOc2ccc(OC)cc2)C1=O,C21H19NO4,45
CCCC(=O)c1ccccc1C(=O)N1C(=O)CSC1=S,C14H13NO3S2,33
CCC(C)C(C(=O)N(C)c1ccccc1)N1C(=O)c2cncc(c2)N=C1c1ccccc1,C26H26N4O2,56
CCCCCCCCCCCCn1c(=O)cccc2sc3c(c1=O)C(=O)N(CC2)C3=O,C24H32N2O4S,63
CC1(C)C2CCCC1C(C)(C)C2OC(=O)C=C1C=C1Cl,C17H23ClO2,40
O=C(Nc1ccc(N2C(=O)NCc3ccccc32)cc1)C1=CC=C(F)C=C(I)C=C1,C23H17FIN3O2,47
CN(C)C(=O)CN1CCN(c2nc3c4c(c2=CC=4)=CC=3)CC1,C17H20N4O,42
CC(CCCCCCc1ccccc1C#N)N1C(=O)c2ccc(C3=CC=C3)c1c2,C26H26N2O,54
CCCC1CCCSC2=C(Cl)C(=O)N1C2=O,C11H14ClNO2S,29
CCC(C)OC1=CC=C2C1=CN=C2c1cccc(C)c1,C18H19NO,38
O=C1NC2Cn3nc([nH]c3=O)-n3c(ccc31)C=CC=C1C(=O)N3CCN1CC3C2O,C19H19N7O4,46
COC(=O)c1ccccc1C(=CC=C(C(=O)OC1C2OC1C2C(C)O)C(=O)c1ccccc1)C(C)=O,C28H26O8,57
CN(C)S(=O)(=O)c1ccccc1C(Br)=Cc1ccccc1Cn1c2nnc1n2C,C20H20BrN5O2S,49
C=C(C(=O)NC(CCC)c1ccccc1)C(=O)N1CCCCC1C(C)O,C21H30N2O3,53
COC=CC=C1C(=O)N(C)CCN(C(=O)c2ccccc2)C1=O,C17H18N2O4,41
COC(=O)c1ccc(C(=O)C2C3CCCCCCC2CCCC3)cc1,C22H30O3,52
N#CC=Cc1cccnc1-c1ccccc1,C14H10N2,26
COC1=CC=C1N=C(N1CCCC1)N(C)C(=O)c1ccc(C)cc1,C19H23N3O2,47
C=CC=C1c2ccccc2C(=O)N2CC(=O)N(CCN(C(=S)N3CCCCCCC3)S1(=O)=O)C2=O,C24H28N4O5S2,63
C1=CC(C2=Nc3sc4nc3N=C(N3CCN2CC3)N4CCN2CCN3CCC(CC3)C2)=C1,C23H30N8S,62
N#CSC1=NN=C(c2ccccc2)NC(c2ccccc2)=N1,C16H11N5S,33
CN1N=C2N=C(NS(=O)(=O)c3cccc(C=CC=CC4C=CC(Br)=CC4)c3)N=C1N2,C20H19BrN6O2S,49
CCCCCCC(C(=O)C(C)(C)C)n1c2cc3ccc2nc31,C19H26N2O,48
O=C(O)C(=CC=C(C(=O)O)C(=O)c1ccccc1)Oc1ccccc1,C19H14O6,39
COCC1OC(C)C2OC2CCCCN1C(=O)c1nc2sc1CCS2,C17H24N2O4S2,45
COc1cccc(C(=CC(Cl)=CC(Cl)=CCc2ccc(Cl)cc2)C(=O)N2CCNC(=O)C2CN2CCCC2=O)c1,C30H30Cl3N3O4,69
CN(C)c1ccccc1-c1ncc(-c2ccccc2)n1CCCCNC(=O)N1CCNC1=O,C25H30N6O2,63
O=C(Nc1ccc(C(F)(F)F)cc1)N1CCN2C3=CC=CC4=CC=C3C(=CC=C4)N=C12,C23H17F3N4O,48
COC(=O)CC1CC1=O,C6H8O3,16
CCN1CN(CC(=O)N(c2ccccc2)c2cccc(C(F)(F)F)c2)N=C2C=CC1=N2,C22H20F3N5O,51
N=c1cc[nH]c(=O)[nH]1,C4H5N3O,12
OC(=Nc1cc2cc(Cl)ccc(Br)cc1-2)n1c2nnc1s2,C13H6BrClN4OS,27
C=C1C=C1NC(=O)N1CCCCN(CC)CCC1,C14H23N3O,41
CCOc1ccc(C=CC(=CC=CC=C(OC(=O)CC)C(=O)OC)c2ccc(OC)cc2)cc1,C28H30O6,64
CC(C)N(CCOc1ccccc1)C(=O)N1C(=O)NC2=CC(=C2)C1=O,C18H19N3O4,42
CC1C(N2c3cccnc32)CN(C)CCN1S(=O)(=O)c1ccccc1,C18H22N4O2S,45
C=C(Cl)C=C1C2=CC=C1OC1C3CN(C(=O)N3)C(=O)N1CCN(C)C(=O)N2,C17H18ClN5O4,43
O=C1NCCOc2ccc(cc2NC=C2Nc3ccccc3S2)C(=O)N1,C18H16N4O3S,40
O=C1N=C2Sc3ccc(cc3)C(=O)N2CCCCCN1C(=O)C1=CC=C2C=CC=C1C2(F)F,C24H19F2N3O3S,52
CCCCCN(CC1=CC(OS(=O)(=O)c2cccc(OC)c2)=C1Cl)C(=O)C#N,C19H21ClN2O5S,49
CN(C)C(=O)N(CCNC(=Nc1ccc(Cl)cc1)c1cccc2ccccc12)c1ccccc1,C28H27ClN4O,61
C=CC=C(C=CC(=C)S(=O)(=O)N1CCN(CC(=O)c2ccccc2)C(=O)C1)OC,C21H24N2O5S,53
COP(=O)(O)OC1C(O)OC(O)C1O,C5H11O8P,21
Cc1ccc(-c2ccccc2Cl)n1C(=O)NC(=O)Nc1ccccc1,C19H16ClN3O2,40
CC(=O)C(C)N1C(=O)CCN(C(=O)C2=CC=C2Cl)c2nnc1s2,C14H13ClN4O3S,36
CCCN1CCCCCC(C)(C)C(=O)Nc2ccc3cccc(c3c2)C1=O,C23H30N2O2,57
COc1ccc(CCCCN2CCN(CC(C)(C)C)C(=O)C#CC2=O)cc1,C22H30N2O3,57
CN1CCN(C(=O)c2ccccc2)c2ncccc21,C15H15N3O,34
COc1cccc(NC(=O)c2ccc(SC)c(OC)c2)c1,C16H17NO3S,38
CCCCC1=CC(c2ccccc2-n2c(=O)n3c(=O)n(c2=O)CC3)=CC(OC)=CC=C1,C24H25N3O4,56
CCCN1CCCN2CCCCN(CCCS2(=O)=O)C1=O,C14H27N3O3S,48
O=C(N1CCCN(S(=O)(=O)c2cccc(C(F)(F)F)c2)C1)N(CCOc1ccccc1F)C1=CC(C(F)(F)F)=C1,C25H22F7N3O4S,62
O=C(NC(=O)c1cccc(Cl)c1)C(=O)C(=O)c1ccccc1,C16H10ClNO4,32
CC(C)(C)CCCC1CCCN(C(=O)c2[nH]nc3c(=O)c23)C1,C17H25N3O2,46
COC(=O)C1=C(OC)C1=CC(=O)N1CCCC1,C12H15NO4,32
COC(=O)CCCCCC(Cl)C(Cl)(Cl)Cl,C9H14Cl4O2,29
Cc1cn2c3nc(C4=CC=CC=CC=C4)n(n3)c2n1,C14H11N5,30
COc1ccc2c(c1)C1=CC=CC1=CC=CCN(C(=O)c1ccc(Cl)cc1)CCNS2(=O)=O,C25H23ClN2O4S,56
CCN(C)c1c([N+](=O)c2ccc(OC)cc2)c2sc1=2,C14H15N2O2S+,34
COc1ccc2c(c1)C2=CC=C1NC(=O)N1C(=O)N(C)C,C15H15N3O3,36
COc1cccc(OC(C)C(C)OC(=O)COC(=O)c2ccccc2OC)c1,C21H24O7,50
CCCCN(C(=O)NC(=O)C(F)(F)F)C(=O)C1=CC=C1Cl,C12H12ClF3N2O3,33
c1cc2cc3ccc4[nH]nc5[nH]cc6c(ccc6c(c1)c3c(s4)s5)[nH]2,C19H12N4S2,34
O=C1c2ccc(cc2)-n2nc([nH]c2=O)SCN1c1ccccc1,C16H12N4O2S,35
CC1CCN(S(=O)(=O)C2=C3C=C4C(=CC=C2)C=CC(C#N)=C3OC4(F)F)CCN(S(=O)(=O)c2ccccc2)C(=O)N1,C27H24F2N4O6S2,64
ClC1=CC(c2nncs2)=C1,C6H3ClN2S,13
CCOC(=O)c1ccc(C(=O)N(CC)C(=O)N(CC)C(=O)c2ccc([N+](=O)[O-])cc2)s1,C20H21N3O7S,52
CCCCCN1C(=O)c2cc3ccc(F)cc3c(n2)N(C)C1=O,C17H18FN3O2,41
CCOP(=O)(Oc1cc(C(=O)OC)ccc1C)Oc1ccccc1C(=O)OC(C)C,C21H25O8P,55
COC(=O)Nc1ncccc1Cc1ccccc1[N+](=O)[O-],C14H13N3O4,34
COC(=O)N1CCC=C(C(=O)N(C)C(=O)c2ccc(OC)c(OC)c2)C1=O,C18H20N2O7,47
COc1ccc(C(=O)c2cccc(C(=O)N3CCCCC3)c2)cc1,C20H21NO3,45
COC1=CC(C(=O)OCO)=C1,C7H8O4,19
COc1ccc(F)cc2c(C(=O)N3CCCC3)ccc1C(=O)N1CCN(CC1)C2=O,C22H24FN3O4,54
COC(C)(OC(=O)c1ccccc1)C1=CC=C1,C14H14O3,31
COc1ccc2c(c1)C=CC=C(C(=O)N1CCCCC1)S2,C17H19NO2S,40
Cc1cccc(-c2csc(N(C)S(=O)(=O)c3ccc(C(F)(F)F)c(Cl)c3)n2)c1,C18H14ClF3N2O2S2,42
CC(C)CC(=O)c1ccccc1,C11H14O,26
C=C(C1=C(C)C1C1CCCC1)C(C)(C)C,C15H24,37
C=CC(=Cc1ccc(N2CCn3nc(-c4ccccc4)nc32)cc1)c1ccccc1,C26H22N4,52
COc1ccc(C(=O)N(C)C(=O)C2=CC=C2O)cc1,C14H13NO4,32
COC1=CC=CC=C(CN2CCN(C(=O)c3ccc(OC)cc3)C2=O)C=C1,C21H22N2O4,49
COC1=CC=C1OCC1OCCCC1N1c2ccc(cc2)N(C)c2nnc1s2,C20H22N4O3S,48
C=C(C=C1C=C1)C(F)(F)c1ccc(Nc2nnc(C)n2C(C)C)cc1,C19H20F2N4,44
CC(=O)N(CC(C)(C)C)C(=O)c1sc2cc(C(F)(F)F)ccc2c1C(=O)N1CCCCC1,C23H27F3N2O3S,59
CCCC1C(=O)NC(C)C1c1ccc(C(=O)N2CCCCCC2)c2ccccc12,C25H32N2O2,58
O=C1CN(C(=O)c2ccccc2)c2ccc(s2)N(Cc2ccccc2)C(=O)N1,C21H17N3O3S,45
COC(=O)c1ccc(C(=O)N(C)C(=O)C2=CC=C(F)C=C(OC)C=C2)cc1OC,C21H20FNO6,49
CCCCCCCCCCCCCCCC1C2C(=O)C1C2=O,C20H34O2,53
COC1=CC=C(c2ccccc2OC(C)=O)C(CCN2CC2=O)=CC=C1,C21H21NO4,47
COC(=O)C1=CC=C1C(=O)O,C7H6O4,17
CSC(=NN1N=C2C(c3cccc([N+](=O)[O-])c3)=CC=C21)SCOS(=O)(=O)c1cccc(F)c1,C20H15FN4O5S3,48
CC(C)(C=CC=C1CCN2C(=O)N1c1nnc2s1)c1ccccc1,C18H18N4OS,42
CCC1CCN(Cc2ccc(F)cc2)C(=O)N1,C13H17FN2O,33
C=C(C=CC(=NC(=Nc1ccccc1)c1ccccc1)C(=O)[S+](C)C(=O)[O-])C(F)(F)F,C22H17F3N2O3S,48
CCCC1=C(C)C=C1C(=CC=C1C(C)=C1C)c1nnc(SC)n1C,C20H25N3S,49
c1cc2cc(n1)N1CCCCn3c1nnc3N2C1CCOC1,C15H18N6O,39
COC(=O)c1c2sc-2c1C(C)(C)C,C10H12O2S,25
O=C(O)c1cc2c3cc-2cc-3c(=O)c2ccccc12,C16H8O3,27
CCN1CCCCC(NC2=NN2c2cc(F)ccc2Cl)C1,C15H20ClFN4,40
COC(=O)C1CCCCCCCCN(CCC(C)(C)C)C(=O)c2c3cccc2C(=O)N1C3=O,C26H36N2O5,68
CCN(C(=O)c1cccc(C(F)(F)F)c1)C1=NN1c1ccccc1,C17H14F3N3O,38
OC1C(O)C(Cn2nnn3c4cccc3c(c3ccccc32)=CC=4)C1O,C19H18N4O3,40
CN1C(=O)Nc2ccccc2SCN(c2ccc(Cl)c(Cl)c2)C1=O,C16H13Cl2N3O2S,37
CCOc1cc(S(=O)(=O)N2CCN3CCN(CC2)c2ccc(C(F)(F)F)cc2C(I)=CC(=O)NC3=O)ccc1Cl,C25H25ClF3IN4O5S,65
CCCCCCCCCCCCCC1C(=O)NC(=O)N1C(=O)c1c(F)c1=O,C20H29FN2O4,55
O=C1NCCC1n1nnnc1C1CC=CC=C1C(F)(F)F,C12H12F3N5O,32
COc1ccccc1S(=O)(=O)NC(=O)C1=CC=CNC(=Nc2ccccc2-c2ccccc2)S1,C25H21N3O4S2,55
CCCCCCCCCCC(=O)C1=CC(CC)=C1,C17H28O,46
CC(=O)NC1=CC=C(c2nc3n(n2)CC=CC=C(C2=CC=C2)N(C)CCN2CCN3C2=O)C=CC=C1Cl,C27H28ClN7O2,65
CN(C)CCN(Cc1ccccc1)c1nn2c3ccc([nH]1)C1C(c4cc(Cl)cc(Cl)c4)=CC=C(C2)C1C=C3,C31H31Cl2N5,69
CCCCN(CC)C(=O)C(C)C,C10H21NO,33
O=c1ccccccc2nnc([nH]c(=O)n1-c1cc([N+](=O)[O-])ccc1Cl)[nH]2,C16H11ClN6O4,38
CCCCCCN1CCNC(=O)c2ncc(n2-c2cccc(OC)c2)C1=O,C20H26N4O3,53
C=C(I)C=C1C=CNC(=O)NC2C(O)C2NC(=O)N1,C11H13IN4O3,29
O=C(OC1=NN=C1CCC(=O)N(Cc1ccccc1)C(=O)c1ccccc1)c1ccccc1,C26H21N3O4,54
C=C(Cl)c1ccccc1Cl,C8H6Cl2,16
CCCCCCCCCCCCCCOC(=O)C1=C(C(=O)O)C(=O)C1=C(C(=O)O)C(=O)O,C23H32O9,64
CN(C)S(=O)(=O)c1cccc2ccc(cc2)n2c(-c3ccccc3)nnc12,C20H18N4O2S,45
Cc1ccccc1-c1nnc(-c2ccccc2C(F)(F)F)n1C(C)C(C)c1ccccc1C=CC=C1C=C1,C32H28F3N3,64
CC1=CC=C1C1CCCCCCCC1C,C15H24,37
O=C1CCC2=CCCCCCCCCCCCCC2O1,C18H30O2,49
COc1ccc2c(c1)C(=O)N(C(=O)COc1ccccc1)CCN2C,C19H20N2O4,45
O=C1c2ccccc2C(=Cc2ccccc2)CC(O)C2CCN1CC2,C22H23NO2,46
C=C1C=CC=CC=C1C(=O)c1ccccc1,C15H12O,28
CCCN(CCN(C)C#N)C(=O)N1CCN(C(=O)c2ccccc2-c2ccccc2)CC1,C25H31N5O2,63
CN(CCOc1ccc(Cl)cc1)C(=O)c1cc2ccc1nc2N,C17H16ClN3O2,39
CCCCC(=O)C(=CC=C(C(=O)CC)c1cc(C)ccc1C(=O)OC)C(=O)OC,C23H28O6,57
COc1ccccc1-c1ccc(N2CCCCN(CCN3CCCCC3)C2=O)cc1,C25H33N3O2,63
CN(C)CCNC(=O)NC(=CSc1cccc(Cl)c1)c1cc(Cl)ccc1Cl,C19H20Cl3N3OS,47
CCCN(CC)C(=O)C(=O)n1c(-c2ccccc2)nc2ccccc21,C20H21N3O2,46
ClC1=CC1=CCN1CC(N2CC2)C1,C10H13ClN2,26
Cc1cc([N+](=O)[O-])c2c(N3CCCCCN(C)CC3)ncnc2n1,C16H22N6O2,46
O=C(NC(=O)c1ccccc1)NC12NC=CC=C1N=C1N=C(c3ccccc3)N12,C21H16N6O2,45
C[N+](C)(C)CC1=NC2=C1C(=O)CCCC2,C12H19N2O+,34
CCCCSC(=O)OC(F)(F)C1=Cc2ccc(s2)S1,C12H12F2O2S3,31
Cc1ccc(-c2ccc(Br)cc2)c(C(=O)[N+](C)(C)C)c1,C17H19BrNO+,39
CC(C)(C)CN(c1nnc(N2CCC2)s1)S(=O)(=O)c1ccccc1,C16H22N4O2S2,46
O=c1[nH]cccc2c3ccc(cc3S2)[nH]c(=O)[nH]1,C12H9N3O2S,25
CCCCCN(C(=O)C1=CC=C2C=CC=Cc3nnc2n3-c2ccccc21)C(=O)N(C)C,C25H27N5O2,59
C=C(Cl)C1=C(C(=O)N(CC)CCC)C=C1,C12H16ClNO,31
COC1=CC=c2ccc(cc2CN(CC(C)C)C(=O)c2ccccc2)=C1,C23H25NO2,51
COc1ccc(C(=O)N(C)C(=O)N(C)C(=O)c2ccc(C#N)cc2)cc1,C19H17N3O4,43
CCN1C(=O)CN(CCn2c(=O)c3ccc2c2ccccc32)CC1=O,C19H19N3O3,44
COC(=O)C1=CC=CC1=CSc1ccc(OC(C)=O)cc1,C16H14O4S,35
CCCN(C(=O)C1=CC=C2C=C(C=NC)C=C21)C(=O)N1CCCCC1,C20H25N3O2,50
CC(CN(c1ccccc1)c1nc2ccccc2[nH]1)NC(=O)c1cccc(Cl)c1,C23H21ClN4O,48
CN1C(=O)N2CCN(CC2)C(=O)N(c2cccc3c2=CC=3)C1=O,C16H16N4O3,39
CN1CCCc2cccn2C(=O)Nc2cc3ccc2nc3CN(C(=O)c2ccccc2)CC1,C26H27N5O2,60
CCCCC1C2C(CCN1C)NC1=NC3=NC=NC3=C1C(=O)N2C,C17H24N6O,45
O=C1COC=CC2=CC=C(C(=O)N1)c1cc(Cl)cc2c1,C15H10ClNO3,30
CC(Br)OCC(Br)Br,C4H7Br3O,15
COC(=O)C1CC(C)(c2ccc(-c3ccccc3)s2)C1O,C17H18O3S,37
O=C1CCN(c2ccccc2)C(=O)NC2CCN(C2=O)c2ccccc2CN2CCN1CC2,C25H29N5O3,61
CCc1cc(C)c(S(=O)(=O)c2ccc(C(C)=O)c(SC)c2)s1,C16H18O3S3,40
COC1=Cc2ccc3cc2N2CCCN(C(=O)NCOC1=C3)C2=O,C17H17N3O4,41
CCC(=O)Nc1ccccc1-c1ccccn1,C14H14N2O,31
CCN(CCN(CC)C1=NC(=CS(=O)(=O)N(C)CC)c2ccccc21)C(C)=O,C20H30N4O3S,58
O=C(c1ccc(C(F)(F)F)cc1)N1CCCCCC2CCCCC(=O)N(C2)C(=O)C1,C22H27F3N2O3,57
CCCCCCCCSC(=O)N1CC(=O)N(CC(=O)OC)C(=O)c2cc(C(=O)OC)ccc2C1=O,C24H30N2O8S,65
COc1cccc(C2OC(O)C(C(O)C(=O)Oc3c(OC(=O)c4ccccc4C(=O)O)ccc4ccccc34)O2)c1,C30H24O11,61
CC(N)COP(C)(=O)O,C4H12NO3P,20
O=c1c2cccn1CCCCCCCCCCCCCCC2,C20H33NO,55
CCN(C)C(=O)N(CC)S(=O)(=O)C(C)(C)C,C10H22N2O3S,38
COc1ccc2c(c1)C(=O)C(C=CC(=O)N1CCCN(S(=O)(=O)N(C)C)CC1)=C2,C20H25N3O5S,54
c1sc2nc1N1CCCN2CC1,C8H11N3S,23
CC(C)(C)CN1CCN2CCN(CC1)C(=CC=CC(=O)N1CCN3N=C31)C2=O,C20H30N6O2,58
CCCN(CC1C2CCc3ccccc3C(=O)N1CCO2)C(=O)SCC,C20H28N2O3S,52
CCCCCC(=O)N1CCC=C(C(=O)N(C)C(C)=O)Sc2cccc3cc(ccc23)C1=O,C25H28N2O4S,60
COc1ccccc1OCC(O)C1OC(=O)c2cc(ccc3cc4cc2c2cc4ccc2c3=O)O1,C28H20O7,53
COc1cc2ccc3cc2cc1N=C(NC(=O)N(C)C)NS3(=O)=O,C15H16N4O4S,40
CN(C)CCN(CCn1c2nc3ccccc3c1n2)c1ccc(Cl)cc1,C20H22ClN5,48
O=C(NC1=C([N+](=O)[O-])OC1=Nc1ccccc1)c1ccc2cc1-2,C16H9N3O4,32
CCN(C1(NC(=O)c2ccccc2OC)CC1)S(=O)(=O)c1ccc(F)cc1,C19H21FN2O4S,48
C=C(C=CN=c1nc2nc(s1)S2)[N+](=O)[O-],C7H4N4O2S2,19
CC(=O)N1C(=O)C=C2C=C2OC(C(C)C)C1C,C13H17NO3,32
CN1CCc2nn(c(=O)n2C)C(=O)N(C(=O)c2ccccc2)C(C(C)(C)C)C1=O,C20H25N5O4,54
Cc1ccc(C(=O)N(CCNC(=O)Nc2ccccc2)CCn2c(=O)c3ccc2cc3)s1,C24H24N4O3S,56
C=C1C=C(c2ccc(C(=O)N(C)C)s2)S1,C11H11NOS2,26
CCCN1CCN(c2nc(Nc3ccccc3)cc(-c3ccccc3)n2)CC1,C23H27N5,55
CCN1CCN2CCNC(=O)c3ccc(cc3CC2OC)Nc2nc3[nH]c2c2ccc(cc32)S1(=O)=O,C25H28N6O4S,62
CCS(=O)(=O)C1=CC=C1C(=O)OC1CCCC2C(=O)N3C(=O)C2C3C1,C17H19NO6S,40
CCN1CCOC(=O)Nc2cc(Cl)ccc2C=C2C(S(=O)(=O)C=C3C=CC(OCc4cccc(F)c4)=C3)=CC=C2S1(=O)=O,C30H26ClFN2O7S2,69
CCCN1CCC(=CC=CC(=O)N(CC)CCC(=O)OC)C1=O,C17H26N2O4,49
C=CC=c1c(CN2CCN(C(N)=O)CC2)ccc2c1=C2,C16H19N3O,39
CCCC1C(C)CN(C#N)C(=O)N1c1ccccc1,C15H19N3O,36
CCCOC(=O)NCCOC(F)(C(F)(F)F)C(F)(F)C(F)(F)C(F)(F)C(F)(F)C(F)(F)C(F)(F)F,C14H12F17NO3,47
COC(=O)c1ccc2c(OC)cc(C(=O)CCC(=O)OC(C)C)ccc1-2,C20H22O6,48
CCN(C(=O)C(C)N1C(=O)C(=CC=Cc2ccccc2)c2ccccc2C1=O)c1ccccc1,C29H26N2O3,59
CCCN(C(C)=O)C(=O)c1cccnc1-c1cc(C(=O)CC)ccc1OC,C21H24N2O4,51
CCCCC(=O)CCCCCCCC1CCCCC1,C18H34O,53
COC1=CC=C(C(=O)c2ccccc2C)C(=O)OC2OC3C(O)C(COC1=O)OC1OC(OC2[O+](C)C1O)C3O,C26H29O14+,60
CCCCOc1ccc2c(c1)C(=O)N(C)C(=O)C1=CC=Cc3ccc1n3C2=O,C22H20N2O4,48
COc1ccc(OCC2=CC=C2C)c(C(=O)N2CCCN(C(C)=O)C2=O)c1,C20H22N2O5,49
CCCCCCc1nc(CC)nc(-c2ccccc2F)n1,C17H22FN3,43
CN(c1ccccc1Cl)S(=O)(=O)c1ccc2[nH]ccccc3cccc2c13,C21H17ClN2O2S,43
O=C1NC(=O)c2ccc3c(c2)NC(=O)C1=CC=C=C3c1ccccc1,C20H12N2O3,36
CCOc1cccc(C2=CC3(C4=NN=c5sc(n5C)=N4)C=CC4=CC3C=C2C4(F)F)c1,C23H18F2N4OS,49
COC(=O)N(C)C(=O)NC(=NC1=C2C=C21)SC,C10H11N3O3S,28
COc1cccc(C(F)(F)F)c1S(=O)(=O)N(C)CC(=O)N(CCCn1c(=O)c1=O)C1=CC(Cl)=C1,C20H19ClF3N3O6S,53
CC(C)(C)CCc1c#cc2c(n1)=CC=2,C13H15N,29
O=C(c1cc2ccc1cc2F)N1CCCCCN(C(=O)C2CCC2)CC1,C21H25FN2O2,51
CCCCCCCCN1C2=NC(=N2)N=C1c1c2ccc(I)c1-2,C17H19IN4,41
O=c1[nH]cccc2cccc3c2ccc1N=C(C1=CC=C1)N3,C18H13N3O,34
CCCCN1CCCCN(C(=O)c2cc(OC)cc3ccccc23)C1=O,C21H26N2O3,52
CCCCN(C)C(=O)C1=C2N=C(c3cccc(OC)c3)N(C(=O)N(C)C)c3ccc2c1c3,C25H28N4O3,60
C=CC1=CC=C(C(F)(F)F)C1=O,C8H5F3O,17
C1=CC2=CC=CC(=C1)N1N=C(Sc3ccccc3)NC1=N2,C16H12N4S,32
CCN1C(=O)C(C)NC(=O)C2=CC=CC=C1C=C2,C14H16N2O2,33
CCCN(CC)C(=O)N1C(=O)N(C(=O)N2CCCCC2)C2OC1C2O,C16H26N4O5,48
Cc1ccc(C(C)N2CCCC2)cc1,C13H19N,33
CC(C)(c1ccc(C(F)(F)F)cc1)N1C(=O)NC2CCN(c3cccc(Cl)c3)C(=O)C21,C22H21ClF3N3O2,50
CC1CCCCCCN2C(=O)C3=Cc4ccc(c(=O)n4CCCC1)C2=C3,C22H28N2O2,54
BrC(Oc1c(Br)c(Br)cc(Br)c1Br)=C1C(Br)=C(Br)C(Br)=C1Br,C12HBr9O,23
CC1(C)CCC(=O)c2ccc(c(Cl)c2)C1=O,C13H13ClO2,29
CCCN1C(=O)CN(C(=O)c2cccc(C(F)(F)c3ccccc3)c2)C1=O,C20H18F2N2O3,45
CN(CCN1CCc2ccc(s2)C1=O)c1ccc([N+](=O)[O-])cc1,C16H17N3O3S,40
CC(C)(C)N(CN1CCC1=O)c1ccc(-c2cccc(F)c2)cc1,C20H23FN2O,47
CCOC(=O)c1cc2ccc1[SiH2]C=C2c1ccccc1C(C)(C)C,C21H24O2Si,46
O=C(CCCCCCCC1CCCCC1)OC1OC2OC1C2O,C18H30O5,49
CCN1C(=O)N2CC1C(C)C2=O,C8H12N2O2,22
CC(C)N1CCCCCCCC2=CC3=CC=C2C3=Cc2nc(N(C)C)nc1n2,C23H31N5,59
COc1ccc(C=C2CCc3ccccc3-c3ccc2nc3N(C)C)cc1,C24H24N2O,51
CCc1ccc(C=Cc2ccc(C(=O)OC3C4OC5C(O)C4OC53)cc2)cc1,C23H22O5,44
C=C(C=C1C=C1OC)C(=O)NC(=O)C=CC=C(C)C,C15H17NO3,36
CCOC(=O)N1CCCCCCCCCCCC1=O,C15H27NO3,46
O=C1NC2=NC(F)(c3cccc(Br)c3)C=CC=C2S(=O)(=O)N1,C13H9BrFN3O3S,31
COC1=NC2=c3c4nc(n1n4)n3CCN(C)CC2,C11H14N6O,32
CC1=CC=CC2=Nc3nc(-c4ccc(Br)cc4)nn3CCCCN(C)C(=O)C2=C(Cl)C=C1,C24H23BrClN5O,55
CN(C(=O)c1ccc(Oc2ccccc2)cc1)c1ncccc2n(C)c(=O)n1CC(=O)N2,C23H21N5O4,53
CCC1CC(C)(C)OC(=O)N1,C8H15NO2,26
CC1=Cc2cccnc2NC(=O)C1=CC(=O)NC(=O)c1cccc(Cl)c1,C19H14ClN3O3,39
CNC(=O)c1ccc(S(=O)(=O)N2CCCCC2)s1,C11H16N2O3S2,34
COC(=O)C(C(=O)N(CCn1c(=O)c2sc1nc2C(=O)O)C(C)=O)=C(OC)S(=O)(=O)N(C)C,C17H20N4O10S2,53
CCCCCCN(C)C(=O)C=CC=C1C=C1c1cc2ccc1c1ccccc21,C26H27NO,55
CC(C)(CCCCCCCN1C(=O)C2=CC3=NC(=CC3=N2)C1=O)C1CC1,C21H27N3O2,53
C=C1C=C1S(=O)(=O)N1CCCCCCC1,C11H17NO2S,32
O=C(NC(=O)N(C(=O)c1ccccc1)C1=CC(Cl)=C1)c1ccccc1Br,C19H12BrClN2O3,38
Cc1nncn1-c1nnc(N(C)Cc2ccccc2)s1,C13H14N6S,34
CSC(=NCCN(C)S(=O)(=O)c1ccccc1-c1ccccc1)N1CCC1,C20H25N3O2S2,52
COc1ccc(C(=O)Nc2cccc(N(C)C(=O)NCCc3cc(Cl)ccc3Cl)n2)cc1,C23H22Cl2N4O3,54
C=C1C=C(Nc2nccc(CN3CCN(c4ccc(Br)cc4)C(=O)NC3=O)n2)C=C1C(F)(F)F,C22H18BrF3N6O2,52
CCCN1C(=O)N(C(C)C)C(=O)C1=CC=C1c2ccccc21,C18H20N2O2,42
CC(C(=O)Nc1nc1=NC1=CC=C1)N1CCN(C)CC1,C14H19N5O,38
COc1ccc(CN2Cc3ccc4c(c(Cl)ccc4c3)CN(C)C2=O)cc1,C22H21ClN2O2,48
CC1=NC(=O)CC1,C5H7NO,14
CCCCCOC(=O)OCC(=O)N(C)C,C10H19NO4,34
CC(Sc1nc2c(s1)NC(=O)NC2)(C(=O)Nc1ccccc1)c1cccc(Cl)c1,C20H17ClN4O2S2,46
CCN1CCN2CCN(C(=O)C(OC)=C(Cl)C1=O)C2=O,C12H16ClN3O4,36
CCCN(C(=O)N(CC)C(C)=O)C1=CC(Br)=C1,C12H17BrN2O2,34
CC(=O)NC1CCCCN(C)C(=O)c2nc3sc2c(=O)n3C1=O,C14H16N4O4S,38
C=C(N=C1SCCN(C(=O)CC)C1=O)C(=O)COC(=O)c1ccccc1OC,C19H20N2O6S,48
O=C1CN2CCCN=C(N1)SCC2,C8H13N3OS,25
CCN(Cc1ccccc1)C(=O)N1CCCCC1,C15H22N2O,40
COc1ccccc1C(=O)NCCN(C)CCN1CCN(c2nc3c4cccc3n24)C1=O,C23H26N6O3,58
CN(C)S(=O)(=O)N1CCN2CCN(CC1)S2(=O)=NC(N)=NC(N)=O,C10H22N8O4S2,46
COc1ccc(C2=CC(=O)N(C)CCN2S(=O)(=O)c2ccccc2)cc1,C19H20N2O4S,46
COc1ccccc1-c1cc(N(CCCCCC2C3OC(=O)N2C3=O)CCC(C)C)ccc1C,C28H36N2O4,68
CCCCCCCCc1cc2c(=O)n(c1)C(=O)C(OC)=C2,C17H23NO3,44
CC(C)C(=O)C1=CC1=CC(=O)O,C9H10O3,22
COC(=O)c1ccccc1C=Cc1cc(C(=O)c2ccccc2)ccc1OC,C24H20O4,48
CN(C)C(=O)N1CCN(c2ccc([N+](=O)[O-])cc2)C(=O)c2ccccc21,C18H18N4O4,44
Cc1ccc(C(=O)N2CCN(C(=O)N(C)C)CC2)cc1C(=O)N(C)C(=O)c1ccccc1,C24H28N4O4,60
CCN(CC1CN2CCN1C(=O)C=CC2=O)c1ccc(OC)cc1,C18H23N3O3,47
COc1cccc(-c2ccccc2NC(=O)Nc2ccc(C(=O)Nc3ccccc3)c(NC(=O)n3ccc(C)n3)c2)c1,C32H28N6O4,70
OC1COC1CCOc1ccc2nc1c1cc2ccc1F,C16H14FNO3,33
O=C(c1ccccc1)N(c1cccc(Cl)c1)c1nnc2scccc(-c3ccccc3)nnn12,C25H17ClN6OS,51
CC1NC(=O)c2ccccc2C2=Cc3cc(ccc32)C(F)(F)c2ccccc2OCC(O)C(O)COC1=O,C29H25F2NO6,60
C=C1C(=O)N2CC1N(C(=O)c1cc(CC(C)(C)C)ccc1OC)C2=O,C19H22N2O4,47
CC(=O)N(C)C(=O)c1ccc(C(=O)N(C)C(=O)c2ccc(F)cc2)cc1,C19H17FN2O4,43
CC(=O)N(C)C1=CC=CC(Cl)=CC1=C(Cl)C(Cl)=CC(=O)N(C)c1nc2ccccc2s1,C22H18Cl3N3O2S,49
CCNc1nc2nc(n1)SC(N(C)C(=O)C(CN(C(=O)OC)C(=O)N(C)CC)NC(=O)CC)=N2,C19H29N9O5S,62
O=C(NC1=Nc2nc(Cl)ccc21)c1ccccc1,C13H8ClN3O,26
COc1ccccc1C(=O)N1CCSC(=Nc2cc(C(F)(F)F)ccc2Cl)N(C)C1=O,C20H17ClF3N3O3S,48
O=C1C(=Cc2ccccc2)C=CC(S(=O)(=O)O)=CC=CN1C(=O)c1ccccc1,C22H17NO5S,46
COP(OC)(OCCNc1nc2nc3[nH]c2n13)(OC(C)C)OP(=O)=O,C11H19N5O7P2,43
COc1cc(C(=O)N2CCCN3CCCCC2CC3)ccc1Cl,C18H25ClN2O2,48
C=C1C=C1CN1CC(C)CC(C(C)(C)C)C1=O,C15H23NO,39
COc1cccc(NC(=O)N2CCN3C2=CC=CNC(=O)Nc2cc(C(F)(F)F)ccc23)c1,C22H20F3N5O3,53
C=C(C1=CC=C1)c1nnc(-n2c(CCC)nc3ccccc32)s1,C18H16N4S,39
CCN(CCn1c(SC)nnc1-c1ccccc1)C(=O)c1cccn1-c1ccccc1,C24H25N5OS,56
CCCN1CCN2CN(c3nnc(s3)N(C)CC1)c1ccc(c3ccc(Br)cc13)C2=O,C22H25BrN6OS,56
CCN(CCCN1CCCCC1)c1cc(Cl)cc2c3cc(c-2c1)NC(=O)N3,C21H27ClN4O,53
CN(C)CCOc1c2ccc3nc(s3)sc12,C11H12N2OS2,28
CCn1c2nc3nc(cnc31)-c1ccccc1S(F)(F)(F)(C(F)(F)F)S(F)(F)(F)(F)c1ccccc1-2,C20H14F10N4S2,50
COc1cccc(Sc2ccc(F)cc2C(=O)N2CC(=O)N(C)CC2=O)c1,C19H17FN2O4S,44
COc1ccccc1NC(=O)c1c2cccc1C(Cl)=C2,C16H12ClNO2,32
C=C1C=C1CN(CC)C(=O)c1ccccc1N1CCN(CCCCC)C1=O,C22H29N3O2,56
O=C(C1=C(S(=O)(=O)c2cccc(Cl)c2)CCCCC1)N1CCCCC1,C19H24ClNO3S,49
COc1cccc(N(C)S(=O)(=O)C=CC=CC2=CN(CC(=O)Nc3nc4ccccc4s3)C2=O)c1,C24H22N4O5S2,57
CCCCCN(C(=O)c1ccccc1)C(=O)c1ccc(S(=O)(=O)c2cccc(OC)c2)cc1,C26H27NO5S,60
CC(O)CN(C(=O)CNc1nc(Nc2ccc(Cl)cc2)nn1-c1ccccc1)c1ccc(Cl)cc1,C25H24Cl2N6O2,58
CN(C(=O)C=CC=Cc1cc(C(N)=O)ccc1C(=O)Nc1ccccc1)C(=O)c1ccccc1,C27H23N3O4,57
C=CC=CC(=O)OC1C(O)C1OC(=O)c1ccccc1,C15H14O5,31
C=CC=C(C)C(=O)OCCOC(=O)c1cc(C(=O)OC2C3OC4C(OC)OC5C(O)C(O3)C2OC5C4O)ccc1C(=O)OC,C29H32O15,66
CCN1C(=O)CC2C(=O)N(CCCN2C(=O)N2CCCCC2)C(=O)c2ccccc2C1=O,C23H28N4O5,60
COC(=O)C1=C(OC2OC3C4OC(=O)CCCCCCCCC5CCCCCC(=O)OC3C2OC54)C=C1,C28H38O9,69
CN(C)C(=O)Nc1c[nH]c(C(=O)n2c3ccc2c(N2CCCN(C)C2=O)c3)c1,C19H22N6O3,49
CCN(C(=O)c1ccccc1)C(=O)c1ccccc1N(CC)C(=O)c1ccc(C)cc1,C26H26N2O3,57
COC(=O)OC1C2OC(O2)C(O)C(O)C(O)C(O)C(O)C(O)C(O)C(C(O)C(O)C2OC(C(O)C(C)OC)O2)OC(OC)C1O,C24H42O21,68
Nc1nnc(C=Cc2ccccc2Cl)n1CCOc1ccccc1,C18H17ClN4O,41
CNS(=O)(=O)C1=CC2(Br)C=CC12Br,C7H7Br2NO2S,20
FC1(F)C2=C1C2=CCCCN1CCCCC1,C13H17F2N,33
O=C(NCC1CCCCC1)c1ccc(C(=O)N2CCC2=O)s1,C16H20N2O3S,42
CCCN1CCN(C(=O)C2=CC2=Cc2ccc(F)cc2)CC1,C18H21FN2O,43
C=CC=CC=CC=C(OC(=O)c1cccc(OC)c1)C(=O)c1ccc(O)cc1,C23H20O5,48
C=C1C=C1CCCCN1C(=O)OC1C1OC(O)C(O)C1O,C14H19NO6,35
CCN(C)C(=O)C(=Cc1ccccc1)NC(=N)N(c1ccccc1)c1ccccc1,C25H26N4O,55
CCN(CC=C1C=C(C)C(C)=C1)C(=O)N1Cc2ccc(cc2OC)C1=O,C21H24N2O3,50
O=C1NC(=O)N2C=CC=C1CN1CCCN(CC1)CC2,C14H20N4O2,39
NC(=O)C(=Nc1nnc(-c2ccccc2Cl)[nH]1)c1cccc(Cl)c1,C16H11Cl2N5O,35
Cc1ccc2c3cc-2cccc2cccccc(ccc2cc1)c(=O)oc3=O,C25H18O3,46
COc1cc(F)c(Br)c(F)c1OC(=O)Nc1n[nH]c(NC(=O)NC2=CC(C(F)(F)F)=CC3=CC(=C2)NC3=O)n1,C21H13BrF5N7O5,51
CCC(=O)N1CCN(C2=CC(OC)=CC(F)=CC2=C(C#N)c2cc(Cl)cc(OC)c2)CC1,C24H25ClFN3O3,57
C=C1C(F)=CC=C1C(=O)N(CC)CC(=O)OC,C12H14FNO3,31
CC(C)(C)C1=CC=C1CN1CCC(CCC(C)(C)N2C(=O)N3CC2C3=O)C1=O,C22H31N3O3,58
O=C1C=CC=Cc2ccc(cc2)S(=O)(=O)Nc2ccccc2C(=O)Nc2nnc(s2)N1,C20H15N5O4S2,46
O=S(=O)(NCCCN1C=C2CN(COC2=CC=Cc2ccccc2)S1(=O)=O)c1ccccc1,C23H25N3O5S2,58
CNS(=O)(=O)c1ccc(C(=O)Nc2cccc(NC(=O)Cc3ccccc3)c2)cc1,C22H21N3O4S,51
Fc1cccc(N2CCCCN3CCN(CC3)c3ncnc2n3)c1,C17H21FN6,45
O=C1c2cc(Cl)ccc2CCCCCCN1C(=O)N1CCCCC1,C19H25ClN2O2,49
O=[N+]([O-])c1cc2c(=Cc3cc4ccc3cc4)cc1C=CC=2,C18H11NO2,32
COc1ccc(CCC(C)C(C)CC2C(F)=CC=C3OC2OC3=O)cc1,C21H25FO4,49
COC(=O)CC(C)CC(C)(C)C(=O)C1=C2C=C(F)C1=N2,C15H18FNO3,38
CC(C)(C)C(=O)C1CCCC1,C10H18O,29
NS(=O)(=O)c1ccc(Cl)cc1S(=O)(=O)NCS(=O)(=O)Nc1cccc(NC(=O)c2ccc(Cl)cn2)c1,C19H17Cl2N5O7S3,53
COc1ccccc1C(=O)N(C)c1ccc2c(=O)n1CCn1c(C)nnc1C2=O,C20H19N5O4,48
CCCN1C(=O)C(C)=C(NC(=O)N2CCCCC2)C1=O,C14H21N3O3,41
CC(C)CCCCOC(C)C,C10H22O,33
CCN(C(=O)c1ccccc1)C1=NC=CC=C(OC)S1,C15H16N2O2S,36
CN(C)CCCN1c2cc3ccccc3n3c1ccc23,C17H19N3,39
COc1ccc(OC(=O)N(c2ccccc2)c2nc3ccccc3cccc[nH]2)cc1,C25H21N3O3,52
CCC(=O)N1CCCCOS(=O)(=O)C=C(c2ccc(OC)c(F)c2)C1=O,C17H20FNO6S,46
O=C(C=C1C=C1)OCC1CCCCCC1,C13H18O2,33
CN(CC1CN2C(=O)N=C2c2ccc(c3ccccc23)C(=O)N1)c1ccccc1,C23H20N4O2,48
CCN1Cc2ccccc2-c2cc(OC)c(cc2OC)Oc2cc(C(C)=O)cc(c2)C1=O,C26H25NO5,57
CN(C)C(=O)N1C(=O)NC2CCOC3C(C21)N1C(=O)N3C1=O,C12H15N5O5,33
CCCCCCN1c2nc(-c3cc4cc-4c3)nc1n2,C15H16N4,35
COC1C(Cl)=C(Cl)C(Cl)=CC1C1C(=O)n2nnn(c2=O)-c2ccc(cc2)C(=O)NC(=O)c2ccccc2CN1C(=O)COC(C)=O,C29H23Cl3N6O8,69
CNC(=O)NC(=O)NC1=CSc2ccc1c1ccccc21,C15H13N3O2S,33
CN(C(=O)N(C(=O)c1ccccc1C(F)(F)F)c1ccccc1)C1=NC=NC2=NN21,C19H13F3N6O2,43
COc1ccc(C(=O)N2CCN(C3C(=O)N4CCN3C4)CC2)c(C#N)c1,C18H21N5O3,47
CC1=NC2=NC(N3CCCCC3)=NC1=NN2CCCN1CCCCC1,C18H29N7,54
CCN1CCN(C)C(=O)c2ccc3cc2C(=CC=C(OC(C)=O)O3)C1=O,C19H20N2O5,46
CCC(=O)N(CCCCC(=O)OC)C(=O)C1=C(C(=O)OC)C(=O)S1,C15H19NO7S,43
CN1C(=CC=CC=CC(=O)Nc2ccc(F)cc2)C=Cc2cccnc2NC1(N)N,C22H23FN6O,53
COC1=CC(c2cccc(OC)c2)=CSC2=C1C=CC(=O)N(C)CCCOc1ccccc12,C27H27NO4S,60
CNc1nc(-c2ccccc2)ccc1S(=O)(=O)Nc1ccccc1,C18H17N3O2S,41
COc1ccc(SCC(=O)N2CCCC(=O)N(C)C(=O)SC(=O)N(C)C2=O)c(Cl)c1,C18H20ClN3O6S2,50
COc1ccccccc(C(F)(F)F)[nH]c(=O)c2nnc([nH]2)c(=O)[nH]c(=S)[nH]c1=O,C16H13F3N6O4S,42
CCCCN(CCCCCCC(C)C)c1nc2ncc3c4ccccc4cc2c3n1,C26H34N4,64
CN1C(=O)CN(C(=O)N(C)C(=O)Nc2c(C(=O)Nc3ccccc3)ccc3ccccc23)C1=O,C24H21N5O5,55
CN(C)C(=O)C1=CC=Cc2ccc(Cl)cc2C(=O)NC1,C15H15ClN2O2,35
CCN(C(=O)CCN(C)C(=O)c1ccccc1)c1nnc(SC2=NN2C(=O)c2ccccc2)s1,C23H22N6O3S2,56
COc1csc(C(=O)Nc2ccccc2)c1N1Sc2ccccc2NC1=O,C19H15N3O3S2,42
COc1cccc(C(=O)N(C)c2nc3cc(C(F)(F)c4ccc5cc4-5)ccc3n2C)c1,C24H19F2N3O2,50
CCn1c(=O)n2c(=O)n(c1=O)CCC2,C8H11N3O3,25
O=C(NC(=O)c1ccccccccc1)Nc1ccccc1,C18H16N2O2,37
O=C1N2N=C3NN=NC1(S(=O)(=O)c1ccc(Cl)cc1)C(=Cc1ccccc1)N=C2S3,C18H11ClN6O3S2,40
Cc1ccc(C=Nc2nc(S(=O)(=O)N3CCN(c4ccccc4)CC3)cs2)cc1,C21H22N4O2S2,51
CCCCC(=O)CCOC(=O)c1c(C(=O)OC(C)(C)C)c1=O,C16H22O6,44
CN(C(=O)c1ccc(Br)cc1)C(=O)c1ccc(Br)cc1,C15H11Br2NO2,31
COC(=O)c1ccccc1C1=CN=C1c1ccc(F)cc1C(F)(F)F,C18H11F4NO2,36
CCN1C(=O)CC(=O)Oc2ccc(cc2)C1=O,C12H11NO4,28
COC(=O)C1=CC=CC(=O)OC2C3OC4OC2C(OC(C(=O)OC)C4O)C(OC(=O)c2ccc(cc2)OCCCC1)C3O,C29H32O14,66
CCCCN(C(=O)c1ccccc1OC)C(C)CSc1cc2ccc1=2,C21H25NO2S,49
CCC(O)C1OC(N2C(=O)C(Nc3cc(OC)ccc3OC)=C(C(=O)c3cccc(C)c3)C2=O)C(O)C1O,C27H30N2O9,62
COC(=O)N1CCCCCCN(C(C)=O)c2ccccc2S1(=O)=O,C16H22N2O5S,46
CN(C)C(=O)N(C(=O)Nc1ccccc1Br)c1ccc(-c2[nH]c3cc2NC3=O)cc1,C21H18BrN5O3,47
CCCC(C)N1CCN(C(=O)C2=CC=C2C(F)(F)F)C1=O,C14H17F3N2O2,38
CN1CCN(c2cc3nc(n2)-c2ccccc2C=C3)CC1=O,C17H16N4O,38
CC(=O)N(C)C1=CC=C1c1sc(=NC(=O)N(C)C)sc1-c1ccc(C)cc1,C20H21N3O2S2,48
CSC(=O)N1CCCN(C(=O)CCCC2CCCCC2)C1=O,C16H26N2O3S,48
COc1cccc2c1c1cccc(c1)c(=O)n1c3sc(nn2C=CC=C(C(=O)N(C)C)N=3)N(C)C1,C25H24N6O3S,59
COc1cc2ccc1C(=O)N(c1ccccc1)CCC(=O)N(C)C1NC(=O)CN(CC(=O)OCCO2)C1=O,C26H28N4O8,66
CC(C)(C)OC(=O)C1=CC=C(C(F)(C(F)(F)F)C(F)(F)F)C1=CC(=O)C1CC1,C18H17F7O3,45
CN1C(=O)NC2=NC(c3ccccc3)=C(N(C)S(=O)(=O)c3ccccc3)SC1=N2,C19H17N5O3S2,46
Cc1ccc(N2C3=CC=CC=CC=CC=CN=C3N3CCN4CCN(C)C(CNS4(=O)=O)C32)c(F)c1,C26H31FN6O2S,65
CN(CCCN1CCCN(C(=O)c2ccccc2Cl)C1=O)C(=O)C#CC1=CC=C1,C22H22ClN3O3,51
C=CC=C1SC(=NC#N)NC2CC2N1c1ccccc1,C15H14N4S,32
CN(C1=Nc2ccccc21)S(=O)(=O)c1ccc(Br)cc1,C14H11BrN2O2S,31
CC(=O)NC1C(O)C(O)C(O)C(O)C(O)C(O)C(OC(C)=O)C(O)C1O,C14H25NO11,41
COc1ccc(-c2nn(CN(C)C)c3ncc(-c4ccc(Cl)cc4)n23)cc1,C20H20ClN5O,47
C=C1Sc2c(cccc2CCN(C)c2ccccc2)C=C1F,C19H18FNS,40
CN1CCN(CCCN2C(c3cccc4ccccc34)=NN3C4=NC3C2=N4)CCC(O)C1=O,C24H27N7O2,59
CCCCCCCCC(=O)c1cccc(-c2ccc(C(=O)N3CCCCC3)cc2)c1,C27H35NO2,65
CCCCN(C)c1cccc(C(=O)N2CCN(C(=O)c3cccc4ccccc34)C2=O)n1,C25H26N4O3,58
COc1ccc(CCC(=O)Nc2ncc(C)s2)cc1,C14H16N2O2S,35
CN1CCCCC(NC(=O)c2ccccc2)C1,C14H20N2O,36
CCOc1ccc(-c2cccc3nc(=O)n-3c(=O)n(C)c2=O)c(C)c1,C18H17N3O4,42
CC1CC=C(C(=O)[O-])C(=O)OC(=O)CC1,C10H11O5-,26
CN1CCN2C(=O)N=C2SC(=Nc2cccc(S(N)(=O)=O)c2)c2ccccc21,C18H17N5O3S2,45
CC(=O)NC(=O)c1ccccc1C(=O)c1cc([N+](=O)[O-])ccc1C(=O)N1CCCCC1,C22H21N3O6,52
COc1ccc(-c2sc3cc2NC(=O)NC(=O)N3)cc1,C13H11N3O3S,31
CCCN(CCOc1ccccc1OC)S(=O)(=O)c1cc2ccc1cc2F,C20H22FNO4S,49
COC(C=C1C=C1)=Cc1ccc(Br)cc1,C13H11BrO,26
CCN1C(=O)N2CC(=Cc3cc(Br)ccc31)C=CC2=O,C15H13BrN2O2,33
CCCCN(C(C)=O)C(C(=O)OC)C1CCCCN1C(=O)C=C1C=C1C(=O)OC(C)C,C23H34N2O6,63
CC(C)(C)CCCCCC1C2C3CC4OC5C2CCCC5N(C3=O)C41,C22H35NO2,52
CCCC(=O)N(CC)C(=O)N(C)CCC,C11H22N2O2,37
CCNC(=O)CC(C)C(=O)c1ccc(C(=O)OC(C)(C)C)c2ccccc12,C22H27NO4,53
CCN1CCCN(C(=O)NCCSc2cc([N+](=O)[O-])ccc2Cl)C1=O,C15H19ClN4O4S,44
Cn1c(=O)n(C(=O)C=C2C=C2Sc2ccccc2)c2ccccc21,C19H14N2O2S,38
CCN1CCN(C(=O)N(C)CCOC(=O)N(CC)C(=O)N(C)C)C1=O,C15H27N5O5,52
CC=C1C(=O)N(C(=O)NCCC)c2ccccc21,C14H16N2O2,34
CCCCC1CCC(=O)N2CC(=O)N1C2=O,C11H16N2O3,32
O=C(c1ccccc1)N1CCC2CCCN(CCN3CCCCC3)CCCC21,C24H37N3O,63
COc1cc2cc-2ccc2[nH]c(=O)n(C(C)(C)C(=O)N(C)C)c2c1,C18H21N3O3,45
COC=C1C=c2c(CN(C(=O)c3cccc(Cl)c3)C(C)(C)C)ccc(C)c2=N1,C23H25ClN2O2,53
COc1ccccc1C(=O)N(C)C(=O)Nc1cccc(C(=O)c2ccccc2)n1,C22H19N3O4,48
CCN1CCN(C(=O)c2cccc(=O)n2CCCCN2CCN(C)CC2)CC1,C21H35N5O2,63
COc1cccc(-n2nc3cc(Nc4ccccc4Cl)cc[nH]c(=O)n(C)c(=O)n3c2=O)c1,C22H19ClN6O4,52
O=C(CC1CN2CCN1C2=O)N(CCN1CCCOc2cc([N+](=O)[O-])ccc2C1=O)Cc1cccc([N+](=O)[O-])c1,C26H28N6O8,67
CCN1Cc2ccccc2C(F)(F)c2cccc(c2)C=COc2ccc(OC)cc2C1=O,C26H23F2NO3,55
CSc1nnc(N(C)C(=O)C2=CC=Cc3cccc2c3)s1,C15H13N3OS2,34
O=C1c2ccc(cc2[N+](=O)[O-])-c2c(cccc2[N+](=O)[O-])C(=O)N2CCN1CC2,C18H14N4O6,42
CCCNC(=O)C1=CC=C(S(=O)(=O)N(C)C)C(F)(F)C=CC=C2C=C21,C17H20F2N2O3S,45
C=C1Sc2c(N(CC)C(=O)Nc3ccc(Cl)cc3)ccc(Cl)c2C=C1Cl,C19H15Cl3N2OS,41
O=C1Cc2cc(C(F)(F)F)ccc2NC(=O)N1,C10H7F3N2O2,24
CCn1nnnc1Nc1ccc2nc1C=C2,C10H10N6,26
CC(O)CNC(=O)C=C(C=C1c2ccccc2Nc2ccccc21)c1ccccc1NC(=O)c1cccc(Cl)c1,C33H28ClN3O3,66
CCCN1CCC(C)c2c3cc-3nc2N=C(C)NC1=O,C15H20N4O,39
COC(=CC=C1C=Cc2ccc1n2C(=O)N(C)CCn1c(=O)n(-c2ccccc2)c2ccccc21)OC,C29H28N4O4,65
COC(=O)C(CCC(C)=O)CC(C)(C)C(=O)C=C1C=C1F,C16H21FO4,41
CN1CCN(C(=O)NS(=O)(=O)c2cccc(CCC(C)(C)C)c2)C1=O,C17H25N3O4S,50
COc1cccc(C2NC(=O)N3CCN(C(=O)c4ccc(F)cc4)CC2C3)c1,C21H22FN3O3,49
CC1Nc2cc(C(N)=O)cc1c2,C9H10N2O,21
O=C(NC1CCN2CCCC12)N1C(=O)c2ccc(F)cc21,C15H16FN3O2,35
Clc1ccccc1-c1ncccc2ncc(nn2)n1,C13H8ClN5,27
CN(C)C(=O)C=CN(C(=O)Nc1nc2ccccc2s1)c1cccc([N+](=O)[O-])c1,C19H17N5O4S,46
O=C(O)C(=O)Oc1ccc(C(=O)Oc2ccccc2)cc1,C15H10O6,31
Cc1ccc(C(=O)N2CCCCCCC(=O)OCC(=O)c3ccc(s3)C(=O)CCCC2)c2ccccc12,C30H33NO5S,70
C=C(C=C1C(=O)N2CCNC(=O)N1C2)C(F)(F)F,C10H10F3N3O2,28
CC(CCSc1nc2ccc1-2)NC(=O)c1ccccc1,C16H16N2OS,35
COc1cc(NC(=O)C(=CC2=C(Cl)S2)NS(=O)(=O)c2ccccc2)cc(OC)c1,C19H17ClN2O5S2,46
COc1ccc(NC(=O)C2=CC=CN(C)C(=O)c3cc(C(F)(F)F)ccc32)cc1OC,C22H19F3N2O4,50
O=C1c2ccccc2CCCCC2CCCCCN1CC2,C19H27NO,48
O=C1CCN(CCN2CN(C(=O)c3ccccc3)C(=O)c3ccccc3C2=O)CCN1,C23H24N4O4,55
COc1cc(C=CC=CC(=O)N2CCN(C)C2=O)cc(-c2ccccc2[N+](=O)c2ccc(C)cc2)c1,C29H28N3O4+,64
CC(C)CCCCN1CCN(C(=O)c2ccccc2)CC1,C18H28N2O,49
CC(O)C1OC(NC(=O)c2n[nH]c(N3N=C4C=CN=C3N4)n2)C1O,C12H14N8O4,33
COc1ccccc1C(=O)NC1CC(C)C1,C13H17NO2,32
CCN(CCCN1CCc2ccc(C)c(c2)-c2ccc(cc2)C1=O)C(C)=O,C23H28N2O2,55
COc1ccc(CNC(=O)c2ccc3ccc4c(N(C)C)nc2n34)cc1,C20H20N4O2,46
CC(C)(C)OS(=O)(=O)OC(NC(=O)CSS(=O)[O-])C1C(O)C(O)C1O,C11H20NO10S3-,40
CC(Oc1ccccc1)C(=O)NC(=O)c1ccc2ccc(F)cc2c1,C20H16FNO3,41
CN(C)C(=O)C=CC=CC=C(Nc1ccccc1-c1ccccc1F)c1ccccc1,C27H25FN2O,55
C=CC=C1C=CC=C2C=C3c4ccccc4CN4CCN(CCCN3S2(=O)=O)C(=N1)NC4=O,C24H25N5O3S,58
CCCN1CCCCN2C(=S)NC(=O)C(OP(=O)(OCC)OP(=O)(O)O)=CC=C2[N+](=O)C1=O,C16H25N4O10P2S+,58
COc1cccc(Br)c1-c1cccc(C(=O)N2CCCN([SH](=O)=O)CC2)c1,C19H21BrN2O4S,48
COc1cccc(C(=O)N2CCCN(c3ccccc3)C(=O)C2)c1,C19H20N2O3,44
CC(C)(C)C1=CC1=CC1=CC=C1C(=O)N1CCCCC(C)(C)C1=O,C21H27NO2,51
CNC(=O)c1ccccc1N(C(=O)Nc1ccccc1)c1ccccc1,C21H19N3O2,45
C#Cc1ccccc1C(=O)NC1CCCOC1CN(CCC)C(=O)c1ccc(OCC)cc1,C27H32N2O4,63
CCCCN(CCCCC[Si](C)(C)C)[Si](=O)O[Si](C)(C)O[Si](C)=O,C15H37NO4Si4,61
CCCN1CCn2c(-c3ccccc3)nnc21,C13H16N4,33
CCCOC1C2OC3CC2N(CCCCCC2CCC4=CC2=C4)C31,C21H31NO2,50
O=C1NC(=O)c2ccc([nH]2)C2=CC=C3C=CC=C1C32C(=O)O,C16H10N2O4,31
CCN(C)C(=O)C1=CC=C1c1ccc2c3nnc([nH]3)n3nc-2n1C(C)C3=O,C18H17N7O2,42
CCCC(=O)N(CC)C(=O)C1COP(=O)(OC)OC(=O)N1,C11H19N2O7P,39
CC(c1ccc(Cl)cc1)C1C(=O)N2CCCCCN1CC2,C17H23ClN2O,42
O=c1[nH]c(=O)c2c(ccc3c4ccc(c5cccc52)c2cccc5c4ccc3c52)[nH]1,C26H14N2O2,42
CCCCCC1=CNC(=S)NC(C)=N1,C10H17N3S,29
COC(=O)C=CC=C(C)C(=O)OC1CCN(C(=O)c2ccccc2OC)C1=O,C20H21NO7,48
O=C1c2cc3c(=O)n(c(=O)c2)CCN1CCCCCCCCCO3,C18H24N2O4,48
CN(C(=Nc1ccc(S(=O)(=O)N(C)C)cc1)C1=NC=C1)c1ccccc1,C19H20N4O2S,46
CC1C(C2C(=O)N(C)CCN2C(=O)c2ccccc2C(F)(F)F)N1c1cc(F)ccc1C(F)(F)F,C23H20F7N3O2,52
CCN(C(=O)CNC(=O)c1ccc(C(=O)c2ccc(Cl)cc2)s1)C(=O)c1ccccc1OC,C24H21ClN2O5S,54
CN1CCNC(=O)NC(=O)C(c2ccc(Cl)cc2)=CC=C([N+](=O)[O-])C1=O,C16H15ClN4O5,41
C=CC=C(Nc1ccccc1)c1ccccc1C(=O)N1CCCNC1=O,C21H21N3O2,46
CCSC(=NCc1ccccc1Cl)N(CC)C(=O)c1ccc(Cl)cc1,C19H20Cl2N2OS,45
CN(C)C(=O)C1CN2C(=O)C(COc3ccc([N+](=O)[O-])cc3)N3CCN(C3=O)C(=Cc3ccc([N+](=O)[O-])cc3)N1C2=O,C26H25N7O9,65
C=CC=Cc1cc(F)cc(C(=O)N(C)CC(=O)O)c1,C14H14FNO3,33
CN1C(=O)NC(=O)SCCCSC(=NC(F)(F)F)SC1=O,C9H10F3N3O3S3,31
O=C1CC(=O)C1CCCCCCCCC1CCCCC1,C18H30O2,50
CCN1C(=O)COP(=O)(OP(=O)(O)O)OP(=O)(O)OCC(=O)N(CC)c2nccn2C1=O,C12H19N4O13P3,51
C=C1C=CC(S(=O)(=O)N2CCN3CC2CN(CCC)C3=O)=C2C=C1C=C2C(F)(F)C(F)(F)F,C21H22F5N3O3S,54
COc1ccc(C(=O)OC2COC(=O)OC2C(CCC(C)(C)C)OC(=O)c2ccccc2)cc1,C26H30O8,61
O=C(Nc1ccccc1Cl)OC1=CC=CC=C2C(=CC=C2[N+](=O)[O-])C=C1,C19H13ClN2O4,39
CC1CCCCCCCCCCCCC1C1C(=O)OC(=O)C1C,C20H34O3,53
CN1CCN2CCN(C)c3cc(-c4ccccc4F)nc(n3)N(CCN(C)C1=O)C2=O,C21H26FN7O2,57
O=[N+]([O-])C(=C(Cl)C=C(Cl)Cl)C(Cl)=C(Cl)C(Cl)=CC(Cl)=C(Cl)C=C(Cl)C=Cc1c(Cl)ccc(Cl)c1Cl,C20H7Cl12NO2,42
O=C1OCC(=O)N(CSc2ccccc2)C(=O)c2ccccc21,C17H13NO4S,36
C=C(C(=O)C(CC)CCCC)C1=CC=C1,C14H20O,35
C#CC(=O)N1CC(C)C(NC(=O)c2cccc(F)c2)C(O)C1,C16H17FN2O3,36
COc1ccc(-c2ccc(=O)n(C3CCCCC3)c(=O)c2)cc1OC,C20H23NO4,48
COc1ccc(F)cc1S(=O)(=O)N(C(=O)C1=CC=CC(=O)CCCN1C(=O)N1CCCC1)C(C)C,C24H30FN3O6S,65
COc1cccc(N(Cc2ccccc2)N=C(c2ccccc2Cl)c2ccccc2NC(=O)N(C)C)c1,C30H29ClN4O2,66
ClC(Br)(Br)C(Cl)(Br)CCCCCC1CC1,C10H15Br3Cl2,30
CN1CCN(C(=O)c2nnc(N(C)C(=O)C3=CC=C3)s2)CC1,C14H17N5O2S,39
CC1CCC(CCCC2CCCCC2)c2ccc(oc2=O)C(=O)O1,C20H28O4,51
NCC(COc1ccccc1)NC(=O)C1=NCN2CCN(C2=O)C(c2ccccc2)=N1,C22H24N6O3,54
COc1cc(Sc2ccc(-c3cccn(C(=O)N(C)C(=O)c4ccccc4)c3=O)cc2)ccc1C(N)=O,C28H23N3O5S,60
O=C1N2CCCCCN3CCCN1c1ccnc(n1)N(CC3)CC2,C17H26N6O,50
COCCN(C(=O)c1ccc(NC(C)=O)cc1)C(=O)c1ccc(-c2ccc(C(=O)O)s2)s1,C22H20N2O6S2,52
CCN(C(=O)O)C(=O)c1ccc(C(=O)N(C)C)c(=O)[nH]1,C12H15N3O5,34
C=C1C(Cl)=C1S(=O)(=O)N1CCCCCCCN2CCC1C2=O,C15H21ClN2O3S,42
O=C1NC(=O)N2CC3OC(COC(F)(F)C(F)(F)C(F)(F)F)C2C3OCO1,C12H11F7N2O6,33
CN1N=C(Sc2cccc3ccccc23)NN(C)c2cc3ccc(NC(N)=O)c1ccc2S(=O)(=O)N3,C24H23N7O3S2,59
CCNC(=O)c1ccc(-n2nc3n2N3c2cccc3ccc(OC)cc3n(C)[nH]2)cc1,C22H23N7O2,53
CCCCCC(C)(C)C1=NC2=NN3C4=NC13c1cc4ccc12,C18H20N4,42
COc1cccc(C(=O)N2CCCC(NC3=NC4=NC(=Cc5ccccc5C)C4=N3)C2C)c1,C26H27N5O2,58
C=Cc1ccccc1-c1ccc(CN2CCC2)cc1OC,C19H21NO,42
Cc1cccc2c1C(=O)N1CCCN(CCN3CCN4CCN(C4=O)C(=O)N2CC3)C1=O,C22H28N6O4,60
COC(=O)c1ccccc1C(=O)NC(=O)C1=CC=C1C=C1C=CC=C1Cl,C20H14ClNO4,40
CC(C)(C)C1c2ccccc2C2CCCCCCCC21,C20H30,47
C=C1C=C2C(C)=NN1c1nnc(s1)N=C2c1ccccc1,C15H11N5S,32
COc1cccc(N2CCCN(c3ccc(Cl)cc3F)C2=O)c1,C17H16ClFN2O2,39
COC(=O)c1cc(OCC(=O)N2CCCCC2)cc2c1=CC=2,C17H19NO4,41
CN1CCSC2=NC3=CC=C4C(=CC=C3)N(CCN42)C1=O,C15H16N4OS,37
CN1CCCCCCCCN(CCCCCOC2=CC=C2)C(=O)c2ccc(cc2)C1=O,C26H36N2O3,67
CCC(=O)N(C)c1nnc(NC=C(C(=O)c2ccccc2)c2ccccc2)s1,C21H20N4O2S,47
Cc1c(C(=O)Nc2ccccc2Cl)cnc(NC(C)(C)C(=O)Nc2ccccc2)c1-c1ccccc1,C29H27ClN4O2,63
CCCCN(CCn1c(=O)ccc2ccc(C(F)(F)F)cc2c1=O)C(=O)Nc1ccccc1,C24H24F3N3O3,57
CCSc1ccc(NC(=O)c2ccc(C)cc2)ccccc(C(=O)N(CC)C(=O)c2ccccc2OC)c1,C31H32N2O4S,70
CCN(CCN(C)c1ccccc1)C(=O)C=Cc1ccccc1N(CC)c1ccccc1OC,C29H35N3O2,69
CCN1CCN(CCN2CCCN(c3ccccc3)C2=O)CC1,C18H28N4O,51
CCCN1CCCN2C(=Nc3cc(OC)ccc(c3=O)C1=O)Nc1cc(Cl)ccc12,C22H23ClN4O3,52
CCC(NC(=O)c1ccc(SCc2ccccc2)cc1)C(C)OC(=O)c1ccc(OC)cc1,C27H29NO4S,60
CCOc1cc(C(=O)N(C)C)cc(-c2ccccc2Cl)c1,C17H18ClNO2,39
CCCN(CC(C)(C)C)c1cccc(N2CCN(C)C2=O)n1,C17H28N4O,50
CN1CCCNc2ccccc2-n2c1nc1ccccc12,C17H18N4,39
O=C(Nc1ccnc(-c2ccc(F)cc2)n1)c1ccccc1,C17H12FN3O,34
COC(=O)C1=C(C(=O)OC)c2ccccc2OCCC2OCCCC2OC1=O,C20H22O8,48
O=C1N(CCN2Cc3nnc([nH]3)Nc3cccc2c3)CCN1c1ccccc1,C20H21N7O,48
CN1C(=O)NC2=CC=C(NC1=O)C2=CC=CN1CCN(c2ccccc2F)CC1,C21H22FN5O2,51
COC1=CC=CC(C(=O)N2CCN(c3ccccc3)C2=O)=CC=C1,C19H18N2O3,42
COc1ccc(C(=O)N(C(C)=O)C(=O)c2n[nH]c(-c3cccc(Cl)ccc(C(F)(F)F)cc3)n2)cc1,C24H18ClF3N4O4,53
CN1CCSc2nnc(s2)N(c2ccccc2)C1=O,C12H12N4OS2,31
CCCCN1CCCC(C)NC(=O)c2ccc(cc2)S1(=O)=O,C16H24N2O3S,45
COC(=O)c1ccc2cccc(Cl)c2c1C(C)C(=O)OC,C16H15ClO4,36
C=C(c1ccccc1)S(=O)(=O)NC(=O)NC1=NC=CC(=CC=CC=CC=CC=C2C=C2)S1,C24H21N3O3S2,53
O=C1CCCN2C(=O)CSC2=NN1,C7H9N3O2S,21
CC(CCCCCCOc1cccc(NC2=NC3=C2S3(=O)=O)c1)C(=O)N(C)C,C20H27N3O4S,54
CC1=NC(=Nc2ccccc2C=C(C(=O)c2ccccc2)C(=O)c2ccccc2)N1,C25H19N3O2,48
O=C(Nc1ccccc1)C1=CC=CN=C2SC(NC(=O)c3ccccc3)=NN=C(S1)S2,C21H15N5O2S3,46
CCCCCCCCCCC(=O)CCC(=O)OC(=O)OC(=O)CCCCC,C21H36O6,63
O=C(Nc1ccccc1)C1=CC=CC=C(C(=O)Nc2ccccc2Cl)N1,C20H16ClN3O2,41
COC(=O)c1ccccc1C(=O)N1CC(=O)N(C)C1=O,C13H12N2O5,32
CCN1CCN(CC(C(=O)O)N2C(=O)N(C3=CC=C=C=CC(F)=C3)c3nnc2s3)C1=O,C19H17FN6O4S,47
O=C(NC1CCCCC1)c1ccc(-n2ccnc2-c2ccccc2)cc1F,C22H22FN3O,48
CC(C)(C)N1CCN(C(=O)C2=CC=C3C4=C(CN3CCC4)S2)C1=O,C18H23N3O2S,47
CC(C)(OC(=O)CCCCCCCCCCCCC(=O)O)O[N+](=O)[O-],C17H31NO7,56
CCN(C)C(=O)N(CCCc1cccc(Cl)c1)CCN(C)C(=O)c1ccccc1C#N,C24H29ClN4O2,60
O=C1OCCOC2COC(=O)N(C(=O)c3ccccc3)C2COC(=O)c2cc1ccc2Cl,C22H18ClNO8,48
CC1(C)CC(=O)N(C(=O)N2CCCCC2=O)C(=O)c2ccc(cc2)CC1=O,C20H22N2O5,49
Cc1ccc(-c2ccccc2)c(Nc2ccc(NC=O)c(C(F)(F)F)c2)n1,C20H16F3N3O,43
C=C(Cn1c(C)nnc1-c1ccccc1)C1=CC=C1,C16H15N3,34
COc1ccc2c(c1)N(C(=O)N1CCC(=O)NC(=O)c3cc1cc1ccccc31)C2,C23H19N3O4,49
CCCCNC(=O)c1ccc(Cl)nc1NS(=O)(=O)c1ccc(OC)cc1Cl,C17H19Cl2N3O4S,46
CCCCCOC1=CC=C1C(=O)N(C(=O)c1ccccc1)C(C)CC,C21H27NO3,51
CN(C)C=O,C3H7NO,12
COC(C)=C(C)C=C1NC1=O,C8H11NO2,21
CC(C)(C)OC1C2C3C4CC1N1C(=O)N2c2ccc(s2)C(=O)N4C(=O)N(C(C)(C)C)CC31,C23H30N4O4S,56
O=c1[nH]c2ccc2ccccccccccccc2nnc12,C19H15N3O,38
CN(C)C(=N)N,C3H9N3,15
CC(OS(=O)(=O)c1ccccc1)C(=O)Oc1cccc(C=Cc2ccccc2)c1,C23H20O5S,48
CCCCCCCCC1=CC(C=O)=C1,C13H20O,34
O=C(NC1=CC=C(F)C=CC(Cl)=C1C(F)(F)F)N1COc2ccccc21,C17H11ClF4N2O2,37
Fc1cc2cc(OCCCCN3CCCC3CN3CCC3)c1-2,C18H25FN2O,47
NC(=O)c1ccc(F)cc1C1=CC(N2N=C3NN=C(NS(=O)(=O)c4ccc(Cl)cc42)S3)=C1,C19H12ClFN6O3S2,43
COc1cc(C(=O)N(C)C(C)=O)c2c(OC)cccc2c1,C16H17NO4,38
CCCCCCCCCCN1CCCC(n2c(=O)ccc(OC)cc3sc=3c2=O)C1=O,C24H34N2O4S,64
Cn1c(Sc2ccccc2C=C(Cl)c2cccc(Cl)c2)ncnc2nnc1s2,C19H13Cl2N5S2,41
COc1ccc(C(F)(F)F)c(-c2ccc(C(=O)NC3CC(CCN(C)C)C(NS(=O)(=O)c4ccccc4)C3O)s2)c1,C28H32F3N3O5S2,70
O=C(O)CCCCCCCCCCC1CCCCC1,C17H32O2,51
CC(=O)Nc1cccc(N2N=C2N2C(=O)N(C(=O)C3=CC=C3)C(C)C2C)c1,C19H19N5O3,44
O=C1C2C(CCCCN3CCN4CCN1CC4C3)N1CCN2CC1,C18H31N5O,53
CC(C)(C)N(CCON=c1c2ccc(Cl)cc12)C(=O)N1CCCCC1,C19H26ClN3O2,51
COC(=O)c1cc(CN2C(=O)c3ccccc3C2=O)ccc1C(C)=O,C19H15NO5,40
CC(=O)OC1C(=O)OCC1OC(=O)c1ccccc1C=CC=CC=Cc1ccc(C)cc1C(C)(C)C,C30H32O6,66
CCN(C(=O)c1ccccc1)C(=NC=C1c2nnc([nH]2)-c2ccccc21)c1ccccc1,C26H21N5O,52
C1=C(c2ccccc2)CN(c2ccccc2)CCN(C2=NN=N2)N=C1c1ccccc1,C25H22N6,53
CC(C)N(CCn1nnc2ccc(C(F)(F)F)cc21)C(=O)c1ccc(C(F)(F)F)cc1,C20H18F6N4O,49
C=CC=C(C(=O)N(C)C(=O)c1ccccc1)c1c([N+](=O)[O-])ccc(OC)c1O,C20H18N2O6,46
COc1ccc(C(C)c2nn(N3c4nc3c(-c3ccc(F)cc3)[nH]4)c(=O)n2C)cc1,C21H19FN6O2,48
CCN1CCN(C(=O)N2CCSc3ccc(OC)cc3C2=O)C1=O,C16H19N3O4S,43
CCOC(=O)c1cccc(-c2cc(C(=O)OCC)ccc3c(C(=O)c4ccc(OC)cc4)ccc-3c2=O)c1,C31H26O7,64
O=C1NC(C=CC=C2C=CC=C2)=Nc2ccccc2N1,C16H13N3O,33
O=S(=O)(c1ccccccc(-c2ccccc2)[nH]1)N1CCCC1,C18H20N2O2S,42
CCCN1C(=O)OC(C)(CSCC(=O)OC)OC1=O,C11H17NO6S,36
CCCC(=O)N1C(=O)C2=CC=CC(=CC=C2C(=O)OC)c2nnc1s2,C17H15N3O4S,40
CCCCN1CCCCCCn2c(=O)cccc(c2=O)-c2ccc(OC)cc2C1=O,C24H30N2O4,60
CC1(C)CN2C(=O)C(=C3c4ccc(cc43)C2=O)C(=O)N1CCCN1CCC1,C21H23N3O3,50
CCCC1CCCCN1C(=O)c1c(OC)ccc2cc(OC)ccc12,C21H27NO3,51
CC1(CCCCC(=O)OC(C)(C)C)CC1,C13H24O2,39
CCCCN(C(=O)c1ccccc1)c1nc2c(s1)C2=CC(=O)OCC,C19H20N2O3S,45
CC=NC(=Nc1ccc(Cl)cc1)c1ccccc1,C15H13ClN2,31
O=C1c2ccc(C(Cl)=CN3CCN(CCN(Cc4ccccc4)C(=O)c4ccccc4)CC3)c1c2,C29H28ClN3O2,63
COC(=O)CN1CC(C)CCOC(=O)c2ccccc2C1=O,C16H19NO5,41
O=P(O)(O)OP(=O)(OC(O)(F)C(F)(F)F)N1CC1,C4H7F4NO7P2,25
NC(Cn1cccc1-c1cc2ccc1-2)c1ccccc1,C18H16N2,35
CCN(CC1CCCN(C(=O)c2ccccc2)C1)S(=O)(=O)c1cccc(F)c1,C21H25FN2O3S,53
COc1cccc(S(=O)(=O)N(CCC2CSC2)C(=O)c2ccccc2OC)c1,C20H23NO5S2,51
CCCCCCCCN1CCC(C(=O)OC(C2NC(=O)O2)C(NC(C)=O)C(O)C(=O)OC)NC1=O,C22H36N4O9,66
CCCCCC1C(Br)(Br)C1(Br)Br,C8H12Br4,24
O=C(c1nc2ccc1C(N1CCCCC1)C2)N1CCCCC1,C18H25N3O,47
O=C(Nc1cccc(=O)[nH]c1=O)c1cccc(Cl)c1,C13H9ClN2O3,28
CCCNC(=O)c1sc(=NC(=O)N(C)CC(NC(=O)c2ccccc2)C(=O)OC)[nH]c1C,C21H27N5O5S,57
Cc1ccccc1N=C(NC(=O)N(C)c1ccc(Cl)cc1)c1ccccc1,C22H20ClN3O,47
CC(C#N)=C1CCCN(CCN2CCCCC2)C1=O,C15H23N3O,42
CNc1nnc(N(C)c2ccc(-c3cc(C(F)(F)F)ccc3Cl)cc2)s1,C17H14ClF3N4S,40
Cc1ncnc(Nc2ccccc2C=CC=Cc2ccc(C(F)(F)F)cc2)n1,C21H17F3N4,45
CC1CCN(C(=O)c2ccccc2-n2ccnn2)CCCN1C,C17H23N5O,45
CCCCCCCCCCOC(=O)OC,C12H24O3,39
CCN1C(=O)c2cc(C(F)(F)c3ccccc3)nc(n2)N=NN(C)C1=O,C16H14F2N6O2,40
COc1cc(S(=O)(=O)N(C)CCCC23CCCCCCN(C(=O)C2)C3=O)ccc1Cl,C21H29ClN2O5S,59
CCNC(=O)c1ccc(C(=O)NC(=O)C2=CC=C2SC2=CC=CCC2)cc1,C21H20N2O3S,47
COc1ccc(N2N=C(c3ccccc3)N=C(c3nccn3C)NC2=O)cc1,C20H18N6O2,46
CC1C2=CC=C2C(=O)N1CCCN1CCCCC1,C15H22N2O,40
COC(=O)C1=C2C(=O)OC(=O)C(OC(=O)c3ccc(c(C(=O)OC)c3)C2=O)C(OC(C)=O)CCCCCCOC1=O,C27H26O14,65
CCCCCC1CC2CCC(C1OS(=O)(=O)C1=Cc3cc(OC)ccc31)C2C(=O)OC,C24H32O6S,58
O=C1C2CN(c3ccccn3)CCN1CCN2,C12H16N4O,32
COc1ccc(C(=O)n2c(=O)[nH]c3c2=CC=CC(Cl)=CC=3)cc1,C17H13ClN2O3,36
CCCCCCCN1CCC=C(C2=C(Nc3ccc(F)cc3)c3cc(C(F)(F)F)ccc3C=CN2)C1=O,C29H31F4N3O,67
C=C1C=CC(=O)N(CCNc2nnc(-c3cccc(OC)c3)[nH]2)S1(=O)=O,C16H17N5O4S,42
CN1CCN2c3nc4cc(C(F)(F)F)ccc4n3C2C1,C13H13F3N4,33
FC(F)(F)C(F)(F)C(F)(C(F)(F)F)C(F)(F)I,C5F11I,17
CC(=O)N(C)C(=O)N1CCN(C(=O)C2=C([N+](=O)[O-])C=C2N)CC1,C13H17N5O5,40
CCCCCC(=O)N(CC)c1nc(C)cc2ccccc12,C18H24N2O,45
COC(=O)Cc1ccccc1-c1cc2cc(c1OC)C2=O,C17H14O4,35
CCCC1=C(C)c2ccc(s2)C2=NNC(=CC=C1C(=O)N(C)CC)S2,C19H23N3OS2,47
CCN(C(=O)N(C)C)C(C)OC,C8H18N2O2,30
Cc1nc2nn1-c1ccccc1C(=O)N(CCN1Cc3ccccc3C1=O)CCN(C)C2=O,C24H24N6O3,57
COc1ccccc1-c1ccc(N(C)C)cc1SC,C16H19NOS,38
O=C(C1=CC1=C[N+](=O)[O-])N1CCN2CCCC1CC2,C13H17N3O3,36
CN1C(=O)c2ccccc2C(=O)NCC=Cc2nnc1[nH]2,C14H13N5O2,33
CCCC(=O)N(CC)CCN(C)S(=O)(=O)c1ccccc1C1=CC=C1C1=CC=C1,C23H28N2O3S,57
CCN1C(=O)NC(=O)C=CC=C(OC)c2cccc(c2)C1=O,C16H16N2O4,38
COC(=O)C(NC(=O)C1=CC=CC2=CC1=CC=CN2c1ccccc1OC)C(=O)O,C22H20N2O6,49
CCCCCCN1CCCN(C2CCCN(S(=O)(=O)c3ccc(OC)c([N+](=O)[O-])c3)C2)C1=O,C22H34N4O6S,67
CC1CCCN1C(=O)NC=C1C=C1Cl,C10H13ClN2O,26
O=C(O)NC(=O)Nc1n[nH]c2ccc-2s1,C7H6N4O3S,20
CCN(CCC(=O)N(C)C)C(=O)c1cc(OC)ccc1C(=O)Nc1ccc(Br)cc1,C22H26BrN3O4,56
CN(C)CC(=O)N(Cc1nc2[nH]c(N)nc3nc1C1=CC=C(C=CC=C3C=CC=C1)NC(=O)N2)c1ccccc1,C29H29N9O2,68
CN1CN(C(=O)c2ccccc2)C=CC=C(C#N)C1=O,C15H13N3O2,33
O=C1NC(c2ccccc2)=NN=C2C(=CC=CC(F)(F)c3ccccc3)N12,C20H14F2N4O,41
N#CC=C1C(=O)NCCN(c2ccccc2)CCCn2c(cc3ccccc32)C1=O,C24H22N4O2,52
CC1CCN2CCCN(C2=O)C(=CC=C2Nc3ccccc32)C(=O)N1,C19H22N4O2,45
CCCCCCCCN1CCC(=Nc2cc3ccc(C(F)(F)F)cc3c3ccccc23)C1,C27H31F3N2,63
O=C(NC(=O)c1ccccc1)Nc1ccccn1,C13H11N3O2,29
CCN1CCN(c2ccc(CCN3CCCN(C)C3=O)c3ccccc23)C1=O,C22H28N4O2,56
O=C1NC(=O)C2=CC=C1C2=CC=COc1ccccc1,C16H11NO3,31
CCOC(=O)N1CCC(=O)N(c2nnc(-c3cc4c(C#N)cc3=4)s2)CC1,C17H15N5O3S,41
CNC(=O)C1=CC=C(c2ccccc2)C2=Cc3cccc(c31)N=C(Nc1ccc(Cl)cc1)N2,C27H21ClN4O,52
CCCC(COc1cc2c(OC)c-2c1)C(=O)N(C)C,C15H21NO3,40
CN1CCN2CCN(S(=O)(=O)c3ccccc3)C(=CC2=O)NC1=O,C15H18N4O4S,42
CCCCC(C)C1C2=CC21,C10H16,25
COc1ccc2c([N+](=O)[O-])ccc3c2c1-c1ccc-3c(N2CC(N)CN(CCN(C)C)C2=O)n1,C24H26N6O4,59
CCCn1c(=O)[nH]c(=O)c2cc-2cc2ccccc2c1=O,C16H14N2O3,35
COc1ccc2c(=O)[nH]n(NCS(=O)(=O)c3ccccc3)c(=O)c2c1,C16H15N3O5S,40
CCCSCCCCCCCCOC(=O)CC(F)(F)F,C14H25F3O2S,45
CN(C)CCN1CCNC(=O)c2c3nc4nc(c5ccccc5n24)N3C2CCCC(OC(C)(C)C)C21,C27H37N7O2,70
CCN(CCN(C(=O)c1ccccc1C(=O)OC)c1nc2nc3ccc2cc13)C(=O)CCC(C)(C)C,C28H32N4O4,68
CC(C)(C)CC(N)C(=O)O,C7H15NO2,24
C[S+]([O-])Cc1ccc2[nH]c(=O)cccc-2c2ccc1[nH]2,C15H14N2O2S,33
C=C1C=CC=CCCN(C(=O)c2cc(OC)cc(OC)c2)CCCC1,C21H27NO3,52
CN(CCN(C)C(=O)c1cccc(F)c1)C(=O)C1=Nc2ccc[nH]c3ccccc3n21,C23H22FN5O2,53
O=C1C2=C(C=C2)C(=O)N2CCN3CCCN1CCCCCCC2C3=O,C19H25N3O3,49
CCCCCCN(CC)C(=O)c1ccccc1C1=Nc2ccccc21,C22H26N2O,51
COC(=O)C1CCCCCN1C(=O)c1cc(OC)ccc1C1=CC=C1,C20H23NO4,47
CC1C2=CC=C(c3sc4nc3N(C)C(=O)N4C)N1CCCN(C)C2=O,C17H21N5O2S,46
C=C1C=C(N=c2[nH]c(=O)[nH]c(=O)n2-c2cccc(C)c2)c2ccccc2C1(F)F,C21H16F2N4O2,45
CCC(=O)CCCC(C)C,C9H18O,28
O=C(O)c1nc(-c2ccc(Cl)cc2)[nH]c1-c1ccccc1,C16H11ClN2O2,31
CCCCCCCCC1C(C)n2nc3-c(c2=O)=c-c2cc4ccc-3cc4nc2NC(=O)NC(=O)N1CC,C28H34N6O3,67
COC(=O)OCCCC(F)(C(F)(F)F)C(F)(F)C(F)(F)C(F)(F)F,C10H9F11O3,33
CCOC(=O)C1=CC(Cl)=CC2CCCCCN(C(C)=O)C(=O)n3c(nn2c3=O)S1,C18H21ClN4O5S,50
CN(C)S(=O)(=O)c1ccc(C(=O)C2CCC2)cc1Cl,C13H16ClNO3S,35
CCCCCN1CC(=O)N(C2=CC=C3C2=CC(=O)N3C)C1=O,C16H19N3O3,41
CN1CCCN2CCn3c1n[nH]c2nc1sccc13,C12H16N6S,34
CCN(CCc1ccc(OC)cc1S(=O)(=O)N1CCCCC1)Cc1cccc(C)c1,C24H34N2O3S,64
COc1ccccc2c(cc(C(COc3ccccc3OC)C(C)(C)C)c1)C(=O)O2,C25H28O5,57
CCCCN(C(=O)NC(=O)c1ccc(OC)cc1)C(=O)c1ccccc1,C20H22N2O4,47
CN1CCN2CCCCCCCN3C(=O)OC(F)=CC=C(CCC1C2=O)C3=O,C20H28FN3O4,55
CCN(C#N)c1nc2cc([N+](=O)[O-])ccc2ccc2ccc1CN(C(C)=O)CCN(C)S2(=O)=O,C22H24N6O5S,58
CC(C)N(CCCC(C)(C)C)S(=O)(=O)C1=CC=C1c1ccc2cc1C=C2,C22H29NO2S,54
O=C(CCN1C(=O)N(CCN2CCCCC2)c2nc3nc1n(n3)c1ccccc1s2)N1CCCC1,C24H30N8O2S,65
CCCN(c1c2cc-2cc1[N+](=O)[O-])C1CCN2CCN(CC2)C1=O,C17H22N4O3,45
CC(C)NC(=O)NC(=O)Nc1nc2ccc1o2,C10H12N4O3,29
CCN(C(C)=O)C(=O)c1cc(C)cc2c1C(=O)c1ccc(CC(C)C)c-2c1,C23H25NO3,52
COc1cc2ccc(=Cc3cc(CCOC(=O)N4CC4)ccc3OC)c(c1)c2,C23H23NO4,51
CCC1CN(CCOc2cccc3cc(S(=O)(=O)N(C)C)ccc23)C(=O)O1,C19H24N2O5S,50
CN1CCN(C)CC(N(C)C2=CC=C2n2nc3nc2S3)C1,C14H20N6S,40
C=Cn1nc(N(C)CCN(C)C(=O)c2ccccc2)sc1=Nc1cccc2c1S(=O)(=O)NC(=O)N2,C22H23N7O4S2,58
C=C(C(=O)N(Cc1cccc(C(F)(F)F)c1)Cc1ccc([N+](=O)[O-])cc1C(F)(F)F)N(C(=O)N(C)C)C(C)C,C25H26F6N4O4,65
CCOC(=O)C1=C2C1=C2C(C)(C)C,C11H14O2,27
CN1CCN(N=CN2CCCN(c3ccccc3)C2=O)c2ccc(s2)C1=O,C19H21N5O2S,48
O=C1c2c(Cl)cccc2N=NN2CCCCCCCN1CC2,C16H21ClN4O,43
CC(=O)OC(C(C)O)C1OS(=O)(=O)O1,C6H10O7S,21
CCCCCN1CCNC(=O)C([N+](=O)[O-])=CC=C([N+](=O)[O-])S1(=O)=O,C12H18N4O7S,42
CN(C)C(=O)NCCCN(C)S(=O)(=O)C=C1C=C1,C11H19N3O3S,37
CSc1ccc(Nc2nnc(NC(C)CO)s2)c2c1=CC=2,C14H16N4OS2,36
CCCCCN(C(C)=O)C(=O)NCC,C10H20N2O2,34
COc1ccc(N(C(=O)N(CCC2=c3nc4[nH]c(=O)c3=C2S4)CC(N)=O)c2ccccc2)cc1,C24H21N5O4S,55
C=CC=C1C(OS(=O)(=O)c2ccccc2)=CC=CC=C1c1ccc(C(F)(F)F)cc1,C23H17F3O3S,47
CC=CC=CC=C(C)c1cccc(NC(=O)c2ccccc2)n1,C20H20N2O,43
COc1ccccc1-c1nc2ccc1-c1cccc(c1)C(=O)N(C(C)(C)C)C2=O,C24H22N2O3,51
O=C1NC=CC=C2C(=O)N2CCN2CCN1CC2,C12H16N4O2,34
C=C1C(C)=C1C(=O)OC(C1OC2C3OC4C(CCC)C5C3OC4C2C15)C(C)(C)C,C24H32O5,50
C=C(C)C(=O)NC(=O)N(C(C)=O)C1OP(=O)(OC)OP2(=O)OC1OP(=O)(O)O2,C10H15N2O13P3,40
O=C1CC(C(=O)Nc2cc3cn2C(=O)NS(=O)(=O)C(C=C(Cl)c2ccccc2)=C3)N1,C19H15ClN4O5S,44
O=C1CN(Cc2ccccc2)C2=NC3=CC=CN2CCN1C3=O,C17H16N4O2,39
CC(=CCCN1Cc2sc(N3CCCCC3)nc2C1=O)C(=O)N1CCCCC1,C21H30N4O2S,58
O=C1N2CCN(CCOC3=Nc4cc3cc(c4)N1Cc1ccc(Br)cc1)CC2,C21H21BrN4O2,49
CCCCCCCC(=O)OP(=O)(OCC)OC(=O)C1=CC=C1C,C16H25O6P,48
CCCCCn1c2nc(C)c1CCCN(CCN1CCCCC1)CCN2C,C22H41N5,68
COC(=O)C1=CC=C1C(=CC=C1C=C1C(=O)OCC(C)C)OC,C18H20O5,43
CCCCC1=C(C)C=C2C(=O)C=C2C=C1C(=O)OC(C)C1OC(C(C)(C)C)C1OCCC,C27H38O5,66
COc1ccc(S(=O)(=O)N2CCN(Cc3ccccc3F)C(C3=CC=C3C)C2)cc1,C23H25FN2O3S,55
CCCCCCC(=O)N(C)C(=O)C=C1C=C1Cl,C13H18ClNO2,35
CCCN(Cc1ccc2ccccc2c1)C(=O)C1C(OCC)OCCN1C(=O)c1ccccc1C,C29H34N2O4,67
CCN1CCN(C(=O)C=CC2=Cc3ccc(-c4ccccc4Cl)n32)CC1,C21H22ClN3O,48
N#CC1=C=[NH+]C2=CC=CC(=C1Cl)[N+]2([O-])[O-],C9H4ClN3O2,19
O=C1NCCN2C(=O)c3ccc(cc3)CC(=O)N(CCOc3ccc(F)cc3)CCC12,C23H24FN3O4,54
CN(N=Nc1cccc(OC(F)(F)F)c1)C(=O)NS(=O)(=O)c1ccccc1,C15H13F3N4O4S,40
CCN(C(=O)Nc1nnc(NC(=O)c2ccccc2)c2c1CC2)c1ccccc1,C22H21N5O2,50
O=C(Nc1cccc(Nc2ccccc2)c1)c1ccc(C(=O)N2CCCC(=O)N3CCN(CC2)C3)cc1,C29H31N5O3,68
COc1cc2ccc1N(CCC1CCCC1)C(=O)N1CCN(CCc3sc1nc3C)S2(=O)=O,C23H30N4O4S2,63
C=C(c1ccc(C=C(NC(=O)c2ccccc2)c2ccc(Cl)cc2)cc1)S(N)(=O)=O,C23H19ClN2O3S,49
CCN(CCC#Cc1ccccc1)CCCCn1c2nnc1s2,C18H22N4S,45
O=C1Nc2nc1c(-c1ccccc1)ncnc(-c1ccccc1)s2,C18H12N4OS,36
C=CN=C1Sc2ccccc2N(C(=O)c2ccc(Br)cc2)CCN1CC,C20H20BrN3OS,46
O=C(O)C(=NN=NNC(=O)c1ccccc1)C1=CC=CC=CC=C1,C17H14N4O3,38
COP(=O)(O)OC(=O)NC1OC(C)C(O)C(O)C1O,C8H16NO9P,30
Cc1ccccc1N=C(NC(=O)c1ccccc1)c1ccc(Cl)cc1,C21H17ClN2O,42
CCN(C(=O)C1=CC=CC=CC(c2cccc(Cl)c2)=C1C(=O)O)C(=O)n1c(=O)[nH]c2c1=CC=2,C24H18ClN3O5,51
CC(c1cccc(Cl)c1)N1COc2ccc(Cl)cc2NC1=O,C16H14Cl2N2O2,34
CNS(=O)(=O)N(CCn1c2nc(c1C)-c1ccc(cc1)C(=O)N2)c1cccc(Cl)c1,C20H20ClN5O3S,50
CN1CCC2N3CCN(C3=O)C(CCN2S(=O)(=O)c2ccccc2)C1=O,C17H22N4O4S,47
COc1cccc(C(=O)N2CCCCCCCC(=O)N3CCN(C(=O)c4ccccc4C2)C3=O)c1,C27H31N3O5,66
O=C(Nc1ccccc1Cl)c1ccc(NC(=S)Nc2ccccc2)cc1,C20H16ClN3OS,42
O=C1OC=CC=CC(=O)c2ccc(cc2)C=C1c1ccccc1C(=O)OC1=CC2=CC=C1C2=O,C28H16O6,50
OB(O)CCC=C1[Si]2=CC(=C2)C1(F)F,C8H9BF2O2Si,23
CN(C)C(=O)N(CCc1ccccc1)CCc1ccc(-c2ccccc2)cc1,C25H28N2O,56
CCCN(CC)C(=O)N1CCn2c1nn(C)c2=O,C11H19N5O2,37
C=CNC(=O)c1ccc(-c2nc3ccc(Cl)cc3[nH]2)cc1,C16H12ClN3O,32
N#Cc1cc(C(F)(F)F)cc(Cl)c1OCC1CC2CCC(C1)C2C(=O)N1CCCCC1,C23H26ClF3N2O2,54
C=CCCN1CCN2C(=O)C3=CC=CC=C(OC)C(=C3)S(=O)(=O)N(CCC(C)(C)C)CC2C1=O,C25H35N3O5S,68
C=CC=C1C(=O)NC2CCN3CCN(CC(C3)N3CCN(CC3)CC2O)C1=O,C20H31N5O3,56
CCn1c(=S)sc(=NC2=CC=C2c2cccc(OC)c2C)n(C)c1=O,C18H19N3O2S2,44
C=CC=c1c(=O)n(CC)c(=O)c2cccc1c2C(=O)N(C)C(C)=O,C18H18N2O4,42
CCOC1CN(CC)C(=O)C2=CC(=O)N(c3cccc(F)c3)CCC1NC2=O,C20H24FN3O4,50
CCN(C)c1nc(C(F)F)c(C(=O)N2CCC2)s1,C11H15F2N3OS,33
C=CC1=C(C(=O)N(C)C(C)=O)C(C(C)=O)=C1,C12H13NO3,29
COC(=O)COc1ccccc1Cc1cccc(F)c1,C16H15FO3,35
COC=CC=C(C=C1C=C1)NC(=O)c1ccc(F)cc1,C16H14FNO2,34
COC=C(C(=O)OC(C)C)c1ccc2c(OC)c1-2,C14H16O4,33
ClC1=CC=C(C=C2N=C3Nc4cccc2c4N3)OCOc2ccccc21,C20H14ClN3O2,38
CC(=O)n1cccc1C(=O)N1CCN(C(=O)c2ccccc2)CC1,C18H19N3O3,43
O=C(Nc1ccc2[nH]ccc2c1-c1nnc(-c2ccccc2)[nH]1)c1cccc(C(F)(F)F)c1,C24H16F3N5O,47
COC1=CC=C1c1ccc(C(=O)N2CCCN3CCCCNC(=O)C2CCN2C(=O)NC(CC3=O)C2=O)s1,C26H31N5O6S,67
CCCS(=O)(=O)C1=C(C(=O)N2CCCCC2=O)C(OC)=C1,C14H19NO5S,40
COC1CCCCCCCN2CCOc3cc(cc(C(C)(C)C)c3)OC1C2=O,C23H35NO4,61
C=Cc1ccccc1C#N,C9H7N,17
C[s+]1cc2[n-]c3cccc(ccc21)c1ccccc31,C17H13NS,32
CC=CC(F)=CC(CCCCCCCCC)C1C2OC3C(C(C)C(C)(C)C)OC2C31,C27H45FO2,67
COc1cc(OCN(C)c2ccc(NC(=O)N3CCS3(=O)=O)cc2)ccc1Cl,C18H20ClN3O5S,48
CCOC(C)(O)OC(=O)O,C5H10O5,20
O=C(c1sc2nc1C=C2)N1CCN(CCCCCCN2CCCC2)CC1,C20H30N4OS,56
C=CC(=Cc1nc(NC(=O)NC(=O)c2ccccc2Cl)sc1C(=O)c1ccccc1)[N+](=O)[O-],C22H15ClN4O5S,48
COc1ccc(OC)c(Oc2cc(Cl)cc(-c3ccccc3)c2)c1,C20H17ClO3,41
CC(=O)c1ccc(C)cc1OC(=O)CC(C)(C)C,C15H20O3,38
CN(CC(CCNC1=Nc2ncccc21)N(C)C)c1ccccc1F,C19H24FN5,48
COc1cccc2ccc([N+](=O)[O-])c(c1)C(=O)NC(=O)c1ccccc1N=N2,C19H14N4O5,42
CCCCCC1C(OC(C)=O)C(CCC)C1C(C)C(=O)OC(=O)c1ccccc1C,C25H36O5,61
CCOC(=O)C(=O)N(CC)C(=O)c1cccc(C(=O)N2CCCCCCCCCCCC2=O)c1,C26H36N2O6,70
CSC(=O)C1=C(C)CCC1=O,C8H10O2S,21
CN=C(N=Cc1ccc(Cl)c(Cl)c1)NC(=O)c1cccc(Cl)c1,C16H12Cl3N3O,35
CCCN(C(=O)CC)C(=O)N(CC)c1nc(-c2ccccc2-c2cc(Cl)cc(Cl)c2)ccc1Cl,C26H26Cl3N3O2,60
CCN1CCCN2CCC=C(C=CC1=O)C2=O,C13H18N2O2,35
CCCCN(CCN1CCCCC1)C(=O)c1c2ccc(F)c1-2,C18H25FN2O,47
C=NC1=CC=CC2CN(C(=O)N(C)C)C(CSc3nc4cc(C(F)(F)F)ccc4n31)C(O)C2O,C22H24F3N5O3S,54
CN(C(=O)N(C)c1ccc(C=C(C=C2C=C2Br)C(F)(F)F)cn1)c1ccccc1,C21H17BrF3N3O,46
CC12CCc3ccc(oc3=O)CCC(CC1)CC2,C16H22O2,40
CN1C(=O)NC(=O)NS(=O)(C2=CC=C3C(=CC=CC3(F)F)N2)(c2ccccc2)c2ccccc2S1(=O)=O,C24H20F2N4O5S2,56
Cn1nnn2c(=O)n(C(=CC=CCl)C3=CC=C(Cl)C(=O)NC(=O)N3)nc12,C13H10Cl2N8O3,36
CCN(CCN(C(=O)N1CCNC1=O)C(=S)NC(=O)N1CCN(C)CC1)C(=O)NC,C17H30N8O4S,59
CCN(C)CCn1c(=O)[nH]c2ccc3c(c21)N3,C12H16N4O,32
CCCCC1=CC=C2C=CC=C(C=C1C(=O)NC1CCNC1=O)O2,C19H22N2O3,45
COc1cccc(-c2ccc3cc2C(=O)N(C)C(=O)NC3=O)c1,C17H14N2O4,37
CCCCCSc1nn2c(=O)c3sc(nc3C(=O)c3cccc(OC)c3)n1CC2,C20H22N4O3S2,51
CC(C)[N+](=O)[O-],C3H7NO2,13
CCCCN(C)S(=O)(=O)OC(F)(C(F)(F)F)C(F)(F)C(F)(F)C(F)(F)C(F)(F)F,C11H12F13NO3S,41
COC1OC2OC(OC(O)C(O)C(O)C1OC)C(O)C(O)C2O,C12H22O11,35
CCCN(CCN(CCOP(=O)=O)C(=O)c1ccccc1C(F)(F)Oc1ccc(C)cc1)C(=O)C1=CC=C1O,C27H29F2N2O7P,68
CN1C(=N)c2cccnc2-c2ccc(cc2)C(=O)c2cccc(c2)C1=O,C21H15N3O2,41
CCCN(CC(=O)N(C)C(C)(C)C)C(=O)c1ccc(-c2ccc(OC)cc2)s1,C22H30N2O3S,58
CCCCCCCC(=O)OC(=O)c1ccc(C(=O)OCCCCCC)cc1C(=O)CCC,C26H38O6,70
CN(C)CCN1CCN2CCc3ccc(c(c3)C1=O)-c1cc(C(=O)N(C)C)ccc12,C24H30N4O2,60
CCC1=CC(Sc2nnc(N(C(=O)N(C)C)c3ccccc3C)s2)=C1,C18H20N4OS2,45
CCN(CC(=O)Nc1ccc(Cl)cc1)C(=O)c1ccccc1N(C(=O)NC(=N)N)c1ccc(C)cc1,C26H27ClN6O3,63
COc1ccccc1N(C(=O)Nc1ccccc1)c1c(NC(=O)N(C)C)n2c(=O)n1CC2,C22H24N6O4,56
COC(C#N)=C1C=Cc2ccccc2N2CN(CCN(c3ccccc3)CCCNC2=O)S1(=O)=O,C25H27N5O4S,62
CCCN1CCN(C=Cc2ccccc2Sc2ccc3c(c2)NC=CC=C3C(F)(F)F)C1=O,C25H24F3N3OS,56
CN(C)c1ccc(NC(=O)c2ccccc2)cc1,C15H16N2O,34
CCOc1ccc(Br)c(-c2cc(=O)n(CC)c(=O)[nH]2)c1Br,C14H14Br2N2O3,35
CCN(Cc1ccc(Cl)cc1)C(=O)C(C)N(C(C)=O)C(=O)c1ccccc1Oc1cccc2ccccc12,C31H29ClN2O4,66
COC(=Cc1ccccc1C(=O)N1C(=O)C1C(=O)O)OC,C14H13NO6,33
CC1C2CC(NC(=O)N2)C(O)C(O)C1NC1=Nc2nc(-c3ccc(C(F)(F)C(F)(F)F)cc3)c(n2C)S1,C22H23F5N6O3S,54
CCCCCC1=CC2=CC=C1C2=O,C12H14O,27
CNC(=O)c1ccc(C=CC=C2N=C(SC)N(C)C2=O)cc1,C16H17N3O2S,39
CSC(=S)SC(=S)SC(=S)N(C)CC[Bi](N)N(C)C,C9H18BiN3S6,37
CCCC(=O)N(CC)C(=O)C1=CC(=O)C=C1,C12H15NO3,31
COC(=O)C1=C(C(=O)c2ccc(OC)c(Cl)c2Cl)CCCCCC2CCN(CC2)C1=O,C23H27Cl2NO5,58
C=C1SCC2CCCCN2CCN2CCN(CC2)C1=O,C15H25N3OS,45
CN(CCN(C)c1ccccc1N=Nc1ccccc1)C(=O)c1ccccc1,C23H24N4O,52
COc1cccc(SC(C(=O)N(C)C)=C2CCCNC2=O)c1,C16H20N2O3S,42
CN1CCCN(C(=O)NC(=O)c2ccc3c(c2)=CC=3)CC1,C16H19N3O2,39
O=C1NC(=O)c2ccccc2OC=CC=C(C2=CC=C2Br)N1,C16H11BrN2O3,33
CC1(C)CN2C(=O)N1CCC2c1cccc2c1=CC=2,C16H18N2O,37
CC1=NC2=NC=C(Cl)C(Cl)=CC1=NC(N)=N2,C9H7Cl2N5,23
C=C1C=C(OS(=O)(=O)NC(N)=O)C=C1Cl,C7H7ClN2O4S,22
CCN(C)C(=O)OCCN(C)C(=O)N(CC)CCOC(=O)N(C)C,C15H30N4O5,54
C=CC=C1CC(C(=O)OC)C(C(CCCn2c3nnc2s3)NC(=O)c2ccc(Cl)cc2)N(CCCC)C1=O,C27H32ClN5O4S,67
CCN(C(C)=O)C(=O)N(C)C(=O)N(C)C(=O)C(=CC(Br)=CNc1cccc([N+](=O)[O-])c1)[N+](=O)[O-],C19H21BrN6O8,55
CNC(=O)N(C)CC(N)=O,C5H11N3O2,21
CC(N1C(=O)C(C(=O)c2ccc(Cl)c(Cl)c2)=CC=Cc2ccnnc21)P1CCCCP1C(N)=O,C23H22Cl2N4O3P2,55
O=C1C(=C2C=C2)SC(=Nc2ccccc2)N1CCC1CN2CCN(CC2)C1,C21H24N4OS,51
CC(C)OC(O)(O)N(C)CN(C)C,C8H20N2O3,33
O=C1C=C2c3ccc(c(=O)n3CCN(c3ccccc3)CCN2C(=O)c2ccccc2)N1,C25H22N4O3,54
N=S(=O)(OS(=O)(=O)C(F)(F)C(F)(F)C(F)(F)F)C(F)(F)C(F)(F)C(F)(F)C(F)(F)C(F)(F)F,C8HF18NO4S2,34
COC1=C(O)C(C(=O)[O-])=C1[O-],C6H4O5-2,15
CCCCCN(C(=O)c1ccc(C(=O)OC)c(OC)c1)C(=O)c1cc(OC)ccc1C(=O)OC,C25H29NO8,63
Cn1nc(-c2ccccc2Cl)c(=O)n(CCOc2ccccc2)c(-c2ccccc2)nc2ccc-2ccc1=O,C31H25ClN4O3,64
O=C(NS(=O)(=O)C1=CC=C1)N1N=C1c1cccc(Br)c1,C12H8BrN3O3S,28
N#Cn1c(=O)c2c3cc1cc([N+](=O)[O-])c3C=CC(Cl)=CC=2,C14H6ClN3O3,27
O=C(NCCN1CCN2C(=O)C1c1cc(-c3ccc(Cl)cc3)ccc12)C1=CC=C1,C23H20ClN3O2,48
COc1cccc(C(=O)N2CCC3Cc4nnc(n4CC2)S3)c1,C16H18N4O2S,41
O=C(NC(=O)c1ccccc1)NC(OP1(=O)OCCO1)C(O)C(O)Oc1cc2cc(c1)C2=O,C20H19N2O10P,48
COc1cccc(N=C2N=C(CN(C(=O)c3ccccc3)c3ccc(C)cc3)N2)c1,C24H22N4O2,51
COC(=O)Nc1ccc2cccc(-c3ccc(OC)cc3O)c2c1,C19H17NO4,41
CCC1C(CN(C(C)=O)c2ccc(C3=CC=C3C(F)F)cc2)OC(=O)N1C,C20H22F2N2O3,47
COc1ccccc1C=C=CC=C1C(=O)NC(=O)NC=CC=C(SC)c2ccccc21,C25H22N2O3S,51
CCn1c(NC(=O)N(C)C)nc2cccnc21,C11H15N5O,32
CC(C)CCC(C)(C)C(=O)Oc1ccc2c(c1)C1=CC=C2C1=O,C20H22O3,45
Nc1cccc2cc(Br)ccc12,C10H8BrN,20
C=c1c(C(=O)c2ccccc2C(=O)OC)ccc2c1=C2,C17H12O3,32
O=c1[nH]c1=NC(=NOc1ccccc1)c1ccccc1[N+](=O)[O-],C15H10N4O4,33
CCCCCCCCSc1cc2cc(n1)C(=O)N(C)S2(=O)=O,C15H22N2O3S2,44
CC1(C)N2C(=O)N3CCN(CCCF)C(=O)C3N1C2=O,C12H17FN4O3,37
CN(c1cccc[nH]c(NC(=O)c2ccccc2)nn1)c1ncncn1,C17H16N8O,41
CCCCC(NC(C)=O)C(O)C(=O)c1c(C(=O)N(C)CC)c2ccc1c1ccccc21,C25H30N2O4,59
O=C(c1ncncc1F)N1CCN2CCCC2C1,C12H15FN4O,33
CCN(C)c1nc2cc(C(F)(F)F)ccc2n1CC1=CC=C2C=C2C(Cl)=C1,C20H17ClF3N3,44
CCn1c(N)nc(C(=NNC(=O)N(C)C)c2ccc(Cl)cc2)c1-c1cc(OC)ccc1Cl,C22H24Cl2N6O2,56
O=C1C(N2CCCCC2)=CC=CC(=O)N2CCCC2CCC2CCCCCN1C2,C24H37N3O2,66
CCCN1CCCN(C(=O)c2ccc(F)cc2OC)C(=O)CN(c2nc3cc(F)ccc3cc2OC)C1=O,C27H28F2N4O5,66
CCN1C(=Nc2ccccc2C)N(Cc2ccccc2Cl)c2nnc1s2,C19H18ClN5S,44
CCN1CCN(S(=O)(=O)c2ccc(C(F)(F)F)cc2)C(N)CN2CCN(CC2)C1=O,C18H26F3N5O3S,55
CCN(C)CC(C)(C)C,C8H19N,28
CN(C)CCN1CCCCN2C(=O)c3nn4c(-c5ccccc5F)c3C2=CN=C14,C21H23FN6O,52
COc1ccccc1N1CCCN(C)c2cccnc3[nH]c(-c4ccccc4)nnc-3nc21,C25H25N7O,57
COC1=CC=CC=C(N=C(NC(C)=O)Nc2nc(-c3ccc(Cl)cc3)nn2C)C=C1,C21H21ClN6O2,51
CCCN(C(=O)C1=C(C)C2=CC2=CS1)C(=O)C(C)(C)CCC(C)(CC)CC,C23H35NO2S,62
O=C1N=C(Oc2ccccc2)NC(=O)NC(=O)N1,C10H8N4O4,26
COc1ccc(N2CCN3C(=O)C(=C2c2ccccc2)C3=O)c(OC)c1,C20H18N2O4,44
NC(=O)c1cc(Cl)ccc1C=CC=C1NC(=O)c2cccc(c2)O1,C18H13ClN2O3,37
CN(C)CCCC1CN2CCn3c(=O)n(c4c(cc(F)cc43)C2=O)C1,C18H23FN4O2,48
O=C1NC(=O)N1CCCC(Cl)(Cl)Cl,C6H7Cl3N2O2,20
O=C(NC(O)=CC(=Cc1ccccc1)[N+](=O)[O-])c1ccccc1,C17H14N2O4,37
C1=C[CH+]C=C1,C5H5+,9
C=c1c2cc3c(S(=O)(=O)N(C)CCCC)c(Br)ccc3c(n2)n1C,C17H20BrN3O2S,44
COc1cc(C=C2C(=O)CCN(C(=O)N3CCCCC3)C2=O)c2ccccc2c1,C23H24N2O4,53
NC(COc1ccc([N+](=O)[O-])c2ccc([N+](=O)[O-])c-2c1)C(=O)Nc1ccccc1,C19H16N4O6,44
CCCN(C)C(=O)CN(C(=O)c1ccc(OC)cc1)C(=O)c1cc2ccccc2s1,C23H24N2O4S,54
CCCC1=CC(Cl)=Cc2c(OC)ccc1c2C(=O)OC,C16H17ClO3,37
CC1CCCN2CCCN(CC1)C(=O)C1=C(C2=O)C1(F)F,C15H20F2N2O2,41
C=CC(=CC=C1C=CC(C(C)=O)=Cc2cc3cc(c2C1=O)S3(=O)=O)C(=O)N(CC)CCCCCCC,C29H33NO5S,69
COC1=Cc2cc(OC)ccc2C=CC=C2C=CC=Cc3ccccc([nH]c1c3)C(=O)Nc1ccccc12,C33H28N2O3,65
Nc1nc2c(s1)CCCN(CCNC(=O)c1ccccc1C(=O)Nc1ccccc1)C2=O,C23H23N5O3S,55
COc1ccc2c(C)c1C(=O)OCCN1C(=O)C3=CC3=CC1CCC2(C)C,C22H25NO4,52
COc1csc(-c2c3cccc2N(C)C(=O)CCN(C#N)C3=O)c1,C17H15N3O3S,39
O=C1N2C=Cc3nc(-c4cccc(F)c4)nn3CCCCN1CCN1CCN(CC2)C1=O,C22H26FN7O2,58
CCC=C1C=C1Nc1nnc(N(C(=O)c2ccccc2C)c2ccccc2)s1,C22H20N4OS,48
CC(C=CC=CC=[PH+]c1ccccc1)=CC=C(C=Cc1ccccc1N(C)c1ccccc1)[N+](=O)[O-],C31H30N2O2P+,66
CC1=NN=C(C(=O)N(C)C(=O)O)C=Cc2cc(F)ccc21,C14H12FN3O3,33
CCCCCN(CC)C(=O)C1=CC=C2C(=O)C3=CC=C1C(=O)N(C)CCCN3C2=O,C23H29N3O4,59
C=C1C=CC=C1C(=O)N(C(=O)c1nc2sc1c(=O)n2C)C(C)C(C)=O,C17H15N3O4S,39
COc1ccc2cc1OCC(=O)N(CCCc1ccc(C)cc1C)C2=O,C21H23NO4,49
CCN(C(=O)N(C)C)c1ccc(NC(C)=O)c2ccc(NC(=O)c3ccc(C(=O)OC)[nH]3)cc12,C24H27N5O5,60
CCN=C1SC(=CC=Cc2cc(C(=O)OC)ccc2C)C(=O)N1C,C18H20N2O3S,44
CC(=O)OC(=O)c1c(CCCCCCCCCCC2CCCCC2)c1=O,C22H34O4,60
CCCCCCOC(=O)c1ccc(C=C(C(=O)OC)C(=O)OC)c(C(=O)Oc2cccc(OC)c2)c1,C27H30O9,66
C=C(N=C(Nc1ccc([N+](=O)[O-])cc1)c1ccccc1)c1ccccc1,C21H17N3O2,43
CCN1CCN2C(c3cccc(OC)c3)=Cc3ccccc3N=S12,C19H21N3OS,45
CC=C(C(=O)N1CCCCCCN(C(=O)c2ccccc2)C1=O)c1ccc(OC)cc1C(F)(F)F,C26H27F3N2O4,62
CCOC(=O)c1ncccc1Nc1ccc(OC)cc1,C15H16N2O3,35
COC(=O)CCN(C(=O)C1=CC=C([N+](=O)[O-])C=CC=C1C(=O)OC)C(=O)c1ccccc1,C22H20N2O8,52
C=C1C=C1N(CCOP(=O)=O)CC(NC(=O)Nc1ccc([N+](=O)[O-])c2ccccc12)C(C)OC(C)(C)C,C25H31N4O7P,66
CCCCC1CCCCC1N(C(=O)c1ccccc1)C(=O)c1ccc(-c2ccccc2)s1,C28H31NO2S,61
O=C1N2C(=S)NS(=O)(=O)N1CCN(S(=O)(=O)C(F)(F)C(F)(F)C(F)(F)F)CC2N(C(F)(F)C(F)(F)F)C(F)(F)C(F)(F)F,C13H8F17N5O5S3,51
CCCN(C)C(=O)C(=C(C)c1ccc(C(F)(F)c2ccc(Cl)cc2)cc1)c1ccccc1Cl,C27H25Cl2F2NO,58
COc1ccccc1CN(C(=O)c1ccccc1NC(=O)N(C)C)c1ccccc1,C24H25N3O3,55
O=C1C=C(Br)C=C2OCCCCCCCN1S2(=O)=O,C12H16BrNO4S,35
COc1ccccc1C(=O)NC(=O)C(C=Cc1ccccc1)=Cc1ccccc1C(=O)N(C)C,C28H26N2O4,60
O=C1NC(C2=CC=CNC(=NNc3ccccc3)S2)N1,C13H13N5OS,30
CCN1C(=O)N2CCCN(CC2)C(=O)N2CCN(Cc3ccccc31)C(=O)C2,C20H27N5O3,55
COC(=CC(=O)N1CCCCC1)C=C1SC(N2CC2=O)=NC1=O,C15H17N3O4S,40
COP(=O)(OC)OCCOS(=O)(=O)c1cccc(-c2ccccc2C(F)(F)F)c1,C17H18F3O7PS,47
COC(=O)c1cccc(C2=C3C(=O)C4=C2C=C(OC)C=CC=C3C(C)=C4)c1,C23H18O4,45
COc1ccccc1C(=O)N(C)C(=O)c1cccc(C=C2C=C2)c1,C20H17NO3,41
CCCCCCCCC(=O)c1cc1=O,C12H18O2,32
CCCN1C(=O)N2CCN(c3nc(C)nc1n3)C1C(O)C(C)OC12,C15H22N6O3,42
CC1=CC(C(=O)N2CC3C4C(C)CCCCN3CCN4C2=O)=C1,C18H25N3O2,45
C=C1C=C(Sc2ccc([N+](=O)[O-])cc2)N(CC)C(=O)N1C(=O)Nc1ccccc1,C20H18N4O4S,47
COc1ccc2cc(cc(C)cc1OC)S(=O)(=O)N2,C13H15NO4S,34
COc1ccc(Oc2cc3c4cc2C=CC=C3C=CC(C(=O)NC(C)c2ccccc2)=C4)cc1,C30H25NO3,58
C=c1c(C(N)=O)cc2c(-c3cccc(OC)c3)sc1c2C(=O)N(C)CC,C20H20N2O3S,46
O=C(COc1ccc(C(F)(F)F)cc1)Nc1ccc2c(c1)NC2=O,C16H11F3N2O3,35
COC(=O)C1C(C)CCC(=O)N1C(=O)c1cccc(-c2sc(-c3ccccc3)nc2C)c1,C25H24N2O4S,54
CC(=O)C(=CC=CC(F)(F)F)C(=O)N1C(=O)OC2CCCCC21,C15H16F3NO4,37
CSC1=Cc2ccccc2N(CC(=O)N(C)C(=O)Nc2ccc(F)cc2)C(=O)C=C1,C22H20FN3O3S,50
CCC(CCOC(C)=O)NC(=O)C(C)(CC)CCC1=CC=C1C#N,C19H28N2O3,52
CN1CCCN(c2nc([N+](=O)[O-])ccc3c([N+](=O)[O-])c-3s2)C1=O,C12H11N5O5S,34
CCn1cccc(SC(=Nc2ccccc2C)N2CCN(C(C)=O)C2=O)c1=O,C20H22N4O3S,50
CC(C)(C)C(=O)N1CCCCN(c2cc3ccc2c(C(=O)N2CCCC2)c3)CC1,C24H33N3O2,62
CCN(CCN(C)C(=O)c1c(C)c(-c2ccccc2OC)nn1-c1ccc(Cl)cc1)C(C)=O,C25H29ClN4O3,62
CN(C(=O)c1ccccc1)c1nnc(NC(=O)c2ccccc2C=Cc2ccc(Cl)cc2)s1,C25H19ClN4O2S,51
NCCN1CC(CC(=O)Nc2ccccc2)N(c2cccc3ccccc23)C1=O,C23H24N4O2,53
Cc1cccc(-n2c(=O)[nH]c(=O)c3ccccc3[nH]c(=O)c3ccccc32)c1,C22H17N3O3,44
CCCn1c(=O)[nH]c(=O)n(C2CCCCCCN(C(=O)c3cc(Cl)c(Cl)cc3OC)CC2)c1=O,C23H30Cl2N4O5,63
CCCCN1C(=O)c2ccc(Br)cc21,C11H12BrNO,26
COc1ccccc1N(C(=O)c1ccccc1Cl)C1=NCCS1,C17H15ClN2O2S,38
O=C(NCCCN1CCC1)N1CCn2c3ccccc3c3sc1nc32,C18H21N5OS,46
CC(CN(C1=CN=c2sc(s2)=C1)c1ccccc1)NC(=O)c1ccccc1,C21H19N3OS2,45
CCC1NC(=O)c2sc(N(C)CC)nc2C(=O)N2CCC(O)C(NC1=O)C2C,C18H27N5O4S,51
CC1C(=O)Nc2nc3ccc([N+](=O)[O-])c(C(F)(F)F)nc(n2)NCCC(=O)N1C3=O,C15H12F3N7O5,41
CCCCCCCC=CC1=CC(=O)CCC1,C15H24O,40
O=c1[nH]c2ccc-2cccc(Br)c(=O)[nH]c(=O)[nH]1,C11H8BrN3O3,26
CC1NC(=O)C1N(Cc1ccccc1)C(=O)c1ccc(Sc2cccc3ccccc23)cc1,C28H24N2O2S,55
CN(C)C(=O)c1ccc(OCCCCC(=O)N2CCN(C(=O)C=Cc3ccccc3)C2=O)cc1,C26H29N3O5,63
Cc1ccc2nc(-c3cccc(F)c3)nc(cc1)C(c1ccccc1)NC2=O,C23H18FN3O,46
COC1=CC2=C3CCN(CCCN4CCN(CC4)C(=O)c4cccc(c4)C=C1S3)C2=O,C24H27N3O3S,58
COc1cc(C(=O)N2C=C3c4ccccc4C(=O)N(C)CCN3CC2)cc([N+](=O)[O-])c1,C22H22N4O5,53
O=C1OCOC(=O)c2ccc(cc2OC(=O)c2ccc3cc2-3)O1,C16H8O7,31
O=C(Nc1ccc(C=C(F)C2=CC=C2)cc1)NS(=O)(=O)O,C13H11FN2O4S,32
CC1OC2CCCc3ccccc3C(=O)NC(=O)NCCCN(C2)C1=O,C19H25N3O4,48
CCN1CCCN2CCCON=C2C=C([N+](=O)[O-])C1=O,C12H18N4O4,38
CC(C)(C)c1ccc(F)c(OC(=O)OC2C(=O)OC3CCCC(C)(C)C32)c1,C21H27FO5,51
CCOC(=O)OC(O)C(O)C(O)C(O)C(C)O,C9H18O8,30
COc1ccccc1C(=NC#N)N1CN(CCOc2ccccc2)C1=O,C19H18N4O3,44
CCN1C2=NC(=N2)N=C1C1CN2C(=O)NC1C(O)C2Cc1cc(F)ccc1OC,C19H21FN6O3,46
CCCC(=O)C1=CC=CC=C(OC(C)=O)C=C1Cl,C14H15ClO3,33
CCCCn1c(S(=O)(=O)OCC)c2c3c(c1=O)=CSC2=CC=3,C15H17NO4S2,39
CC(C)(C)N1CCN2CCN3C(=NC4=CC(=C4)N=C31)C2,C15H21N5,41
C=CC=C1CC(C)NC2=NC3=NC(=NC4=C1CCCN34)N2,C15H18N6,37
COC(=O)N(C)CC(C)C,C7H15NO2,25
COC(=Cc1ccccc1N1CCC1=O)C1=C2N=C(S2)N(C)C(=O)C=C1Cl,C19H16ClN3O3S,43
O=C(Nc1ccccc1F)Nc1ncccc1Cl,C12H9ClFN3O,27
CCN1CC(C)N(S(=O)(=O)C=C2C=C2Cl)c2nnc1s2,C11H13ClN4O2S2,33
O=C1C2C3CCN(CCCCCCCN1c1cccc(F)c1)c1nc(cn13)-c1cccc(=O)n12,C26H28FN5O2,60
CC(C)(C)C1C(=O)N2CCCCCC3CCCCCN(C(=O)C2=O)C(=O)C31,C21H32N2O4,57
COC(=O)C(=CC=CC=CS(=O)(=O)Oc1ccccc1OC)C(=O)NC(C)C(=O)O,C19H21NO9S,50
CCOC(=O)Cn1c(=O)c2ccc(c1=O)SC(C(=O)OC)=C2,C14H13NO6S,35
COC1=CC1=CC(=O)N1CCN(C)C1=O,C10H12N2O3,27
CCC(O)C(O)OC(=O)OCCCCCCCCC(C)C,C16H32O5,51
CCN(C(=O)N(C)c1nc2cc(Cl)ccc2s1)C1=C(Cl)C=CC1=CC=CCl,C19H16Cl3N3OS,43
C=CC=Cc1ccc(N(C)C(=O)N(NC(=O)c2ccccc2)c2cccc(Cl)c2)cc1,C25H22ClN3O2,53
Cc1ccc(N(C(=O)O)C(=O)c2ccc(S(=O)(=O)N(C)C)s2)c2ccccc12,C19H18N2O5S2,46
CCCN(CCCN(C(=O)OC)C(=O)N(C)C)C(=O)N(CCC)C(=O)O,C16H30N4O6,56
CCNC(=O)C1C2OC(=O)N(C(=O)N(C)C(=O)C(C=C[N+](=O)[O-])=Cc3ccc(I)cc3)CC2NC(=O)N1C,C23H25IN6O8,60
CCCCCN1CCN(C(=O)C2=CS2)c2cc(ccc2OC)S1(=O)=O,C17H22N2O4S2,47
O=C(O)c1ccc(-c2ccc3sc(nc4cc(Cl)ccc24)[nH]c3=O)cc1,C19H11ClN2O3S,36
CCN1CCCCCN(C(=O)c2cc(F)ccc2OC)C(=O)N(C)C(=C2C=C2Cl)C1=O,C22H25ClFN3O4,56
C=C(C=c1c(=O)[nH]c(=O)[nH]c2ccc3c4ccc2c1ccc4-3)OC,C19H14N2O3,38
CCN1CCN(C(=O)C(=Cc2nc3sc4n3c2N=4)C(C)(C)C)CC1,C17H23N5OS,47
O=C(Nc1ccccc1)N1CCN(CCn2cncc2C2=NN2)CC1,C17H21N7O,45
COC(=Nc1cccc(Cl)c1)n1cnnc1C,C11H11ClN4O,28
C=CC=CNc1nc2cc(N(C)C)ccc2n1N=c1c2ccc(C(F)(F)F)cc12,C21H18F3N5,46
O=C1CSC(=O)N1C1CC1,C6H7NO2S,17
O=C1NN=C(c2ccccc2)c2cccc(n2)C(Nc2ccc(Cl)cc2)C1Oc1cccc(Cl)c1,C27H20Cl2N4O2,53
N#CC(=Nc1ccccc1Cl)NS(=O)(=O)O,C8H6ClN3O3S,22
CN1C(=Nc2ccccc2)N=C1Nc1ccc(C(F)(F)c2ccccc2)cc1,C22H18F2N4,46
CCCCN1C(=O)C(O)C(NC(=O)COC)C(CCC)N(C(=O)c2cc3c(OC)c(OC)ccc3[nH]2)C1=O,C26H36N4O8,70
O=C1NC2=NC(Cl)=CC1=CC=CC=CC=C(c1ccc3cc1-3)S2,C18H11ClN2OS,34
CN1CCCN(C)C(=O)c2nc(c[nH]2)C1=O,C10H14N4O2,29
O=C1c2ccccc2OC(c2cccc(Br)c2)=Cc2nnc(-c3ccc(Br)cc3)n21,C23H13Br2N3O2,43
O=C1CCCN(C(=O)N2CCCCC2)C(=O)C2=NN=C(N1)c1ccccc1S2,C19H21N5O3S,49
O=C(c1ccccc1)N1CCN(CCN2C=CC=c3cc(c4cccc3c4)C2)CC1,C26H27N3O,57
CN(C(=O)c1ccc(F)cc1)C(=NNC(=O)NC(=O)Nc1ccc(Cl)cc1)c1cc[nH]c1,C21H18ClFN6O3,49
CC(C)(C)C1CN2CCN(CC2)CC2C(=O)NC1N2C(=O)N1CCN(c2cc(F)cc(Cl)c2)C1=O,C24H32ClFN6O3,64
CN(CCN1CCCC1)C(=O)NC(=O)C(C=Cc1ccc2c(Cl)ccc(Cl)c2c1)=Cc1ccccc1,C29H29Cl2N3O2,65
CC(C)(C)OC(=O)C1=C(C2(C(C)(C)C)CCCCC2)C(=O)NC1=O,C19H29NO4,52
CCCN1CCCN(C(=O)CCOC(Br)=C2C=C2)C1=O,C14H19BrN2O3,39
O=c1[nH]c2c(NS(=O)(=O)c3cc(F)cc(C(F)(F)F)c3)c3cc(c3=CC=C2)c2[nH]c3nnc(s3)n12,C20H10F4N6O3S2,45
COC=CC=C1C=C1S(=O)(=O)N(C)C,C9H13NO3S,27
COc1ccc(-c2n[nH]c(=NN3CC3C)[nH]2)c2ccccc12,C16H17N5O,37
CCN1CCN2CN(C(=O)c3ccc1cc3)c1ccc(I)cc1C2=O,C19H18IN3O2,43
CC(C)(C)CC1=C(C#N)C(=O)N(CCN2CC2)C1,C14H21N3O,39
C=C(C)C=Cc1ccc(OC)cc1NC(=O)NC(=O)C1=CC=C1[N+](=O)[O-],C18H17N3O5,43
CN(C)CC(O)C(=O)Nc1c(C(=O)N2CCN(C)CC2)cn2c1sc1cccc(C(F)(F)F)c12,C22H26F3N5O3S,59
CC(CCCCn1c(=O)c2cc3ccc(cc31)S2(=O)=O)C(=O)N(C)C,C18H22N2O4S,47
CCn1nc(N(C)C(=O)c2ccccc2)n(-c2ccccc2)c1=O,C18H18N4O2,42
CN(C)CCOC(Br)=CC=C1C(=O)NC(=O)C2=CC=C12,C14H15BrN2O3,35
CCCN(C)C(=O)N(C)C(=O)N(C)C(=O)N1CCN(C(=O)N(C)CC)C1=O,C16H28N6O5,55
CN(CCCc1ccccc1-c1ccc(-c2ccc([N+](=O)[O-])cc2)cc1)C(=O)C(O)C1CN1C(=O)c1ccccc1,C33H31N3O5,70
CCN1CCN2C(=O)CN(N=C2c2ccc([N+](=O)[O-])cc2)c2nnc1s2,C15H15N7O3S,41
CSCCN1CC(=O)N2CCC=C(C(N)=O)c3ccc(cccc(cc3)-c3ccccc3C2=O)C1=O,C28H27N3O4S,63
COc1cc(Cl)ccc1C(=O)N1CC(=O)N(CCCCCC(C)(C)C)C1=O,C20H27ClN2O4,54
COc1cnc(-c2ccccc2)nc1N(C#N)Cc1cccc(F)c1OC,C20H17FN4O2,44
CCCCN1C(=O)N(CCc2ccccccccc2)C2CCN(C(=O)c3ccccc3)CC21,C29H35N3O2,67
COC1=NN=C2C=CC=C3N=C3N2CCCCCN1CCOP(=O)(O)O,C15H22N5O5P,48
CN(C(=O)N=c1nc[nH][nH]1)C(=O)Nc1ccccc1,C11H12N6O2,29
CN(C)C(=O)c1cc(C(F)(F)F)ccc1N(C(=O)c1csc2c1=CC=2)C(C)(C)C,C21H21F3N2O2S,50
CCCCN(C)C(=S)c1c(C(=O)Nc2ccccc2OC)sc2ccccc12,C22H24N2O2S2,52
COC(=O)OC(=O)COC(=O)OC(=O)OC[Ca]C(=O)OC(=O)C(C)C,C12H14CaO12,39
CC(C)(C)Nc1nc2ccccc2s1,C11H14N2S,28
COC(=Cc1ccc(F)cc1)C=c1nc2n(CCCN(C)S(=O)(=O)N(C)C)c1=CC=C2,C22H27FN4O3S,58
O=C1CCCN(S(=O)(=O)c2ccccc2)CCN2CCN1C2=O,C15H19N3O4S,42
CCCCCSc1nc2c(c(=O)n1CCNC(=O)c1cccc(C(F)(F)F)c1)-c1cc(OC)ccc1-2,C26H26F3N3O3S,62
CCOC(=O)C1=Nc2nnc(n2C=Cc2cccc(OC)c2)S1,C15H14N4O3S,37
CC(NC(=O)O)C(C(=O)[O-])C(O)C(C)OP(=O)([O-])O,C8H14NO9P-2,29
COc1cccc(C(=O)Nc2nn3n(-c4ccc(Cl)cc4Cl)n23)c1,C15H11Cl2N5O2,35
CCN(CC)C(=O)CCN(C(=O)NC1CN(CC)C(=O)C2NC(=O)OC12)C(C)(C)C,C20H35N5O5,62
Cc1occc1SCCN(CCn1c(=O)c2sc1nc2C(=O)N1CCCCC1)S(C)(=O)=O,C20H26N4O5S3,58
CCOC(=O)C1=CC(OC)=CN2CCCCN(C2=O)S(=O)(=O)c2ccc(Br)c(c2)S1,C19H21BrN2O6S2,51
NC(S)=NNc1cc(Cl)ccc1Oc1ccccc1,C13H12ClN3OS,30
O=C(NNC(=O)c1c(O)ccc2cc([N+](=O)[O-])ccc12)NC(=O)C(=O)NC(=O)c1ccccc1O,C21H15N5O9,50
CCC(=O)N(C(=O)c1ccc(C(=O)OC)s1)c1ccc2cc1-2,C16H13NO4S,35
Cc1c([N+](=O)[O-])cc2c(NC(=O)C(=C([N+](=O)[O-])[N+](=O)[O-])[N+](=O)[O-])nc([N+](=O)[O-])cc2[n+]1[O-],C12H6N8O12,38
O=C(c1ccccc1)N1CCCCN(CCCN2CCC2)CCC1,C20H31N3O,55
CN1CCCN2CCCN(c3ccccc3SC1)S2(=O)=O,C14H21N3O2S2,42
NC(=O)N(Cc1cccc(F)c1)C(=O)n1c(C=Cc2ccccc2)cccc1=O,C22H18FN3O3,47
COc1ccc(S(=O)(=O)CN2C(=O)C(C(F)F)=CC=Cc3ccc(cc3)C(=O)N(C)C2=O)cc1,C23H20F2N2O6S,54
Cc1ccc(C2=CC=C=C=CC=C2N(C(=O)NC(=O)c2ccccc2)C(CO)C(=O)N(C)C)cc1,C28H27N3O4,60
NC(=O)NC(=Cc1ccc2cc1-2)c1ccccc1,C15H12N2O,30
CCN1C2=NN=C2[N+](=O)CC2CCC(C(=O)N(C)C)C1O2,C13H20N5O3+,38
COc1ccc(C(=O)N2CC3CCCC2C3)c(OC)c1,C16H21NO3,40
CN1CCN2CCN(C=C3C=C3)CCCCC(C1)C2=O,C16H25N3O,44
Cc1cc2ccc([N+](=O)[O-])c-2cc(N)n1,C10H9N3O2,24
Cc1cccc(N(Cc2ccccc2)C(=O)N2CC2)c1,C17H18N2O,38
CCCC1CCC2CCN3CCC(=CC=C(C(F)(F)F)C3=O)N12,C17H23F3N2O,45
CCCC(C(=O)OC)N(C)C(=O)c1cc(C(F)(F)c2cccc3cc(Br)ccc23)ccc1C(=O)OC,C27H26BrF2NO5,61
COC1=CC=C(c2ccccc2-c2cc(C(F)(F)F)cc(S(=O)(=O)N(C)C)c2)C(=O)N2CC(CC2=O)O1,C25H23F3N2O6S,60
COc1ccc(Sc2ccccc2)c(C(N)=O)c1,C14H13NO2S,31
C=C(C(=O)OC)c1ccc(-c2ccc(OC)cc2)cc1,C17H16O3,36
CCN1CCn2nc(C)n(c2=O)C=CC=CC=Cc2ccc(c3ccccc23)C1=O,C24H24N4O2,54
CCN1CCCN(CCCN(c2ccc(Cl)cc2Cl)P(=O)=O)CC1C,C17H26Cl2N3O2P,51
CCN1CC2CCN(c3ccc(OC)c(OC)c3)C(=O)N(C2)C1=O,C17H23N3O4,47
COC1=CC=CC=CC2=CC1=C(F)C1=CC=C2N=C(C)N(C)C1=O,C19H17FN2O2,41
CC(C)(C)N(CCn1c(=O)cc2cc-2c1=O)C1CCc2ccccc2OC1,C22H26N2O3,53
CCCCN(C)C1=NC(c2ccccc2Cl)=NC1=C(C)CC,C18H24ClN3,46
CCCn1c(=O)n(CCc2ccc(C)cc2)c2ncc-2c(=O)n(C)c1=O,C19H22N4O3,48
CC=CC=C(C(=O)O)S(=O)(=O)OC(C)=O,C8H10O6S,25
CCCC(C)OC1CN2CCN(C(=O)c3cc(C(F)(F)F)cc4ccc(C(F)(F)F)cc34)C1C2,C24H26F6N2O2,58
CC1Sc2nnc(s2)NC(=O)N1c1ccccc1,C11H10N4OS2,28
O=C(c1cc(Cl)cc(C(F)(F)F)c1-c1cccc(CC2CCN3CCCN2C3=O)n1)N1CCCC1,C25H26ClF3N4O2,61
COc1ccc(C(=O)NC(=NC2=CC=C2C)SC2=CC=C2)cc1,C18H16N2O2S,39
O=C1C(=CF)c2cn3c(n2)N(CCC3)CCN2CCC3CN(CC2)CCN13,C19H27FN6O,53
COC1=CCC1(C#N)c1ncnc(NC(=O)CCNC(=O)c2ccccc2F)n1,C19H17FN6O3,46
CN1C(=O)c2cc(O)cc(c2)SC2=C1C1=CC=CC1=C2,C16H11NO2S,31
CC(C)(C)Oc1ccc(C2=CSC(N3CC4=NN4c4ccccc4C3=O)=Nc3ccccc32)cc1,C28H24N4O2S,59
O=C1C2C(CN3CCCCC3)CCN2CCN1Cc1ccc(Cl)cc1,C20H28ClN3O,52
CCCCCCC(C)C(C)N(C)c1nc2nc3nnc4c3cccc3ccccc3c(n1)n24,C26H31N7,62
COc1cc(C(=O)NC(=O)C2=Cc3c2nc(OC)n(C)c3=O)c2ccccc2c1,C21H17N3O5,46
CCOC(=O)c1ccc(C=CC=C(C(=O)OC)c2ccc(OCC)cc2C(=O)OC)cc1,C25H26O7,58
COC(C=CN1C(=O)NCc2ccccc21)=Cc1cccc(C(=O)Nc2cccc(Cl)c2)c1,C26H22ClN3O3,55
COC(=O)C(C)=CC=C1CCCCCOS1(=O)=O,C12H18O5S,36
C=C(N=C1NC(=O)N1C(C)C)c1cccc(Br)c1,C13H14BrN3O,32
CCCCCCCCNC(=O)C(OC(C)C)C(C)O,C15H31NO3,47
C[S+](C(=O)Nc1cccn2c(-c3cccc(Cl)c3)nnc12)N(C(=O)c1ccccc1Cl)c1ccc(NC(=O)[O-])cc1,C28H20Cl2N6O4S,61
O=C1CN(S(=O)(=O)c2cccc(F)c2)C(=O)CN1CCCOc1ccc2c(c1)C(C(F)(F)F)=C2,C22H18F4N2O5S,52
Fc1ccc2c(n1)N=C2N1CCCCC2C3CCCCN3CCN2CCC1,C21H30FN5,55
CCOc1cccc2c(=O)n(CCOc3ccccc3[N+](=O)[O-])c(=O)c3cccc(=O)n3c12,C23H19N3O7,52
C=C(C=CC=Cc1nc(-c2ccccc2Nc2nc(-c3ccccc3)n[nH]2)n[nH]1)OC,C23H21N7O,50
O=C1NCCOC2=CC1=CC=C1C(Cl)=CC2=C1C(F)(F)F,C14H9ClF3NO2,30
C=C(C(=O)N1CCCC1)C(=O)N1CCN2CCN(C1=O)C1CCCCCC12,C20H30N4O3,55
O=C(c1ccc(Cl)cc1)N1CN2CCCN3CCCC1C3C2,C17H22ClN3O,42
C=CC=C(C=CC=Cc1cccc(C(=O)c2ccccc2)c1)C(=O)OC,C23H20O3,46
CNC(=O)C(C)N,C4H10N2O,16
COC(=O)OC(C)C(C(=O)N(C)C(=O)c1ccc(OC)c(F)c1)c1ccc2cc(Cl)cc(OC)c2c1,C26H25ClFNO7,59
N=C1NC2=Nn3c(nc(-c4ccc(C(F)(F)F)cc4C(F)(F)F)c32)N1c1ccccc1,C19H10F6N6,41
COC(=O)C1=C2C3=C(OCCC4OC(=O)OC4C)C3=C2C(OC)=C1,C17H16O7,38
CCN1CCN(C(=O)c2ccc([Na])cc2OC)CN2CCSC(=CC1=O)C2=O,C19H22N3NaO4S,50
CC1=CC=C2CN=C1NC(OC(=O)N(CCCC(C)C)C(=O)C(C)(C)C)=N2,C20H30N4O3,56
COC(=O)c1ccc(C(=Cc2cc(Cl)ccc2C(=O)OC)C2(C)CCCCC2)cc1,C25H27ClO4,57
CC(=O)N(C(=O)c1cccc(S(=O)(=O)N2CCCC2=O)c1)C1CCCCCC1,C20H26N2O5S,54
CC=C1C=C1N1CCCCN(S(=O)(=O)c2cc(C)ccc2OC)C1=O,C18H22N2O4S,47
N#CC(=Cc1cccc(F)c1)c1cc2c([nH]c1=O)=CC=CC=CC=2,C20H13FN2O,37
O=C1Nc2ccc(N=Nc3ccccc3)c(c2)C=C(Oc2cccc(Br)c2)c2ccc1cc2,C27H18BrN3O2,51
COc1ccc(NC(=O)N(C#N)CCN(C)S(=O)(=O)c2ccccc2)cc1,C18H20N4O4S,47
C=C(Cl)C=C1SC(=NC2=CC=C2)N1C(=O)N1CCCCC1,C15H16ClN3OS,37
COc1cc(C(F)(F)F)ccc1N1C(=O)N2CCN(C)N=C1C2,C14H15F3N4O2,38
O=C1c2ccc3c4ccc(c3c24)CCCN1CCCN1CCN(C2CCCCC2)CC1,C27H35N3O,66
COc1ccc2c3ccc4c(c1)c3c4n2CCN1CCN(C)CC(NC(=O)Nc2ccccc2)C1,C28H31N5O2,65
CCC(=O)NC(=NC=CC=CC1=CC=C1F)c1ccccc1,C18H17FN2O,39
COC1=CC2=CC=C3C(=O)N(CCC(=O)N4CCCC4)CCCN2C(=O)C3=CC=C1F,C23H26FN3O4,57
CNC(=O)C(=CC(=O)NC(=O)c1ccccc1)C(=O)NC(=O)Oc1ccccc1,C20H17N3O6,45
CCCCCC1NC(=O)C1NC(=O)C1=Cc2ccccc2NC=N1,C18H22N4O2,43
Nc1nc(O)nc(C(C=Cc2ccccc2)=CC=CC=Cc2ccccc2Cl)n1,C23H19ClN4O,48
Cc1sc(N(C(=O)OC(C)(C)C)c2ccc(Cl)c(Cl)c2)nc1[N+](=O)[O-],C15H15Cl2N3O4S,40
N#Cc1cc2cc(c1)N1C(=O)NC(=O)NC(=O)N(C=CC(Cl)=C2)C1=O,C15H8ClN5O4,33
Cc1ccc(NN=c2[nH]c2=O)cc1,C9H9N3O,21
COc1cccc(C(=O)N(C)C(=O)C=C(C)C(=O)N2CCN(c3cccc(Cl)c3)C2=O)c1,C23H22ClN3O5,54
CN(C)C(=O)c1ccc(Cl)cc1C(=O)N(CCCC1=CC=C1)C1=Nc2cc([N+](=O)[O-])ccc21,C24H21ClN4O4,54
CCCCCN(C)C(=O)OCCN(C(=O)O)C(=O)N(C)C(=O)N(C)CC,C16H30N4O6,56
O=C(CCNC(=O)c1ccccc1)NCc1nnc2n1CC2,C15H17N5O2,39
NC(N)=NC(=Nc1cc(Cl)cc(Cl)c1)C(=O)N1CCCC1,C13H15Cl2N5O,36
CC1=CCSC2=NC(=O)N2C1=CC=C(C(=O)N(C)C)N1CCN(C)CC1,C18H25N5O2S,51
O=C(c1ccccc2cc(cc1)NS2(=O)=O)N1CCN(S(=O)(=O)N2CCC2)CC1,C18H22N4O5S2,51
CN(C)C=C(C(=O)N(C)C)c1cccc(-c2ccccc2C(=O)Nc2cccc(S(=O)(=O)N(C)C)c2)c1,C28H32N4O4S,69
N#CN=C1N2CCCN3CCCC(CC2)N1S3(=O)=O,C11H17N5O2S,36
CCN(C)c1ccccc1-c1nc2ncc1=CC=CN=2,C16H16N4,36
CN1CCN(CC2=CC=CC2=CC2=CC=C2)c2nc(Nc3ccc(Cl)cc3)nc1n2,C23H21ClN6,51
COc1ccc(CC(C)N2CCN(S(=O)(=O)c3ccccc3)CC2)cc1,C20H26N2O3S,52
FC(F)(F)C(F)(F)C(F)(F)Br,C3BrF7,11
COc1cc2ccc1c1cccc3ccc(ccnc([nH]c2=O)s1)o3,C19H14N2O3S,39
O=C1N2CCCC(C2)N(C(=O)C2=C(Cl)C=C2)CCCN1c1cccc(F)c1,C20H21ClFN3O2,47
CC(C)n1c(=O)n2c(C3=CC=CC=Cc4ccccc43)nc1nc2=O,C19H16N4O2,41
CCN(CC)C(=O)Nc1ccc2c(c1)N2,C11H15N3O,29
CN(C)CCCCCN(C)C1=NC2=CC=C3NC(=O)C(=CC(F)=CC=C23)N=C(S)NC(=O)c2ccccc2S1,C28H31FN6O2S2,70
C=CC=C(Sc1nnc(C(F)(F)c2cccc(OC)c2)[nH]1)C(=O)NC1CC1,C18H18F2N4O2S,43
CCCN(C(=O)CNC(=O)c1cccc(OC)c1)C(=Nc1ccc(Cl)cc1OC)c1cc(Cl)ccc1C,C28H29Cl2N3O4,66
O=C(Oc1ccccc1C(=O)OC=CC=CC=COc1ccccc1)c1ccccc1,C26H20O5,51
C=C(C=CC=C(OC(=O)N1C(=O)C1C)c1cc(Cl)cc(Cl)c1)C(=CC=C(I)OC)c1ccc(I)cc1,C27H21Cl2I2NO4,56
C=c1[nH]c(SC)nc1=C1C=C1Cl,C8H7ClN2S,18
COc1cccc(C2=C(N=C(CN(C)C)c3ccc(I)cc3)N2)c1,C19H20IN3O,43
COc1ccc2[nH]c(C3(C)CC3C(NC(=O)c3ccc(C)s3)C(C)O)cc2c1,C22H26N2O3S,50
O=C1N2CCCN(CC2)C2=NC=CC=C(S2)c2cccc(c2)N1c1ccc(Cl)cc1Cl,C23H20Cl2N4OS,51
O=c1[nH]c2ccccc2[nH]c(Nc2ccccc2C(F)(F)F)nc2ccccc12,C21H15F3N4O,44
CCN(CCOC(=O)N(C)C)C(=O)C(Nc1nc2ccccc2n1C(=O)c1ccccc1)C(C)O,C25H31N5O5,64
COC(C=Cc1cccc(OC)c1)=CC=C1N=C(NC(C)C(C)N)N=C1c1ccccc1,C26H30N4O2,60
CC1n2c3ccccc3n3cnnc3n1n1cc(-c3ccc(C(F)(F)F)cc3)nc21,C20H14F3N7,43
CCCCCCCCCC(=O)OCCOC(=O)CCCC[N+](=O)[O-],C17H31NO6,55
CC(C)=C1C(=O)N1C(=O)N(C)C(=O)C(C)(C)C,C12H18N2O3,35
C=Cc1ccccc1N(CCN(C)C)C(=O)Nc1cc2ccc1[nH]c2=O,C20H22N4O2,48
CCCCCCCCCCOC(=O)NC1C(=O)NCCC1C,C17H32N2O3,52
CN(C(=O)c1ccc2cccc-2sc2nn(c(=O)[nH]2)c1=O)c1cccc(S(=O)(=O)O)c1,C19H14N4O6S2,45
COc1ccc(OC)c(C(=O)c2cnc(-c3ccc(OC)c(OC)c3)n(Cc3ccc(C)cc3)c2=O)c1,C29H28N2O6,65
CN(C(=O)c1ccc(Br)cc1)C(=O)c1c2cccnc3[nH]c-2c(C(=O)Nc2ccccc2)sc1s3,C25H17BrN4O3S2,52
O=C(Nc1cc(Cl)cc(C(=O)N2CCCC2)c1)Nc1c2cccc1-2,C18H16ClN3O2,40
NS(=O)(=O)C1=CCC(c2ccccc2)N=CC(C(=O)Nc2ccccc2)=C1,C20H19N3O3S,46
CCN(CCCN(C)c1ccccc1Cl)N=c1c2ccccc12,C19H22ClN3,45
COc1ccc2c(C(=O)N(C3CCCC3)C3CC(C)CN(C(C)(C)C)C3=O)cccc2c1,C27H36N2O3,66
CCCCCCCCCCC1CCCC(=O)C1,C16H30O,47
CCCN(Cc1ccc(OC)c(OC)c1OC)C1CCC2=CC=Cc3nnc2n3C1C(=O)O,C24H30N4O5,61
CN(C(=O)C=CC=c1sc2nnc3n2c(=O)n-3c2ccccc12)c1ccccc1Cl,C21H14ClN5O2S,44
COC1=C(C(F)(F)F)C(=O)N2CCCCCCN(CCC2)C(=O)CN2C(=O)N=C3NC(=C1S3)C2=O,C21H24F3N5O5S,58
N#CN1C(=O)c2ccc(cc2)-c2ccccc2C1=O,C15H8N2O2,27
COC(=O)C1CCN2CCN1c1ccccc1-c1ccc(cc1)C2,C20H22N2O2,45
CC1CCN(C(C)C)C1,C8H17N,26
CNC(=O)Cn1c(-c2ccc(S(=O)(=O)c3ccccc3)cc2F)n[nH]c1=O,C17H15FN4O4S,42
C=CC(C(=O)N(C)C(=O)c1ccc(OC)cc1)=C1C=C1,C16H15NO3,35
Nc1nnc(C2=C(C3=CC=C3)N(C3C(O)C(O)C3O)CC(=O)N2)[nH]1,C14H16N6O4,35
CCCC(C)N(C(=O)CC)[Si](C)=O,C9H19NO2Si,32
CCC(=O)c1ccccc1S(=O)(=O)N1CCCCc2nnc1s2,C15H17N3O3S2,40
O=S(=O)(Nc1ccc(-c2nc3ccccc3[nH]2)cc1)c1ccccc1,C19H15N3O2S,39
O=C1CN2CCN1C(=O)N1CCN(Cc3ccccc3N3CCN(C2=O)C3=O)C1=O,C19H20N6O5,50
CCCCCNC(=O)C(CN1CCC1)NC(=O)c1ccccc1N(C#N)C(=O)c1ccc(F)cc1OC,C27H32FN5O4,68
CCOc1ccc(S(=O)(=O)OC(F)(F)C2=Cc3ccccc3C(=O)NC(C)C(=O)N2)cc1,C21H20F2N2O6S,51
CCCCOC(=O)c1cc(OC)ccc1C1=CC=C2OC(C)C(OC2=O)C(C)(C)O1,C23H28O7,56
CN1CCN(C(=O)c2ccc(C(F)(F)F)cc2C2=CC=C(C(F)(F)F)C2(F)F)C1=O,C18H12F8N2O2,42
CC(C)(C)CCCCCCCC(C)(C)C(=O)C(C(=O)[O-])=C1C#C1,C20H29O3-,52
COc1cc2c3nc([nH]c3c1)N(C)CCCN(CCCN1Nc3ccc1cc3)S2(=O)=O,C21H26N6O3S,56
CC(=O)NC(=O)C(=CC=CC1=CC=C1)c1ccccc1,C17H15NO2,35
COc1cc(Cl)ccc1S(=O)(=O)CN(C)C(=O)c1ccc(Cl)cc1,C16H15Cl2NO4S,39
CC(C(=O)c1ccc2c3cccc(F)ccc2c3n1)N(C)C(=O)COc1ccccc1,C25H21FN2O3,51
CSC1=CC=C2C3=CSC3=CC=C(C(=O)N2C)c2ccccc21,C19H15NOS2,38
CCCN1C(=O)N(c2ccc(C(=O)OCC)nc2N2CCCCC2)C1=O,C18H24N4O4,50
CC(C)(C)CCCCN1CC2(C(C)(C)C)C(=O)C3=C(N=C32)C1=O,C19H28N2O2,51
CC(C)(C)c1cccc(C#Cc2ccccc2NC(=O)C2CCCC2)c1,C24H27NO,53
COc1cccc(Oc2cccc(C(=O)N3CCC(CN4CC(=O)N(C)C4=O)C3=O)c2)c1,C23H23N3O6,55
CCN(CCCC1CC1)S(=O)(=O)c1ccc2cc[nH]c(=O)c2c1,C17H22N2O3S,44
COc1ccc(-c2nc3c(n2C)=Nc2ccccc2C(C(F)(F)F)=CC=3)cc1OC,C22H18F3N3O2,48
COC(=CC=Cc1ccccc1C#N)C1=CCN(CCCNC(=O)c2ccccc2)C(=O)c2ccccc21,C32H29N3O3,67
CCCCC1CCCc2ccc(c3ccc(C(F)(F)F)cc23)C(=O)N1CCN1CCCCC1,C27H35F3N2O,68
C=CC=c1cccc(O)c1=CC=C1C=CC(=O)NC1=O,C16H13NO3,32
CCC=CC=C1C(=O)C(C(=O)OC)=CC=C2C(OC)=CC=C1C=CC=C2C(=O)N(C)C(=O)c1ccccc1,C31H29NO6,67
COc1ccc2cc1C(=O)OC1=C(CCCC(C)(C)C)C(=O)N(CCCC2)C1=O,C23H29NO5,58
CCCCCN1CCN(C(C)=O)C(=O)c2ccccc2N=C1Oc1cccc(Cl)c1,C23H26ClN3O3,56
CC1(OS(=O)(=O)O)CC=C2C(=O)N1C2=O,C7H7NO6S,22
COC=C1C=C1S(=O)(=O)N1CCCOC(=O)CCCN(C(=O)C2CC3CCN2C(=O)C3)C1=O,C21H27N3O8S,60
C=CC=CN=C(N(C)c1c2ccc(C(F)(F)F)c1-2)N(C(=O)c1cccc(F)c1)c1ccc(C(F)(F)F)cc1,C27H18F7N3O,56
CCC(=O)N(CC(=O)c1ccc(C)cc1)C(=O)c1ccccc1,C19H19NO3,42
N#CC1=NC(=O)N(C(=O)c2ccccc2)C1=O,C11H5N3O3,22
O=C1C2=C3CN1CCN(C(=O)N1CCCCCC1)CCCC(=CC=C3C(F)(F)F)S2,C21H26F3N3O2S,56
Cc1nc(NC(=O)N2CCCC2)cc(C(=O)N2CCCCC2)n1,C16H23N5O2,45
O=C1C(=CC=C(F)F)Sc2ccccc2N2CCN3CCN1CCCN(C3=O)C2=O,C20H20F2N4O3S,50
COc1cccc(C2=NC3=CC=CC=C2C(=O)NC(=O)N(C(C)C)C3=O)c1,C20H19N3O4,46
O=c1cc(SCC2CCCC2)c(=O)n2c(=O)n1CCC2,C14H18N2O3S,38
Fc1ccc(Cn2ncc(-c3ccccc3-c3ccccc3)n2)cc1,C21H16FN3,41
O=C1C=C(C(F)(F)F)N=C(N=Cc2ccccc2Cl)NC(=O)N1,C13H8ClF3N4O2,31
CCN1CCN2C(=O)N(C3CCC3)CC2C1=O,C12H19N3O2,35
CN1C(=O)NC(=O)C(Cl)=CC(Cl)=C1Cl,C7H5Cl3N2O2,19
CC(CCNC(=O)C(C)(OC(=O)Nc1nc2ccccc2s1)C(=O)N1CCCCC1)C(C)(C)C,C25H36N4O4S,70
C=C(Cl)C=C1C=C(OP(=O)(OC)OCCc2ccccc2OC)C=c2nc(C)sc2=C1,C22H23ClNO5PS,54
CC(=O)N(CCN1CCCn2c1nc1ccccc12)CC(=O)Nc1ccccc1,C22H25N5O2,54
COc1ccc(C(=O)N2CN(C)c3cc(Cl)cc(n3)C2=O)cc1,C16H14ClN3O3,37
C=Cc1cc2ccc3sc(NC(=O)c4ccccc4)nc2c13,C18H12N2OS,34
CCCCN(CC)C(=O)C1=C(C)S(=O)(=O)N2CCN(CC2)C1=O,C15H25N3O4S,48
CCCC1C(C)C2OC(=O)CC1C(O)C2OC(C)=O,C14H22O5,35
NC(=O)NS(=O)(=O)NC(=O)c1cccc2ccc(C(F)(F)F)cc12,C13H10F3N3O4S,34
COc1cc2cc3cccc(c13)CCN(C(=O)N1CCCCC1)C2=O,C20H22N2O3,47
Cc1c2[nH]c-2c1C(=O)N(CCOC1CCCCC1)CCN1CCCCN(C)C1=O,C22H34N4O3,62
CN(C(=O)Nc1ccccc1-c1cc2cc3ccccc3[nH]c-2c1)c1ccccc1Cl,C26H20ClN3O,49
COC(=O)C(=Cc1ccc(OC)cc1C(=O)OC)C(=O)N(CCCCC1OC2OC(C1O)C2O)C(=O)OC,C25H31NO12,64
Fc1ccc(N2CCC(CC3CCN(c4nnc5n4CCS5)CC3)CC2)cc1,C21H28FN5S,56
Cc1ccc(NC(=O)C2=Cc3cc(ccc3C)N(C)C2=O)cc1,C19H18N2O2,41
COc1ccc(SC=C2C=C2C(=O)N(C)c2ccccc2)c(C(=O)O)c1,C20H17NO4S,43
O=C(NCCCCCCCN1CCCCC1)c1ccc2c3ccc1c2=C3,C23H30N2O,56
CCCCCC1NC(=O)C2=CC=C2OCOC1C(=O)OC,C15H21NO5,40
C=CC=Cc1nc2c3cccc(c3)c3nnc(N)n3n1CC(=O)N(c1ccccc1C)N=2,C23H20N8O,52
CC1=CC=C(Cl)N=C2N=C1N1CCN2C1=O,C10H9ClN4O,25
CN1C(=O)CN(c2cc[nH]c(-c3ccccc3)nnnn2)CC1=O,C15H15N7O2,38
CN(C)C(=O)c1ccc(N(C=Cc2ccccc2)Cc2ccccc2)cc1,C24H24N2O,51
COC(=O)C(=O)OCCOC(=O)[O-],C6H7O7-,20
CN(C(=O)c1ccccc1)c1nnc(N(C)c2cc3c(-c4ccccc4)cccc3[nH]c2=O)s1,C26H21N5O2S,55
CCC(=O)NC(C)CCCC(=NNC(=O)c1cccc2ccccc12)C(=O)Nc1cccc(OC)c1,C28H32N4O4,66
C=CC=C(N=C(Nc1ncccn1)N1CCCC1)C(=O)NC1C(=O)NC1C1=CC=Cc2cccc1c2,C27H27N7O2,61
O=C(Nc1ccnc(Nc2cc(=O)[nH]c3c4cc-4cc23)n1)c1ccccc1,C20H13N5O2,40
CCCC1OC(C(OC(C)=O)C(=O)N(C)C(CC)C(=O)c2cc(F)ccc2C(F)(F)F)C(O)C1O,C23H29F4NO7,58
CC(=O)OC1C(CC2=CC=C3C(C2C(C)CCC(C)(C)C)C3(C)C)C(C)C(=O)OC1C(C)O,C28H44O5,69
C=c1c2ccc(Br)c3cccc4c(=O)[nH]c(=O)[nH]c4nn1c32,C15H9BrN4O2,29
CCC(=O)Nc1ccc(C2Cc3ccc2cc3)cc1,C17H17NO,36
O=C(N1CCCN(c2ccccc2)C1=O)N1C2=CC=CC(=CC=C2)C2=CC=C21,C23H19N3O2,47
C=Cc1ccc(C(=O)N2CCC3C2C(=O)N(CC)CCCCCC(=O)N3Cc2ccc(Br)cc2)cc1,C29H34BrN3O3,68
CCN(C)Cc1ccccc1-c1ccc(-c2cccc(NC#N)c2)cc1Br,C23H22BrN3,49
CCN(CCC(=O)N1CCCCC1)C(=O)C(Cl)=CC=C1C=C1Cl,C17H22Cl2N2O2,45
CCCN1CCN2CCN(C(=O)NC(=O)OC(C)(C)C)C(=O)c3cccc(c3)C(=O)N(CC1)C2=O,C24H33N5O6,67
CCN1CCN2CCN(C3=NC4=CC(=C4)S3)C(C1)C2,C14H20N4S,39
CCCC1C=CC=C2C(=O)N(CCCCCCC1)C2=O,C17H25NO2,44
COc1ccc(C(=O)N2CCCCC3CCN(C3=O)C2=O)cc1,C17H20N2O4,42
COC(=O)c1cc2ccc1c(=O)n(C(=O)C1CCCCCCC1)c2=O,C19H21NO5,46
COC(=CC=C(C)N1CCN(C(=O)c2ccccc2)C1=O)OC,C17H20N2O4,43
C=Cc1ccc(N=C2SC(=S)N2C(=O)CC)cc1,C13H12N2OS2,30
COc1ccccc1-c1ccc(=O)[nH]c(=O)[nH]c(Sc2ccc(Br)cc2)nn1,C19H15BrN4O3S,43
CS(=O)(=O)N1CCCCN(C(=O)OC2C3OC(C3O)C2OC(=O)N2CCOC3=CC2=C3)CC1,C20H27N3O9S,55
CSC(=Nc1ccc(C(F)(F)F)cc1)Sc1ccc(NC(=O)N(C)C(C)=O)cc1,C19H18F3N3O2S2,47
C=C1C=C1OCC1OC(OC(=O)c2ccc3cc2-3)C(N(Cc2ccccc2)C(=O)c2ccccc2)OC1CC(=O)OC,C33H29NO8,67
CN(C)CCN1Cc2ccc(cc2N=C2NC(=O)Nc3ccc(cc3)-c3cccc(c3)S2)C1=O,C26H25N5O2S,59
CCN(C(C)=O)C(C)(C)CN1C(=O)c2nc1sc2C(F)(F)F,C13H16F3N3O2S,38
O=C1c2ccc(s2)CCCN2CCN3CCCCN1CC2C3,C17H25N3OS,47
O=C(NCCCl)C(F)(F)F,C4H5ClF3NO,15
CCCCN(CCC(C)(C)C)S(=O)(=O)NC(=O)C1CCCCC1,C17H34N2O3S,57
CC1=NC2=C(C(C)(C)C)CCN(C(=O)C=C2C(C)(C)C)C1=O,C18H26N2O2,48
CCCCCN1C(=O)C(C)N(C(=O)N(CC)c2nc3c(s2)=CC=C(F)C=C([N+](=O)[O-])C=3)C1=O,C21H24FN5O5S,56
CC(c1ccccc1)N(C#N)C1CCCC(CCN(C)C#N)C1O,C19H26N4O,47
CC(=O)N(C)C(=O)N(C)C(=O)c1ccc(S(=O)(=O)N(C)C(=O)c2cc(C)ccc2F)cc1,C21H22FN3O6S,54
N#CN1CCN(C(=O)C2CCCCC2)CCN(c2ccc(Cl)c(Cl)c2)C1=O,C19H22Cl2N4O2,49
O=C(N=C1SC2(c3ccc(Cl)cc3Cl)C=CC=CN12)Nc1cccc(Cl)c1,C19H12Cl3N3OS,39
CC(=O)N(CCOc1ccccc1)C(=O)NC(=O)c1ccccc1C=CC1=Nc2ccccc21,C27H23N3O4,57
CC(=O)c1cccc(-c2nnc(SCC(C)(C)C)s2)c1,C15H18N2OS2,38
C=C(Br)C1=CC=C1Nc1nc(N(C)C)c(C)[nH]1,C12H15BrN4,31
C=C1C(C(=O)OCC(=O)OCC)=CC=C1C(=O)c1ccc(C(=O)OC)cc1,C20H18O7,45
COC(=O)c1cccc2cccc(C(=O)O)c12,C13H10O4,27
Cc1cc2cc(c1)C(N1C(=O)C1C)=NC2=Nc1cc(C(F)(F)F)ccn1,C18H13F3N4O,38
O=C(NC(=O)c1ccccc1)C1=Cc2ccc(C(=O)O)c1c2,C17H11NO4,33
O=C1c2ccc(Cl)cc2C(=O)N1CCSC1CCCCC1,C16H18ClNO2S,39
CC1(C)CCCCN1C(=O)COc1c(F)cc(N2CCCCC2)nc1[N+](=O)[O-],C19H27FN4O4,55
Cc1ccc(OCCN(C)C(=O)C=CC=C2C=C2)cc1,C17H19NO2,39
CCCN1CCCN(C(=O)c2ccc(Cl)cc2Cl)C1=O,C14H16Cl2N2O2,36
CCN(CCCCN1CC2CC2C1=O)Cc1cc(C(F)(F)F)c2ccc(F)cc2c1,C23H26F4N2O,56
N=S1NS(=O)(=O)C2=CC=CC=CC(=C2)S(=O)(=O)N1C1CC1,C11H13N3O4S3,33
CC(O)C(O)C1CC(=O)N1C(=O)c1ccc(C(=O)N2CCCC2)s1,C16H20N2O5S,41
O=C1CSc2cc(ccc2Oc2ccc(Cl)cc2)OCCc2ccccc2N1,C22H18ClNO3S,46
COC(=O)COC1=CC=C(Cl)C=C(S(=O)(=O)N2CC(C)OC2=O)C=C1,C15H16ClNO7S,41
CCOC1OC2OC1C1OC(C(=O)OC)C3OC2C(OC(=O)C2=CC(C(=O)OC)=CC=CC(C(=O)OC)=C2)C1O3,C26H28O14,59
CC(=O)N(C)c1ccc(-c2n[nH]c(=O)n2NC(=O)c2ccccc2)cc1,C18H17N5O3,43
CCc1nc(-c2ccccc2)ccc1-c1n[nH]c(NC(=O)c2ccccc2)n1,C22H19N5O,46
O=C1COc2ccc(cc2)C(=O)N2CCCCCCN1CC2,C17H22N2O3,44
c1ccc2c(c1)-c1ccccc1C21CCCN2CCN(CC2)CC1,C22H26N2,50
CCN(CCN(c1ccccc1)c1nc2nn1C1(C=CC=C(N)N1)N2C)S(=O)(=O)c1ccccc1,C24H28N8O2S,63
CCc1cccccc(C2=Nc3nnc(n3C)S2)ccc1,C16H16N4S,37
CN1C(=O)Nc2ccccc2N(C)CCN(C(=O)c2ccccc2)C1=O,C19H20N4O3,46
CN1C(c2ccc(C(=O)N3CCCCC3)cc2)=NC=CS1(=O)=O,C16H19N3O3S,42
CC(=O)N(C)[Na],C3H6NNaO,12
O=C(COc1cccc2ccc(C(F)(F)F)cc2c1=O)c1ccccc1C(=O)n1c2nnc1s2,C23H12F3N3O4S,46
CCC[N+](=Nc1c2cccc1-2)c1ccccc1CC[N+](C)(C)CCc1ccccc1,C27H33N3+2,63
CCCCCCCC(C)OC(C)=O,C11H22O2,35
COC(=O)C1=CC2CCN1C(=O)N2C(=O)N(C)C(=O)c1ccc(OC)c(Cl)c1,C18H18ClN3O6,46
O=C(O)C1=CC=c2ccc(oc2=O)=CC=C([N+](=O)[O-])C=C1,C14H9NO6,30
C=C(C=C(C)c1c(-c2ccc(Br)cc2Cl)ccc2ccccc12)[N+](=O)[O-],C21H15BrClNO2,41
CC(C)NC(=O)c1cccc(C2=CC(=O)N2Cc2cccc(C#N)c2)c1,C21H19N3O2,45
C=CC=CC=C1c2c(nc3ccccc3c2Cl)NC(=S)N1C(C)C,C19H18ClN3S,42
CC1=NC(N2CCN(C)CC2)=NC2=C(c3ccccc3)CN1C2=O,C18H21N5O,45
COc1ccc2cc(C(=O)N3CCCCCC4CCCN(CC4)C3)ccc2c1,C24H32N2O2,60
CCCCCCC(=O)OC1C(O)C1OC(=O)c1c2cccc1-2,C17H20O5,39
CCOc1nc2ccccc2c(=O)[nH]1,C10H10N2O2,24
CC(=O)NC=CC=Cc1ccc(Cl)cc1Cl,C12H11Cl2NO,27
O=c1n(CCCCCC2CCCCC2)c(=O)n2c(=O)n1CCC2,C17H27N3O3,50
C=CC=CC=C(C(=O)Nc1ccc([N+](=O)[O-])cc1)S(=O)(=O)O,C13H12N2O6S,34
CC1=C2C(=C2C(C)(C)C)CCCCOC1=O,C14H20O2,36
COC1=NC(c2ccc(OCCN3C(=O)C3C(C)C)cc2)=C1,C17H20N2O3,40
C=Cc1c2cccc1C(=O)N(CCCN1CCCCCCCCCCC1=O)C2=O,C24H32N2O3,61
C=C(Cl)C(=O)N1CCC(N2CCN(C)CC2)C(O)C1,C13H22ClN3O2,39
CCC(=O)C1=CC(C(=O)OC2C3OC4C(OC(C)=O)OC(OC24)C(O)C(C(OC)C2COC(=O)O2)O3)=CC=CC=C1OC,C28H32O15,65
CCN(CC(=O)N(CC)CC)C(=O)C#CC(=O)N(C)C(=O)c1ccccc1,C20H25N3O4,52
CCN(C)C(=O)c1nc(N(CC)S(=O)(=O)C=Cc2c3cccc2-3)sc1C,C18H21N3O3S2,47
CCN(C(=O)C(=NC=CC(=O)Nc1ccc(Cl)cc1)c1ccccc1)c1ncncn1,C22H19ClN6O2,50
CC(C)N(CCC(C)(C)C)C1=NC2=CC(=C2)S1,C14H22N2S,39
CCCCc1sc(C)nc1C=C(C(=O)OC)c1cccc(Cl)c1,C18H20ClNO2S,43
O=C(N=C=NC=CS(=O)(=O)c1ccccc1)c1ccccc1,C16H12N2O3S,34
O=C1NC(=O)N(C(=O)c2ccccc2)CC2CN1CCN2c1ccccc1,C20H20N4O3,46
CCCCCCCCn1c(C(C)(c2ccccc2)c2ccccc2)nc2ccccc2c1=O,C30H34N2O,67
CN1CCN(C(COP(=O)(O)O)C(NC(=O)c2cc3ccc2c2ccccc32)C(=O)Nc2ccc(C(F)(F)C(F)(F)F)cc2)C1=O,C29H26F5N4O7P,70
CCN(CC)C(=O)N1Cc2ccccc2C1=O,C13H16N2O2,33
C=C(C(=O)NCC(=O)N(C)c1ccc(I)cc1)C1=CC=C1,C16H15IN2O2,36
CN(C)C(=O)c1c(CCCCC2CCCCC2)sc2c3ccc1c2c3=O,C22H27NO2S,53
CN(C(=O)c1ccc(C(F)(F)F)c(Cl)c1)c1ncnccc2c(s1)=NC=CC=CC=2,C20H14ClF3N4OS,44
CCC(C1CCN(C)C(=O)N1)N(C)C(=O)C1=C(c2ccccc2)N=C=NC=CN1,C21H26N6O2,52
CCCCC1=CC=C2C(F)=CC=C2NC=C1C(=O)N(CC)CCCC,C21H29FN2O,53
CNC(=Nc1cccc(-c2ccc(C(F)(F)F)cc2)n1)Nc1ccccc1,C20H17F3N4,44
C=C(C=CC(=O)N(C(=O)c1ccccc1)c1ccccc1)NC(=O)N(C(=O)Nc1ccccc1)c1ccc(Cl)cc1,C32H25ClN4O4,66
CCCN1CCN(C(=O)NC2=C3SCC(=O)N(C(=O)c4ccccc4F)CCN23)CC1,C21H26FN5O3S,57
CCN(C)C(=O)N(c1ccc2c3ccc(-c4ccc(C)cc4)c-3c1-2)C(C)(C)C,C25H28N2O,56
CC(=O)N(C)C(=Nc1ccc(Cl)cn1)c1ccccc1,C15H14ClN3O,34
CNC(=O)CSc1nnc(NC(=S)NC(=O)c2ccccc2)s1,C13H13N5O2S3,36
CCn1c(=O)n(COc2cccc3cc(OC)ccc23)c(=N)n(-c2cccc(OC)c2)c1=O,C24H24N4O5,57
CCN(C(=O)NC1=CC=CC1=O)c1ccccc1Cl,C14H13ClN2O2,32
CCCCN(C(=O)c1cccc(OC)c1)C1=CC=C2C(N)=CC=C21,C20H22N2O2,46
O=C(c1ccccc1)c1ccc(C2(c3cccc(Cl)c3)C(=O)N3C=C2C3=O)cc1,C24H14ClNO3,43
C1=C2C(=C1)c1cc2ccc1-c1ccc(-c2ccccc2)cc1,C22H14,36
COC1=CC=C(N(C)C)C=C2C=CC=C2C1=CC1=CC=C1[N+](=O)[O-],C19H18N2O3,42
CCC1CCC(NC(=O)c2cc(F)ccc2Cl)C(=O)N1C(=O)COC(=O)c1cccc(OC)c1,C24H24ClFN2O6,57
C=CC=C1Sc2nnc1n2-c1cc(C)ccc1C(=O)N1CCCN2CC(CC1)NC2=O,C22H24N6O2S,55
CN(C)C(=O)Nc1cc(NC(=O)c2ccccc2)ccc1N(C)C(=O)Nc1ccccc1N,C24H26N6O3,59
CCN(CC(=O)Nc1ccccc1)C(=O)CNC(=O)c1sc2nc1S2,C16H16N4O3S2,41
CC1(C)CC(=O)C1=CC=C1OCCOC1=O,C12H14O4,30
O=C(C=Cc1ccc(Br)cc1)c1ccccc1Cl,C15H10BrClO,28
CC=C=Cc1cc(C)ccc1S(=O)(=O)N(C)c1nnc(C)s1,C15H17N3O2S2,39
Cn1c(N=C(c2ccccc2)N(C(=O)c2ccccc2)c2ccccc2)nccc1=O,C25H20N4O2,51
CCCCCCCCCCCCC(=O)C1=CC=COC(=O)CC1,C20H32O3,55
CCCCC[S+]([O-])C(=O)N(C)C(=O)C1=Cc2cc3ccc1c-3n[nH]c2=O,C18H19N3O4S,44
COC1=CC=C1C(Cl)=CC=CS(=O)(=O)N1CCN(c2ccccc2)c2nn(c(=O)n2-c2ccccc2OC)CC1,C28H28ClN5O5S,68
COC1=c2[nH]c(N3CCN(C)CC3)nc2=C1,C11H16N4O,31
NC(=O)O,CH3NO2,7
COc1ccccc1NC=NNc1ccc2cc1C(=O)N2C(=O)C(F)(F)c1ccccc1,C23H18F2N4O3,49
CCN(Cc1ccc(OC)cc1)C(=O)C1=CC=C(C#N)C2C=CC=C(OC)C12,C23H24N2O3,52
CN(C)C(=O)N1CCN(C(=O)c2ccccc2Nc2c3cccc2-3)CC1,C20H22N4O2,47
COC(C(=O)C1=CC(=O)N(C(=O)c2ccc(Cl)cc2)C(C)C(=O)N1C)=C1C=CC(Cl)=CC=C1[N+](=O)[O-],C24H19Cl2N3O7,54
COC(=O)C1=CC=C2C(Cl)=CC=C1N(C(=O)c1ccc(Cl)cc1)C(=O)C2c1ccc(C(=O)NC(=O)NC(=O)c2ccc(Cl)c(Cl)c2)s1,C32H19Cl4N3O7S,64
C=CC=C1CCN(CCCCN2CCCC(N3CCC(C)N(CC)C3=O)C2=O)S1(=O)=O,C22H36N4O4S,65
CCSC1=C(C)C(=O)N(C)C1=O,C8H11NO2S,23
CCNC(=O)CCCN(C(C)=O)C(=O)c1sc2nc1S2,C12H15N3O3S2,35
CC1=C2C=C1N=C2N1CCCC1(C)C,C12H16N2,30
COc1ccccc1S(=O)(=O)N1CC=Cc2cnnn2CC1,C14H16N4O3S,38
COC1CN2C(=O)N(C(=O)C3=CC=CN(c4ccccc4C(F)(F)c4ccc(Cl)cc4)C2=N3)C1C,C25H21ClF2N4O3,54
CNC(N)=NC(=CC=C(c1ccccc1)c1ccccc1)C(=O)Nc1ccccc1,C25H24N4O,54
CN(C)Cc1ccc2[nH]c(=O)n(C(=O)N(C)C)c1=n-c1ccccc1-2,C18H21N5O2,46
CCN1CCN(C(=O)c2nc3sc2C(CC(C)C)=CN3)C1=O,C15H20N4O2S,41
COC(=O)C1CN(CCN2Cc3cccc(cc4ccc3o4)S2(=O)=O)CCN1C,C20H25N3O5S,53
CCCN(C)C(=O)N(C)c1nnc(NC(=O)C=CC=c2cccc3c2=C3)s1,C19H21N5O2S,48
COc1ccc2[nH]c3ccc(OC(=O)N4CCCC(C)(C)C4)cc3c2c1,C21H24N2O3,49
O=C(CCCCCCCN1C(=O)C2=CC(=C2)C1=O)N1CCCCC1,C19H26N2O3,50
CCN1CC2CN(C)C(=O)c3ccccc3N(C(=O)N3CCSCC3)C(=O)N2C1=O,C20H25N5O4S,55
CC1(C)CCN2C(=O)N1CC(CCN1CCCCC1)N1C(=O)c3cc2ccc31,C22H30N4O2,58
CCN(C)C(=O)NC1=C(NC(=O)NC)C2=CC=CC(=C3c4ccc3[nH]4)C=CC=CC1=C2,C24H25N5O2,55
CCCCC1Oc2ccccc2C=Cc2ccccc21,C19H20O,39
CC1CC(C)C2C(CC3=CC=C4C=C(C=CN=[N+]=N3)[N+]4([O-])[O-])C12,C17H20N4O2,38
CCCCCCSSCCCSP(=S)(OP(=O)(O)OCC)SC,C12H28O4P2S5,51
O=[N+]([O-])C(Cl)Br,CHBrClNO2,7
CCOC(=O)CSc1ccc(S(=O)(=O)Nc2ccccc2)cc1C,C17H19NO4S2,43
CN1Nc2ccc1c(C(=O)N(C(=O)c1ccc(C(F)(F)F)s1)c1ccccc1)c2,C20H14F3N3O2S,42
CCCN(CC)c1nc2n(C)c1C1=NC2=N1,C11H15N5,31
CCCCC1C(C(=O)OC)C(CC)C(=O)C2C(C)C(C(C)C(C)CCC)C(=O)C1C2C,C27H46O4,67
CN(C)C(=O)C1CC(NC(=O)c2ccc(Nc3ccc[nH]3)cc2)C(=O)N1,C18H21N5O3,43
COP(=O)(OC)OC1OP(=O)(OC)OC1N1C(=O)NC(=O)C1=COP(=O)=O,C9H13N2O13P3,37
CCC(=O)CCCC(=O)OC(=O)CCCC(C)(C)C,C15H26O4,45
CN1CCC(N2CCN(C(=O)c3ccccc3C(=O)N3CCN(c4ccc5cc4C5=O)CC3)CC2)C1,C28H33N5O3,69
CN(C(=O)N1CCCCC1)c1ccc(C(F)(F)F)cc1-c1ccccc1,C20H21F3N2O,47
CN(C)C(=O)N(CC(=O)NC(=O)N(C)C(=O)c1ccc(NC(=O)c2ccccc2)cc1)C(=O)c1ccccc1,C28H27N5O6,66
CC(=O)N(C(=O)C1=CC2=CC=CC=CC=C1C2=O)C1CCCCCOC1,C21H23NO4,48
CC(=O)CCCCCOC(=O)C(Br)=C(Br)Br,C10H13Br3O3,29
CCn1c2ccc(Cl)c(N(CCN(C)S(=O)(=O)c3ccc(F)cc3)C(C)=O)ccc-2c1=O,C22H23ClFN3O4S,55
O=C1NC2C3NC(=O)N4CCN(C1C4)C2CN(CCN1CCCCC1)C(F)(F)C1=CC3=C1,C22H30F2N6O2,58
CCCNC(C)=O,C5H11NO,18
CCC1NC(=O)NC1C1CCCCCC1,C12H22N2O,35
COC(=O)C1=CCCC(C(=O)c2ccccc2OC(C)=O)=C1,C17H16O5,38
CN1CCN(c2ccc(C(=O)N3CC4CN5CC4CC5C3)c3ccccc23)C(=O)C1=O,C24H26N4O3,57
CCN1C(=O)CCCSc2cc([N+](=O)[O-])ccc2C1=O,C13H14N2O4S,34
C=C(c1cccc(C(F)(F)c2ccc(C(=O)NC(C)C)cc2)c1)c1n[nH]c(N)n1,C21H21F2N5O,49
CN1CCN(C(=Nc2cccc[n+]2[O-])SC2=CC=C2)C1=O,C14H14N4O2S,35
CN1CCC(c2ccc(Br)c3c2=CC=3)CC1,C14H16BrN,32
Cn1c(=O)c2ccc(F)cc(Br)cc(S(N)(=O)=O)cc2sc2nnc1s2,C14H10BrFN4O3S3,36
O=C1NN=C(c2ccccc2)c2ccc(o2)NC(=O)c2ccccc21,C19H13N3O3,38
CC12CCCCN3C(=O)c4cc(c5c(c4)C(=O)N(CCCCC(CCC1)CC2)C5=O)C3=O,C26H32N2O4,64
CC(=O)Nc1ccccc1C(=O)NC1=CC1=Cc1cccc(I)c1I,C19H14I2N2O2,39
COC(=O)C1=CC=CC(C(F)(F)C(=O)[S+](C)[O-])=CC=C1c1nnc(C)[nH]1,C16H15F2N3O4S,40
C=CC=C1c2cc(C)ccc2N1C(=O)Nc1ccccc1,C18H16N2O,37
C=C(C=C1C(=O)N(CCCN2CCCCC2)C(=O)N(C2CCCN(C)C2=O)C1=O)OC,C22H32N4O5,62
O=C1N2CCCN1C(=O)C1(CC2)CC1,C10H14N2O2,28
CCCCCCCCCN1C(=O)C(CC2=CC=C2)N(C(=O)OC)C1=O,C19H28N2O4,52
NC(=O)n1c(C(=O)Nc2cc3cc-3c2)cc2ccccc21,C16H11N3O2,32
CCN1B(C)C(N)OC1(F)F,C5H11BF2N2O,21
C=C(C(=O)N1CCCCC1)C(=O)N1CCC(C)C1,C14H22N2O2,40
C=C(C=C1C=C(OC)C=C1C(=O)N1CCCN(C(C)=O)C1=O)OC,C17H20N2O5,44
CCCCCN1C(=O)COC1=O,C8H13NO3,25
O=C1NC2=NN=CC=CC=CN=C(NC1c1ccccc1)S2,C15H13N5OS,34
CCC(=O)N=C1SC(C)CN1C(=O)C(F)(F)Br,C9H11BrF2N2O2S,28
C=C(C=CC(=O)NCc1ccccc1)OC,C13H15NO2,31
O=C1CN2CCN1C(=O)NS(=O)(=O)c1ccc(cc1Br)S(=O)(=O)NC1=CC3=C(C=CC2=C1)OCO3,C20H17BrN4O8S2,52
Cc1ccc2c(c1)C1(Nc3nnnc(N)n3)C2=CC=CC1c1ccccc1,C21H18N6,44
CCCCCOC(=O)N1CCN(CC)S(=O)(=O)c2ccc3c(c2)SC(=CC1=O)SCCC3,C22H30N2O5S3,62
CC(=O)N(CCN(CCOc1ccc(F)cc1)C(N)=Nc1nc2cccc3ccc1nc32)C(C)C,C26H29FN6O2,63
COC1=CC=CC(=O)N2CCN1N=C(c1cccc(Cl)c1Cl)N(CC(=O)N1CCCCC1=O)C2=O,C23H23Cl2N5O5,58
O=C(c1ccc2c3c1cn1cccc(Cl)c(ccc(Cl)c31)OCCO2)N1CCCC1,C23H20Cl2N2O3,50
CCN1CCN(c2ccccc2C(=Cc2ccccc2)c2ccc([N+](=O)[O-])cc2)CC1,C26H27N3O2,58
C=CC=CC(=CC=C)C(C#N)=CC=C(Br)c1nc2nc(n1)Sc1nnc(s1)N2,C18H12BrN7S2,40
O=C1CCN2C(=O)CCCCCCCCCCCCCN1C2=O,C18H30N2O3,53
O=C(c1ccccc1)N1CCN2CC(=CC=Cc3ccccc3)S(=O)(=O)N3CC(C2)C1C3=O,C25H25N3O4S,56
O=C(NCCN(C=CC=C1C=C1)c1ccccc1)c1ccccc1,C21H20N2O,44
CCCCCN1C(=O)C1CC1CCCCN1S(=O)(=O)c1ccc(OC)cc1OC,C21H32N2O5S,60
CCN(CCN1CCCCCN2C(=O)N(CC1=O)C2=O)C(=O)Cn1c2nc3c([N+](=O)[O-])ccc(c3c1=O)C2(F)F,C24H25F2N7O7,65
CC1OC(=O)C2CCCCCCCCCCC12,C15H26O2,40
C=CC=C1c2ccc3cc2C(=O)N(C)CCN1N(C)C3=O,C16H17N3O2,38
C=CC(Cl)=CC(=CC(=O)Nc1cccc(N(CC)C(=O)NCC)c1)N=c1sc2ccccc2s1,C25H25ClN4O2S2,59
CC1=CC=c2c3cc(cc21)=C(C1(C)CCCCCCCN(C(=O)c2cccc(F)c2)CC1)C3=O,C30H32FNO2,66
C=C1C2=CC=CC=CC=C2Nc2nc(C(C)N)ccc21,C17H17N3,35
COC1=CC=C(C(=O)N2C(=O)NC(=O)C2=Nc2ccccc2)C=CC=C1,C19H15N3O4,41
COc1ccc2c(c1)C(=O)N1CCN(CCNC(=O)C(C)=C2)CC1,C18H23N3O3,47
CCC(=O)OC(=O)CCCCCCCCCCCC[N+](=O)[O-],C16H29NO5,51
CC(=O)Nc1cccc2ccc-2cc1,C12H11NO,25
CN(C)C(=O)N(Cc1ccccc1)C1=CC=C1C1=CC=C1,C18H18N2O,39
NC(N)=NC1=CC(=CN(C(=O)Nc2ccccc2)c2ccccc2F)NC1=O,C19H17FN6O2,45
CC(=O)NC(=O)NC(=O)c1ccc2cc1-2,C10H8N2O3,22
COC1=NC=CC=C(F)c2nnc(n2C)N1,C9H10FN5O,26
CC1=C(C(=O)N(C)C)SC2=C(S1)C(=O)OCCC1OC1N(C1CCCCC1)C2=O,C20H26N2O5S2,52
O=S(=O)(Nc1cccc(C(F)(F)F)c1Cl)c1ccc(Cl)cc1,C13H8Cl2F3NO2S,30
CCCCCC1=NC2=N[N+](n3ccc(NC4C(O)C4O)n3)=NC(=N1)[N-]2,C14H19N9O2,41
CCC(=O)N(C)C(=O)C1=CC=C1C(=CC1=CC=C1)c1ccc(C(F)(F)F)cc1F,C22H17F4NO2,46
C=C1C(=O)N2CCCCN(C(=O)c3ccccc3)CCCN(C2=O)S1(=O)=O,C18H21N3O5S,48
Cc1nnc(-n2nnnc2C(F)(F)S(=O)(=O)c2ccc(C3C=CC3)cc2)s1,C15H12F2N6O2S2,39
CCCCN(C)C(=O)Cc1nnc(C)[nH]1,C10H18N4O,32
C=C1C=C1c1ccc(C(=O)N(C)C(=O)N(C)C(=O)N(CC)CCCCC)cc1,C22H29N3O3,57
COC(OC)OP(=O)(O)O,C3H9O6P,19
C=C(C#N)C=C(Cl)C=Cc1cc(NS(=O)(=O)O)nc(-c2cccc(Oc3ccccc3)c2)n1,C23H17ClN4O4S,50
CC(=O)NCCCN1CCN(C)C1=Nc1cc(Cl)ccn1,C14H20ClN5O,41
CCCN(CCCCCCCN(C)C)c1nc2cc3ccc4c(cc5ccc3c4c52)s1,C27H33N3S,64
O=C1Nc2nnc(n2-c2ccccc2)SCc2ccccc21,C16H12N4OS,34
CC1C(N2CCCCC2)CCN1C=Cc1cc2cc(Cl)c1cc2Cl,C20H24Cl2N2,46
O=C1OC2CCCCCCOC2Cc2nc(Cl)c1[nH]2,C13H17ClN2O3,33
C1CCCC2(CCCCC2)CC(N2CCCCC2)CC1,C19H35N,54
COc1cc2ccc1C(=O)N(C(=O)c1ccccc1)CCCCO2,C19H19NO4,43
O=C(Nc1cccc(C(C(=O)O)c2cccc(Br)c2)n1)c1ccccc1,C20H15BrN2O3,40
COc1ccc(F)cc1C(=NN1C=CC=CN=C1N1CCNC1=O)Nc1ccccc1,C22H21FN6O2,52
COc1cc(OCCN2C(=O)CCNC2=O)ccc1NC(=O)c1cccc(Br)c1,C20H20BrN3O5,49
COC(=O)c1ccc(-c2nnc3n2CCN2C3C3C(O)C2C3O)cc1Cl,C17H17ClN4O4,39
CCCCCN1C(=O)C(=CC=C2C=C(C)C=CS2(=O)=O)CC1C(O)C1OC1C,C21H29NO5S,53
CCCCCCCCCCCC1CC1c1ccccc1,C20H32,50
CCCCSC1=C2C=CC(C(=O)OC)=CC(=O)NC(=O)C(OC(C)=O)=CC=C21,C20H21NO6S,48
N#CC=CC=C1C(=O)N2C(=O)C23C=CC=C13,C12H6N2O2,22
C=C1C=c2nc3nc(c2=C1)NC(=O)N3Cc1ccccc1,C16H12N4O,32
COC1=CC=CC=C(S(=O)(=O)N2CCCCN(C(=O)c3ccccc3OC)CC2)C=C1C#N,C24H27N3O5S,60
CCN1CCN(c2ccc([N+](=O)c3ccc(-c4ccc[n-]4)cc3)cc2)C(C)C1=O,C23H24N4O2,52
O=c1oc2cccc3c(c(=O)c4ccc(F)cc14)=C3C=CC=CC=2,C20H11FO3,35
CN(C)C(=O)N1CCc2ccc(cc2)C(F)(F)CC1,C14H18F2N2O,37
CN(CCNC(=O)N(Cc1ccccc1)c1ccccc1)C(=O)Nc1ccccn1,C23H25N5O2,55
COc1ccc2c(C(=O)c3ccc(NC(=O)C(C)C)cc3)cccc2c1,C22H21NO3,47
CC(C)(C)OC(=O)CCCCN(C(=O)c1ccc2ccccc2c1)C1CCCC1,C25H33NO3,61
CC1=CC=C(C(C)(C)C)CCCC1=O,C13H20O,34
C=CC1=CC(N(C)C(=O)CNC(=O)c2ccc(Br)cc2)=C1,C16H15BrN2O2,36
C=C(C=C1c2ccc(OC)cc21)N1CC(C)(C)CN(Cc2ccc(C(=O)OC)c(OC)c2)C1=O,C27H30N2O5,64
CN1CCn2c(N)nnc2C1=O,C6H9N5O,21
CCN(CC)C(=O)C(Sc1cc(OC)ccc1OC)=C(C=Cc1ccccc1)C(=O)OC,C25H29NO5S,61
CCC(=O)Nc1c(OC)ccc2[nH][nH]c(C)ccnc12,C14H18N4O2,36
COc1ccccc1S(=O)(=O)N1CCCC2CCN(CC1)C2=O,C16H22N2O4S,45
CCCC(C(=O)CC)C(C)C,C10H20O,31
O=C1N2CCCN(CC3CCCN13)S(=O)(=O)c1ccc3cc1C2=C3,C17H19N3O3S,43
N#CNC(=O)Nc1c2ccc3c-2cccc1C3(F)F,C13H7F2N3O,26
C=C1NC(=O)CN2CC(=O)N(C2=O)c2ccc(NC(=O)c3ccccc3C)c(c2)S1,C21H18N4O4S,48
N#CNC(=O)NC1=CC=C([N+](=O)[O-])C=CC(NC(=S)Nc2ccc([N+](=O)[O-])cc2)=C1,C17H13N7O5S,43
CC1C2C(=O)C3C4C2CCC1(C)C4CCCCCCCCC31CCCCC1,C26H42O,63
CNC(=O)OCC(C)SC,C6H13NO2S,23
CN(C=C1C(=O)c2ccccc2N(C(=O)OC(C)(C)C)C1=O)S(=O)(=O)c1ccccc1,C22H22N2O6S,53
COc1ccccc1OC(=O)Oc1cccc(C)c1,C15H14O4,33
CCOCC(C)N(C)CCCN,C9H22N2O,34
CC(C)(C)OC(=O)C1=CC(C=O)=C1,C10H12O3,25
COC1=CC(N(C(=O)c2ccccc2)C(=O)N(C)C(=O)N2CCCCC2)=C1,C20H23N3O4,50
COc1ccc2cccc(C(=O)NC(=O)NCCCCC(=O)N3CCCCC3)c2c1,C23H29N3O4,58
CCC(=O)Nc1ccc(C(=O)c2ccccc2OC)cc1,C17H17NO3,38
COc1ccccc1C(=O)N(C)CC=CC=C1C2=CC=C1NC(=O)N2,C19H19N3O3,44
COc1ccc(Oc2cc(F)ccc2OC)c(C(N)=O)c1,C15H14FNO4,35
COC1=C2C(=O)N(CCCN3CCCN(CC3)C2=O)CC1,C15H23N3O3,44
CC=CC=C(C(=O)Nc1ccc(-c2ccccc2)cc1)c1ccccc1,C24H21NO,47
O=C(c1ccc(C(=O)N2CCCN3CCCCCN(C2)C3=O)s1)c1ccc(Cl)cc1Cl,C22H23Cl2N3O3S,54
COC1=CC(S(=O)(=O)N2CCN(C(=O)c3ccccc3)CCCCCC2=O)=C1,C20H24N2O5S,52
CCC(=O)N(C)C(=O)c1ccccc1Nc1ccc(OC)cc1C1C=C(OC(=O)c2ccccc2)C=C(Cl)C1,C31H29ClN2O5,67
CCCCN(C(=O)c1ccc(C)cc1)c1nnc(C(C)=CC=Cc2cccc(C)c2)s1,C26H29N3OS,60
COC(=O)C1=C2C(=O)C(C(C(=O)N3CCCCC3)=C1)C2CCCNC(=O)c1ccc(F)cc1,C25H27FN2O5,60
O=C1C=CC=CC=CC=CN=C2SC(=NN2C(=O)Nc2ccc(Br)cc2)N1,C18H14BrN5O2S,41
O=C(O)C1=CC1=CC=CNC1=CC=C(Oc2ccccc2)C(C(=O)O)C1,C20H17NO5,42
CCN1C2OC3C(C2CSc2nnc(C=C(F)C#N)n2CC)C31,C15H18FN5OS,36
O=C1N(CC2=CC(F)=CC=CC(C(F)(F)F)=C2)CCC2c3nnc([nH]3)N12,C16H13F4N5O,37
CCCCN(CCCN(C)C)C(=O)c1c2ccc3nc([nH]c13)S2,C17H24N4OS,46
N#Cc1cccc2c(=O)n(ccc1)N=C2O,C11H7N3O2,23
O=C(c1cccc(F)c1)N1CCN2CCCCC(CC2)C1,C17H23FN2O,44
CCCN1C(=O)NC(=CC(=CC=C(OC)c2ccccc2)OC)C1=O,C19H22N2O4,46
CCCCC1C(=O)N2CCN(CCC(=O)N1C(=O)c1cccc(-c3cc(OC)ccc3Cl)c1)CC2,C27H32ClN3O4,66
Sc1nnc(Nc2ccc(Cl)cc2)s1,C8H6ClN3S2,19
O=C1CSC2=NC(=NC(S(=O)(=O)c3cccc(C4=CC=C4)c3)=CC=CC=C3C(=O)N32)N1,C21H14N4O4S2,45
CCCCN1CCC(C)N(C#N)c2cccc(n2)S1(=O)=O,C14H20N4O2S,41
CC(CCCCC[Si](=O)O[Si](C)(C)C)CC(=O)O,C12H26O4Si2,44
CN(Cc1ccccc1)c1ccnc(Nc2ccccc2)n1,C18H18N4,40
C=C(C(=O)NC(=O)c1cccc([N+](=O)[O-])c1)c1cccc(OC)c1,C17H14N2O5,38
O=C(C=CC=Cc1ccc(Cl)cc1)NC(=O)c1ccccc1OC(=O)c1ccccc1,C25H18ClNO4,49
COc1ccc(F)cc1CN(CCCCN1CCC1=O)C(=O)c1ccccc1,C22H25FN2O3,53
CN(C(=O)Nc1ncccc1Cl)c1ccccc1,C13H12ClN3O,30
CC(C)(C)N1CCCN[N+](=O)C2=CC(=C2)S1(=O)=O,C11H18N3O3S+,36
O=C(Nc1ccc(F)cc1F)c1ccc(C(=O)Nc2ccc(F)cc2Cl)c(Br)c1,C20H11BrClF3N2O2,40
C=NC=C(C(=O)NC(=O)c1ccccc1)n1cnnc1-c1ccc(OC)cc1,C20H17N5O3,45
C=Cc1ccc(S(=O)(=O)N(CCN2CCN(C(=O)N3CCCC3)C2=O)C(C)(C)C)c(OC)c1,C23H34N4O5S,67
CN(C(=O)c1ccccc1)C1C(=O)NC=Cc2cc(S(=O)(=O)O)ccc2Nc2ccccc21,C24H21N3O5S,52
CC1=CC(Cl)=CC(N2C(=O)Nc3nnc2s3)=CC=C1,C12H9ClN4OS,28
COc1ccc(Sc2ccc(Cl)cc2Cl)c(OC2C(O)C3CN2C(=O)N3C)c1Cl,C19H17Cl3N2O4S,43
CN(C(=O)c1ccccc1)C(=O)N1C(=O)N(c2ccccc2)C2=NC1=NCC2,C20H17N5O3,45
C=C1SC(N(C(=O)c2ccccc2)C2C(=O)N(C(C)=O)CCC2C)=Nc2c3ccc(Cl)c2C=C13,C26H22ClN3O3S,54
C=C(C(=O)NC)c1ccc(N2CCN(CCOc3ccccc3)C2=O)cc1,C21H23N3O3,50
C=C(C(=O)NC(=O)c1ccccc1)C1CCN(c2cc(OC)ccc2OC)CCN2CCN(C1)C2=O,C27H32N4O5,68
CN(CCCN(CCN1CCOCC1)CC(=O)N1CCCCC1)S(=O)(=O)C1=CC#C1,C21H34N4O4S,64
CC1=CC=C(CNc2nc(N3CCCCC3)nc(N3CCCCC3)n2)C(F)(F)C2=CC=C12,C24H30F2N6,62
CCCCCOC(=O)c1c2cccc1C(=O)C=CC=C2,C17H18O3,38
COC(=O)C(=Cc1ccccc1Cl)C(=O)c1ccccc1S(=O)(=O)c1cccc(OC)c1,C24H19ClO6S,51
Cc1c(-c2nc(NC(=O)N(C)C)n(C)n2)c2ccc1cc2,C15H17N5O,38
COC(=O)C1=CC=c2oc(c3c(=O)oc(=O)c=3cc2OC)=C1,C15H10O7,32
COC(=O)C1CCCCC1N(C)C(=O)C1=C(c2ccccc2F)C2=NC1=N2,C20H20FN3O3,45
C=CC(=CC=C(N=c1nc(-c2ccccc2)n(C)c(=O)[nH]1)[N+](=O)[O-])[N+](=O)[O-],C16H14N6O5,41
O=C1CCCCCC(CN2CCCC2)N1C1=CC(C(F)(F)F)=C1,C17H23F3N2O,45
Cn1cccc(-c2ccc([N+](=O)[O-])cc2)nc(Sc2ccccc2)n(C)c1=O,C20H18N4O3S,46
CC(=O)N(CCN(C(=O)c1ccccc1)S(=O)(=O)c1ccccc1)C(=O)N1CCCCC1,C23H27N3O5S,59
CN1CCN(c2nccccccs2)c2ccccc2NC1=O,C17H18N4OS,41
O=C(NC(C=Cc1ccccc1)=CNc1ccccc1C(=O)N1CC1)c1cccc(F)c1,C26H22FN3O2,53
O=C(N=CC=CC=CC1=NN1)c1ccccc1[N+](=O)[O-],C13H10N4O3,29
CCN(C)C(=O)N1CCN(C(=O)c2ccc(Cl)cc2)C1=O,C14H16ClN3O3,37
Cc1nc(F)nc(CCCC2=CC=C2)n1,C11H12FN3,27
COc1cc2ccc3c(c(C)cc1-3)C1=CC=C1NC(=O)N(C)CCCCCN(C)C2=O,C25H29N3O3,60
COc1ccccc1N1CCN(C2=NC(=CC=C3C=Cc4ccccc4N3)S2)C1=O,C23H20N4O2S,49
C=CC(=Cc1ccc2cc1C(N(C)C(=O)Nc1ccccc1)=N2)OC,C20H19N3O2,44
CCCCC1CCC(=O)N(C(=O)c2cc(C(F)(F)F)ccc2C#N)C1,C18H19F3N2O2,44
O=C(c1ccc(Cl)cc1)N1CCCC(CC2CCCCC2)C1=O,C19H24ClNO2,47
CCCCN1CCCC1=CC=C(OC)C(=O)N1CCCCN2CCN(C2=O)C1=O,C21H32N4O4,61
Cn1c(C=C2NC(=O)C([N+](=O)[O-])=CS2)cc2c(c1=O)=CC=C(O)C=C(Cl)C=2,C17H12ClN3O5S,39
CC(C)CC(N)C(=O)O,C6H13NO2,21
C=C1C=CC(N(C)C(=O)c2cccc(OC)c2)=C1,C15H15NO2,33
COC(=O)COc1ccc(CCC(=O)c2cccc3c(C=CC=C4C=C4C)cccc23)cc1,C29H26O4,59
CC=C(C(=O)N1CCCC1)S(=O)(=O)N1CCCCC1,C13H22N2O3S,41
O=C(NC(=O)N1Cc2ccccc2C1)c1ccccc1,C16H14N2O2,34
CCN1CCN(C(=O)c2ccc(OC)cc2S(=O)(=O)N2CCN(CCN3CCC3=O)CC2)CC1,C23H35N5O5S,69
CCN(N=C1c2cc(OC)ccc2C(=O)N1C)C(=O)C(=C1C=C1Cl)[N+](=O)[O-],C17H15ClN4O5,42
CC(C)(C(=O)O)C(=O)CCl,C6H9ClO3,19
O=C(COc1cc(C(F)(F)F)ccc1C1=Nc2cc1ccc2C(F)(F)F)N1CCCC1,C21H16F6N2O2,47
COc1ccc(C(=O)N2CCn3c(=O)n(c4ccccc43)CCN(C3=CC=C3)C2)cc1,C24H24N4O3,55
C=Cc1ccccc1Nc1nc(-c2ccccc2C(=O)N(C)c2ccccc2)n(-c2cccc(Cl)c2)c(=O)n1,C31H24ClN5O2,63
CCNC(=O)c1nc(N(C(C)=O)C(=O)c2ccccc2)sc1C,C16H17N3O3S,40
CCCCC1CC2CCC1O2,C10H18O,26
O=C1C=C2OC3C4CN1CCN1CCN4CCCCCCN(CC31)C(=O)c1ccc2c(F)c1,C25H31FN4O3,62
CCOC(=C1C2=CC=C1C(CCC[Si](C)=O)=C2)c1cccc(C(=O)CC)c1C,C24H28O3Si,56
C=Cc1cc2c3cccc4c3ccc2n(c1=O)CCCCCC[S+]([O-])C(=O)N(CCCCCC)C4=O,C29H34N2O4S,70
NC1=NC=CC=CC2=CC=C2C1(F)F,C10H8F2N2,22
CN(CCN1CCN(C)C1=O)C(=O)c1ccc(Br)c2ccccc12,C18H20BrN3O2,44
CN(C)CCC(CN1CCN(c2ccc(F)cc2)CC1)n1c2nnc1c1c2=CC2=CC=CC=12,C26H29FN6,62
COc1ccccc1C(F)(F)c1ccc2sc(=NN=c3cc3)n(C(=O)N(C)C(=O)CCN3CCNC(=O)NC3=O)c2c1,C27H25F2N7O5S,67
CCCCc1sc2nc1CC(C(=O)OC)N2,C11H16N2O2S,31
CC1NC(=O)OC1CN(CCn1c(Sc2cc(Cl)ccc2Cl)nnc1N(C)C)C(=O)N1CCCC1,C22H29Cl2N7O3S,62
COC(=O)C1=C(OC)C(C)(c2ccc(OC(=O)c3ccc(C(=O)O)cc3)cc2C(=O)O)OC1=CC(=O)O,C25H20O12,57
COc1ccc(C(=O)N2CCC3CCCN3C2=O)c(C(F)(F)C#N)c1,C17H17F2N3O3,41
O=[N+]([O-])c1cnc(Cl)cc1Cl,C5H2Cl2N2O2,13
CCN(C(=O)CCC(=O)N(C)C)C(C)C,C11H22N2O2,37
CCN(C)CCCN(CCc1ccc(OC)c(Cl)c1OC)C(=O)C1=Nc2cnc(-c3ccc(Cl)cc3)n21,C27H31Cl2N5O3,68
N#CC(=O)N1CCCCC2CCN(CCC1)CC2,C14H23N3O,41
CN(C)C(=O)OCC1=CC=C(Br)C1=CCl,C10H11BrClNO2,26
CN(C)C(=O)N(C)C(=O)c1ccccsc(C(=O)N(C)c2ccccc2)cc1,C21H23N3O3S,51
CN(C)C(=O)NCCCOP(=O)(O)O,C6H15N2O5P,29
O=C(Nc1nc2ccc1cc2)N(C(=O)C1=CC=CCC1)c1ccccc1,C21H17N3O2,43
Cc1ccc(Cl)c(NC(=O)c2[nH][nH]c2C)c1Cl,C11H11Cl2N3O,26
CC(=O)N(C)C(=O)C1=CC=C2C=CC=CC=C1C(=O)N2,C15H14N2O3,34
CCCCn1c2ncc(c1=O)N=C(c1ccc(OC)c3ccc(C(C)=O)c(OC)c13)S2,C23H23N3O4S,54
COc1ccc(NC(=O)N(C)C(=O)N2Cc3ccc2c(OC)c3)cc1,C18H19N3O4,44
CC1=NC(=O)N2C(=O)N(C=C1)CCN1CCC2C1=O,C12H14N4O3,32
O=C1C=CC=C2OC(=CC=Cc3ccccc3C(=O)NC(=O)N1)C=CC=C2[N+](=O)[O-],C21H15N3O6,45
O=C1C2CCN3CCN4CCCCCN1c1ccc4cc1C1=CC=CC1=NC(=N3)N2,C23H26N6O,55
CCCCN1C(=O)C2=CC=C2c2c(C(=O)N(C(=O)N(C)C)C(C)C)ccc1c2OC,C23H29N3O4,58
CCC(=O)N1CCN(P(=O)(O)OC)C(=O)C1,C8H15N2O5P,31
COc1ccc(C(=O)OC2OC3OC(C2C)C(O)C3OC(=O)C=C2C(=O)OC3CCCC(OC2=O)C3O)cc1OC,C27H30O14,62
COc1cc(C(=O)N2CCCCCCCN3CC=C4C=CC=C2C3=N4)ccc1Cl,C23H26ClN3O2,55
COC(=O)N(C(=O)Nc1ccccc1[N+](=O)[O-])C(=O)c1cc2ccccc2s1,C18H13N3O6S,41
COc1ccc(C(=O)N(C)CCCN2CCCCCC(=CC=C3C4=CC=CC=C3C=C4)C2=O)cc1,C30H34N2O3,69
COC(=O)C1=C2C=C1S(=O)(=O)N(CCCCCCC1CCCCC1)C(=O)S2,C19H27NO5S2,54
CN(CCCCC(F)(F)F)C(=O)N1C(=O)N=C1C(F)(F)F,C10H11F6N3O2,32
O=c1[nH]c2noc3cccc4cc(n1c(=O)c2=CC=C([N+](=O)[O-])C=C3)=C4,C17H10N4O5,36
CCCCCOc1ccc(-c2nc3cc(n2)N(CC)C3=O)cc1,C18H21N3O2,44
CN1CCCCCN2CC(Nc3nc(-c4ccccc4)nc2n3)C1=O,C18H22N6O,46
CCCCCCCCC1C2OC3OC1C3OC2OC(=O)c1ccc(F)cc1C,C22H29FO5,51
CCN(C(=O)c1ccccc1)S(=O)(=O)C=CC=C(OC)C1=NC=N1,C16H17N3O4S,41
C=CC(=C1N=CN=C1N(CC)C(=O)NC)C(F)(F)F,C11H13F3N4O,32
CCCCCCN(CCCCC)C(=O)NC(=O)c1cccc2c1C=C2,C21H30N2O2,54
CCN(C(=O)c1ccccc1)C(=NC(=Nc1ccccc1)N(C)c1ccccc1)c1ccccc1,C30H28N4O,63
COc1ccccc1C(=O)N(CCCN(C)C(=O)c1cnc2cc1-2)C(=O)N1CCCC1,C23H26N4O4,57
CCCC1OC2OC1N1CCCCOC(=O)C(NC(=O)CN(C(=O)c3ccc(F)cc3OC)CC1=O)C2O,C25H32FN3O9,65
CCN1CCN(C(=O)N(CC)c2cccc3ccccc23)CC1=O,C19H23N3O2,47
COc1cc2ccc3c(F)ccc1n2C(=O)N(C(C)(C)C)C3,C17H19FN2O2,41
CCCN(C)C(=O)N1CC2=CC3=C(SC1=N2)C3(F)F,C12H13F2N3OS,32
COc1cc(Cl)cc(-c2cccc(C(=O)N(C)C)cccn2-c2ccc(Cl)cc2)c1,C24H22Cl2N2O2,52
CN(C)CCCN1CCc2cc(Cl)ccc2-c2cccc(c2)C1=O,C20H23ClN2O,47
COc1ccc(Cl)c(CN2CCN(S(=O)(=O)c3ccc(-c4nc5nc(C)c6c-5cn4-6)c(F)c3)CC2)c1,C25H23ClFN5O3S,59
COc1ccc2cc1C(N(C)C)=NCCCC1=C(S1)C2=O,C16H18N2O2S,39
COC1=CN(CCCN(CC2CNC(=O)N2)C(=O)c2cccc(OC)c2)c2ccccc2C=C1,C26H30N4O4,63
COC=C(CNNC(=O)c1ccccc1)c1cc2ccccc2[nH]c1=O,C20H19N3O3,45
Cc1ccc(C(=O)OCC(=O)Oc2ccc(Br)cc2)cc1,C16H13BrO4,34
CC(C)(C)CN1C(=O)c2ccc3n2CCCCCCCN(C3=O)C1=O,C19H27N3O3,52
CCN1CCCCCCCN(C(=O)c2ccc(C(=O)N3CCN(C(C)=O)CC3)s2)C1=O,C22H32N4O4S,63
C=C1C(=O)Nc2ccccc2C(=O)N(CCOc2ccccc2)C1=O,C19H16N2O4,41
O=C(N(Cc1ccccc1)c1nnc(C2CC=C2F)[nH]1)N(c1ccccc1)c1ccc(F)cc1,C26H21F2N5O,54
C=C1N=C1N1CCCN2CCN(CC2)C(CCCCCCC)CC1,C20H36N4,59
COC(=O)c1ccc(C(F)(F)F)c2c1NC1=NC(=C2C)c2c(OC)cc(F)cc21,C20H14F4N2O3,42
CCCCN(C)C(=O)N(CC)C(C)=O,C10H20N2O2,34
CCN(C(=O)N(Cc1cccc(C(F)(F)c2ccccc2)c1)C(=O)N(C)C)c1ccccc1,C26H27F2N3O2,60
CC(=O)N(C(=O)c1ccccc1)c1ccccc1C1C=C(C(=O)N(C)C)C=CC1,C24H24N2O3,53
CCCN1C(=O)C(CC)N(C(=O)C=C(Br)C=C(F)CC)C1=O,C15H20BrFN2O3,41
CCOC(=O)c1cc2c(C(=O)OC)c(c1)C(C(=O)c1ccccc1C(=O)N1CCCCCC1=O)=CC=CS2,C29H27NO7S,65
NC(=O)NC1=NS(=O)(=O)C2=CC=C(C(Cl)=CC=C2Cl)C2=CC=C2S1,C14H9Cl2N3O3S2,33
COC(=O)C(C=CC=CC=CC=C(OC)Sc1ccccc1)=CC(=O)N(C)C(=O)c1ccccc1,C28H27NO5S,62
CN1CCN(C(=O)n2cccc(Cl)n(-c3cc(Cl)ccc3Cl)c3ccc(Cl)cc32)CC1,C22H20Cl4N4O,51
Cc1ccc(C(=O)NC2CCN3C(=O)N(C=C4c5ccccc54)CCCCC(O)C23)cc1,C26H29N3O3,58
Cc1ccccc1S(=O)(=O)N(CCCc1ccccc1)CCN(C)C(=O)N1c2ccccc21,C26H29N3O3S,62
COC1=CC=C2C=CC=C1SCC(=O)NNC2=O,C12H12N2O3S,30
CCNC(=O)NC(=NC)Sc1ccc(Cl)cc1F,C11H13ClFN3OS,31
CCCN(CCc1ccccc1)C(=O)C=C=C(C)C,C17H23NO,42
COc1ccc2c(c1)CN(c1ccccc1OC)C(=O)N2C(C)=O,C18H18N2O4,42
COc1ccccc2ccc(c1)C1=CC=CC3=CC(=C(Cl)C=C2)C(=O)N(NC1=O)C3=O,C24H17ClN2O4,48
O=c1[nH]c2c(s1)-c1cnc([nH]1)SCCCCOc1cc(ccc1Cl)S2,C16H14ClN3O2S3,37
O=C1C(O)CN(c2ccc(Cl)cc2Cl)CCCCN1c1c[nH]c2c1=CC=2,C19H19Cl2N3O2,43
CCCCCCCCC(OC(C)=O)C1C2OC(OC(=O)c3ccccc3)C21,C22H30O5,52
CCCN1CCOC2=CC=C(C)Sc3cc(ccc32)C1=O,C17H19NO2S,40
CC(C)(C)CCN1CCCCCCN(C(=O)c2c3c(c4ccc5scc4c25)=CC=3)CC1,C27H34N2OS,65
COc1ccc(C2=CC(=O)CC(N3CCCN(C(C)(C)C)C3=O)C2=O)c(C#N)c1,C22H25N3O4,53
Cc1ccccc1-c1cccn1C(=O)N1CCN(C(=O)c2ccc(F)cc2)C1=O,C22H18FN3O3,47
O=C1CCCCCCCCCCCN1C(=O)N1CCCCOC1=O,C18H30N2O4,54
C=CC=Cc1ccc(C=C)[nH]c(=O)c(C(=O)Nc2ccccc2)ccc1[N+](=O)[O-],C22H19N3O4,48
COc1ccc(C=CC(=O)NC(=O)c2ccc(OC)cc2)cc1,C18H17NO4,39
COC=CC=C1C=CC=C1S(=O)(=O)OC(C)(C)c1ccc(C#N)cc1,C19H19NO4S,44
COC(=CCl)C(=Cc1ccc2cc1C(=O)O2)OC,C13H11ClO4,29
C=C1C=C(c2cccc(OC)c2)NCC(C)N(CC)C(=O)N1c1ccc(Nc2ccccc2Cl)cc1,C29H31ClN4O2,66
CCCCN(CCCCCN1CCCCC1)c1ccc2ccccc2n1,C23H35N3,61
CN1CCC2=NN=C1SC(=NC=C1C=C1)N1CCCN(C(=O)N(C)C2=O)C1=S,C17H19N7O2S2,47
CCN(C)c1nccc(N=C2C=CC(c3cc(Cl)ccc3Cl)=N2)n1,C17H15Cl2N5,39
CCCCN(C)CCCn1c2ccc3c4ccc5[nH]c5ccc3c([nH]4)c21,C22H26N4,50
COC1=CC(F)=CC=Cc2ccccc2C(NC(=O)c2ccccc2)=NC=C1,C23H19FN2O2,47
CCCN(C(=O)c1ccc(F)cc1)C1CCc2csc(n2)SCCCN1C(=O)c1ccccc1,C26H28FN3O2S2,62
CN1CCN(C(=O)c2ccccc2-c2ccc(C(=O)N3CCCC3)cc2)CC1,C23H27N3O2,55
CC(C)(C)OC(=O)CC1OC(=O)OC1=O,C9H12O6,27
O=C(NC(=O)c1ccccc1)C(=O)N(c1ccco1)S(=O)(=O)c1ccccc1,C19H14N2O6S,42
CN1C(=O)C=C([N+](=O)[O-])C(=O)NC1(C)C,C8H11N3O4,26
CN(CCNC(=O)c1ccccc1)c1nnc(Nc2nc3cc4cc-3ccc24)s1,C21H18N6OS,46
CC1=CC=C2CC(=CC=C2Cl)N=C1N1CCN(C)CC1,C16H20ClN3,40
O=C(NC(=S)NC(=S)C1=CC=C1)c1ccccc1,C13H10N2OS2,27
COC(O)(CN(CO)C(=O)O)OC,C6H13NO6,26
CCCC1C(C)OC(=O)N1CC(=CC=C(C)Oc1ccccc1)C1=CC=C1,C23H27NO3,52
COc1cccc(C(=O)NC2=NN(C)C3c4cn(c(C)n4)C(c4ccccc4)=NN23)c1,C22H21N7O2,52
COC(=O)c1ccc(C(=O)N2CCCCCCN(C(=O)c3ccc(Br)cc3Cl)C(C)C2)cc1,C25H28BrClN2O4,61
COc1ccc2c(c1)N(CCNC(=O)c1ccccc1)c1nnc(s1)NN=C2c1ccccc1,C25H22N6O2S,56
CN(C(=O)NC(N)=NC(=C(c1ccccc1)c1ccc(Cl)cc1)c1ccc(Cl)cc1)c1ccccc1,C29H24Cl2N4O,60
N#Cc1ccccc1C(=O)Nc1ccc(S(=O)(=O)Nc2cccc(O)c2)cc1,C20H15N3O4S,43
CCCCS[Sn](C)(OCC)OCCCSCC,C12H28O2S2Sn,45
N#CC(=CC=CN=C(C(=O)Nc1ccc(F)cc1)c1ccccc1)C1=CC=C1,C23H16FN3O,44
CCN1CC2C3=NN2C=C(C1=O)N3c1cc(F)cc(OC)c1,C15H15FN4O2,37
CN(CC(=O)NCCOC(=O)C=CC1=C(Cl)C#C1)S(=O)(=O)Cc1ccc(Cl)cc1,C19H18Cl2N2O5S,47
CN1CCN2C(=O)NC(=CC1=Cc1ccccc1[N+](=O)[O-])C(Br)=CC=CC=C2[N+](=O)[O-],C20H18BrN5O5,49
CCCCCCCCc1ccc(C)cc1,C15H24,39
NS(=O)(=O)CC(=O)c1ccccc1,C8H9NO3S,22
O=C1CSC(=NC2=CC=CC(Nc3cccc(Cl)c3)=CC=C2)N1,C17H14ClN3OS,37
CCCN1C(=O)CCN(C(=O)C=CC=C2Sc3ccccc3C3=CC=C3C=C2OC)C1=O,C25H24N2O4S,56
COC(=O)N1CCCCCCCC2=CC(=C2)C1=O,C14H19NO3,37
COc1ccccc1OCCCNC(=O)N1CCC(=O)N(c2ccc(F)cc2)C1=O,C21H22FN3O5,52
CN(C)C(=O)N(Cc1ccc(-c2ccc([N+](=O)c3ccccc3)cc2)cc1)c1ccc(Cl)cc1,C28H25ClN3O2+,59
CCC(=O)N1CCCCCCC1,C10H19NO,31
CCCN1CCN(CC(=O)Nc2nc3c4ccccc4c2-3)CC1,C18H22N4O,44
O=C1N2CCCCN3CCCCCCN(c4cccc5cncnc45)CCC(CC3)N1C2,C25H36N6O,67
Cc1ccccc2nc(C)n(-c3ccccc3)c2ccc1,C19H18N2,39
COP(=O)(Oc1ccccc1F)OC(C(C)NC(=O)NC(=O)C1=CC(=O)N(C)C1=O)C(O)C(C)c1ccccc1,C26H29FN3O9P,64
COC(=O)c1cccc(C(=Cc2ccccc2)C(=O)N(C)C(C)=O)c1,C20H19NO4,44
CCCN1C(=O)C=C(C(F)(F)c2ccc(OC)cc2)C1=O,C15H15F2NO3,36
C=C1N=C(Nc2ccccc2CN(C)C)SC(NCc2cccc(Cl)c2)=NC=C1c1cccc(Cl)c1,C28H27Cl2N5S,63
Cc1ccc(NC(=O)NC(=O)N(C)[S+](C)[O-])c(C=C2C=CC(F)=Cc3c2[nH]c2ccccc32)c1,C25H23FN4O3S,54
CCCCc1cnc(Sc2nc3ccccc3c(=O)n2CCN2CCCCC2)s1,C22H28N4OS2,57
COC1=CN=C2NC(=O)NC(=O)N2C1,C7H8N4O3,22
CC1(C)CCN2CCCN(CN(C(C)(C)C)C2=O)S(=O)(=O)C2=CC#CC1=CC=C2,C22H31N3O3S,60
O=C(O)c1ccc2nc(nc[nH]c1=O)-c1cccc(c1)-c1ccccc1-2,C20H13N3O3,39
CN(CCCN1CCC1)C(=O)C1=CC=C1Br,C12H17BrN2O,33
CCCCN(CCN(C)C(=O)C1=CC=C1)P(=O)=O,C12H19N2O3P,37
CC(C)=C1CCCc2ccccc2C(=O)N(C(=O)N(C)C)CC1,C19H26N2O2,49
O=C1N=C(SC(=O)c2ccccc2C(=O)c2ccccc2)SCCCCCN1,C21H20N2O3S2,48
C=C(OC)c1cc(OC)ccc1C(=O)N1CN2CCCN(C3CCCN4C(=O)OC34)C(=O)C1C2,C24H30N4O6,61
CN(C)C(=O)c1ccccc1SC(=S)N1CCN(C(=O)c2ccccc2)C1=O,C20H19N3O3S2,47
CC1(C(=O)N2CCNC3=NC4=NC5=CC=C5C(=N3)N4CC2)CCCC1,C18H22N6O,47
O=C(CCN(CC(=O)Nc1ccccc1)C(=O)Nc1ccccc1)Nc1ccccc1,C24H24N4O3,55
CCCCCCCN1CC2OC(CCC)C1C2NC(=O)c1cc2ccc1c1ccc(OC)cc21,C29H38N2O3,68
CCC1CCCCCN(C)C(=O)c2ccccc2C1=CC=C(C)C,C22H31NO,54
CCC1CCC(c2cc(OC)ccc2Cl)N(CCCC2CCCN2S(=O)(=O)c2ccccc2)C1=O,C27H35ClN2O4S,68
O=C1NC2CCCCCN1C2C1=CC1=Cc1ccc(C(F)(F)F)cc1,C19H19F3N2O,42
O=C1CCCCCOc2cccc(c2)C(=O)N2CCN1CC2,C17H22N2O3,44
CC(O)C(OC(=O)C1=CSc2nnc1[nH]2)C(C)O,C10H13N3O4S,27
COC=CC=CC=C(Br)C=C1N=C(SCC(O)CN(C)C(=O)c2cccc(OC)c2)S1,C22H25BrN2O4S2,55
CC(C)N(CCNC(=O)COc1c2cccc1-2)C(=O)c1ccccc1,C20H22N2O3,47
O=C(O)Cc1ccc2cc1-2,C8H6O2,16
O=C(Nc1ccccc1)N1CCCN2CCN(C(=O)c3cc4cc-4c3)CCN(CC1)C2=O,C24H27N5O3,59
CCCCCN(CCCCCCCCCOP(=O)(O)O)CCN(C)C,C18H41N2O4P,66
CC(CCCN(C)C)N(C)C,C9H22N2,33
Cc1cccc(OCCC(O)C(C)c2cc3ccc2=3)c1,C18H20O2,38
CC(C(=O)N1CCCCC1)N(C)C(=N)Nc1ccc(C(=O)N2CCCCC2)c2cc(Cl)ccc12,C26H34ClN5O2,67
CCCC1=CC=C(C)C1=Nc1cc(OC)ccc1[N+](=O)[O-],C16H18N2O3,39
COC(=CC=CC(=O)N(CCCN1C(=O)c2ccccc21)C(C)C(=O)N(C)C)c1ccccc1,C27H31N3O4,64
CC(C)(C)C1=C([NH+]=O)C=C1C(F)(F)C(F)(F)C(F)(F)F,C11H11F7NO+,31
CC1=CC=CN=C(c2ccc(C(F)(F)F)cc2)NC1=O,C14H11F3N2O,30
COc1c(NC(=O)Cc2c3cc4c(c2Cl)NC3=CC(Cl)=C4)ccc([N+](=O)[O-])c1F,C19H12Cl2FN3O4,40
COc1cc(=O)n(C(=O)c2ccccc2Cl)c2ccccc12,C17H12ClNO3,34
CCCCN1C(=O)C2=CCCCN(C1=O)S2(=O)=O,C11H16N2O4S,34
CCOC(=O)CCCCCCCOC(=O)C1=CC=C(OC)c2cc1ccc2OC(C)=O,C24H30O7,61
CCC1CCC(N(CC)C(=O)c2cc3ccc2o3)OC1C(=O)NCCC(C)(C)C,C23H34N2O4,60
O=C(NNC(=O)c1ccc(O)cc1)c1ccccc1,C14H12N2O3,31
CN(CCF)C(=O)N1CC(N)C(O)C1,C8H16FN3O2,28
CCN1CCN2CCC(=O)C(=CSc3ccc(OC)cc3S1(=O)=O)C2=O,C17H20N2O5S2,46
CCCN(C(=O)C=C1C=Cc2ccccc21)C(=S)NC(C)=O,C17H18N2O2S,40
COC(=O)C1CCC(=O)C2=CC(=C2)C(=O)C(CCCCCCCC2CCCCC2)CC1,C27H40O4,70
Cc1sc2c3[nH]c(C(=O)N(CCOc4ccccc4)C(N)=O)c2c13,C17H15N3O3S,38
Cn1c2nnc1C(c1cccc([N+](=O)[O-])c1)=CC=C2,C13H10N4O2,29
O=C1Nc2ccccc2OC2CC1=CC=C2c1ccccc1,C19H15NO2,37
O=C1N(CCN2CCCCN(C3=CCCC3)CC2)CCN1c1nc2ccc1cc2,C23H31N5O,60
CCc1cc2ccc3c(c1)c2=CC=C(C(=O)N(C)CC)S3,C18H19NOS,40
CC(=O)N(C)CCN1CCN2Cc3ccccc(nc2cc3)S1(=O)=O,C17H22N4O3S,47
O=S(=O)(Nc1nccc(Cl)cccc2ccc(cc2)[nH]1)c1ccccc1,C19H16ClN3O2S,41
COC1OP(=O)(OC)OC2C1NC(=O)C(OC1C(O)C(O)C(C)N1c1nn3c(=O)n1CC3)C2OP(=O)(O)OP(=O)(O)O,C17H28N5O17P3,61
CCCSc1nnc(N(c2ccccc2)c2ccccc2Cl)s1,C17H16ClN3S2,39
COc1cc2c(=O)n3c(=O)n(c(=O)c2cc1Br)CCCCCCC(C)CCCC3,C22H29BrN2O4,58
O=C1NC=CC=CC(=Cc2ccccc2)N1,C13H12N2O,28
C=CC=CC(=NN=C(N)c1ccccc1)c1ccccc1C,C19H19N3,41
CCCCCCCCCCCC1CCCC2C3C(=O)N(C(=O)C3C(C)C1C)C2C,C26H45NO2,67
CN1CCN(S(=O)(=O)c2cccc(C=c3sc4cc3=CC=C3C=C34)c2)CCN(C)S1(=O)=O,C22H23N3O4S3,55
COC(=O)C1CCN(S(=O)(=O)c2ccccc2)CCNC(=O)CNC(=O)OC(C)C(=O)N1C,C20H28N4O8S,60
CCn1nc(-c2ccc(Cl)c(C(F)(F)F)c2)n(-c2ccccc2)c1=O,C17H13ClF3N3O,38
CC(CNC(=O)c1ccccc1Br)N(C)C(=O)C1=CC=Cc2ccc1s2,C20H19BrN2O2S,44
CC1CN1C(=O)c1ccc(S(=O)(=O)N(C)CCC(C)(C)C)cc1C(=O)N1CCCC1,C22H33N3O4S,63
CCCN1CCN(C(=O)C2=CC=C(OC)C=C3C(Cl)=C23)C1=O,C16H17ClN2O3,39
O=C1C2=CC=C(Cl)C3(CCCCCCN4CCCN1C4=O)CCN2CC3,C20H28ClN3O2,54
CN(C)S(=O)(=O)C1=CC=CC2=CC=C2c2nc(NC(=O)Nc3ccc(Cl)cc3Cl)nc1n2,C20H16Cl2N6O3S,48
CN(C)C(=O)NC1=CC(=O)N2CCCCN(CC2)C1=O,C13H20N4O3,40
O=C(c1ccc(F)cc1)N1CCN2C(=O)C3(CCCC3)C(=O)N3CCC(C3)C2C1,C22H26FN3O3,53
COP(=O)(O)OC(OC(C)=O)C(O)C(=O)O,C6H11O9P,25
CN(C(=O)C1=CC=CC2=CC1=CC=CC=CC2=CC=Cc1nc2cn1nc2-c1ccccc1)[S+](C)[O-],C29H24N4O2S,60
CN(c1ccccc1)c1nnc(NC(=O)C=CC(F)=C2C=C2)s1,C16H13FN4OS,36
CC1CN2CCCN(CCN1C(=O)NC(=O)Nc1cccc(C#N)c1)C2=O,C18H22N6O3,48
CCCCCN(CCCC)c1cccc2c1=NN=2,C15H23N3,41
CCC(=O)N(C)C(=Nc1cccc(C)c1C)c1ccccc1C,C20H24N2O,47
COC(=O)OCCCCCCCCCCCCCC(C)C,C18H36O3,57
O=C(O)c1cccc2c3cccc(F)ccc-3cccc-2c1,C19H13FO2,35
CCCCCC(=O)N1CCN(c2nnc(C)s2)C1=O,C12H18N4O2S,37
CCCN(CC)C(=O)OCCN1CCCCCCNC(=O)C2=CC(=C2Cl)C1=O,C20H30ClN3O4,58
CN1C(=O)N2CN(C1=O)c1ccc([N+](=O)[O-])cc1C2=CC=CC=CC=CCl,C18H15ClN4O4,42
NC(N)=Nc1ccc(-c2ccc(F)cc2C2=CC=C3C=CC=C2O3)s1,C19H14FN3OS,39
N#CN(CCCCc1ccc(Cl)cc1Cl)S(=O)(=O)c1cncc([N+](=O)[O-])c1,C16H14Cl2N4O4S,41
CNC(=O)Nc1nccc2ccc1c1ccc21,C13H11N3O,27
C=C(C=CC(=CC=C1C2=CC(Cl)=CC2=CN(SC)N1C)OC)S(=O)(=O)Oc1cc(Cl)cc(Cl)c1,C23H21Cl3N2O4S2,55
C=C1C=C1N(C)c1ccccc1N=C(Nc1ccccc1Br)N(C)CCCC,C23H27BrN4,55
CC(C)(C)C1C2CC(C1n1c3ccc(c1=O)C1=CC3=C1)C(C)(C)C2,C22H27NO,48
O=C1Nc2nn(c(=O)[nH]2)C2(c3cccc4c3=CC=4)C3=CC=C2C1=C3,C18H10N4O2,32
C=C1C(OC)=C2C=C2C(=O)NC(C(=O)c2ccccc2)=C1C(=O)OC,C19H15NO5,40
C=CC(OC)=C1C=C1C(=O)NC(=O)c1ccc(F)cc1,C15H12FNO3,32
COC(=O)COc1c2ccc(c1C(=O)OC)C=CC=C2C(=O)O,C16H14O7,37
CCN1CCN(C2CC=CC=C2F)S(=O)(=O)N(c2ccccc2C(F)(F)F)C(=O)Nc2ccc1cc2Cl,C24H23ClF4N4O3S,60
CCCCC(C(=O)CCCN(C(C)=O)C(=O)C(C)C)=C1C=C1,C18H27NO3,49
O=C1CN1C(=O)N1CCCCC1,C8H12N2O2,24
CCCCCC(=O)N(CC)C(=O)c1c(C)ccc(=O)n1CC,C17H26N2O3,48
O=c1[nH]c2cccnc2n1-c1ccccc1,C12H9N3O,25
CC1N=C(C(=O)O)N=C1c1cccc([N+](=O)[O-])c1,C11H9N3O4,27
COC1=CC(C(=O)N(c2ccccc2)c2ccccc2)=CC2=CC(=C1)NC2=O,C23H18N2O3,46
C=CC=Cc1cccc(-c2ccccc2C(=O)OC)c1,C18H16O2,36
O=C(c1cc(Cl)c2c(Cl)c1SC(Cl)=C2)N1CCN(CCN2CCCC2)CC1,C19H22Cl3N3OS,49
CCCCCCCCCCn1c(=O)c2ccc3nc(-c4cccc(C)c4)nc(c1=O)c3c2,C27H31N3O2,63
COC(=O)c1cc(C(=O)OCC2OC(=O)C3C(=O)OC2C2C(C(=O)OC)CCCCCCC32)cc2c1=CC=2,C28H30O10,62
CC(C)(C)C1C(=O)C=C(C(=O)O)C1C(=O)OCCCCCC1CCCCC1,C22H34O5,59
C=C1C=C(C(=O)c2ccccc2)N2CCN1C(=O)N(CCN1CCCC1)C2=O,C21H24N4O3,52
O=C1CCCN1S(=O)(=O)c1ccc(S(=O)(=O)N2CCC3CC2CS3)cc1,C16H20N2O5S3,46
CC(C#N)=CC=Cc1ccccc1C1CCCCN2CCCC1C2=O,C22H26N2O,49
NC(=O)Nc1nc2ccccc2cc1C1C=CC=CC1,C16H15N3O,35
CCCN1CCCC=C(C#N)c2ccc(cc2)C(=O)NC(CC)C1=O,C20H25N3O2,49
CN(C)CCN1CCN2CC1CCc1ccc(c3c1=CC=3Cl)C2=O,C19H24ClN3O,47
CCN1CCN(C)C(=O)c2ccc(-c3ccc(Cl)cc3)c1n2,C17H18ClN3O,40
CN(CCN1CN(C2=CC=C2)c2cc3sc1cn3c2)S(=O)(=O)C1=CC(Cl)=CC=CC=C1,C22H21ClN4O2S2,52
C=C1C=C1C(=O)NCCCC1C(NC(=O)c2cccc(Cl)c2)CN2C(=O)N(C)C(=O)C12,C22H23ClN4O4,51
COc1ccc2c3c4c(=O)n(c(=O)c2c1)CCCN4CCN3CCN1CCN(C)C1=O,C22H27N5O4,58
CCCNC1=NCCN1c1ncnc(-c2ccccc2)n1,C15H18N6,39
CCn1c(Nc2ccccc2[N+](=O)c2ccccc2)cccc1=O,C19H18N3O2+,41
O=c1[nH]c2ccccc2nc(Sc2cccc(Br)c2)nc2n1C2,C16H11BrN4OS,34
CN1NC2=NN1c1ccccc1C2=CC=CN1CCCC1,C16H19N5,39
COc1ccc(-n2ccc(N(C(=O)OS(=O)(=O)c3cccc(OC)c3)c3ccccc3)n2)cc1,C24H21N3O6S,55
COc1ccc(-c2ccccc2Cl)c(N(C)C(=O)Nc2ccccc2)c1,C21H19ClN2O2,45
CC(=O)c1cccc(C(C)C)c1,C11H14O,26
COC(=O)c1ccc(C2C3OC(=O)N(C3=O)C(CCCCOc3ccccc3)C2(C)C)cc1,C26H29NO6,59
CCN1C=C2C(=O)N(CCC(C)C)C3NC(=O)N=C2C(O)C31,C15H22N4O3,41
O=C1N(CCCN2CCCCC2)CCCN1C1=NC2=CC(Cl)=CC2=C1,C19H25ClN4O,50
C=CC=C(NC(=O)Nc1nnc(NC(=O)c2ccccc2)s1)C(=O)Nc1ccccc1S(N)(=O)=O,C21H19N7O5S2,54
CCCCC1OC(C(C)(C)C)C2OC1C(OC(=O)C=CC1=CC=C1)C2OC(=O)c1ccc(Cl)cc1,C28H33ClO6,62
CC1=CC=c2cc3cc(sc([nH]c2=O)=N1)C=CC=C3,C15H12N2OS,30
O=C(NC(=O)N1COC1=O)c1ccccc1C=CCl,C12H9ClN2O4,28
COc1cccc(N=C2NC(=O)N2CCN(C)C)c1,C13H18N4O2,37
C=Cc1ccccc1C(=O)N1CCN(CCN2C(=O)CN(C)C2=O)C1=O,C18H20N4O4,46
COC(O)(NC(C)=O)OC(C)=O,C6H11NO5,23
O=C(NC(=O)c1ccccc1O)C1=CC=C1C(=O)Nc1ccccc1,C19H14N2O4,39
O=C(Nc1ccccc1)Nc1nnc(N(Cc2cccc(F)c2)C2=NC=CC2=C2C=C2)s1,C23H17FN6OS,49
O=C1OC2C3CC(C(=O)OC1O3)C1CCCCCCCCC12,C17H24O5,40
COc1cc(CN(c2nnc(N)s2)S(=O)(=O)c2cc(Cl)ccc2OC)ccc1Nc1cc(C(=O)O)ccc1N(C)C,C26H27ClN6O6S2,68
CC(=O)c1ccc2cc1CCCC(C)CCCCCCCOC2=O,C21H30O3,54
CN(C(=O)CN1CCCC1)C(=O)C1=CC2=C(Br)C2=CC=C1,C16H17BrN2O2,38
CCCN(C(=O)c1ccc(OC)cc1OCc1ccccc1)c1nc2cc(OC)ccc2s1,C26H26N2O4S,59
O=C(NC(=O)Nc1ccccc1)NC(=O)c1cccncc(F)ccc1,C18H15FN4O3,40
CCCCN1CCCc2ccc(cc2)C(=O)N(CCCC)C1=O,C19H28N2O2,51
CN1C(=O)N(S(=O)(=O)C2=CC=C2OC2(C)CCC2)CCCCC(C)(C)C1=O,C19H28N2O5S,55
CCN(CCN1C(=O)CSC1=Nc1ccc2c3c-2cccc13)C(=O)N(C)C,C20H22N4O2S,49
COC(=O)C1CCCCN1S(=O)(=O)C1=CC1=CN1CCN(C(=O)C(=O)N(C)C)CC1,C19H28N4O6S,57
CC(=Cc1ccccc1C(F)(F)F)C1=C(C)C(=O)N(C(C)(C)C)CC1,C20H24F3NO,49
COc1cc(C(=O)N2CC2=O)ccc1SC,C11H11NO3S,27
CCN(C(=O)c1ccc(OC)cc1)C(=O)c1cccc2c1C=C2OC,C20H19NO4,44
CCN1C(=O)C(CCCOC2=CC=C2OC)C1=O,C13H17NO4,34
c1ccc2nnccc2c1,C8H6N2,16
COc1ccc(CCC2C(=CC3=CC=C3Cl)N2C(=O)N(Cc2ccccc2)C(=O)Cc2ccccc2)cc1,C32H29ClN2O3,67
CC1=NN=C(NS(=O)(=O)c2ccccc2)C2C=CC=CC12,C15H15N3O2S,36
C=CC=CC=Cc1ccc(C#N)c(-c2nncn2CC(=O)N2CCN(c3ccccc3OC)C(=O)C2)c1,C28H26N6O3,63
COc1c2cccc1C(=O)N(Cc1ccccc1)CCN1CCN(CC2)CC1,C23H29N3O2,57
COc1cc(Cl)c2cc1-c1cc(C=CBr)ccc1S(=O)(=O)N(CC(=O)Nc1ccccc1)C2=O,C24H18BrClN2O5S,52
CCCCCCCN1CCCN(C(=O)c2ccc3ccc(Cl)c-3cc2)C1=O,C22H27ClN2O2,54
CC(=O)C1C2CCCC(C2)C1C(=O)OC(=O)C(CCCCC(=O)c1cccc2c1=CC=2)C(C)(C)C,C30H38O5,68
CCOC1=CC=C=CC1Oc1cccc(C(=O)NC(=O)c2ccccc2)c1,C22H19NO4,45
CN1CCN(C(=O)c2ccccc2)C(N2CCCCC2)C1,C17H25N3O,46
COc1ccc(C(=O)N(CCCCC(=O)N2CCC2)C(=O)c2cccc(C)c2)cc1,C24H28N2O4,58
CC(C)(C)C1=CC(C(=O)OCCC(=O)O)=C1,C12H16O4,32
CN1CCN(S(=O)(=O)C2=C(F)C(Br)=C2)CC1,C9H12BrFN2O2S,28
COC(=O)C(CN(C(C)=O)C(=O)c1ccc2cc1C=C(Cl)C=C2)NC(=O)c1ccc(Cl)cc1,C24H20Cl2N2O5,52
C1=NC2=NN3CCCN4CCN(CC4)CC(=N1)N2CC3,C13H21N7,41
CC(C)(C)CCCCCCCCCCCC(OC(=O)OC(C)(C)C)C(=O)O,C22H42O5,68
C=CC=CC(=O)N1C(=O)OC2CC(CCCCCC)CCC21,C18H27NO3,47
C=Cc1cc2cccc(NC(=O)n3c(N)nc4ccccc43)c2c(=O)[nH]1,C19H15N5O2,41
CCN1CCN(C(=O)c2cc(OC)ccc2C=Cc2ccccc2OC)C1=O,C22H24N2O4,52
C=CN=C(NC(=O)c1ccc(Br)cc1)Sc1nc2ccc1c(C)c2,C18H14BrN3OS,38
CC(CCl)C(=O)CCl,C5H8Cl2O,16
C=C1c2ccccc2CN1c1ccccc1NC(=O)c1cccc(Cl)c1,C22H17ClN2O,43
CC1=C(c2ccccc2C)N=C(CCC(C)(C)C)N2C1=Nc1nnc2s1,C20H23N5S,49
CCN(CCN(C)C(=O)c1ccccc1)c1nc2nc-2cc(C(=O)N(C)c2ccccc2)c[nH]1,C26H28N6O2,62
CSC(=NSC1=CC=CC=C2C=C1C(=O)N2)NC(=O)c1ccccc1F,C18H14FN3O2S2,40
CCN1CCCCN(CCCN(C(=O)OC)C(=O)c2ccc(OC)cc2)C(=O)NCCC1,C23H36N4O5,68
COc1ccc2c3cc(C(=O)OC4OC(COCCCOC(C)=O)C(O)C(O)C4O)c-3c2c1,C23H26O10,54
COc1ccccc1C(=O)N(CC1CCC2CCC1C2)C(=O)c1c(C)ccc(OC)c1Cl,C26H30ClNO4,61
CN(C)C(=O)C12N=NN=C1c1ccc(C(F)(F)F)c([N+](=O)[O-])c1S2,C12H8F3N5O3S,32
COc1cccc(C(=O)NC(=O)c2ccccc2)c1,C15H13NO3,32
CCOc1cc(C(F)(F)F)cc(C(F)(F)F)c1C=C1C(=O)N2CCCCCCCCC3NC(=O)N(C1=O)C32,C25H27F6N3O4,63
COC(=O)COc1ccc(CCCN(C)C(=O)c2cccc3ccc(OC)cc23)cc1,C25H27NO5,58
C=C1C=CN(c2nnc(N3CCN(CCOc4ccccc4)C3=O)s2)C1=O,C18H17N5O3S,44
CN(C(=O)c1ccccc1)C(=O)N1CCN(C(=O)C=CC=C2C=CC=C2)C1=O,C21H19N3O4,47
CC(=O)N1CCCCC=C2CN(C(=O)CC1)C(=O)C2=Cc1ccccc1,C21H24N2O3,50
CCCCCCCCCCCCCCN(C(C)(C)C)P(=O)(O)O,C18H40NO3P,63
CCSCCCCCC(=O)OCC(=O)O,C10H18O4S,33
O=C1C2=CC2=CCCCCC2CCCCCCCCC1C2,C20H30O,50
O=C(Nc1ccncc1F)N1CCCCN2CCN(CC2)CC1,C16H24FN5O,47
CC(=O)CC(C)(C)C(=O)OC(=O)OC(=O)C1CCCCCCCCCC(=O)OC1=O,C21H30O9,60
C#CC=CC(=O)CCCCCCCCCCCCC,C18H30O,49
O=C(Nc1cccc(NS(=O)(=O)c2ccccc2)c1)N1CCCc2cccc3ccc(cc23)C1=O,C27H23N3O4S,58
Cc1nc(N=[N+]([O-])c2ccccc2)sc(=N)n1,C10H9N5OS,26
N#Cc1cccc(C(=O)Nc2n[nH]c(=Nc3nc4ccc3cc4S(=O)(=O)C=C3C=CC=CC3)s2)c1,C24H16N6O3S2,50
CCOC(=O)C1=CC=C(OC)c2c(C)[nH]c1c2C(F)(F)F,C14H14F3NO3,34
CCN(c1nc(C)n[nH]1)c1nc2cc3ccc(cc13)C(F)(F)c1cc(ccc1OC)C2=O,C23H19F2N5O2,50
CCN1C(=O)C2=CC2=CN=C1C,C9H10N2O,22
C=CC=CN=c1[nH]nc(NC(=O)c2ccccc2F)s1,C13H11FN4OS,30
C=C1C(=O)NCCN(CCCN(CC)S(=O)(=O)c2ccc(C)nc2)C(=O)Nc2c3cccc2C1=C3,C25H29N5O4S,64
CCC1C(=O)N1C(=O)c1ccc(C(=O)N2CCCCC2)c2ccccc12,C21H22N2O3,48
CCCCN(c1nc2nc3cc-2c-3c(=O)[nH]1)C(C)C,C14H18N4O,36
CCCCN(CC)CCC1C2Oc3ccc(cc3)N1c1ccc(C)cc12,C23H30N2O,54
C#CC=C(Cl)NC(=O)N(C)C(=O)c1ccccc1,C13H11ClN2O2,29
CCN(CCCCN1C(=O)N2C(=O)C(=c3c4cccc3=CC4=O)N=C12)C(C)=O,C20H20N4O4,48
CC12CCN3CC1N(C3=O)C(=O)N(C(=O)c1c(Cl)cc(C(F)(F)F)cc1Cl)C2,C17H14Cl2F3N3O3,42
CC(=O)C(Cl)(Cl)C(=O)O,C4H4Cl2O3,13
CCN(C(=O)Nc1ccccc1C(=O)NC(=O)c1ccccc1)C(=O)c1ccccc1,C24H21N3O4,52
CCCC(OC1C(O)C(O)C(O)C1O)n1c(=O)c2ccc(c(C3=CC=C3[N+](=O)[O-])c2)c1=O,C21H22N2O9,49
Cn1c(-c2ccccc2Cl)nc(=O)[nH]c1=O,C10H8ClN3O2,24
Cc1cccc2c1[nH]c(=O)n2CCN(c1ccccc1)c1ccccc1,C22H21N3O,47
COC(=O)c1c(CCC(C)(C)C)[nH]c(=O)[nH]c1=O,C12H18N2O4,34
COc1ccccc1N1CCN2CCN(CC1)C1=CC(=C1)c1cccc(c1)N1CCN(C2=O)C1=O,C27H29N5O3,64
CN1CCCCN(C(=O)C2CCCCCCC2O)C2=NN=C21,C16H26N4O2,46
CCCN1CC2C(NCC)C(O)C2N(c2ccccc2C#N)C1=O,C18H24N4O2,44
CCCN1C(=O)C(C(=O)OC2C3OC3C2N(C)C(C)=O)=C(C(=O)OC(C)(C)C)C1=O,C20H26N2O8,52
CCCC(=O)Nc1nc(NCCN(C)C(=O)c2ccccc2C)nc2ccccc12,C23H27N5O2,57
COc1cccc(C2=C(c3cccc4c3N(C(=O)N(C)C)CCN4C)C=C2)c1,C23H25N3O2,53
CCCCCCCCCCCCCCC1=CC(C(=O)[O-])=CC1=O,C20H31O3-,54
O=C1CSCC2C(=O)N1CCC(=O)N2S(=O)(=O)c1ccc(Cl)cc1Cl,C14H12Cl2N2O5S2,36
O=C1c2cnc(-c3ccccc3)nc2N1C1CCCC1,C16H15N3O,34
CC(=O)N1CCCN(CC2=CC=C2Cl)CC1,C12H17ClN2O,33
COC1C=CC=C(C=CC=Cc2cccc(C(=O)NC(=O)c3ccccc3)c2)C1,C25H23NO3,52
Fc1cc2c(N3CCCCCC3)nc1-2,C11H13FN2,27
Fc1ccc2c(c1)-c1nnnn1C=CC=C2,C11H7FN4,23
COC1=CC(=C2C(=O)N(C)c3nnc(s3)N(c3ccccc3)C2=O)c2cccc(c2)C=C1,C24H18N4O3S,50
CCCCC(=O)N(CCCCc1ccc2c3ccccc3cncc1-2)CCN1CCCC1,C28H37N3O,69
CCN(CCCCCc1cc2ccc1c(Sc1ccccc1)c2)C(=O)c1ccc(OC)c(OC)c1,C30H33NO3S,68
CCN(C)C(=O)c1sc2ccccc2c(=O)c1C(=O)N1CCCCC1=O,C19H20N2O4S,46
O=C1NNC(c2ccccc2Cl)=NC=Nc2cccc1c2,C15H11ClN4O,31
CCCCCC1=CC(C(=O)C2C(C)C3OC(=O)C4CCC5C(OC(=O)C52)C(OC(C)(C)C)C43)=C1,C28H38O6,63
CC(CI)CCCCC(F)(F)C(F)(F)C(F)(F)C(F)(F)C(F)(F)C(F)(F)C(F)(F)C(F)(F)C(F)(F)I,C16H14F18I2,50
CN(C)CCCN1CCC2=C3C2=CC=C(Cl)N=C31,C14H18ClN3,36
CC(C)(C)CN1C(=O)OP2(=O)Oc3cc(ccc32)S1(=O)=O,C12H14NO6PS,35
C=C(C(=O)N(C)C)N1C(=O)N(C)c2ccc(OC)cc2-c2nc1sc2C(=O)NC,C19H21N5O4S,50
Cc1cc2cc(c1)C1=CC=C(S(=O)(=O)N(C)C)C=CS(=O)(=O)N1CC(=O)N1CCCC(CO2)C1=O,C23H27N3O7S2,62
CCCN1CCN(CCN(C)C)CCn2c3cc4cc(ccc42)C(=C2N=C23)C1=O,C23H29N5O,58
CCCCCN1CCN(CCN(CC)C(=O)CCSC2=CN=C3SC(=C([N+](=O)[O-])S3)S2)C1=O,C20H29N5O4S4,62
COC(=O)c1ccc(C(=O)OC)c2c(C(=O)OCCCCCCCC(C)(C)C)cccc12,C26H34O6,66
COC(=O)COC(=O)c1ccc(C(=O)OC)c(C(=O)OCCCC2CCCCCOC2=O)c1,C23H28O10,61
CN(C)C(=O)c1oc2cc(Cl)ccc2c1O,C11H10ClNO3,26
CC(Nc1cc(F)cc(C(F)(F)F)c1)C(C)C(=O)NC1=CC=CNS1(=O)=O,C16H17F4N3O3S,42
CCN(C)C(=O)Nc1nc2cc(F)ccc2n1-c1ccc(F)c(OC)c1,C18H18F2N4O2,44
CN(C(C)(C)C)S(=O)(=O)C1=C2SC(=CC=C2Cl)S1,C11H14ClNO2S3,32
CN(C(=O)c1ccccc1)c1nnc2n(C)c3ccccc3n12,C17H15N5O,38
CC(=O)N1CCN(S(=O)(=O)C(C=CNC(=O)CN2CCOCC2)=Cc2ccccc2)CC1,C22H30N4O5S,62
CC(C)(C)CC(=O)OC(C)(C)C,C10H20O2,32
CN1C(=O)C2C(CC(C)(C)C)C(=CC=C(F)Cl)C(=O)N2C1=O,C15H18ClFN2O3,38
CC=C1C=C1C(=O)c1ccccc1C(=O)C(C)C,C16H16O2,34
CN(CCN1CCNC1=O)CCN1c2ccc(c3c2=CC=3)C1(F)F,C17H20F2N4O,44
Brc1ccc(-n2nnnc2C=CC=Cc2ccccc2)cc1,C17H13BrN4,35
C=CC(C(=O)NC(=O)N(C)C(=O)N(C)C(=O)CCCC)=C1c2ccc(cc2)C1(F)F,C21H23F2N3O4,53
COc1ccc2cc1-c1cc(cc(Cl)cccc(-c3nn(-c4cccc(Cl)c4)c(=O)[nH]3)c1)NC2=O,C26H18Cl2N4O3,52
C=C1C(C(=O)OC)=C1C(=O)N1CCN(CC)CC1,C13H18N2O3,36
Cc1ccc(-c2nnc(Nc3cc(Cl)ccn3)s2)cc1,C14H11ClN4S,31
CC(C)OC(=O)Nc1ccc(C(C=CC=CC=C2C=CC=C2)=NN=c2[nH]nnn2C)cc1,C23H25N7O2,56
NCN=C=O,C2H4N2O,9
COC(=O)C1=CC(C(=O)N2CCN(CCCCC3CCCCC3)C2=O)=C1,C20H28N2O4,54
c1ccc(-c2nnc(-c3ccccc3)[nH]2)cc1,C14H11N3,28
Cc1cc(N(C)c2ccc(C(F)(F)F)cc2)n[nH]1,C12H12F3N3,29
CCNC(=O)c1ccc2nc(N)n(N=c3c4ccccc34)c2c1,C17H15N5O,38
CCCn1c2ccnc(C(F)(F)c3ccc(C)cc3)sc1nn2,C16H16F2N4S,39
C=C1C=C1S(=O)(=O)N1CCN(S(=O)(=O)c2cccc(I)c2)CC1,C14H15IN2O4S2,38
COc1ccccc1N(C)C(=O)Nc1ccc2cc(OC)c(=CN3CCN(Cc4ccccc4)C3=O)c1c2,C30H30N4O4,68
Cc1c2ccc-2c1N=CN=C1N(C)CC2C(C)N1CCCN2C,C18H25N5,46
CCN1CCC(C)(C)C(=C2C3=CC=C2C=C3)C1=O,C16H19NO,37
CCCN(c1nc(C(=O)OC)c(CC=C(C)C)s1)S(=O)(=O)C=CC1=CC=C1Cl,C19H23ClN2O4S2,51
O=C1NN=C1N1CCCCCCCCC1,C11H19N3O,33
CC1NC(=O)Nc2ccc3c(cccc(C(N)=O)c2)N3CCNC1=O,C17H19N5O3,43
C=C1C=C1C(=O)C1CCCC(C(=O)OCC)C1C(=O)OCCCCCCCC,C23H34O5,59
COc1ccc2c(c1)CCN(CCCC(=O)N1CCC1C)C2=O,C18H24N2O3,47
CCCCCN1CCN(C(=O)N2CCN(CCC)C2=O)C1=O,C15H26N4O3,48
COC1C(O)C(O)C(O)C(O)C(OC(=O)O)OC2OC1C(O)C2O,C12H20O12,34
CCN(C(=O)c1ccccc1Sc1ccccc1)c1ccc(F)cc1,C21H18FNOS,43
C=c1c(C(=O)N(C)C(=O)C(O)CCCC)cc2cc1[nH]c2-c1ccc(Cl)cc1,C22H23ClN2O3,49
CN1CCN(Cc2ccccc2C(=O)N2CCCCN(CCn3c4ccc3c(C#N)n4)CC2)C1=O,C26H31N7O2,66
ClC(Cl)=Cc1c2nc(CCCCN3CCCC3)n3c1nnc23,C15H17Cl2N5,39
COC(=O)c1ccccc1C1OC2C3OC(=O)CCCCCCCC(=O)N2C1C3OC(C)(C)C,C26H35NO7,64
C=C1N=C(N(C(C)=O)S(=O)(=O)c2ccc(F)cc2)S1,C11H9FN2O3S2,28
CC(C)CN(CCN1C(=O)c2ccccc2C1=O)C(=O)Nc1ncccccc2ccc(ccn1)C(F)(F)O2,C28H27F2N5O4,66
CCCCN1CCCN2C(=O)C(NC(=O)N(CCCC)C1=O)C1OC12,C17H28N4O4,50
COc1cc2ccc1C1=CC(C(=O)N3CCN(C)CC3)=CC=C(S1)C2(F)F,C20H20F2N2O2S,47
CCOC(=O)N1CC(=O)N2CCN3C1=NC(=CC(Cl)=C3c1ccc(F)cc1Cl)C2=O,C19H15Cl2FN4O4,45
CC1C2OC1C(C)(C(C)CN1C(=O)c3c4cccc3C1=N4)CCC2(C)C,C22H28N2O2,51
CSc1nnc(-c2ccc(F)cc2)[nH]1,C9H8FN3S,21
CC(Cc1ccccc1C1=CC=C1N=Cc1ccccc1)n1c2nnc1s2,C22H18N4S,44
Cc1ccccc1-c1c(Nc2ccccc2)nc(-c2ccc(F)cc2)n1C,C23H20FN3,46
COC1=C2Sc3nnc(s3)SCCNC(=O)C3NC(=O)N(CCN4CCN(C2=O)C4=O)CC3NC1=O,C19H22N8O6S3,56
CCN(C)c1nc2sc1NC(=O)N2,C7H10N4OS,23
N#Cn1nc(NC(=O)C2=CC=CC=CC=C2)nc1NC(=O)c1ccccc1,C19H14N6O2,41
O=C1NC(=O)c2ccccc2C(=O)NC=CC=CC(=C2OS(=O)(=O)C=C2Br)c2ccc1o2,C21H13BrN2O7S,45
O=C1c2ccc3nc2C(=O)N1CCCCCCCCCC(F)(F)c1ccccc1-3,C23H24F2N2O2,53
COc1ccc2[nH]c(C(C(C)N3CCNC3=O)N(C)S(=O)(=O)c3ccc(F)cc3)cc2c1,C22H25FN4O4S,54
COc1ccc(NC(=O)C(CC(=O)Nc2c3cccc2C=C3)c2ccccc2C)cc1OC,C27H26N2O4,57
CCCC(C)SC(=Nc1nnc(Sc2ccccc2)s1)c1ccc(C(F)(F)F)cc1,C21H20F3N3S3,50
COC1=C(C(=O)N2CCN(C(=O)N3CCCC3(C)C)C2=O)C2=CC2=CC=C1,C20H23N3O4,50
O=C1C2CCCCCC=C3CCCCCN1C(=O)C2CCC3,C19H29NO2,49
CN(C)C1=NN=C(c2ccccc2)C(=O)NC(c2ccc(C(F)(F)c3ccccc3)cc2)=N1,C25H21F2N5O,54
O=C1C2=C(c3ccccc3)CN3CCCCN1CCN2C3=O,C17H19N3O2,41
CN1CCN(CCCCN2c3ccccc32)C(=O)c2ccccc21,C20H23N3O,47
C=CC=C(F)C1=CC=C2C(=O)N(CCNC(=O)C(C(=O)OC)c3cccc(c3)N1)CCN2S(=O)(=O)c1ccccc1,C29H29FN4O6S,68
O=C(NC(=O)c1ccc(Cl)cc1)C1=c2sc3nc2NN=C(N=3)NC=Cc2cc(ccc2Cl)C=C1,C23H14Cl2N6O2S,47
COC(=O)c1ccc(Cl)c(-n2c3nnc([nH]c(=O)n2-c2cccc(Cl)c2)s3)c1,C17H11Cl2N5O3S,39
CCCCC(C)C(=O)C1=CC(=O)C1,C11H16O2,28
CCN1CC(CN2CCCCC2)Oc2ccc(cc2)SC1=O,C17H24N2O2S,46
O=C1c2ccc(ccc3c(Cl)c-3c2)S(=O)(=O)N2CCCCCCCCCN1CC2,C22H27ClN2O3S,56
Cc1ccccc1C=C1C=C2N=C(SCOS1(=O)=O)N(CCC(C)C)C2=O,C19H22N2O4S2,49
C=CC1=Cc2cc(-c3ccc(OC)c(CC)c3)cc(c2)S(=O)(=O)N(CCCC)S1(=O)=O,C23H27NO5S2,58
O=C1N2C=CC(=O)N(c3cccc(Cl)c3)CCN1CCC2,C15H16ClN3O2,37
CCC1CCCN(C(=O)c2c[n+]2=O)CC1,C11H17N2O2+,32
CCCCCCc1nc(N=C2C=C(C)c3ccccc32)n[nH]1,C18H22N4,43
CCCCCC(=O)N(CC)C(=O)C1=Cc2ccccc2N(C(=O)N(C)c2ccccc2)C(=O)NC1=O,C27H30N4O5,66
CCC1CCCCCCCCCCCCCC2=CC=C2C(=O)N1,C21H35NO,57
CN(C)CCCCCCCCCCCCC1=C(Cl)C=c2c1ccc(-c1nnn[nH]1)c2=CCl,C25H35Cl2N5,66
COc1ccc2[nH]c3ncccc(c2c1)C(=O)N(C)CCCC3,C18H21N3O2,44
CCCN1CCCCCCCCN(C(C)=O)C1=O,C14H26N2O2,44
CCCCCCCCN1CCC(=O)NC1=O,C12H22N2O2,38
COc1cccc(C(=O)C=CC=C2C(=O)OCCCCN2C(=O)CCCN2CC3C(O)C(O)CN3C2=O)c1,C27H33N3O8,68
CCOC(=O)C(NC(=O)CC)C(CC)OC,C11H21NO4,35
C#CC=C(N=C(NC(=O)c1ccccc1)C1CC1)OC,C16H16N2O2,35
CCCN1C(=O)C(=CC(Br)=Cc2ccccc2C)C(=O)N(C)C1=O,C18H19BrN2O3,43
O=C(C1=CC2=CC=C3C2C1CCCCN1CCN3CC1)N1CCCCC1,C22H31N3O,57
CN(C)C(=O)Nc1cccc(C=CC=CC2=Nc3ccccc32)c1,C20H19N3O,43
CC1NC2=NC(=N2)C1NC(=O)Nc1cc(F)cc(-c2cccc(F)c2)n1,C17H14F2N6O,38
CC1C(C)C2C1N2C(=O)c1ccccc1C=C(OCCc1ccccc1)c1ccccc1,C29H29NO2,57
CCCCN1C(=O)C(=C2C=C2)C(=O)N(CCCC)C1=S,C15H20N2O2S,40
COC(=O)C(OC(=O)c1ccc2c3ccc(cc13)OCCCC2)C(C)(C)C,C22H26O5,52
CCN1CCN(CC)C(=O)C(=CC=C2C3=CC=C2c2cc(OC)ccc23)C=C(c2ccccc2)C1,C31H32N2O2,67
NC(=O)NCCOC(N)=O,C4H9N3O3,19
CC1=CC=C2C=CC(=C2)N=C1NC(=O)Nc1ccc(F)cc1,C17H14FN3O,36
COc1ccc(C=Cc2c3cc4cc2NC(=O)N(Cc2ccccc2)C(=O)N(C)C(=O)N4C3)cc1,C27H24N4O4,59
Oc1cc(Cl)c(Cl)cc1Cl,C6H3Cl3O,13
COc1ccc(F)c(N(C)C(=O)c2ccccc2)c1,C15H14FNO2,33
CCN(CC)C(=O)C1=CC=CC1=CC=C1C(=O)N2CCN1CC2,C18H23N3O2,46
O=c1[nH]c2ccccc2[nH]c1=Nc1cccc2ccccc12,C18H13N3O,34
CCN1CCCCN(C(=O)c2ccccc2)CCCN(C2=CC=CC(F)=CC=C2C)C1=O,C26H32FN3O2,64
C=C1C=C1N(CCCN1CCCNC(=O)N2CCN(CC1)CC2)C(=O)c1cc(Cl)ccc1Cl,C24H31Cl2N5O2,64
O=C(O)c1cc(O)c(Cl)cc1Cl,C7H4Cl2O3,16
C=C1C(N)=NN=C1N(C)C(=O)N(c1ccccc1)c1ccccc1,C18H17N5O,41
CCN(CC(=O)NC(=O)c1ccccccc(F)cc1)S(=O)(=O)c1cccc(Cl)c1,C21H20ClFN2O4S,50
COC(=O)C(=Cc1ccccc1C)c1cc2ccc1S(=O)(=O)NS2(=O)=O,C17H15NO6S2,41
CCCN(C(=O)c1cccc(OC)c1)c1nc2cccc3c2c-3cccs1,C22H20N2O2S,47
O=C1Nc2ccccc2Nc2ncccc21,C12H9N3O,24
CN(C)C(=O)N(CCN1CCCCC1)c1cc(C(F)(F)F)c2cc1-2,C17H22F3N3O,46
CCN(CCN1CCOC2=CC(=C2)C1=O)c1ccc([N+](=O)[O-])cc1,C17H19N3O4,43
CCCN1C2=CC=C3C=C(S(N)(=O)=O)C=C(c4ccccc4)C(F)=CC=C2SC1=N3,C22H20FN3O2S2,50
C=CC(=CC=CC=C(C=CC=C(C(=O)OC)C(=O)c1cccc(F)c1)NC(=O)c1ccccc1)OC,C29H26FNO5,62
O=C1C2CCCCC3CCCN3S(=O)(=O)C3=CC=C3S3(=O)(c4ccccc4)N(CCCN13)C2,C24H31N3O4S2,62
CCC(=O)Oc1cc(-c2ccc(-c3ccc(OC)cc3C(=O)N(C)C(C)=O)cc2)ccc1SC,C27H27NO5S,61
BrC=CC=CC=C=CC=C1N=c2[nH]c(s2)=N1,C11H8BrN3S,23
C=C1C=CC=C1C(=O)C(CCCC)NC(=O)c1ccc(Cl)cc1,C19H20ClNO2,42
CN1CCC2CN3CCn4c(nnc1c(C(F)(F)F)ccc1nc3nc4-1)N2,C16H17F3N8,43
CN(C)c1nnc(N2CCN(S(=O)(=O)F)CCCC3C4OCC(C4O)N3C2=O)s1,C15H23FN6O5S2,48
CCCCCCCCCN1C(=O)C(=C2SC(=S)N(CCC)C2=O)C1=O,C18H26N2O3S2,51
CCN(C(=O)N(C)C)c1ccccc1-c1cc2ccccc2c(NC(=O)c2ccc(C)cc2)n1,C28H28N4O2,62
CCCCc1ccc2scc(C(=O)N(C(=O)c3ccc4cc3-4)C3CCCC3C)c2c1,C26H27NO2S,55
CCOC(=O)N(C(=O)C1=Nc2nc1ccc2C1=CC=C1C)C(C)C(=O)Nc1ccccc1,C24H22N4O4,53
C=C=CBr,C3H3Br,7
CCN1CCN(S(=O)(=O)c2cc(Cl)cc3c(C(=O)N4CCCC(CC(C)=O)C4)ccc(F)c23)CC1,C25H31ClFN3O4S,66
CCCN(C(=O)OCC)C(=O)N(C)C(=O)NC(=O)N(C)C,C12H22N4O5,43
C=CC=C(NC(=O)NC(=O)c1ccccc1)c1ccc(N(C)C(=O)c2ccccc2)cc1,C26H23N3O3,54
Cc1ccc(C(=O)N(CCC(C)(C)C)C(=O)N2CCCN(C)C2=O)c2ccc(C(F)(F)F)cc12,C25H30F3N3O3,64
O=C(c1cccs1)N1CCN(CCCCc2ccc(Cl)cc2Cl)CC1,C19H22Cl2N2OS,47
O=C1N2CCCN1Cc1ccc3cc1C(=O)N(CCN3C(=O)C=CF)c1nnc(s1)N(C(=O)c1ccccc1)CC2,C28H26FN7O4S,67
CCOCCN1CCN(C)C(=O)C2=CC=C3c4cc(c3[nH]4)C(=O)NCC(=O)N(C)C2=CC=CC1=O,C25H29N5O5,63
CCN1CCCN(C(=O)c2ccc(C#N)cc2)C1=O,C14H15N3O2,34
CNC1=NC(N(C)c2cccc([N+](=O)[O-])c2)=CC=C2C=CC=C2N1,C17H17N5O2,41
O=C(C=C(C(=O)O)c1cccc(Cl)c1)Nc1ccc(Br)cc1Cl,C16H10BrCl2NO3,33
C=C(c1ccccc1)c1ccccc1CCC(=O)OCC,C19H20O2,41
CCCN1CC(C)C(=O)C2=CC2=Cc2ccccc2C1=O,C18H19NO2,40
Cc1ccc2c3ccc1c2ccc3CC1CCN(C)CC1NC(=O)c1ccc(Cl)c(Cl)c1,C27H26Cl2N2O,56
CSC(=CC=CC=C1NC1=CC=Cc1cccc2ccccc12)NC(=O)N(C)C,C24H25N3OS,53
O=C1NC2CCN(CCOc3ccccc3C(F)(F)F)c3ccccc3C3=Nc4c1cccc4C2N3,C27H23F3N4O2,57
CSC(=S)SC(C)(C)C,C6H12S3,21
O=c1[nH]c2ccccc2n1-c1nnc(N(CCN=C2C=CC(Cl)=CC2)CCNS(=O)(=O)c2cccc(C(F)(F)F)c2)s1,C26H23ClF3N7O3S2,65
CN(CCN1C2=CC=CC=C(C(F)(F)F)C(=C2)c2n[nH]c1n2)C(=O)c1ccccc1,C21H18F3N5O,47
CC(=O)OCCCCCC1C(c2ccc3cc2S3)CC2C1C2(C)C,C21H28O2S,48
CCN1CCCN(C(=O)c2ccccc2Cl)CCC1=O,C15H19ClN2O2,39
COc1ccc(N(C(C)=O)C2=Cc3c4nc(nc32)NC4=O)cc1,C16H12N4O3,35
CCCCN(C)C(=O)N(CCC)CCCCCn1c2nc3nc-2ccc3c1=O,C21H31N5O2,59
CC1(C)CCCCN(C(=O)N2CCN(c3nc4ccc3c3cc(Cl)ccc43)C2=O)CC1,C24H27ClN4O2,58
O=C(Nc1nc2n(n1)C1CN3CC1N2C3=O)N1CCN(c2ccccc2)CC1,C18H20N8O2,46
CCN(C)C(=O)C1=CC(C)=C1c1n[nH]c(=O)n1Cc1ccc(OC)c(OC)c1OC,C21H26N4O5,55
COC(=O)C1=CC1=C(C=CC(=O)OC1C2OC(O2)C(OC(=O)c2ccc(C(=O)OC)cc2C(=O)OC)C1OC(C)=O)C(=O)OC,C29H26O16,66
CC(C)(C)CCCC1CCN1C(=O)c1ccc2c(=O)c2c1,C18H23NO2,44
COc1ccc2c3c(ccc(OC)c13)C(=O)N(CC(=O)Nc1ccc(C)cc1)C2=O,C23H20N2O5,50
CC(C)(C)C(=O)N1CC=Cc2ccc(s2)C(=O)N2CCCCCN(C(=O)CC2)C1=O,C22H29N3O4S,59
COC(=O)c1ccc2c(=O)n(c1=O)CCCCCCCCCC2,C18H25NO4,48
CCN(CC)C(=O)NC(=O)N1CCN(C(=O)c2ccccc2)CC1,C17H24N4O3,47
CCN(c1ccccc1)c1nnc(NC2=CC=C2)s1,C14H14N4S,33
CCCN1CCCCC(NC)=Nc2nc(c(-c3ccc4cc(Cl)c(Cl)cc4c3)s2)C1=O,C23H24Cl2N4OS,55
CCN(c1ccc(OC)cc1)c1nnc(N(C(=O)c2ccccc2)c2ccccc2)s1,C24H22N4O2S,53
CN(C)CCN(c1nnc(-c2ccccc2Br)[nH]1)C1CC1,C15H20BrN5,39
COc1ccc(OC(=O)O)c(-c2cccc(=O)o2)c1,C13H10O6,29
CC(=O)OCCN(CC(C)C)C(=O)C(F)(F)c1cc#ccc1,C16H19F2NO3,41
CCN(C(=O)c1ccc(Cl)c(C#N)c1)C1CCCCC1,C16H19ClN2O,39
CCCC1CCCN(c2ccc(C#N)c3ccc(Cl)cc23)C1=O,C19H19ClN2O,42
CCCN(CC)c1nc2cccc(I)[n+](=O)c2s1,C12H15IN3OS+,33
CN1C(=O)C2=CC(=CC=CC([N+](=O)[O-])=C2)N(C(=O)N(C)C(=O)c2ccccc2)C1=O,C20H16N4O6,46
CN1C(=Nc2nc3ccc(Br)cc3[nH]2)C1(C)C,C12H13BrN4,29
Cn1c(=O)n(C)c(=Nc2ccccc2)n(-c2ccccc2)c1=O,C17H16N4O2,39
CN(c1ccc2c3ccc1c2ccc3C(=O)O)c1nc(N)nn1C,C17H15N5O2,39
CCN(Cc1ccccc1)C(=O)C1=NN=C(c2ccc([N+](=O)[O-])cc2C)N2CCCN1C2=O,C23H24N6O4,57
CC(C)(C)C1=CC=C(Cl)SC(N2CCC3CN4CCC3N(C4=O)C2=O)=N1,C18H23ClN4O2S,49
CCCCCCCNC(=O)c1ccc(C(=O)N2CCCCC2)cc1,C20H30N2O2,54
CC1CCCCN(c2ccc([N+](=O)[O-])cc2)C1,C13H18N2O2,35
CN(c1nc2cc([N+](=O)[O-])ccc2[nH]1)C(C)(C)Cc1ccccc1[N+](=O)[O-],C18H19N5O4,46
CCOC(N)=O,C3H7NO2,13
CC(=CC=CC(=O)c1ccccc1)c1ccccc1SCCOC(=O)N(C)C,C23H25NO3S,53
CN(C(N)=NC=CC1=CC=CCC1)c1nnc2[nH]nc(C(=O)Nc3ccccc3)n12,C20H21N9O,50
COC1=CC=C2OC(C(C)(C)C)CN3CCOc4cc1c(c2c4)C3=O,C20H23NO4,48
CCC1CCCCCCCC1=O,C11H20O,32
CCCN(CCSc1cc2c(F)cc1-2)CC(=O)OC,C14H18FNO2S,37
CN1C(=O)C2NC(=Nc3ccncc3)N3CCCN(C1=O)C2C3,C15H18N6O2,39
O=C1C2CCN2C(=O)N1CCOc1cc2c(Nc3ccccc3)cc1=2,C19H17N3O3,41
CCOC1OC(OC(C)=O)C(O)C(O)C1OC(C)C(O)C(O)C(O)C(O)C1OC(OC2C(O)C(O)C(O)C2O)C(O)C1O,C24H42O19,66
CCCNC(=O)n1ccccc1=Nc1ccc(OC)c(C(F)(F)c2ccccc2)c1,C23H23F2N3O2,53
CCCCCC(C(=O)N(C)C)C(C(=O)Nc1nc2ccc1C=CC(C(F)(F)F)=C2)C(=O)c1ccccc1,C28H30F3N3O3,64
COC(=O)C=C(C(=CC=CC=Cc1ccccc1)C(=O)[S+](C)[O-])c1cc(C(C)=O)ccc1OC,C27H26O6S,60
C=CC=CC=CC=C1CCCN(c2nnc(N(C(=O)Nc3ccccc3)c3ccccc3C)s2)C1=O,C28H27N5O2S,63
COc1ccc(OC)c(C(=O)N2CCC3CC(=CC=Cc4ccccc4)C(=O)N3CC2)c1,C26H28N2O4,60
COc1cccc(C(=O)N2C(=O)N(C)CCC3(c4ccccc4)CSC2=N3)c1,C21H21N3O3S,49
CC1=CC(=CBr)C(NC(=O)c2ccccn2)=N1,C12H10BrN3O,26
C=CC=CC(=CC=C)C(=N)Nc1nc(C)c2ccccc2n1,C18H18N4,40
CCCCCCCCCCCCSc1ccccc1C(=O)N1C(=O)C2C3CC1C1C(=O)N3C(=O)N12,C27H35N3O4S,66
COCCCN1C(=O)Nc2nnc1s2,C7H10N4O2S,24
CCN(C)CCCN(C(C)=O)c1nc(-c2ccccc2)c2ccccc2n1,C22H26N4O,53
COc1ccc(OCC(=O)N2CCOC23C2=C4C=CC=C2C43)c([N+](=O)[O-])c1,C19H16N2O6,43
O=C1NCc2ccc3c(ccc-3s2)N1CCN1CCN(S(=O)(=O)c2cccc(F)c2)CC1,C22H23FN4O3S2,55
O=C1N=CN=C2N3CCN1CCN1CCN(CC1)C(=O)N2CC3,C14H21N7O2,44
O=C1CCN(C(=O)c2ccccc2)CCCCCC2CCN1C2,C19H26N2O2,49
COc1ccc(NC(=O)Nc2cc3c(C(F)(F)F)ccc-3sc2C)cc1C(F)(F)F,C19H14F6N2O2S,44
C=C(C(=O)N1CCCC1)c1ccccc1,C13H15NO,30
CCN1C(=O)c2cc3ccc2S(=O)(=O)C(=C3)C(C)(C)CC1C(=O)OC,C18H21NO5S,45
NC(=O)Nc1nnc(C=CC=C2C=C2)s1,C9H8N4OS,23
CCN(N=C(c1ccc(Cl)cc1)N(C)C(=O)c1ccccc1Br)C(C)=O,C19H19BrClN3O2,45
COc1ccc2sc(C3=CC=C(Cl)C(Cl)=CC=C3C(C)=O)nc2c1,C18H13Cl2NO2S,37
CCCCN1C(=O)c2cccc(=O)n2CCCC1(C)C,C16H24N2O2,44
O=C1CCN(CC(=O)N2CCCCC2)C(=O)c2ccccc2OCCN1,C19H25N3O4,51
O=C1c2cccc(n2)N1CCCCCOC(OP(=O)=O)C(O)C(O)Cn1c2nnc1s2,C17H20N5O7PS,48
C=CC=C(C=C1C=C1C(=O)N1CCN(S(=O)(=O)c2ccc(NC(=O)CC)cc2OC)CC1)OC,C24H29N3O6S,63
NN=CNS(=O)(=O)C(=CC=C1C=C1)C(F)(F)F,C8H8F3N3O2S,25
CCN(CCCOc1cccc(Cl)c1)S(=O)(=O)c1cccc(C(=O)C(C#N)=CN2CCC2=O)c1,C24H24ClN3O5S,58
COc1cccc(C2=NC3=CC(=CC=C(C(C)c4ccccc4)C=C3)C(=O)N2)c1,C25H22N2O2,51
COc1ccc(-c2ccc(C(=O)N3C(=O)N4CCC3C4=O)cc2)c(C(F)(F)F)c1,C20H15F3N2O4,43
COc1cc(F)ccc1C(=O)Nc1c(Nc2ccccc2)c1=O,C17H13FN2O3,36
CCC(=CC=CC=C(C=C(C(=O)c1ccccc1)C(=O)N(C)C)[N+](=O)[O-])C(=O)c1ccc(OC)cc1,C28H28N2O6,64
COc1cc2c3c-2ccc(C(=O)N(C)C(=O)C(C)O)c3c1,C16H15NO4,35
CN(CCN(C)c1cccc2c1=CC=2)C(=O)c1ccccc1,C19H20N2O,42
CSC1=NC(=CC(=CC(C)=O)C(C)=O)C(=O)N1c1ccccc1,C17H16N2O3S,39
COc1cc(C=C2C=C(C(=O)N3CCCCC3=O)C=C2Cl)ccc1Cl,C19H17Cl2NO3,42
CCCC1OC2C3OC1C(C(C)(C)C)C1CCCN(C3CCCCC3=C[N+](=O)[N-]3)C12,C24H39N3O3,61
CCNC(=O)c1c2cccc1N(Cc1ccccc1)C2=O,C17H16N2O2,37
CN(C)C(=O)NC1COP(O)(O)(O)O1,C5H13N2O6P,26
CCCn1c2nc3nc(sc3c1=O)N(C)C(=O)N(C(=S)SC)CCS2,C14H17N5O2S4,42
C=CC=C(N=c1c2c1C(=O)N(CCC(C)(C)C)C2=O)S(=O)(=O)N1CCCCC1,C20H27N3O4S,55
CCCCCCCCCC(C)(CC)OC(=O)OC(C)(C)C,C18H36O3,57
C=C(C=CC=CC=CC=CC=C(C)C(=O)c1ccccc1Cl)C(=O)N(CCCC)c1ccccc1,C31H32ClNO2,67
CCCN(CCN1C(=O)NC(=O)N2C(C)=CC12c1ccc(OC)cc1)C(=O)c1ccccc1,C25H28N4O4,60
COC(=O)C1C(=O)N(C(=O)c2cc(C#N)cc(C(=O)C#N)c2)CC(CCC(C)(C)C)C1C,C24H27N3O5,56
CN(C)C(=O)N1CC(O)C2C(O)C3=CC(=C3)N(c3ccc(F)cn3)C(=O)N2C1=O,C18H18FN5O5,44
COc1cc2ccc1C(=O)N(CCN1CCCC1)C(=O)C2,C16H20N2O3,41
COC(=CS(=O)(=O)N1CCN(C)C1=O)c1cc2ccccc2c(=O)[nH]1,C16H17N3O5S,42
C=C1C=C(OC)C(C(=O)N(C)C(=O)c2ccc(C(=O)c3ccc(C)cc3)s2)=C1,C22H19NO4S,47
COC(=O)NC(=O)C(Cl)=CC=C1C=C1,C9H8ClNO3,22
CCN(C)CCC1=C(C)C2=CC=C2C1=CC=C1C(C)=C1OC,C20H25NO,47
CCCCCCCCCCCCC1C2C(O)C(OC(=O)CC=C3C=C3)C3OC2C(O3)C1(C)C,C28H44O5,70
CCCCN1C(=O)N(c2ccc(OC)c3ccc(OC)cc23)c2nc(NC)nc1n2,C21H24N6O3,54
C=C(c1ccccc1)c1ccccc1C(=O)N(C)C(C)(C)C,C20H23NO,45
COc1cccc(-c2ccc3c(c2)C2CCN(CCCCN(C)C3=O)CC2)c1,C24H30N2O2,58
COC(=O)COc1ccccc1C(=O)c1ccc(C(=O)NC(=O)c2ccccc2OC)cc1,C25H21NO7,54
Cc1cccc(-c2ccccc2)c(C)nnc(N(C)c2ccccc2)n1,C22H22N4,48
COC(OC(C)=O)C(=O)OCCc1ccc(C(=O)c2ccccc2)cc1C(=O)c1cccc(F)c1,C27H23FO7,57
CC(=Nc1ccc(Cl)cc1)N1CCN2CCN(CC2)Cc2ccccc2C1=O,C22H25ClN4O,53
C1=C2N=C2N(c2ccccc2)C(c2ccccc2)=C1,C17H12N2,31
CCN1C(=O)c2ccccc2C1=NC(=Nc1ccccc1)N(C)C,C19H20N4O,44
COC(=O)C(C)N1C(=O)N(C)C(OP(=O)(O)O)C(O)C2OC(C)C(C3COP(=O)(O3)O2)n2c(O)nnc1c2=O,C17H25N5O15P2,57
O=C1N2CCC(C=C3C=C3C(F)(F)F)N1C1CC1C2,C13H13F3N2O,30
FC(F)(Cl)c1ccccn1,C6H4ClF2N,14
C=CN=C(C(C)=Cc1cc(Cl)ccc1Cl)n1c2nnc1s2,C14H10Cl2N4S,31
O=S(=O)(C1=C(F)C(Cl)=C1)N1CCC(CN2CCCCC2)C1,C14H20ClFN2O2S,41
CCCCCC(OCC)(OCC)OCCOC,C13H28O4,45
CC(=O)NC(=O)C1=CC=CC=C(N(C)S(=O)(=O)c2ccccc2)C=C1,C18H18N2O4S,43
CC(O)C1CCCCN(c2ccc(C(F)(F)F)c(C3=NC=N3)n2)CCN(c2ccc(C(F)(F)F)c(C(F)(F)F)c2)CC(=O)N1,C27H27F9N6O2,69
COCC1CN1S(=O)(=O)c1ccccc1,C10H13NO3S,28
COc1ccc(-c2nc(-c3ccccc3)c(C=CN3CCN(C)C3=O)[nH]2)cc1,C22H22N4O2,49
CCN1C(=O)NCCN2CCN(C(=O)NC2=O)C1=O,C10H15N5O4,34
CC1CCNC(=O)N1CCN(Cc1ccc2ccccc2c1)S(=O)(=O)c1ccccc1,C24H27N3O3S,57
CCN(CCCN1CCCCC1)C(=O)N1CCC(C)C1,C16H31N3O,51
O=C1c2ccc3c(=O)n(c2=O)CCN1CCCCCCCC3,C17H22N2O3,44
COC(=O)c1cc(C(C)(C)C)ccc1C(=O)c1ccc(OC)c2ccccc12,C24H24O4,52
CCN(c1ccccc1C)P(=O)(O)Oc1ccccc1C,C16H20NO3P,41
COc1cc(C(F)(F)F)ccc1CN1CCC(N2CC(c3ccc(C(F)(F)F)cc3)Oc3ccc(cc3)S2(=O)=O)C1=O,C28H24F6N2O5S,65
CN(C)C(=O)Nc1cccc(C(=O)Nc2ccc(-c3cc4ccc3s4)cc2)c1,C22H19N3O2S,47
CCCCCCCN1C(c2ccccc2C(=O)N(C)C(C)(C)C)=Nc2nc1sc2C#N,C24H31N5OS,62
C=CC=C1C=Cc2ccc(s2)C(=O)NC(=O)C(=O)N(C(=O)c2ccccc2)C(=O)N(C)C1=O,C23H17N3O6S,50
COC(=O)OC1C2OC2C(=O)N(C)C1CCCSC,C12H19NO5S,34
Cc1c(Sc2ccccn2)cccc1C(=O)N(C)S(C)(=O)=O,C15H16N2O3S2,38
COc1ccc2nc1N1CCN(CCCc3ccc(cc3)N3CCCN(C2=O)C3=O)CC1,C24H29N5O3,61
COC(C=CC=C1c2ccccc21)=Cc1ccc(C(=O)OC2OC3COC32)c(OC)c1,C25H22O6,50
COc1ccc([N+](=O)[O-])cc1Sc1cccc(C(=O)O)c1,C14H11NO5S,32
CNc1nnc(C2=CC=C(S(N)(=O)=O)C2=CC=CCl)n1-c1ccc(C#N)cc1,C18H15ClN6O2S,43
CCCCCn1cccc(Sc2ccccc2C(=O)N2CCCC2)c1=O,C21H26N2O2S,52
CC1OC(=O)Nc2nc3cc(n2)OC(OP(=O)(O)O)C(O)C1N3,C10H13N4O8P,32
COc1ccc(NC(=O)c2cccc(-c3nc(N)nc(NC(=O)c4ccccc4)n3)c2)cc1,C24H20N6O3,53
CNC(=O)CN1CCN(C(=O)c2csc(-c3ccccc3)c2)C1=O,C17H17N3O3S,41
CCCCCCCC(C(=O)c1ccc(Cl)cc1)=C(C)C(=O)c1cccc2ccc(C(=O)OC)cc12,C30H31ClO4,66
COC1=CC=C2C(C(=O)OC3OC(C)CC(C)C3O)=CC=C12,C17H20O5,38
O=C1c2cc(Cl)ccc2C(=O)N(c2ccccc2)C2C(O)C1N2c1ccccc1,C23H17ClN2O3,43
O=C(NC1CCCCCN(c2nc3ccccc3s2)C1=O)c1ccccc1,C21H21N3O2S,47
CCN(CCCN(C)CCSc1nnc2n1-c1ccccc1C2=O)c1ccccc1,C23H27N5OS,57
CCNC1=Nc2cc(C(F)(F)F)cnc21,C9H8F3N3,23
CCCCCCCC1=CC=C(C(=O)C2OC3OC2C3O)C1=O,C17H22O5,40
CCCN1CC[N+]2=NC(=N2)c2cccc(c2)S1(=O)=O,C12H15N4O2S+,34
COC(=O)CC(=O)c1cccc(C=CC=C(c2cccc(Cl)c2)[N+](=O)c2ccccc2)c1,C26H21ClNO4+,53
CCCCCN(C(=O)C1=CC=C1)C(CCCC)C1OC(=O)N2C(=O)N(CC)C(=O)C12,C22H31N3O5,58
COC=CC(=CC=C1C2=CC=C1C(=O)NC2=O)C(F)(F)c1ccc(OC)cc1,C21H17F2NO4,45
Cc1cc2ccc1c(=O)n2CCCCC(C)(C)C(=O)c1ccccc1,C22H25NO2,50
CCCN1CCN(C2C3OCCN4CCN(CC4)C(=O)C2O3)C1=O,C16H26N4O4,47
COc1cccc([N+](=O)[O-])c1,C7H7NO3,18
N#CC1=CC=CNC(=O)N1CCc1ccc([N+](=O)[O-])cc1,C14H12N4O3,33
CCCC1COC2=C(C(=O)N(c3nnc(OC)s3)C1)C(OC)=C2,C15H19N3O4S,42
COC(=O)C(=CC=Cc1ccccc1)C(=O)N1C(C)C(=O)NC(Cc2ccccc2)C1C(=O)O,C26H26N2O6,57
CC(=O)N(C)C1=Nc2ccccc2C(=O)N(C)C(=O)C(Br)=C1,C15H14BrN3O3,36
CCOc1cccc2c3ccc(c12)N(C)C(c1ccccc1C(=O)N1CCC1)=C3,C25H24N2O2,53
C=C1CCC(C2C(C)C2OC(=O)C(C)(C)C)OC1=O,C15H22O4,37
CCOC(=O)C1=C2N=C3SC(=C1)C(C)(C)N3C2=O,C12H12N2O3S,30
O=C(Nc1ccccc1)N1Cc2ccc(F)cc2OS1(=O)=O,C14H11FN2O4S,33
CCN1C(C2=CC=C2Cl)=Nc2nc1nn2CCN(C)S(C)(=O)=O,C13H17ClN6O2S,40
O=C(Nc1ccc2ccccc2c1)N1CC2CCCN(C2)C1=O,C18H19N3O2,41
COC(=O)N(C)C(=O)c1cc2ccc1C(OC)=CC(OC)=C2Cl,C16H16ClNO5,39
CN(C)C1=NC=CC(=CC=CC=C2C3=CC=C23)C=N1,C16H15N3,34
Cc1ccccc1C(=O)N(c1ccccc1)c1nnc(Sc2ccc([N+](=O)[O-])n2C)s1,C21H17N5O3S2,48
COc1cc(C(=O)N2CCCCN3CCCN4CCN(CCN(CCCC2)C3=O)C4=O)c[nH]1,C23H36N6O4,68
CON=C(N)N(CCN1CC(O[N+](=O)[O-])C(CN(C)C)NC1=O)C(=O)N(C)C,C14H28N8O6,54
CCN1C(=O)c2cccc(c(C)ccc(C)c2)S1(=O)=O,C15H17NO3S,37
CC(C)(C)C(=O)NC1=C2C1=C2S(=O)(=O)N1CCCC1CCN1CCCCC1,C20H31N3O3S,57
CCCN1CCN2CCN(CC2)c2nc3ncc2n3C(C)(C)C1,C17H28N6,51
O=C1CCCCCCN1C(=O)c1cc2nc(n1)S2,C12H13N3O2S,31
COc1ccc(-c2[nH]c(=O)[nH]c(=O)c2CCCN2CCCC2=O)c(Cl)c1,C18H20ClN3O4,45
CN1C(=O)CCCCCCCCNC1=O,C11H20N2O2,35
CCCCCCCCCN1CCCCCC(N(C)C(=O)c2cccc3c(=O)c23)C1=O,C25H36N2O3,65
CN1CCCCCN(C=C(c2ccccc2)c2ccccc2)C(=O)c2ccccc2C1=O,C28H28N2O2,60
C=CC(Nc1nc(-c2ccccc2)nc(N(C)CC)n1)=C1C=C1,C18H19N5,42
CCN(CCC1C2CN(C(C)=O)CCN12)C(=O)c1cccc2ccccc12,C22H27N3O2,52
CCCN1C(=O)N(C)C(=O)C2=CSC=C1C([N+](=O)[O-])=C2,C12H13N3O4S,33
C=CSc1nc(-c2cc(F)cc(OC)c2)c(C(=O)N2C=CN(C)CC2)[nH]1,C18H19FN4O2S,44
CCN1C(=O)C(c2ccccc2NC(=O)c2cccc(Cl)c2)=CC=C(Cl)C(=CC#N)C(F)(F)c2ccc(Cl)cc2S1(=O)=O,C30H20Cl3F2N3O4S,63
CN(C(=O)c1cc(Cl)cc(Cl)c1)C1=Nc2ccccc2CCS1,C17H14Cl2N2OS,37
O=S1(=O)C2=CC=CN1CCCc1ccc(c3c1=CC=3)N2,C15H14N2O2S,33
CC(=O)N(CCN1CCCCC1)CCN(C(C)=O)C(=O)NC1=NC=N1,C16H26N6O3,51
COC(=O)C1=CC1=Cc1cccc(C(O)C(O)COc2ccccc2)c1,C21H20O5,44
CCCN(CCN(C)C(=O)N(C)C)C(=O)N(CCNC(=O)N(C)C)C(=O)O,C16H32N6O5,59
CC1C=C(Cl)C2=NC3=NC(=N2)N31,C7H5ClN4,17
O=C1C(=CC2=CC(F)=C2)c2cccc(c2)C(=O)N2CCN(CC2)C(=O)N2CCCCN1CCCC2,C27H31FN4O3,66
COC(=O)CCOC(=O)c1cc(C(=O)c2ccccc2C(=O)OC(=O)OC)c(C(=O)OC(C)=O)c2ccccc12,C28H22O12,62
CCCCCCN1CCCCN2C3=NC(=N3)N=C2C1=O,C14H21N5O,41
FC(F)(F)c1cccc(C2=NN=CN=C(c3ccccc3)N2)c1,C16H11F3N4,34
C=Cc1cc2ccc1CN(C(=O)CN(CCC)C(=O)c1cccc(OC)c1)C2=O,C23H24N2O4,53
CC(=O)Oc1cccc(C=C(c2ccccc2)[N+](=O)[O-])c1,C16H13NO4,34
COc1cccc2c1C=CC=CCN2C(=O)Nc1nnc(NC(=O)c2ccccc2)s1,C22H19N5O3S,50
O=C(CNC(=O)c1ccc[nH]c1=O)NC1=NN=C=N1,C10H8N6O3,27
CCCCCCC1CCCCC1=O,C12H22O,35
CCCCN(C)C(=O)NC(=O)c1cnc(N(C)C(=O)N2CCOC2=O)[nH]1,C15H22N6O5,47
CCCCCCCCCCCC(=O)OC(=O)CCCCCCC(=O)O,C20H36O5,61
CC(C)C1CC(Nc2nc(C(=Cc3ccccc3)c3cccc(Cl)c3)cs2)C1O,C24H25ClN2OS,50
CCOC(=O)c1ccccc1C1=CN(C)c2ccccc2N1C(=O)N(C)C,C21H23N3O3,50
CSC1(Sc2ccccc2)SC2=NN1C1=Cc3cc(ccc3F)C(=O)N2C1=O,C19H12FN3O2S3,40
COc1cc2ccc1-c1cc(cs1)C(=O)N(C)CCCCCN(C)C2=O,C20H24N2O3S,50
C=CC=Cc1ccccc1C(=O)OC1C2OC(CCCC)C(O2)C1O,C20H24O5,44
COc1cc2ccc1[nH]c(=O)[nH]nc(Sc1cc3ccc1c(OC)c3)[nH]c(=O)[nH]2,C19H17N5O4S,46
COc1ccccc1C1=NN(C(=O)c2ccccc2)CCN1C(=O)NCC(=O)c1ccccc1,C26H24N4O4,58
COc1ccc(NC(=O)Cn2c(=O)n(C)c(=O)n(CCSc3ccc(F)cc3)c2=O)cc1,C21H21FN4O5S,53
O=C1CSC(c2cccc(-c3ccc(Cl)cc3)c2)N1,C15H12ClNOS,31
NC(=O)c1ccccc1N=C1C=C(C2=CC=C2)C(=O)NC1=O,C16H11N3O3,33
CCCN(C(=O)N(C)C)c1cc2ccc1C(C(=O)N1CCN(C)S1(=O)=O)=CC=C2,C20H26N4O4S,55
CN1CCn2cnnc2NC(=O)c2ccc(cc2)C1=O,C13H13N5O2,33
CCN(C(=O)Oc1cc(OC)ccc1NC(C)=O)c1nnc(S(=O)(=O)N(CC)CC)s1,C18H25N5O6S2,56
COc1cccc(CCCCN(C)C(=O)NCC(=O)Nc2ccc(C#N)cc2)c1,C22H26N4O3,55
O=c1n2c3cccc(C(F)(F)C(F)(F)C(F)(F)F)c3n1CC2,C12H7F7N2O,29
CC(=O)Nc1ccc(C(=O)Nc2ccc(C3(c4ccccc4)NC=CN3)cc2)cc1,C24H22N4O2,51
CCN1CCN(C(C)CCc2c(OC)ccc3c(F)cc(OC)c(Cl)c23)C1=O,C21H26ClFN2O3,53
CC(C)(C)NC(=O)N1CCCN(C(=O)C2=CC=C3C=CC=C32)C1=O,C18H21N3O3,45
C=CC=C(C)N=C1Nc2nnc(s2)S1,C8H8N4S2,21
CC(=O)N1CC(=O)N(CCCCCCCCCCN2CC3=CC=CC(F)=CC(=C3)C2=O)C1=O,C25H32FN3O4,65
N#CC1=CC=CN=C(c2ccccc2)NC1=O,C13H9N3O,26
COc1ccc(C(=O)N2CCN3C4CCC3C4N3CCN(CC3)C2)cc1,C20H28N4O2,52
CN1CCN2CCN3C(=O)N(N=c4nc4-c4cccc(F)c4)C(C1)C3C2,C18H21FN6O,45
O=C1CN(CCN2CCCCC2)C(=O)N2CCN1CC2,C14H24N4O2,44
CNC(=O)c1cccc(C(=O)Nc2nnc(Nc3cccc(F)c3)s2)c1,C17H14FN5O2S,40
CN1C([N+](=O)[O-])=CC=Cc2cccc(c2)C2=NN=C21,C13H10N4O2,29
COc1ccccc1C(=O)N1CCN2CCCC(C)N3C(=O)CC1CN(C2=O)C3=S,C21H26N4O4S,56
Cc1nc2ccc1c(SC(=NC(C)(C)C)N(C)C)n2,C14H20N4S,39
CC(C)(C)C(=O)N1CCCCCOC(=O)c2c(c3ccc2s3)C1=O,C18H21NO4S,45
C=C1C(=O)N(C(=O)c2ccc(C(=O)OC)cc2)CC=C1N(CCC(C)C)C(=O)c1ccccc1,C27H28N2O5,62
C=C1C2=CSC=CC(S(=O)(=O)Nc3ccc(OC)cc3)=CC=C(C(=O)N(C)C)C=C12,C22H22N2O4S2,52
CCN(C)C(=O)N1CCN(c2cn3c4nc2c3[nH]4)CC1,C13H18N6O,37
O=C1NC(=O)c2ccc(c(-c3ccccc3C(=O)O)c2)C(=O)N1,C16H10N2O5,33
CC(C)NC(=O)C1=CN=C2N=C(c3ccccc3)C(=N1)N(C)C(=O)N2C,C18H20N6O2,45
CCN(CCOc1cccc(Cl)c1)C(=O)Nc1ccc2c(c1)N=C(C)C=C(Cl)C=C2Cl,C23H22Cl3N3O2,53
CCOC(=O)C1=CC1=C1C=C1C(F)(F)F,C10H7F3O2,22
COCOC(=O)OC(OC)(OC)OC,C7H14O7,28
C=C(Cl)C(=O)NC(=O)N(c1cccc(Br)c1)S(=O)(=O)O,C10H8BrClN2O5S,27
COc1ccccc1NC(=O)n1c(=O)n(C(=O)CSc2ccccc2)c2ccccc21,C23H19N3O4S,50
O=C1N2CCCN1C(=Cc1ccccc1)CC2,C14H16N2O,33
COC1=CC=C1NC(=O)N=Nc1n[nH]c(=S)s1,C8H7N5O2S2,23
Cc1ccc(S(=O)(=O)N2CCCN3CCN(C3=O)c3ccccc3OCCCC(=O)NC2)s1,C22H28N4O5S2,61
N=C1C=c2c3c(n(C4CCN(CCCN5CCN(c6ccccc6)CC5)CC4)c2=CC=3)=N1,C26H32N6,64
CCOC1=CC=C1N1CCN2CCN(C(=O)c3ccccc3)CCCCC1C2=O,C23H29N3O3,57
CCCN1C(=O)C2=CC(=CC=CS(=O)(=O)c3ccc(cc3-c3ccccc3)C1=O)S(=O)(=O)N(C)C2=O,C25H22N2O7S2,58
O=C1CCCCN1C(=O)c1ccc(Cl)cc2c(cc(O)c1)SCCO2,C18H18ClNO4S,43
CCOC(=O)C1=CC=CN(CC)c2cccc(c2)C(=O)N(C)C(=O)N2CCN(C1=O)C2=O,C22H24N4O6,56
COC(=O)NC(=O)NC(=O)Nc1cccc2cc3c(cc12)C=CC(OC)=CC=C3,C21H19N3O5,47
CCCCCCCC1CCCN(C(=O)c2c3sc4cc(c-3c(=O)n(C)c2=O)C4(F)F)C1,C23H28F2N2O3S,59
CCCC=CC=C1NC(=O)c2ccccc21,C14H15NO,30
O=S1(=O)C2=CC=CN=C(N=C2)N1CCCNc1ccccc1C(F)(F)F,C16H15F3N4O2S,41
Clc1ccnc2[nH]c(cc1)-c1c[nH]c(n1)N2,C10H8ClN5,21
O=C1Cn2nc(sc2=NC2=CC=CC(Cl)=CC=C2)N1c1cccc(Cl)c1,C18H12Cl2N4OS,38
C=CC(=Cc1ccccc1C(=O)NC(C)C(=O)NCCCCCC)C(=O)N1CCCC1,C25H35N3O3,65
COC1=C(C(=O)N2CCCC2=O)C1=CC(C)(C)C,C14H19NO3,37
C=Nc1ccccc1C=C1C(=O)N(CCCCCN(CC)C(=O)c2cccc(C(F)(F)F)c2)C1=O,C26H26F3N3O3,61
C=CC=C(N=C(c1ccccc1)N(C)S(=O)(=O)c1ccccc1)c1ccccc1,C24H22N2O2S,51
COC(=O)c1[nH]nc(C(O)C(O)C2CO2)c1Cl,C9H11ClN2O5,24
COC(=O)c1cccc2c(OC)ccc(C(C)=O)c12,C15H14O4,33
CCC(C)(C)N1C(=O)N(C)C(=O)C=C2C=C21,C12H16N2O2,32
C=CC=c1c(=CC=Cc2cc(C=C3NC(=O)N3)cc(OC)c2)nnc2ccccc12,C24H20N4O2,50
CC1COC(=O)C2(CCCCC2)C1,C11H18O2,31
COc1ccc(C=C(C(=O)Nc2cccc(CN(C(=O)c3cccc(OC)c3)S(=O)(=O)O)c2)c2ccccc2)cc1,C31H28N2O7S,69
O=C1CCCCCCCCCCCCC(C2=NN2)N1,C15H27N3O,44
CCN(C)c1nnc(Nc2cccc3cccc-3c2)s1,C15H16N4S,36
CCC1c2ccccc3c(=O)n1c(=O)nc2-3,C12H10N2O2,26
COC(=O)C1C(=O)C2=CC(OC)=CC=C(C(=O)N3CCCN(CC3)CCN3CCN1C3=O)C(F)=C2,C24H29FN4O6,63
CC(=CN=C=NCCOc1ccc(Cl)cc1)C(=O)Nc1ccccc1Cl,C19H17Cl2N3O2,43
O=S(=O)(Nc1nc(C(F)(F)F)cs1)c1cccc(C=C2C=C2)c1,C14H9F3N2O2S2,32
CCN1CCC(=O)N(C(C)(C)C)C(=O)C2=CC(F)=C2S1(=O)=O,C14H19FN2O4S,41
CC1OC(=O)c2scc1c2C(C)(C)C,C11H14O2S,28
CCC1OC(=O)C(CCCCCCCCCOc2cc3ccc2=3)NC1=O,C21H29NO4,53
NC(=O)C(O)OC1=CC=C1Nc1cc(I)ccc1Oc1ccc(F)cc1,C18H14FIN2O4,38
Cc1nc(NC(=O)C(C)N(CCN(C)C)C(=O)c2ccccc2)c2ccccc2n1,C23H27N5O2,56
CCCC(CC)NC(=O)n1c(-c2ccc(Cl)cc2)nc2ccccc21,C20H22ClN3O,46
O=C1Nc2cc(ccc2Cl)C(=O)N2CCN(CC2)c2ccc1cc2C(F)(F)F,C19H15ClF3N3O2,43
COC(=O)c1cc(C(=O)c2ccc(OC)cc2OC)ccc1C(=O)C1=CC=C(C)CC(C2OC2=O)CCOC1=O,C30H28O10,66
COc1ccc(F)c(N=C2C(=O)OC(=O)CCN=C2C=Cc2ccccc2)c1,C21H17FN2O4,45
O=C1N2CCN1C1CCN(CCC=Cc3nnc(-c4cccc(Cl)c4)[nH]3)CCC12,C21H25ClN6O,51
CC(C)(C)CC1CCN(C(=O)C2=C3C4=CC=C4C(c4ccccc4)=C3CC=C2)CC1,C28H31NO,61
C1=Cc2ccc(c(-c3nc4nnc(Nc5ccccc5)[nH]c-4n3)c2)C=C1,C20H14N6,39
C=C(CSc1ccccc1)C(=O)Nc1ccc(OC)cc1,C17H17NO2S,38
CC(=O)OC(=O)C(C)C(C)(C)C,C9H16O3,28
CC1CCC2(NC(=O)N2)O1,C6H10N2O2,18
CC(C=CC=Cc1ccccc1)N1N=C2N=C(S2)N(C)C1=O,C16H16N4OS,38
CCC1CC1C(=O)C(C)(C)C,C10H18O,29
O=C(NC=Cc1ccccc1Br)NC(=O)c1ccccn1,C15H12BrN3O2,32
CCOc1cc(Br)ccc1C(=O)NC(=O)c1cc(OC)ccc1OCC1CC1,C21H22BrNO5,48
O=C(NC(=O)N1CCCCCN(c2cccc3ccccc23)CC1)c1ccc(Cl)cc1,C25H26ClN3O2,56
O=C(O)C=CC1=Nc2nc([nH]c(=O)n2)N1,C7H5N5O3,19
CN1CCN2CCN(C1=O)C(=O)N(C1=CC=CC(F)=CC=C1)C(=O)N1CCN(C2=O)C1=O,C20H21FN6O5,53
CCCCCCCCCCCC[SnH]=C1C=C1CC,C17H32Sn,50
CCN1C(=O)CCCCCCN(S(C)(=O)=O)CCN2CCCC1C2=O,C17H31N3O4S,55
CCOC1=CC=C1c1cc(C)cc(N(CC)S(=O)N(C)C)n1,C16H23N3O2S,45
CN1C(=O)N(C)C2C(O)C(OP(=O)(O)OP(=O)(O)O)N[PH](=O)N3CCC2N(C1=O)C3=O,C11H20N5O12P3,46
COC(=O)CCCCCCCCCOC(=O)c1ccc([N+](=O)[O-])cc1,C18H25NO6,50
CCCCCCCCCC1C2CC3C(C)C(=O)N(C(=O)C31)C2C(C)(C)C,C23H39NO2,59
O=C1Nc2ccc(cc2)CNC(=O)N(C(=O)Nc2ccccc2)c2cc(C(F)(F)F)ccc2N1,C23H18F3N5O3,52
O=C1NC1C(=O)N(Cc1ccccc1)c1nnn[nH]1,C11H10N6O2,27
C1=Cc2ccccc2N=C2N=C3NCCN4CCN2C=CC=C(N3)C(=C1)C4,C21H22N6,48
Cn1c(NC(=O)Cc2ccc3cc2-3)nnc1C(=O)c1ccc(Cl)cc1,C18H13ClN4O2,38
CN1CCN(C(Cc2ccc(Nc3nccc4ccccc34)cc2)c2ccccc2)CC1,C28H30N4,62
CC(=O)Oc1ccc2c(=O)n(CCCC3CCCCC3)c(=O)c3ccc(c1=O)c2c3,C24H25NO5,55
C=C1C(=O)NC(=O)NS(=O)(=O)c2cc(Cl)ccc21,C10H7ClN2O4S,25
CCN1CCn2cnn(c2=O)-c2ccc(c3c2SC=CC(Cl)=C3)-c2ccc(cc2)S1(=O)=O,C22H19ClN4O3S2,51
CCN(C)C(=O)C1C2OC(C2O)N(C)C(=O)C2=NC(c3ccccc3)=NN1C(=O)N2,C19H22N6O5,47
CN1CCN(C(=O)c2cc3ccc2NS(=O)(=O)C2=CC(N=C(N)N)=CC2=CC=C3O)CC1,C21H24N6O4S,56
COC(=O)c1ccc(C(=O)C2=CC(C(=O)O)=CC=CC=C2)cc1,C18H14O5,37
COC=CC=CC1=CC(Br)=CC1=CC=CC1=CC(=O)NC(=O)CNS1(=O)=O,C18H17BrN2O5S,44
Cn1nnc2cccc(C=C(Cl)C(Cl)=Cc3ccccc3)c2c2ccc(Cl)cc2[nH]c1=O,C24H17Cl3N4O,49
COC(=O)C(C(=O)OC1OC2C(O)C2OC(OC2C(O)C2OC(=O)c2ccccc2OC)C1O)=C1CCCOC1=O,C26H28O15,60
CN(CCCN1C(=O)N2CCC1C2)C(=O)c1cccc(Br)c1,C16H20BrN3O2,42
C1CCCCCCN2CCCCCCC2=NCCCCC1,C19H36N2,57
CC1=CC(=O)NC2=NC(=N2)S1,C6H5N3OS,15
CN1C(=O)N(CCc2ccccc2)Cc2ccccc21,C17H18N2O,38
CCC(=C1C=C1S(=O)(=O)N1CCN(C(=O)c2ccc(OC)c(OC)c2)CC1)[N+](=O)[O-],C19H23N3O7S,53
CSc1nn(C(C)=O)c2ccc(s2)c(=O)n1C,C10H11N3O2S2,28
CCN(C)S(=O)(=O)c1ccc(NC(=O)N(C(=O)Nc2ccccc2)c2ccccc2)cc1,C23H24N4O4S,56
CCN(c1nc2c([nH]1)C1=NC2=C1)C1C2OCCN(C(=O)NC2C)C1C,C17H22N6O2,42
CCc1nc(NS(C)(=O)=O)sc1C,C7H12N2O2S2,25
CCOC(=O)c1ccc(C2=CC(=Cc3ccc(OC)cc3)C=C2)s1,C20H18O3S,42
CCCC(=O)Nc1ccc2ccc(OC)cc2c1,C15H17NO2,35
CC1NC2=NN=C(NC=N2)N(Cc2ccccc2)CC1NC(=O)c1ccc(Cl)cc1,C21H22ClN7O,49
CC1=CC=C(NC(=O)N2CCCN3CCN(CC3)C2=O)SC=C1,C16H22N4O2S,45
CCCCN1C(=O)C2CCCCC=CC=CCCCCC(=O)N2C2CCCCC21,C25H40N2O2,66
C=CC=C(C(=O)N1CCCCC(=O)N(C(=O)c2cccc(F)c2)CC1=O)S(=O)(=O)N(C)C,C21H24FN3O6S,56
CCCN1CCN(C2=CC=N2)CCNC(C)C1=O,C13H22N4O,39
CCN(C(=O)Nc1ccccc1)C(=O)n1c(Cl)ccc1C(=O)Nc1ccccc1,C21H19ClN4O3,48
CC1CCCN(CCc2ccc(C(F)(F)F)[nH]2)C1=O,C13H17F3N2O,34
Clc1c#cc(-c2nnc(N3CCCCC4CCCC(CC3)C4)s2)cc1,C20H24ClN3S,49
CCCN1C(=O)n2c(nc3ccccc32)NCC1C,C14H18N4O,36
N#Cc1cccc(S(=O)(=O)N2CCN3CC4CN(C(=O)Nc5ccccc5C(F)(F)F)C(C3)CN4CC2)c1,C25H27F3N6O3S,65
CCN(CCN1CCCC1=O)C(=O)c1ccccc1C1=CC=C1c1cccc(OC)c1,C26H28N2O3,59
CN(C(=O)c1ccccc1)c1nn2c(OC3C=CC=CC3)nnc2s1,C17H15N5O2S,40
CN(C)c1nnc(N2CCC=C3c4ccc(c3c4)-c3cccc(c3)S2(=O)=O)s1,C20H18N4O2S2,46
O=C(NC1=NN1C(=O)Nc1ccccc1)c1ccccc1,C15H12N4O2,33
O=C(C1=NN=C=N1)N1CC2CC(N3CCCCC3)C1C2,C14H19N5O,39
COc1ccccc1C(=O)N1C(=O)NC1C(=O)NC=CC=Cc1ccccc1,C21H19N3O4,46
O=C1NC2Cc3cc(-c4ccccc4)ccc3C=C(c3ccccc3C2)c2ccccc21,C30H23NO,54
CCN1CCN(Cn2cccc(C)c3cccnc3c(=O)n(C)c2=O)CC1,C20H27N5O2,54
O=C1C=CC=C2C=CC(c3ccccc3C(=O)c3ccccc3)=CC3=CC=C1C(=O)C=CC(=C3)C(=O)c1cccc2c1,C38H24O4,66
CC(CCCN1C=NC2=CC1=N2)NC(=O)c1ccccc1,C16H18N4O,38
CC(C)(C)C(=O)C(C(=O)N1CCN(C2CCCCC2)C1=O)=C(Cl)Cl,C17H24Cl2N2O3,47
CN(C)S(=O)(=O)n1ccccc(C(=O)N2CC(=O)Nc3ccc2cc3)cc2ccccc21,C23H22N4O4S,54
COC(=O)C1CC=Cc2cccc(c2)C1=O,C13H12O3,28
CCCCCCCCC1OC(=O)c2ccccc2C1C(C)(C)C,C21H32O2,53
COC=C1C=C(C(=O)NCCN2c3ccc(OC)cc3S2(=O)=O)S1,C15H16N2O5S2,40
CC(C)(C)C(=O)CCC(=O)O,C8H14O3,25
CCCC(=O)N(C)C(=O)c1cnc(NC(=O)c2ccc(S(=O)(=O)c3ccccc3)cc2OC)s1,C23H23N3O6S2,57
O=C1c2cc(ccc2C=CC=C[N+](=O)[O-])S(=O)(=O)N2CCCN1CC2,C16H17N3O5S,42
O=c1nc2n(c(=O)[nH]1)CC(O)C(O)C(O)CCc1ccc-2s1,C13H15N3O5S,33
COc1ccc2cc1C(=O)N(C(=O)CCCc1ccccc1)CCO2,C20H21NO4,46
COc1ccc([N+](=O)[O-])c(C(=O)N2CC3CN4C(=O)C(CN(C2=O)C4=O)C2CCCN2C3=O)c1,C21H21N5O8,55
CCCC=CC=C(C=NNS(=O)(=O)c1ccccc1Cl)C1=NN=C=N1,C16H16ClN5O2S,41
CCC(=O)C(C)C(CC)OC(=O)OC,C10H18O4,30
CN(CCC(=O)N1CCCN(C(=O)Cn2nnnc2-c2ccccc2)C1=O)C(=O)Nc1ccccc1,C24H26N8O4,62
CN1C(=O)C2=CC=CC(=CC=C2)N(C)C1=O,C12H12N2O2,28
NC1=NC2=NC=CC3=CC=C(C(Br)=CC=CC=C1)C32,C15H12BrN3,31
CCN(C(=O)NC(=O)c1ccc2ccccc2c1)C1OC2Cc3ccccc3NC1C2O,C25H25N3O4,52
CN1CCN2CCN(c3ncc(s3)C2=O)c2ccccc2C1=O,C16H16N4O2S,39
O=C(NC(=O)c1c2cc(cccc3c4c1C(=CC=4)C=3)C=COC2=O)c1ccccc1,C25H15NO4,45
COC(=O)COC(=CC=C(OC(=O)c1ccccc1)c1ccc(C(=O)OC)cc1)C=C1C=CC=C1OC,C29H26O8,63
C=CC=C(C(=CC=Cc1ccccc1)Sc1nn(C)c(=O)[nH]1)c1ccccc1,C23H21N3OS,49
O=C1CCCCN(S(=O)(=O)c2ccccc2)c2nnc(s2)N1CCOC1=CC=C1,C19H20N4O4S2,49
O=C(Nc1nccccnc2c3ccc(-c4ccccc4)c(c3)n12)c1ccccc1,C25H18N4O,47
COC(C(=O)O)C1OCO1,C5H8O5,16
O=C(OCCOc1ccc(C=C2C=CC=C2)cc1)c1ccccc1,C21H18O3,42
O=C(NS(=O)(=O)C1=CC(Cl)=CC([N+](=O)[O-])=CC=C1)c1ccccc1,C15H11ClN2O5S,35
CN1C(=O)NC(=O)NC(=O)Nc2ccc(Br)c1n2,C9H8BrN5O3,25
C=C1CCCCC=C(C(=O)N2CCCCCCCCC2)C1=O,C19H29NO2,51
O=C1N2CCN(CCCN1CCN1C(=O)c3cc4ccc(C(F)(F)F)c1ccc3-4)CC2,C22H23F3N4O2,54
CCCCN1C2=CC=C(C=C3C=C3)C3=NC(=N3)N(CCC)C1=N2,C18H21N5,44
CNC(=O)CNC(=O)c1ccc(Cl)cc1-c1ccc(OC)cc1F,C17H16ClFN2O3,40
CCCCCCCC(C)(C)CCCCCCCCc1c2ccc[n+]1N2,C23H41N2+,66
COc1ccc(N2CCN3CC(C2)NC3=O)c2cc(Cl)ccc12,C17H18ClN3O2,40
CC(C)(C)c1ccc(C(=O)N2CCCN3C(=O)C4C2OC43)cc1,C18H22N2O3,42
CCN1CCN(C(=O)C2=CC=C(Cl)C2=CC=C(Cl)C=C(Cl)C=CCl)c2nnc1s2,C19H16Cl4N4OS,45
C=CC(=O)NC(=O)C=CC(Cl)=CS(=O)(=O)c1ccccc1,C14H12ClNO4S,33
CN(CCS(=O)(=O)c1ccccc1)C(=O)CNC(=O)c1cccc2ccccc12,C22H22N2O4S,51
CCCN1CCCN(C(=O)Nc2ccccc2-c2ncccc2C(=O)Nc2ccccc2)CC1,C27H31N5O2,65
O=C1NC=C(F)C=C(n2nc(-c3ccc(S(=O)(=O)Nc4ccccc4)cc3)[nH]c2=O)N1,C19H15FN6O4S,46
COc1ccc([N+](=O)[O-])c(CN(CC(C)C)C(C)=O)c1,C14H20N2O4,40
COC1=CC(C(=O)N2CCC3CCCCC3C2=O)=C1,C15H19NO3,38
O=C(Oc1ccc(C(F)(F)F)cc1O)C1=CC=C1Oc1cccc(C(=O)O)c1,C19H11F3O6,39
C=C1C([N+](=O)c2cccc(Br)c2)=CC=CN1C,C13H12BrN2O+,29
COc1ccc(OCC2CCN3CCN2C(=O)c2ccccc2S3(=O)=O)cc1,C20H22N2O5S,50
C=C(Cl)C=Cc1cccc(C(=O)N(C)C(=O)c2ccc(OC)cc2)c1,C20H18ClNO3,43
COc1ccc(C=C(C(=O)N2CC2)C(=O)N2CCN(C)C2=O)c(C)c1,C18H21N3O4,46
Cn1nc2c3ccc4c(c31)C(=CC=C2)N1CCCN4CCC1,C18H20N4,42
CCC1=CN(c2ccccc2OC)c2nc(c3nnc(-c4cccc(F)c4)n23)=C1,C22H18FN5O,47
CCCCCC1C(C)C2CC3C(C)C1C(OC(=O)c1ccccc1C(=O)OC(C)(C)C)C3OC2=O,C29H40O6,67
CCN(C(=O)c1ccccc1)C(=Nc1ccc(Cl)cc1)c1ccccc1C,C23H21ClN2O,48
CCCCN1CCC(C)(C)N(C(=O)C2=CC=Cc3ccc2n(CC)c3=O)C1=O,C22H29N3O3,57
CC1=NC2=NC3=CC=C1C1=CC2=CC=C(N(CCN(C)C)Cc2ccccc2)C3=C1,C26H26N4,56
CC(=O)C(C)C=C1C(C(=O)N(C)C)=C1C(F)(F)F,C12H14F3NO2,31
CCCN1CCC(C)(C)n2c3nc(c2n3C(C)C)C1=O,C15H24N4O,44
CC(C)CCN(C)CCOc1ccc(C(F)(F)c2cccc3c2-c2cccc-3c2)cc1,C27H29F2NO,60
COc1cc(-c2cc(C)ccc2Cl)c([N+](=O)[O-])c(N2N=C3NC(=O)C(=CS)N=C2S3)c1,C19H14ClN5O4S2,45
CC(C)CCCCCCCCC(C(=O)OC(F)(F)c1ccccc1)C(C)(C)C,C24H38F2O2,65
CCCCCC(CC)N(CCCC)C(=O)c1oc(=O)c2cc1-2,C18H27NO3,48
COC(=O)c1ccc(C(=O)OC)c(-c2ccc3cc2-c2ccc(Cl)cc2C3=O)c1,C23H15ClO5,44
COC(=O)C(C(C)C1CCC(=O)O1)N1C(=O)NC1=O,C11H14N2O6,29
COC(=O)c1ccc(C2CCCCC2)c2cc(Br)ccc12,C18H19BrO2,40
CCCN1C(=O)C=C(CCCCCCCCCC2CCCCC2)C1=O,C22H37NO2,62
COc1c2cccc1CN(C(=O)c1cccc(Cl)c1)C(=O)CC2,C18H16ClNO3,39
CC1=CC=CCN1CC1CN2CCN1c1nnc2s1,C13H17N5S,36
Cn1c(=O)[nH]c(=O)c(-c2ccccc3cc-3c(C(=O)O)c2)cccoc2ccc(cc2)c1=O,C25H18N2O6,51
O=S(=O)(C1=CC1=CC=CNc1ccc(C(F)(F)C(F)(F)F)cc1)N1CCN2CC1C2,C19H18F5N3O2S,47
CCN(CCC1=C2N=C2Nc2ccc(C(=O)N(C)C)c(-c3ccccc3OC)c21)c1ccccc1,C29H30N4O2,64
CCN1C=Nc2nc3ncccc3n2CC1,C11H13N5,29
Cc1nc(NC2=Nc3ccccc32)nc(=O)[nH]1,C11H9N5O,25
CC1(C)CN2CCN1C(=O)c1cc(ncc1C(F)(F)F)C2,C14H16F3N3O,37
COC(=O)CC(C)(C)C1OC(C)C(O)C1OC(=O)c1ccc([N+](=O)[O-])cc1,C18H23NO8,46
CN1CCN(C(=O)c2ccc(C(F)(F)F)cc2)CCCCCN2C3=NC(=N1)N(C)C2=Nc1ncccc13,C25H27F3N8O,64
CN(C(=O)c1ccccc1)C(=O)N(C=C(C=C(O)C=C1C=C1)c1ccc(C#N)cc1)C(=O)Nc1ccccc1,C31H24N4O4,63
C=C(C=C1C=C1)NS(=O)(=O)c1cc(C(F)(F)F)c(Cl)cc1C#N,C14H8ClF3N2O2S,31
O=C1CCCCCCCC(=O)OC2OC3C(OC(=O)CCCCO1)C(O)C23,C19H28O8,50
C#Cc1nc(-c2ccccc2C(F)(F)F)nc(N2CCCCCCCC2)n1,C20H21F3N4,48
CC(=O)NC1=CN2C(N)=NC=C(S(=O)(=O)c3ccc(F)cc3)C2=NC(N)=N1,C15H14FN7O3S,41
CN(C)CCN1CCNC(=O)Nc2ccc(C(F)(F)F)c3c2N(CC1)C(=O)n1nc-3c2cc(C(F)(F)F)ccc21,C25H25F6N7O2,65
O=C(OC(F)(F)F)C(F)(F)C(F)([Na])C(F)(F)C(F)(F)C(F)(F)F,C7F13NaO2,23
O=C1NC(=O)N1C=C1C=Cc2cccc(c2)C1,C13H10N2O2,26
CCCCN(C(=O)CC)C1=NC(=CC=C2C(=O)N(CC)C(=O)c3ccc2cc3)S1,C22H25N3O3S,54
COc1ccc2c(=O)[nH]c(=O)cccc1c1ccc(Cl)c2c1,C17H12ClNO3,34
COc1ccc2c(n1)C1=C3C=CC=C3C(=C1)C(=O)N(CCN(C(C)=O)C(C)(C)C)C2,C24H27N3O3,57
CN1C(=O)CN2CCN(S(=O)(=O)c3ccc(-c4ccccc4)c(-c4cccc(F)c4)n3)CC1C2,C25H25FN4O3S,59
CC(C)C(=O)OC1C(O)C(O)C(O)C(O)C(O)C1OC1C(O)C(O)C(O)C(O)C1O,C17H30O13,47
C=CC=C(NC=Nc1cccc(Cl)c1)C(=O)N(C)C(=O)c1ccccc1,C20H18ClN3O2,43
O=C1Nc2cc1sc2C(=O)NC1=CC1=CC=CCl,C12H7ClN2O2S,25
CN(C)C(=O)N(C)c1nnc2n1N=C2C(Cl)=Cc1cccc([N+](=O)[O-])c1,C15H14ClN7O3,40
O=c1ccsc(Sc2ccccc2F)n1,C10H6FNOS2,21
CCCC(C1C2CCCCC2N2CC3C(=O)C3C1C2=O)C(C)(C)C,C21H33NO2,50
COC1=CC=C(NC(C)=O)C(c2ccc(C(=O)c3ccccc3)cc2)(c2cccc(C(=O)N(C)C)c2)C1,C31H30N2O4,67
CC(C)=C(C)C(=CC=C(F)C(=O)N1CCCN(C)CC1)C(F)(F)F,C17H24F4N2O,48
CCCCCC(=O)C1=CCCC1,C11H18O,30
O=C(C1CCCCC1)N1CCCn2c(=O)[nH]c(=O)n(c2=O)CCC1,C16H24N4O4,47
CCN1C(=O)NC(C(OC)Oc2ccccc2)CN(c2ccc(F)cc2)C1=O,C20H22FN3O4,48
O=S1(=O)N2CCCCN(C3=NC3(F)F)CN1CCC2,C10H16F2N4O2S,35
COC1=CC(=O)N=c2sc(n2CC2CCN3C(=O)N2C2CCCCC23)=C1,C18H22N4O3S,46
O=c1c2ccc(C(F)(F)F)cc2ccn1CC1CN2CCN1CC2,C17H18F3N3O,42
CCN(CCCSc1c2cc(OC)c-2c1C)C(C)=O,C15H21NO2S,40
CCC(CC(=O)OC(C)=O)C(C)(C)C,C11H20O3,34
COc1ccc(C(=O)NCCn2c(=O)ccn(-c3ccccc3Cl)c2=O)cc1F,C20H17ClFN3O4,46
COc1cc(C(=O)N(C)c2nn(C)c(=O)c3ccccc23)ccc1Cl,C18H16ClN3O3,41
CC(=O)OC1C2OC3C4OC1C3OC(C1CCCCC1)C(OC(=O)C(=CC=CC(C)(C)C)C(C)=O)C4OC2C,C30H42O9,70
COC1=CC=C2C(=O)NC(C)CN1C(=O)N(CCN1CCCCC1)C2=O,C18H26N4O4,51
COc1ccccc1-c1cccc(C(=O)N2CCC2=O)c1,C17H15NO3,36
O=C1CCCCCN(c2cc(F)c(=O)[nH]c(=O)c2)CCN1,C14H18FN3O3,38
O=C1CCN2CCCCCCCCCC3C(CC2)N1C(=O)N3C(=O)c1ccc(F)c(Cl)c1Cl,C24H30Cl2FN3O3,61
CCN(CCN(C)C(=O)c1ccccc1C1=CC=CC=CC=C1)C(=O)N1CCCCC1,C26H33N3O2,64
COc1ccc(C(=O)N2CCCC(NC(=O)C3=CN=C3C)C2)cc1,C18H21N3O3,44
CCSC(=Nc1ccc2n(c1=O)C(=O)N(C)C2=O)SC,C12H13N3O3S2,33
COC(=O)C1(C)c2ccccc2-c2cc3ccc2C1C(C)(C)CCCCCCOC3=O,C27H32O4,63
O=C(Nc1cc2ccc1CCS2)c1ccccc1,C15H13NOS,31
Fc1cccc(C=CC=C2C=CC=C3C=CC=C3NC3=NC(=N2)c2ccccc2N3)c1,C26H19FN4,50
CCN(C(=O)Nc1ccccc1OC)C(=O)N1Cc2ccccc2C1=O,C19H19N3O4,45
CN(CCOC1=CC=C2C=CC=C21)CCN1C(=O)NC1=O,C15H17N3O3,37
CC(C)(C)CCN1C(=O)c2cc(C(=O)N3CCCCC3)sc2C1=O,C18H24N2O3S,48
CC1(C)OC(=O)N(CCOC2=CC=C2)C(=O)C1(C)C,C14H19NO4,38
C=Cc1ccc(C=C2C=C(SCC)C(=O)N(C(=O)CC)C2=O)s1,C17H17NO3S2,40
CCN(C)c1cc2c([nH]1)C(=O)N(C(C(=O)Nc1ccccc1)C(O)C(N)=O)C2=O,C19H21N5O5,47
CC1C2CN(CCN(C)C(=O)C3=C4NC5=CC=C5C=C3N4C)CCN1C(=O)O2,C20H25N5O3,50
CCCCCCCCCC(OC(=O)c1ccc(C)cc1)C(O)C(C)Oc1ccccc1,C27H38O4,66
COc1ccc(C(=O)N(C=CC(F)(F)F)C(=O)COC(=O)c2ccc(C(F)(F)F)cc2)c(OC)c1,C22H17F6NO6,52
C=C(C(=O)CCCCCCC)C(=O)N1CCC(C)(C)C1=O,C17H27NO3,48
CCN1C(=O)C2=CC=CCCOC(=O)C(=C2c2ccc(OC)cc2OC(C)=O)C1=O,C22H21NO7,51
COC(=O)CN(CCCCC1CCCCCCC1)C(=O)c1ccc2c3c1c2=C3C,C25H33NO3,62
c1=c-c2[nH]c(N3CCN(CCN4CCCCC4)CC3)nc2-c2cc-1c2,C20H27N5,51
CN(C(=O)c1cccc2ccc(cc1)c(=O)[nH]2)c1n[nH]c(NC(=O)c2ccccc2F)n1,C22H17FN6O3,48
CCCCCc1cccc(-c2ccccc2C)[n+]1-c1cccc2ccccc12,C27H28N+,56
NC(=O)CC(=O)c1ccccc1,C9H9NO2,21
CCNC(=O)C(=CC=CC(=O)Nc1cccc(Cl)c1)Nc1ccccc1,C20H20ClN3O2,45
CCCCCCCCCCC=C1C=C1C(=O)O,C15H24O2,41
Cc1cc([N+](=O)c2ccccc2)cnc1C,C13H13N2O+,29
CCCCC(=O)N(Cc1cccc(OC)c1)C(=O)c1ccc(OC)cc1,C21H25NO4,51
COc1ccc(C(=O)CCOC(=O)Nc2ccccc2OC)cc1,C18H19NO5,43
CCOC(=O)OC1OC2OC(C(O)C(=O)OC)C(OC(C)=O)C(O)C(OC(N)C2O)OC1C(O)C(O)C(O)C(O)C(C)O,C23H39NO19,67
COC1=CC=CC(Cl)=CC=C1N(C(=O)NC(=O)c1ccccc1)c1ccccc1,C23H19ClN2O3,48
CCN1C(=O)NC2CCN(C(=O)Nc3ccccc3C3=NN=C31)C(OP(=O)(O)OP(=O)(O)O)C2OP(=O)(O)OC,C18H25N6O13P3,62
CCC[S+]([O-])C1CCCN1Cc1nnc(-c2cc(F)cc3ccccc23)[nH]1,C20H23FN4OS,48
O=C(NC(=O)c1ccccc1)C(=CC=c1[nH]c(=O)c2cccc1c2)S(=O)(=O)O,C19H14N2O6S,42
CC=Cc1ccc(OC)cc1,C10H12O,23
CCOC(=O)NC(CN1CC1)C(C)OC(=O)OCC,C12H22N2O5,39
CCC(=Cc1ccccc1)C=C1N=C(c2ccccc2)N1C,C20H20N2,42
CCC1CN2CCN(CCCCCN1C(=O)c1cccc(Cl)c1)C2=O,C19H26ClN3O2,51
CC1N(C(=O)c2cccc(Cl)c2)C2=NNC(=O)C(=CC=CC=CC=C2)S1(=O)=O,C19H16ClN3O4S,42
CCN(CC)S12(=O)N=C(N)NC3=NC(=CC=C1c1ccc2cc1)NC(=O)N3,C17H21N7O2S,48
CCC(=O)O[N+](=O)[O-],C3H5NO4,13
CN(CCN(C(=O)Nc1ccccc1)C1=CC=C1)c1nc2cc([N+](=O)[O-])ccc2s1,C21H19N5O3S,49
O=C(NC1=NS1)c1ccc(Cl)c(Cl)c1,C8H4Cl2N2OS,17
C=C(C=C(C(=O)NC(=O)N(C(=O)OC)c1ccccc1)C(=O)N(C)C)[N+](=O)[O-],C17H18N4O7,46
CCOP1(=O)OCCOC(=O)SCCCSCCO1,C10H19O6PS2,38
CN1C(=O)N(c2ccc(C=CC=CSC3=CC=CC=C4C=CC=C3C4(F)F)cc2)C1=O,C24H18F2N2O2S,49
COC(=O)c1ccc(C(=O)OC)c(C(=O)OCC2OC(=O)c3ccc(cc3)C(=O)OCC2OC(=O)c2ccccc2C(=O)OC)c1,C32H26O14,70
CN(C(=NC1=CC=CCC1)NCc1ccccc1)c1ccccc1N=C(N)Nc1ccccc1,C28H30N6,64
CN(CCCN(C)C(=O)N1c2ccc(C(F)(F)c3ccccc3)cc21)C(=O)Nc1ccccn1,C25H25F2N5O2,58
CCCCC(=O)c1cccc(C(=O)NC(=O)c2ccccc2C(=O)c2ccc(SCC)c3ccccc23)c1,C32H29NO4S,67
CC[SiH](C)[SiH](C)O[Si](C)(C)O,C6H20O2Si3,29
CC(C)N(C)C(=O)c1cc(=O)n(C)c2ccccc2cccc(F)cc[nH]1,C21H24FN3O2,50
CN1C(=O)CCN(C(=O)c2ccccc2)C2=NC(=CC=CC(=O)Nc3ccccc3)N=C1S2,C24H21N5O3S,54
CCCN1CCN(c2nc3c(C4=CC=C4)n2C2=CC=C3C(CC(C)C)=CC=C2)CCCC1=O,C28H34N4O,67
CCN(C)C(=O)c1ccccc1OP(=O)(O)N(CC)c1ccccc1,C18H23N2O4P,48
N#CC1=CC(=COc2ccc(NS(=O)(=O)C=Cc3ccc(Cl)cc3)cc2NS(=O)(=O)c2ccccc2)S1,C25H18ClN3O5S3,55
O=C1C2CCCCCCCN3CCC2CN1S3(=O)=O,C13H22N2O3S,40
CCN(C)CCN(CCN(C)C)S(=O)(=O)C1=CC=C2C3=CC=CC=C4SC(=C1)C=C2C4=CC=C3,C27H33N3O2S2,67
Clc1ccc(N2CCCCCC2)c(Cl)c1,C12H15Cl2N,30
COc1ccccc1C(=O)OC1CCCC1OC(=O)C(=Cc1ccccc1)C(C)(C)C,C26H30O5,59
O=C1c2cccc(c2)N2CCC(CC2)N1CCC1CCCN1Cc1cccc2c1=CC=2,C27H31N3O,62
CC1C(=O)N2CCN(C(=O)C3=NN=CC(C(F)(F)c4ccccc4)=CC=C3)C(=O)C12,C21H18F2N4O3,46
CC=CC=C(Cc1ccccc1N=C(N)NC(=O)c1cccc(F)c1)c1nnn[nH]1,C21H20FN7O,49
CN1CCCCCN2c3ccc(n3CCCCCC3OC32)-c2cccc3c(ccc-3c2)C1=O,C28H33N3O2,64
CCCN(C)C(=O)C1=CC=C(OC)c2ccc(C)cc2C(=O)N(C)CCCOC1=O,C23H30N2O5,60
NC(=NC(=CN=NN=Nn1ccc2ccccc21)c1ccccc1)c1ccccc1C(=O)Nc1ccccc1,C30H24N8O,63
C=CC=C1N=C2NC(=O)N=C(S2)N(CCCCOS(=O)(=O)c2ccc(C)cc2)C1=O,C19H20N4O5S2,50
CCN(C(=O)NC(=O)c1ccccc1)C(=O)N(C)C(=O)N1CCN(C(=O)OC)CC1,C19H25N5O6,54
O=S(=O)(NC1=NC=C(Cl)C=C(c2ccccc2)N1)c1ccccc1,C17H14ClN3O2S,37
CC(C)(C)CCCCN1C(=O)c2cc3cc(c2C1=O)Oc1ccc(C(F)(F)F)cc1C3=O,C24H22F3NO4,54
CN(C(=O)N1CN=C1N1CCCC1)S(=O)(=O)c1ccccc1,C14H18N4O3S,40
O=C1COC(c2ccccc2)=C(S(=O)(=O)Nc2ccccc2)N1,C16H14N2O4S,37
CCOc1ccc2c(c1)C(=O)NC(C)C(Cl)=C(C(=O)Oc1ccccc1OC)S2,C21H20ClNO5S,49
CNC(=O)c1cccc(C(=CC=CC(=O)Nc2nnc(Nc3ccccc3)s2)OC)c1,C22H21N5O3S,52
CCN(C)C(=O)N(C)C(=O)n1c2nnc1N(C1=CC=C1)c1ccccc1-2,C18H18N6O2,44
O=C1c2nnc(C=C(F)Br)n2CCCCCCOP2(=O)OC3C(=O)N(CCN4CCCN1C4=O)C1C(O2)C31,C22H27BrFN6O7P,61
CCCN1N=C1Sc1c2[nH]c-2c1C(=O)N(C)C,C11H14N4OS,30
Fc1ccc(NN=c2[nH]c3ccccc3s2)cc1,C13H10FN3S,27
O=C1NC(=O)N(CCO)CC=C1[N+](=O)[O-],C7H9N3O5,24
CNC(=O)NCCN1CCN(C(=O)c2nc3ccc2-3)CC1,C14H19N5O2,40
Cc1nnc2c3n(c4ccc(C(F)(F)F)cc(C(F)(F)F)c(ccc4C(F)(F)F)n12)N=NN(C)C(=O)N(C)C(=O)C(C(F)(F)F)=CC=3,C25H16F12N8O2,63
CNc1ccc(-n2c(=O)cc3c4ccc5c(c4)nc2n35)cc1OC,C18H14N4O2,38
CCN(CCCN1CCCC1)C(=O)C=CC=CN=C=O,C15H23N3O2,43
CC(=O)NC(=O)C=CC=CSc1nnc(NC(=O)c2ccc(F)cc2)s1,C16H13FN4O3S2,39
COC(=O)C1=C2c3ccc(C(F)(F)F)cc3C12OC,C13H9F3O3,28
O=C1N(CCCCC2CCCC2)CCCN2CCCN1C2=O,C17H29N3O2,51
CN(C)S(=O)(=O)c1ccc(F)c2ccc(cc1)cc2Cl,C14H13ClFNO2S,33
C=C(C(=O)Nc1ccc(Cl)cc1)C(=CC=CC=CN=C(N)NS(=O)(=O)c1ccccc1)C(=O)Nc1ccccc1,C29H26ClN5O4S,66
CCN(CCC1=C2C=C21)C(=O)OC(C)(C)C,C13H19NO2,35
CCc1[nH]c(=O)c2ccccc2c1Br,C11H10BrNO,23
CCN(C)CCCN1C=Nc2nc3cc4ccc3c(c24)C(=O)NCC1,C19H23N5O,48
CC(=O)OC(=O)CCCCCCCCCCCCCCCCC=C=O,C21H36O4,61
CCCC(C)OC(=O)C(CC1CCCCC1)NC(=O)OC(C)(C)C,C19H35NO4,58
Nc1c2cccc1C=CC=C2,C10H9N,20
CN1CCN(C(=O)NC(=O)c2ccc3cc2NS3(=O)=O)CC1,C13H16N4O4S,38
CN1CCN(P(=O)(O)O)CC(Cn2cnc3c2=NC=3F)N(C)C1=O,C12H18FN6O4P,41
CCN(C(=O)c1ccccc1C)C(=O)c1c(C(=O)O)sc2ccccc12,C20H17NO4S,43
CC(Cl)(Cl)C(Cl)(Cl)C(=O)CCCl,C6H7Cl5O,19
O=C1CCCCN2CCN1C(=O)N(c1ccc(Cl)cc1Cl)C2=O,C15H15Cl2N3O3,38
CC(=O)OC(=O)C(C)(C)CCCCCCCC(=O)CC1=CC=C1,C19H28O4,51
CN1CN2CCN(CC2)C(=O)NCC(C2=CN=C(c3cc(F)cc(Cl)c3)N(C)S(=O)(=O)C=C2)NC1=O,C22H27ClFN7O4S,62
N#Cc1ccc(NC(=O)n2c(=O)nc(-c3ccccc3)[nH]c2=O)cc1,C17H11N5O3,36
CCCCCCN1CCN2C(=O)N(C)C(=O)C2=CC=CC2=CC=C2C1=O,C20H25N3O3,51
CCC(C)(C)c1ccc(C(=O)N2CCN(C(=O)N3CCCCC3)CC2)cc1,C22H33N3O2,60
NC1=NC(=O)NC(=O)Nc2ccc(c3ccccc23)Sc2ccccc2N1,C19H15N5O2S,41
CCNC(=O)C1=CC(O)=C1,C7H9NO2,19
COc1cccc(-c2cc(N(C)C(C)=O)nc(NS(=O)(=O)c3ccccc3F)n2)c1,C20H19FN4O4S,49
C=CC(=CC=CC(=O)c1ccccc1)C(=O)N(C)C(=O)c1cc2ccccc2c(=O)n(C(=O)c2ccccc2)c1=O,C33H24N2O6,65
COc1ccccc1C(=O)NC(=O)CCN1CCC(c2ccccc2)N(Cc2ccccc2)C1=O,C28H29N3O4,64
CCOC(=O)C1=CC(Br)=CCC1(C(=O)OC(C)=O)C(=O)OC(C)(C)C,C17H21BrO7,46
COC(=O)C(C)C(O)C(O)C(O)C(O)Oc1ccccc1Sc1ccccc1O,C20H24O8S,48
COc1ccc2c3c([nH]c2c1)-c1ccccc1C3=CC=CN1CCN(C)CC1=O,C24H23N3O2,51
CCCC(C)OC(=O)c1ccc(C(C)(C)C)cc1,C16H24O2,42
CCCN(C(=O)CCN(C)S(=O)(=O)c1ccc(Cl)cc1)C(=O)c1ccccc1,C20H23ClN2O4S,51
CN1CCOC1=CC=C(F)C=Cc1cc2ccc1c(=O)[nH]2,C16H15FN2O2,36
CCN(C(=O)NS(N)(=O)=O)C1=C(Sc2cccc(F)c2)S1,C11H12FN3O3S3,33
CCNc1nnc2n1CCN2C=C1C=C1C(F)(F)S(=O)(=O)N(C)CC,C14H20F2N6O2S,45
CN1CCN2CCN3CCN(CC3)c3ccccc3N(c3nc(cs3)C1=O)c1ccccc12,C25H28N6OS,61
CCCN1CCN(C(=O)C(S)=C2C(c3cccc(F)c3)=CC=C2[N+](=O)[O-])CC1,C20H22FN3O3S,50
COc1ccc(C(=O)NS(=O)(=O)C2=CC3=CC=CC=C4C(=C3)C4=C2)cc1,C20H15NO4S,41
COC(=O)c1ccc(C(=O)OC(C(C)NC(=O)c2ccccc2)C(NC(=O)c2ccc(OC)cc2)C(C)O)s1,C28H30N2O8S,65
COC(=O)C(=O)C1=C(OC)C1=CC(=O)OCCOC(=O)C1CCCCC1,C18H22O8,48
O=C1CCC(=O)OCCO1,C6H8O4,18
COC1CCCCC2C(=O)c3cc(Br)ccc3C(=O)N12,C15H16BrNO3,35
O=C1CN2CCCc3sc(nc3-c3cccc(c3)C2)N2CCCCN1CCC2,C22H28N4OS,56
C=C1CCN(CCC2C3C(=O)N(CCN3C(=O)N3CCCC3C)CCN2S(=O)(=O)c2ccccc2)C1=O,C26H35N5O5S,69
O=C(c1ccccc1C(=O)N1CCN2CCCCCCC(CC1=O)C2=O)N1CCC1,C23H29N3O4,59
COc1cccc(N(Cc2ccccc2F)C2CN=C(NC(=O)c3ccccc3)S2)c1,C24H22FN3O2S,53
CCCCC1OC(OC(=O)C2=Cc3ccc4c5ccc(cc5-4)c3=C2)C(OCCC)C1OC,C27H30O5,58
O=c1c2ccc3c(c(=O)n1CC1CCCCCCCCCC1O)c23,C20H25NO3,47
COC(=O)C(F)(F)C(F)(F)C(F)(F)C(F)(F)C(F)(F)C(F)(F)C(F)(F)C(F)(F)C(F)(C(F)(F)C(F)(F)F)C(F)(F)C(F)(F)C(F)(F)C(F)(F)F,C17H3F31O2,53
N=C(NS(=O)(=O)C(F)(F)c1ccc(Cl)c(Cl)c1)N1CCNC1=O,C11H10Cl2F2N4O3S,33
CCOC(=O)c1ccc(-c2cccc(Br)c2)c(Br)c1,C15H12Br2O2,31
N#Cc1cc(F)cc(C=C2Oc3ccccc3S2)c1-c1ccccc1,C21H12FNOS,37
CCCN(C)C(=O)CN(C(=O)CNC(=O)c1ccc(F)cc1)c1nc(C)c(C(=O)c2ccccc2)s1,C26H27FN4O4S,63
C=C(C1=CC=C(C(=O)N(C)C)C(=C2C=C2I)S1)c1ccc(Nc2ccccc2)cc1,C25H21IN2OS,51
Cc1sccc1C(=O)N1C2CCCCCCCCN(C2=O)C2C3CCC(C(O)C2OC(C)(C)C)C31,C28H42N2O4S,70
O=C(O)c1cccc(C(=O)c2cccn2C(=O)COc2ccccc2)c1,C20H15NO5,41
CN(C)C(C)(C)Cl,C5H12ClN,19
CCCCN=C1N=C(c2ccccc2C)NC2=NC1=N2,C15H17N5,36
COC1=CC(=CC=C2N=C3SCCCCCCCN3C2=O)C2=CC=C12,C20H22N2O2S,47
CCN(CC)C(=O)c1ccc(NC(=O)c2ccccc2)cc1,C18H20N2O2,42
CON=C1N=C2N=C1C1=CC=CC=C2C(Cl)=C1,C12H8ClN3O,25
COc1ccc(C(=O)c2ccccc2[N+](=O)[O-])cc1,C14H11NO4,30
C#CC=C1C2=CC=C(C#N)CCN3CCCCCN(C(=O)C1=C2)C(C)CC3,C23H27N3O,53
N=C=NN=C(C=Cc1cccc([N+](=O)[O-])c1)c1ccc(C(F)(F)F)cc1,C17H11F3N4O2,37
CCOC(=O)C(=CC=CC(=O)N(C)C(=O)c1ccccc1)c1cc(C(=O)O)sc1C(N)=O,C22H20N2O7S,52
O=C(NC(=O)c1ccccc1N1CCOc2ccccc21)C(Cl)=CC=C1C=CC=C1,C24H19ClN2O3,49
Cc1ccc(-c2ccccc(-c3ccccc3)c2=O)cc1,C20H16O,37
COc1ccc(F)c(C2=C(c3cc(OC)ccc3OC)C(=O)N(C)C2=O)c1,C20H18FNO5,45
Cn1c(=O)sn(CCOC(=O)c2cc(Cl)ccc2Cl)c1=O,C12H10Cl2N2O4S,31
CCCCC(=O)N(C)C(=O)c1ccc2c(C)cccc2c1,C18H21NO2,42
COC(=O)C(=CC=CC(C)C)C(=O)Oc1ccccc1C(=O)c1ccccc1,C23H22O5,50
C=CC=C1OCC2CCN(S(=O)(=O)c3ccc(OC)cc3)CC(=O)N12,C17H20N2O5S,44
CC(C)(C)C12N=C3SC1C(=O)N(CCOc1ccccc1)CCN3C2=O,C19H23N3O3S,49
O=C(Nc1ccccc1)Nc1ccc(-c2cccs2)cc1,C17H14N2OS,35
O=C(Nc1ccccc1)c1cccc(N2CCN3CCC4=C5C=C5CNC(=N4)N(CC3)CC2)c1,C27H30N6O,64
CN1CCN2CCCN(C1=O)C2=O,C8H13N3O2,26
O=C1NC(=Cc2nc(-c3ccccc3Br)[nH]c2-c2ccccc2)c2ccc(cc2)N1,C24H17BrN4O,46
C=CC(=CC=CC=CC=C1C=C2C3=NC(=NC(=O)NC(=O)N1C)CCN3S(=O)(=O)c1ccc2cc1)S(=O)(=O)NCC,C27H28N6O6S2,69
O=C(C=CC=C(C=CC=C(C(=O)O)C(=O)O)C(=O)O)NC(=O)c1ccccc1,C19H15NO8,43
C=CC=CN(C(=O)NC(=O)c1cccc(OC)c1)c1ccccc1,C19H18N2O3,41
CCCCCCC(=O)OC1=CC(=C2C(=O)N(C(=O)CCCC)CCCC(C)(C)C2=O)C(=O)OC1=O,C26H35NO8,70
COC(=O)CN(CCCC1CCCCC1)C(=O)C1=CC=C2C=CC=C21,C21H27NO3,52
COC(=O)C1=CC=C(c2cccc(C(=O)OCC(=O)O)c2)C1=O,C16H12O7,35
CC1C(=O)N2Cc3ccc(c(C(F)(F)F)c3)N1C2=Nc1ccc(C(F)(F)F)cc1Br,C19H12BrF6N3O,41
CCCCCCOC(=O)C1=CCCCC(=O)N(CCCC(C)=O)C(=O)c2cccc(c2)[N+]1=O,C25H33N2O6+,66
Fc1cccc(N(CCc2ccc(-c3ccccc3)cc2)CCc2ccc(C(F)(F)F)cc2)c1,C29H25F4N,59
COc1ccc(NC(=O)Nc2ccc(-c3cccc(F)c3)cc2)cc1,C20H17FN2O2,42
O=C(c1cccc(Cl)c1)n1nnnc1-c1ccc(Cl)cc1,C14H8Cl2N4O,29
COC(=O)C1=CC=C1OCOc1ccc(Cl)cc1,C13H11ClO4,29
C=C(C)C=CC=C(c1cc(OC)ccc1C)n1c2nnc1s2,C17H17N3OS,39
CN1CCN(c2nnc(NC(=O)C3=CC=C3)s2)CC1,C12H15N5OS,34
CCN1CCc2ccc3cc2N=C1N(CC)C3=O,C14H17N3O,35
C=CCCCCN1CCC(=O)C(=C)C1=O,C12H17NO2,32
O=C(NC(=O)N1N=NC=CC=C1Br)c1ccccc1,C12H9BrN4O2,28
N=C(S)[s+]1c2ccc1cc2,C7H6NS2+,16
C=C1C=CC=C2Cn3c(ccc2c3=O)C(=O)NS1(=O)=O,C13H10N2O4S,30
CCSC(=O)N(CCOC(=O)C1OC2OC1C2OC)C(=O)OC,C13H19NO8S,38
NC(=O)C(=CC(=O)Nc1cccc(Cl)c1)Oc1cc2cc-2c1Cl,C16H10Cl2N2O3,33
CN(C)C(=O)N1Cc2ccccc2N=C1SC1=CC=C1,C15H15N3OS,35
COc1ccc(C=C2OC(=CC=C(F)Cl)COC(=O)c3ccc4c(c3)C2=C4)c(OC)c1,C24H18ClFO5,49
CCCCC1c2ccccc2CCC(C(C)=O)N1C(C)=O,C18H25NO2,45
COC(CSC)(OC)SC,C6H14O2S2,24
COP1(=O)N(CCCl)CCN1CCBr,C7H15BrClN2O2P,29
N#CC(=O)N1CCCCC1,C7H10N2O,20
O=c1[nH]c(=O)n(C(=NC2=CC=CC(Cl)=CC(Cl)=C2)c2ccc(F)cc2Cl)c(=O)[nH]1,C18H10Cl3FN4O3,38
COc1ccc(OCCCCCCOC(=O)C=Cc2c3cccc2-3)cc1OC,C23H26O5,54
COC(=O)C(=CC1=CC=C1[N+](=O)[O-])C(=O)OC,C10H9NO6,26
CCCCC(C1C(O)C1O)C(C)N(C)C(=O)C(=Cc1ccc(C)cc1)OC(=O)c1ccccc1,C28H35NO5,64
CN1C(=O)C2=NC(=O)N(CCCS2)C(=O)c2cccc(c2)C1=O,C15H13N3O4S,36
CCCCN1C(=O)c2ccc(s2)-c2c(ccc(OC)c2OC)C1=O,C18H19NO4S,43
CCN(C(=O)C(C)OC(=O)c1ccccc1C(C)=O)c1ccccc1,C20H21NO4,45
COc1ccccc1-c1nnc2cccc(-c3ccccc3)ccnc(N(C)C)n12,C24H23N5O,53
O=C(OC1CCCCC2(CCCCC2)C(=O)OC1=O)C1CCCCC1,C20H30O5,54
Cc1cc(OCCN(C(=O)c2ccccc2)C(=O)c2nc(-c3ccc(Cl)cc3)nn2C)ccc1[SH](=O)=O,C26H23ClN4O5S,60
CN(C)CCN(C(=O)Nc1cccc2cc(F)ccc12)c1ccc(Cl)cc1,C21H21ClFN3O,48
CN(C(=O)C1=C(Cl)C=C1Cl)C(=O)c1ccc(Cl)cc1C(=O)OC(C)(C)C,C18H16Cl3NO4,42
O=C(NC(=NN=c1cc1)NCCOc1ccc(Cl)cc1)Nc1ccccc1,C19H18ClN5O2,45
CCN(CCN1CC2=CC=C(OC)C2=C(c2ccc(C)cc2)C1=O)C(=O)NCc1ccccc1,C28H31N3O3,65
COc1cccc(C(=O)n2c(=O)[nH]c(=O)c3cc4ccc4scccc3c(=O)n(C)c2=O)c1,C23H17N3O6S,50
O=C1C(=CC=C[N+](=O)[O-])C(=O)N2CCCCN1CC2,C12H15N3O4,34
CCCN1CCN(C)S(=O)(=O)C(=CC=C(OC)C2=CC=C2F)C1=O,C16H21FN2O4S,45
CCOS(=O)(=O)N(C(=O)N1CCCC1)c1ccc([N+](=O)[O-])c(C=C2C=C2Cl)c1,C17H18ClN3O6S,46
C=CC1=C(NC(=O)Nc2nnc(NC(=O)C=Cc3ccccc3)s2)C=C1,C18H15N5O2S,41
O=C1NS(=O)(c2ccccc2)(c2ccccc2)n2nnnc2Sc2cc(Cl)ccc21,C20H14ClN5O2S2,44
CN(C)C(=O)N1C(=O)N2CCN(Cc3ccc(Cl)cc3Cl)C(Cl)=CC=C3C(=CC=C31)C2,C22H21Cl3N4O2,52
C[N+](C)(C)c1ccc2c(c1)[N+]2=NCCC1CCCCC1,C17H27N3+2,47
CC(C)(C)C1CCCCCCCCCCC2=CC=C2C(=O)O1,C20H32O2,53
Cn1nc(-c2ccc(Cl)c3c2=CC=3)[nH]c1=O,C11H8ClN3O,23
CNC(=O)C(N)CC(NC(=O)N(C)C(=O)OC)C(N)=O,C10H19N5O5,37
CCCCCCCCCCN1C(=O)C2=CC(=O)C1C(C)C(C)OC2=O,C20H31NO4,53
CCOC(=O)C1=CC=C(C)C=CC=C1c1ccc(OC)cc1C(=O)OC,C21H22O5,48
CC(CN(CCc1ccccc1)c1nc2nn1-c1cccc(c1)C(=O)N2)N(C)C,C22H26N6O,54
CCCCCCN(C(=O)OC(=O)CN(C(=O)O)C(=O)OC)C(=O)N(C)C,C15H25N3O8,51
CN(CC1=CC2C=CC12)c1ccc(C(=O)N2CCN(C(=O)Nc3cccc(C(F)(F)F)c3)CC2)cc1,C27H27F3N4O2,63
CC1CCCN(S(=O)(=O)c2ccc(F)cc2)C1CC1CC1,C16H22FNO2S,41
COC(=O)C(=CC(=Cc1cccc2ccc(cc2C(=O)Oc2ccccc2)c(=O)o1)OC)C(=O)O,C26H20O9,55
CCN(CC)C(=O)CCCN1CCCN(C)c2nc3c(ccc-3c(-c3cccc(C(F)(F)F)c3)[nH]2)C1=O,C27H32F3N5O2,68
CCN(CCNc1nnc2c3ccc(c(N)n3)n12)c1ccc(C(F)(F)c2ccccc2)cc1,C24H23F2N7,56
COc1ccc(C(F)(F)c2ccccc2CCCCN2CC3C(O)CCCN3C2=O)cc1,C25H30F2N2O3,60
C=C1N=C(NCCC)SC2=CC=CC=CC=C12,C14H16N2S,32
O=c1nc2sc(=O)n1CCCCCCCCCCCCCCC2,C18H30N2O2S,53
CCCN1CCN(c2nnc3c(n2)C3)CC1,C11H17N5,33
CCCCC1CCCC(=O)N(CC(C)=O)C1=O,C13H21NO3,38
C=C(C)CCCN1CCCCCCCCN2C(=NCc3ccccc32)C1=O,C23H33N3O,60
COc1ccc(Sc2ccc(SC3=CC=C3)cc2C(N)=O)c(O)c1,C18H15NO3S2,39
CCCC(=O)N(CC1=CC(OC)=C(F)C1=C1c2cnc1[nH]2)C(C)C,C18H22FN3O2,45
COC(=O)C(Oc1ccccc1)C(=O)c1ccc2cc1-2,C16H12O4,32
C=CC=CN(C(=O)NC(=O)N(C)C(=O)Nc1nc2ccccc2s1)c1ccccc1,C21H19N5O3S,48
CCCCN(CCC1C(=O)OC(C)C(CC)N1C(=O)c1ccccc1)S(=O)(=O)c1ccc(C(F)(F)F)cc1,C27H33F3N2O5S,68
CN1CCN(Cc2cc3cc-3c2)CCCCN(S(=O)(=O)c2ccccc2)C1,C21H27N3O2S,54
COC(C)=CC=C1C(=O)N(CCC(C)C)C1=O,C13H19NO3,36
CCC(=O)C1=CCCCCCCCCCCCCCCCC1,C21H38O,60
COC(=O)c1ccc(C=CC=C(C)C=CC=C(C=C2C=C2OC)OC)cc1F,C23H23FO4,51
C=CC=CC(=CC=Cc1nc(N=C2N=C3N(C)C(c4ccccc4)=NN23)n(-c2cccc(OC)c2)n1)C(F)(F)F,C28H23F3N8O,63
COc1cccc(CCN2C(=O)OC(COC(=O)c3ccccc3)C2=O)c1,C20H19NO6,46
COC(C)C(OC(=O)C1=Cc2ccccc2C1=O)C1OC2C(C)OC21,C19H20O6,39
Nc1nnc(SC2=CC3=CC(=CC=C2)C=C3)s1,C12H9N3S2,26
CN1N=NN2c3ccc(cc3)CCN(CCCCN3CCCCC3)S(=O)(=O)c3ccc2c1c3,C24H32N6O2S,65
CC(Cl)CCN(C)CCCl,C7H15Cl2N,25
CN1CCCN2CCCN(CCC(=O)c3ccc(cc3)C1=O)C2=O,C18H23N3O3,47
CC1=CC=CCC2CCN3C(=O)N=C(N2)SC3=N1,C12H14N4OS,31
CCN(C)c1nnc(N(CC)N=NC2=CC2=CC2=CC=C2)s1,C15H18N6S,40
COc1cc([N+](=O)[O-])sc2cc(C(=O)N3CCC3)cc1-2,C13H12N2O4S,32
O=Ic1ccccc1,C6H5IO,13
O=C1CCCCN1CCN1CCCCSC2=Nc3nc(c(s3)S2)C1=O,C16H20N4O2S3,45
COc1ccc(C(=O)N(CCCc2ccccc2C)C(=O)C2=CC=C2)cc1,C23H23NO3,50
CCCCCc1nnc(N=CC2=CC=C2C(=O)OC)s1,C14H17N3O2S,37
CCN(C(C)=O)C(=O)c1ccccc1-c1nnc(CC(=O)C2=CC=C2OC)s1,C20H19N3O4S,47
CNC(=O)c1ccccc1OC1=C(S(=O)(=O)c2ccccc2Br)C(=O)N(C)C1=O,C19H15BrN2O6S,44
CC(=O)N1CCCN(C(=S)N2CCN(C)C2=O)C(=O)c2ccc(cc2Cl)OCC1,C19H23ClN4O4S,52
Cc1[nH]c(SCCN(C)S(C)(=O)=O)nc1-c1ccccc1,C14H19N3O2S2,39
NC(=O)C1=C2C(=CC=C2[N+](=O)[O-])S1,C7H4N2O3S,17
CC(O)C1CN2C(=O)C3=C(Br)SC(=NSCC2CO1)S3,C11H13BrN2O3S3,30
CCCC(C)N(C(=O)OC)C(=O)C1=CC=C1c1cccc(C(F)(F)F)c1,C19H20F3NO3,45
CN(C)CCC1CCN(C(=O)N(C)C(=O)c2c3[nH]c4ccc-3cc24)C1,C19H24N4O2,48
COc1cccc(C(=O)n2cnnc2N(CCc2ccccc2OC)c2ccccn2)c1,C24H23N5O3,55
CCNC(=O)c1c2cc-2nc1NC(N)=O,C9H10N4O2,25
C=CC1=C(c2ccc(Br)cc2F)CCCN2CC3CC2CN3S1(=O)=O,C18H20BrFN2O2S,44
CC(C)(C)C(C1CCCCC1)N1CCCCCC2=CC1=C2,C20H33N,52
C=C(CN(C)c1nnc2c(n1)N2C)[N+](=O)[O-],C8H10N6O2,26
O=C(Nc1ccccc1)N1CCc2ccc(C(F)(F)F)cc2C1=O,C17H13F3N2O2,37
NC(=O)N1C(=O)NC1=c1[nH]cc2c1=CC=C2Br,C10H7BrN4O2,22
O=C1NC=C2C=CC=C2OS(=O)(=O)c2cccc(c2)C(=O)N1c1ccc(Br)cc1,C20H13BrN2O5S,42
CCN(C(C)C)C12N=CN=C(C)N1N=C(Cl)S2,C10H16ClN5S,33
N=C(c1ccccc1)N1CCN(C(=O)c2ccc(Cl)cc2)C1=O,C17H14ClN3O2,37
O=[N+](C=CC=Cc1ccccc1)c1cc(Cl)ccc1Cl,C16H12Cl2NO+,32
CN(CC(=O)Nc1ccc(Cl)cc1)C(=O)C(Cn1c2ccc1c1cc(F)ccc12)NC(=O)NCc1ccccc1,C30H27ClFN5O3,66
C=C(C)CCCCN1CCCCCN2CCCN3CCCN(C3=O)C(C1)C2=O,C22H38N4O2,65
CC(C)(C)N1CCCN2C(=O)C1CC2Cc1cc(Cl)cc(Cl)c1,C18H24Cl2N2O,45
CCCCC1CC(=O)SCC(=O)N1C(=O)c1ccc(OC)cc1,C17H21NO4S,44
C=C(CCC(=O)N1CCN(CC)CC1)C1=CC(=O)N2CCN(CC2)C1=O,C19H28N4O3,54
CCCn1c(=O)c2ccc(C(=O)N(C)C)cc2c(=O)n(-c2cccc(OC)c2)c1=O,C22H23N3O5,53
C=Cc1ccccc1NC(=O)CN(C)C(=O)c1ccccc1C(F)(F)F,C19H17F3N2O2,43
COc1ccc2c(NC(=O)NN=C3SCCCN3C(=O)Nc3cccc(Cl)c3)ccc(OC)c2c1,C24H24ClN5O4S,59
CCN1CCCN2CCOC(=CC=Cc3ccc(c4cc(Cl)ccc34)S1(=O)=O)C2,C22H25ClN2O3S,54
O=C1C=CC=Cc2nnc(-c3ccc(Cl)c(F)c3)n2CCC(=O)N1,C16H12ClFN4O2,36
CCN1CCN(C(C=C(C)C(=O)N2CCN(c3ccccc3)CC2)=Cc2ccc(OC)cc2)C1=O,C28H34N4O3,69
Cc1nc2sc1c(=O)n2C(C)C,C8H10N2OS,22
N#CC1=CC=c2cccc(c2=CC2=CC=C2F)N(C(=O)NC(=O)Nc2ccccc2)C(=O)NC1,C25H18FN5O3,52
CC=C1C(=O)N(CCN2CCN(C)C2=O)CCCOC(=O)N2CCN(C1=O)C2=O,C18H25N5O6,54
CCCCCCC(CO)OC1C(O)C(OC(=O)c2ccc(C)cc2)C1OC(=O)c1ccc(OC)cc1,C28H36O8,67
N#Cc1ccccc1C(=NNC(=O)N1Cc2ccc([N+](=O)[O-])c(c2)C1=O)c1cccc2ccccc12,C27H17N5O4,52
Nc1n[nH]c(N)n1,C2H5N5,11
CC(C)(C)c1cc2ccc1-c1ccc(c(Cl)c1)S(=O)(=O)N1CCCCCN2CC1,C23H29ClN2O2S,58
CN1C2=NC(NC(=O)c3ccccc3)=NN(CC(=O)c3ccccc3)C1=N2,C19H16N6O2,43
CC(=O)N1CCN(C(=O)C(C)N(C)C(=O)C2=CC=C2F)c2nnc1s2,C15H16FN5O3S,40
CCCN(CC)c1nnc(-c2ccccc2C=Cc2cc(F)ccc2OC)s1,C22H24FN3OS,52
CN(C)CCN(c1ccc(Cl)cc1Cl)c1cccc2c3sc4nc(ccc1-3)CN4CCNC(=O)N2,C25H26Cl2N6OS,61
COc1cccc(C(=O)n2c3cccnnnc2c2cc(S(=O)(=O)c4ccccc4Cl)ccc23)c1,C25H17ClN4O4S,52
COC(=O)CN1C(=O)c2cccc(c2)C(c2cccc(C)c2)=NC1CCCC(C(=O)OC)c1ccccc1,C31H32N2O5,68
CCCNC(=O)c1ccccccccc1C(=O)Nc1ccccc1,C21H22N2O2,47
CCN(C)C(=O)N(Cc1ccc[nH]1)c1nc2ccccc2[nH]1,C16H19N5O,39
BrC1=CC=C(Nc2ccc(Br)cc2)C(C2=NN=C=N2)=CC=C1,C16H10Br2N4,32
Cc1[nH]c2c3ccc(OCCN4CCCC(O)C4C)c2c13,C17H22N2O2,40
COc1cccccc(S(=O)(=O)N2CCCC2)c2nnc(-c3cccc(F)c3)n2c1,C21H21FN4O3S,51
c1cc2c(C3CCCCCN(C4CCCN5CCCCC45)C3)cc1-2,C22H32N2,54
CCCCC1CN2CCCN(C(=O)c3ccc(c4cc(OC)cnc34)C(=O)N1C)C2=O,C23H28N4O4,59
CC(C)(C)N1C(=O)N2CCCC3CCCC(C3)C(C(F)(F)F)=NN=C21,C17H25F3N4O,49
CN(C)C1CN(S(=O)(=O)c2cc(F)cc(F)c2)Cc2ccccc2C=Cc2ccccc2N1,C25H25F2N3O2S,57
COC(=O)C=C(C(=O)OC(=O)N1C(=O)c2ccccc2C(=O)CCCC1C(=O)OC)C(=O)c1ccccc1,C27H23NO10,60
C=Cc1ccc(C#N)cc1Oc1cccc(S(=O)(=O)c2cccc3c2-c2cc(NS(=O)(=O)c4ccccc4)cc-3c2)c1,C33H22N2O5S2,64
O=C(Nc1ccccc1)c1ccccc1N1N=C1Nc1ccccc1,C20H16N4O,41
CCN(C(C)=O)C(=O)CCCCCC(C)C1=CC2=CC=C1C2=CC=CC(F)(F)F,C23H28F3NO2,57
CCCC1=CC1=Cc1ccc(C(=O)OCC)cc1C(=O)Oc1ccc(OCCOC(C)=O)cc1,C27H28O7,62
C=C1Sc2cc(Cl)ccc2C(=O)N(CC)C(=O)N(CCC)C1=O,C16H17ClN2O3S,40
C=C(CN1C(=O)C2CCCN3CCCCC1CN2C(=O)c1cc(Cl)ccc1C3=O)C(C)(C)C,C26H34ClN3O3,65
Cc1cccc2[nH]c(C(=O)N3CCCCC3C)c(C)c12,C17H22N2O,40
C=CC1=C(c2sc(-c3ccccc3)n[n+]2CCC)C=C1,C17H17N2S+,37
CCN1CCN(CCN(CC)S(=O)(=O)c2ccc(OC)c(C=C3C=C4C=C43)c2)C1=O,C22H27N3O4S,57
CN(C)C(=S)NC1=CC=Cc2ccc1c(=O)[nH]2,C12H13N3OS,30
O=c1[nH]c2nnc1C=CC=CC=CC=C2,C11H9N3O,24
CCC(CN(C)S(=O)(=O)c1ccc(OC)cc1OC)NC(=O)C1=CC1=Cc1cc(F)cc(Cl)c1,C24H26ClFN2O5S,59
CCNc1nc(N)nc(C(=O)N(C)CC)ccc(Br)c(-c2ccc(C(F)(F)OC)cc2)n1,C21H25BrF2N6O2,57
CC(C)(C)C(=O)OCCCCCc1cc2cc-2c1,C16H22O2,40
CCC(CC)CC1=NN=C2C=CC=C2S(=O)(=O)N1,C12H17N3O2S,35
CN(C)CCn1cc2c(cc1=O)C(=O)N2CC(=O)Nc1cccc(C(F)(F)F)c1,C19H19F3N4O3,48
CCCCCN1C(=O)N2CCCCNC(=O)N(CC)CCCN(C(=O)C3=NC1=N3)C2=O,C20H31N7O4,62
CNC(=O)c1ccccc2c(cc(Cl)c1)n1c3cnc1n2C(=O)N3,C16H12ClN5O2,36
Cc1cc(C(=O)NC(=O)c2ccccc2)nn1-c1ccccc1NS(=O)(=O)c1ccccc1,C24H20N4O4S,53
COC(=CC=CC(=CC=CC=C1C(=O)NC(=O)c2ccccc21)c1ccc(C(=O)O)cc1)C(=O)Oc1cccc([N+](=O)[O-])c1,C33H24N2O9,68
COc1ccc(C2=CC=CC(S(=O)(=O)N3CCCCC3)=C(c3ccc(Cl)cc3)N2C)cc1Cl,C25H26Cl2N2O3S,59
O=C(O)c1ccccc1C(=O)NS(=O)(=O)c1ccc(-c2ccccc2)cc1,C20H15NO5S,42
CC(=O)OC1CCCCCCCCCC1,C13H24O2,39
C=CC=C1CCCCCC(=O)NC(C2C(=O)N3CCN2c2nnc3s2)C1,C18H23N5O2S,47
CSCC(O)C(NC(N)=O)C(=O)N(C)C(C)=O,C9H17N3O4S,32
N=C(C=CC=Nc1cccc(Cl)c1)NC(=O)c1ccccc1Cl,C17H13Cl2N3O,36
CCC(CN(C)C)C(CC)C(=O)N(C)C1=C2NC(=O)c3c1ccc(C(F)(F)c1cccc(Cl)c1)c32,C27H30ClF2N3O2,62
O=C(NC(=O)C1=C(Oc2ccccc2)C=C1Cl)NS(=O)(=O)O,C12H9ClN2O6S,31
COc1cc2ccc1N(C1CCCCC1)S(=O)(=O)C(C(=O)N1CCCC1)=CC2=O,C21H26N2O5S,55
COc1ccc(C(C)(CCOS(=O)(=O)c2ccccc2OC)C(=O)OC(C)(C)C)c(OC)c1,C24H32O8S,65
COc1ccccc1C=C1N2CCC(CCc3cc4ccc3c(=O)n41)C2=O,C22H20N2O3,46
COCCN1CCN2CCN3CC(CN(C2=O)C3=O)NC1=O,C13H21N5O4,42
COC(=O)C1=CC=CC(=O)N(C(C)=O)CCCC(=O)CCCCC1,C18H25NO5,49
CCN(C(=O)c1cccc2ccccc12)c1ccc(NC(=O)N(C)C)cc1,C22H23N3O2,50
CCCCCCCC1C2C(=O)OC3OC(C=CC=C4C(=O)OC43)C1C(OC(=O)C(C)C)C2CCCC,C29H42O7,69
COc1ccc(C(=O)N(C)CCCCCCCCCCN2CCCC2=O)cc1,C23H36N2O3,64
CN1CCN2CC3NC(=O)N(C)C(c4ccccc4C=C(c4ccccc42)N(C)C1=O)C(O)C3O,C26H31N5O4,62
CCOC1C(OC(=O)c2ccc3cc2C(C(=O)N(CCC(C)C)C(=O)[O-])=C3)C(O)C2OC2C1OCC,C26H32NO9-,62
CCCCCOB(O)C(N(CC)C(C)=O)N1C(=O)c2ccc3nc1nc(C)c3c2,C20H27BN4O4,55
C#CNC(=O)c1ccccc1N(CC)P1(=O)OP(=O)(OC)O1,C12H14N2O6P2,36
COc1ccccc1-c1ccc(Cl)cc1N1C(=O)N(C(Cl)=CCl)C1=O,C17H11Cl3N2O3,36
CCC1CCCCCCCC(=O)OC(=O)C2=CC=C(OS2(=O)=O)C1=O,C17H22O7S,47
O=C(NC1CCCCC1N1CCCCC1)C(Cl)=CC1=CC=C1Cl,C18H24Cl2N2O,45
COc1ccc(Cl)cc1C=CC=CC(Cl)=CC(Br)=Cc1ccc(C)c(NC(N)=O)c1,C23H21BrCl2N2O2,51
Cc1ccc(-c2cccnc2N(C)C(=O)Nc2ccccc2)cc1,C20H19N3O,43
CN1CCN(S(=O)(=O)c2ccccc2[N+](=O)[O-])CC1,C11H15N3O4S,34
COC(=CC=C(C1=CC=CC(=O)N2CCCN(C1)C2=O)N1CCCN(C)C1=O)[N+](=O)c1ccccc1,C26H30N5O5+,66
CC(C)(C)C1=Cc2cc(ccc2C(=O)O)C1=O,C14H14O3,31
CCN1C(=O)C(C(=O)N(C)C(=O)N(C)CCSc2ccc(C(=O)O)cc2)N(C(=O)O)C1=O,C19H22N4O8S,53
CCN(C)C(=O)c1ccc(C(C)c2ccc(-c3ccc(OC)cc3)cc2)cc1,C25H27NO2,55
CC(=O)NC(=O)C1=CC(C(=O)O)=C1,C8H7NO4,20
O=C1c2csc(n2)N1CCCCCC1CCCC1,C14H20N2OS,38
CC(=O)NC(=O)C1=NC(c2ccccc2-c2cccc(F)c2)=CC=C(Cl)C=C1,C22H16ClFN2O2,44
O=C(O)c1cccc(C=Cc2ccc(Br)cc2)c1,C15H11BrO2,29
CC[N+]1=C2C=CC=CC(=CC=C2)N(c2ccccc2)C(=O)NCCC1,C21H24N3O+,49
N#Cc1ccccc1C(N)=O,C8H6N2O,17
CNN=C(C(=O)O)c1ccccc1-c1nnc(-c2ccccc2)[nH]1,C17H15N5O2,38
CC(=O)NC(=O)c1ccccc1-c1nsc2nnc(s2)n1-c1ccc(Cl)cc1Cl,C18H11Cl2N5O2S2,40
CC12CCc3ccc4oc(=O)c-4ccc3C(CC1)CC2,C18H20O2,40
CC(C)(C)C(=O)OC(=O)OC1CC(=O)OC1CCC1CCC1,C16H24O6,44
Nc1cc2ccc1cc2,C8H7N,16
CCCCCCCN1C(=O)C=C(c2cc(OC)ccc2C(=O)N2CCCCC2)C1=O,C24H32N2O4,62
CNC(=O)C1=CC=CC(=O)N2CCN(C1)C2=O,C11H13N3O3,30
CCC(=O)N1CCNC(=O)c2cccc(c2)C(=O)Nc2ccc(cc2)C1,C20H21N3O3,47
O=C(NC1=NC=N1)c1ccccc1,C9H7N3O,20
Cc1cccc(C(=O)N2CCCSC2=NC#N)c1,C13H13N3OS,31
COC(=O)C1=CC=Cc2cccc3scc(c23)C(C(=O)O)=C1,C17H12O4S,34
CCCN(C(=O)c1cccc(S(=O)(=O)c2ccc(Cl)cc2)c1)C(=O)N(C)C,C19H21ClN2O4S,48
CCCCN(CCCCn1c2nc(nc1=O)S2)C(=O)C1=CC2=CC1=C2,C18H20N4O2S,45
CCn1c(=O)n(C(=O)N2CCN(S(=O)(=O)C3=CC(Cl)=C3)CC2)c2cc(-c3ccccc3)ccc21,C24H23ClN4O4S,57
CN(C(=O)c1ccccc1)C(=O)c1ccccc1NC(=O)CNC(=O)c1ccccc1,C24H21N3O4,52
O=C1N2CCCCC3C(C4=Cc5nc4nn51)C(O)C2N1CCN3CC1,C17H22N6O2,43
CC(=O)N(C)C(=O)C=Cc1ccc(C(=O)N(C)C(C)=O)cc1,C16H18N2O4,40
C=C1CCCCN(CC(C)(C)c2ccc(Cl)cc2)C1=O,C17H22ClNO,42
CCCCc1c(C(=O)N(C)CCC)[nH]c2c3cc-3cc12,C17H22N2O,41
CCCCN(CCc1ccc2cc1C1=CC=C12)C(=O)N(C)C,C19H24N2O,46
CCC(C)[Si](O)(OC(C)C)O[Si](C)(C)C,C10H26O3Si2,41
NS(=O)(=O)c1ccccc1N1Cc2cc(-c3ccccc3C(F)(F)F)ccc21,C20H15F3N2O2S,43
CC1CCN1S(=O)(=O)c1ccc(S(=O)(=O)N2CCCCCC2)c(Br)c1,C16H23BrN2O4S2,48
CCN(C(C)CN(C)S(=O)(=O)c1ccccc1)S(=O)(=O)c1ccc(OC)cc1,C19H26N2O5S2,54
C=CC(=Cc1ccccc1)C(=O)NC(=O)N(C(=O)c1cccs1)c1cccc(OC)c1,C24H20N2O4S,51
Cn1nnnc1C1=CC2=CC=CC=C1N1CCCCC3CCC(CCC1)N3C2=O,C22H28N6O,56
CCN(C)CCN1C(=O)C(=NN=C(N=C(N)N)c2ccccc2)c2ccccc2C1=O,C22H25N7O2,56
CCCCN1C(=O)C2=C(C(=O)OC)SCC2C1(C)C,C14H21NO3S,40
CC(C)(C)n1c(Sc2ccccn2)n[nH]c1=O,C11H14N4OS,30
CCCCCCCCCCCCC1CC2c3ccc(cc3)C(=O)N(C)C2C1O,C25H39NO2,63
O=C(N1CCN(CCCCOc2ccc3cc2-c2ccccc2-3)CC1)N1CC(O)C(O)C2OC21,C26H31N3O5,61
Cc1ccccc1C1=C(c2ccc(-c3ccc(Cl)cc3)s2)CNC1=O,C21H16ClNOS,41
Cc1nc1=NC(=Nc1ccccc1Br)N(C)C(C)C,C14H17BrN4,35
CCNC(=O)C1=CC(NC(C)=O)=C1,C9H12N2O2,25
CCNC(=O)N(C)C(C)=O,C6H12N2O2,22
CCCN1Cc2sc1nc2C(=O)N1CCCCC1,C13H19N3OS,37
CC(=O)C(=O)CCCCCCCCCCCCC[N+](=O)[O-],C16H29NO4,50
CCCC1CCN(C(=O)c2cc(-c3ccccc3)cc(C(F)(F)F)c2)CC1,C22H24F3NO,51
C=Cc1ccc(-c2nnc(NC(C)C(=O)Nc3ccccc3)[nH]2)cc1S(N)(=O)=O,C19H20N6O3S,47
CC(C)(C)c1ccc(OC2CCCCCCC2O)c(-c2nc3ccc2c2ccccc32)c1,C29H33NO2,63
C=C1C(F)=CC=C1NC(=O)c1ccc2sc(N)nc2c1,C14H10FN3OS,30
COC1C(OC(C)=O)C1OC(=O)c1cccc(C(=O)C2CCCCC2)c1,C20H24O6,47
O=C1C=CC=CC(C(F)(F)F)=CC=C1C(=O)NCCCOc1ccc2cc1-2,C20H16F3NO3,43
CCCCN(C(=O)NC(=O)OC(C)C)C(=O)OC(=O)OC(C)=O,C13H20N2O8,43
CCCCCCCN(C)C(=O)c1ccccc1-c1ccc2cc1n1c2=NC1,C23H27N3O,54
O=C(c1ccc2c(Br)c1-2)N1CCCCCCCC1CCCN1CCC1,C21H29BrN2O,53
CN(C)C(=O)NC(=O)NC(=O)NC(=O)C1=CC=CC=CC=C1Cl,C14H15ClN4O4,37
CNC(=O)c1cc2cc(c1NS(=O)(=O)c1ccccc1C(F)(F)F)N1CCN(C2)C1=O,C19H17F3N4O4S,48
CCN1CCC(CN2CCCN(CC)C2=O)CC1,C14H27N3O,44
O=C(NC(=O)N1C(=O)C2=CC=CSC1=N2)c1ccccc1,C14H9N3O3S,30
CN1CCN(S(=O)(=O)c2cccc(C(F)(F)F)c2)C(=O)N2C(=O)SCCC2C1,C16H18F3N3O4S2,46
CN1CCCN2CCN(CC1)C(=O)c1ccc3n1N=C32,C14H19N5O,39
CCCCN(CCC)C(=O)c1ccccc1C=C(c1ccccc1)c1ccccc1,C28H31NO,61
COC(=O)C(=CC=CC(=CC=Cc1ccc(C(=O)O)cc1)OCC(=O)O)C(=O)Oc1ccccc1,C26H22O9,57
CCSC(=NC1=CC=CC=C2C=C21)N(C)C(=O)c1ccc(OC)c(OC)c1,C21H22N2O3S,49
O=C(O)C=CC(=O)N(C(=O)c1cccs1)C(=O)c1ccccc1Cl,C16H10ClNO5S,34
O=C(Nc1ncn[nH]1)c1ccc(S(=O)(=O)NC2=CC(Cl)=CC=C(F)C=C2)cc1,C17H13ClFN5O3S,40
CCN1CCN(CCCc2ccc(F)c(Br)c2)C1=O,C14H18BrFN2O,37
CC(=O)N1CCN2CCN(C2=O)C2=NC=CN=C1S2,C11H13N5O2S,32
CCN1CCN(CCN2CCN(C3=Nc4ccc(C(F)(F)F)c3c4)c3ccccc32)CC1,C24H28F3N5,60
CC(C)(C)CN1C(=O)c2ncc([nH]2)C2=C3CC(CCCCN3S1(=O)=O)NC(=O)C1CN(CC(=O)N1)C2=O,C23H31N7O6S,65
CC(=O)OCCOC(=O)C=CC=C(Br)Br,C9H10Br2O4,25
Cc1ccccc1C(=O)Nc1nc2c(s1)C=C2,C13H10N2OS,27
O=C(Nc1ccccc1)Nc1ccc2ccc(NC3=CC=C(C(=O)O)CC3)cc2c1,C24H21N3O3,50
CN1C(=O)N(c2ccc(C(=O)Nc3cccc(F)c3)cc2)C(=O)N(C)C1CSc1ccccc1,C25H23FN4O3S,57
COC1=C(C(=O)N2CCCN(CC3CCC3)C2=O)C(Cl)=C1,C15H19ClN2O3,40
O=P1(O)OC2=CC=C2N1CCN1CCCCCC1,C12H19N2O3P,37
CC(C(O[Si](=O)c1ccc2c3ccc(cc3)c2c1)C1CCCCC1)[Si](C)(C)C,C24H32O2Si2,58
CCCOC(=O)CN1C(=O)c2ccc(OC)cc(C#N)ccnc21,C17H17N3O4,41
CN(C)C(=O)c1sc(N2CCN3CCN(CC3)C2=O)nc1-c1ccc(Cl)cc1,C19H22ClN5O2S,50
COP(=O)(OCCN1C(=O)NC2C(O)C(O)C3OC4C5C2N(CCN2CC(C(=O)Nc6c[nH]nc6NC2=O)N4C(=O)N35)C1=O)OP(=O)=O,C22H28N10O14P2,66
CCC1N(C(=O)c2ccc(Cl)cc2Cl)CCN1S(=O)(=O)c1ccc(=O)[nH]c1,C17H17Cl2N3O4S,43
CCCNC(=O)NCCNC(=O)NC(=O)NC(=O)N(C)C(=O)OCC,C13H24N6O6,49
CN(CC1CC1O)c1ncc(-c2cccc(Oc3ccccc3Cl)c2)s1,C20H19ClN2O2S,44
CN(C)C(=O)N(C)C(=O)n1c(=O)[nH]c2nc(Br)c(Br)c(=O)n21,C10H10Br2N6O4,32
CCNC(=O)N1CCN(S(=O)(=O)C2=CC=C2C=CC=C2C=C2)CC1C1CCCCC1,C23H31N3O3S,61
CCCN(C#N)CCCCCCC(C)NC(=O)c1cccc(C(F)(F)c2ccccc2)c1,C26H33F2N3O,64
COc1ccc(-c2cc3cn(c(=O)[nH]c(=O)n2C(N)=O)CCO3)s1,C14H14N4O5S,38
CN(CCN1CCCNC1=O)C(=O)C1=CC=C1C(F)(F)F,C13H16F3N3O2,37
CC(C)(C)OC(=O)C(CCCOP(=O)(O)OC(C)(C)C)C(=O)C1CCCCC1,C20H37O7P,65
COc1ccc(Br)nc1N1C(=O)OC(C)C1CC1NC(=O)NC1=O,C14H15BrN4O5,36
CCN1CCN(C(=O)c2ccc(C3=CC(Cl)=CC3=CC=COC)cc2)CC1,C22H25ClN2O2,52
C=C1C(Br)=CC=C1N1C(=O)N(C)C(=O)C1C(C(=O)O)c1ccccc1OC,C19H17BrN2O5,42
CCCCCOc1cc2ccc1cc1cc-1c(=O)n(CCCC)c2=O,C21H25NO3,50
COc1ccc2cc1C(=O)N1CCCN(CCCCN3CC2N(c2ccc(Cl)cc2F)C3=O)C1=O,C25H26ClFN4O4,61
CC1(C)CCCCCCCC=C(C(F)(F)F)C1=O,C14H21F3O,39
O=C1C2=CSC3=NC(=NC=C2)C(CCCCCC2CCCC2)N13,C18H23N3OS,45
COC(=O)C(CN(C)C)NC(=O)c1ccc2cc1CN(C1=C3C=CC1=C3)C(=O)N2,C21H22N4O4,50
C=CC=c1sc(=NC(=O)c2ccccc2)n(C(=O)C=CC=COC)c(C(=O)OC)cc2cc1ccc2CC,C30H28N2O5S,66
CN1CCCCN(C(=O)c2cccc(C(F)(F)F)c2)CCC=CC1=O,C18H21F3N2O2,46
Cc1ccc(N=C(c2ccc(Cl)cc2)c2cccc(Cl)c2)cc1CCN1CCOCC1,C26H26Cl2N2O,57
CCCCCCCCCCN1C(=O)N(C(=O)C=C2C=C2)C2CCCCC21,C22H34N2O2,58
CCOC(F)(F)c1ccc2c(c1)C(=O)N(CC1(C(=O)OC)CCCC13CCCOC3=O)S2(=O)=O,C22H25F2NO8S,59
C=CCC(=O)N(CCCCN1CCCC1=O)C(=O)c1ccc(C(=O)OC)c2ccccc12,C25H28N2O5,60
CC(C)(C)OC(=O)C1CC=CCCCCCCCCCC1,C19H34O2,55
CCCCCCn1c(=O)n2c(nc3ccc1cc3C(=O)c1ccc(OC)cc1)CC2,C24H27N3O3,57
COc1ccc2c(c1)C1=CC=C1OP1(=O)OCCN(CCO1)C2,C16H18NO5P,41
CCN1CCN2C(=O)N(C)C(=Nc3ccc1c1ccc(F)cc31)N(C)C2=O,C19H20FN5O2,47
CS(=O)(=O)NC(=O)C=Cc1ccc([N+](=O)[O-])cc1,C10H10N2O5S,28
CN(C)CCN1CCn2c(=O)c3ccc2c(c3)N(C)C(=O)C2=CC=C2S1(=O)=O,C19H22N4O4S,50
CCN(CC(N)C(=O)OC)C1=NC(c2cc(Cl)ccc2Cl)=C1,C15H17Cl2N3O2,38
COc1cccc(NC(=O)C(=CC=C2N(C)CCn3c4nnc3N2N4)c2cccc(Cl)c2)c1,C23H22ClN7O2,55
CN(C)C(=O)N1Cc2cnc1c1c2=CC=1,C11H11N3O,26
CCOc1ccc(C=CC(Cl)=CC=C2C=C2N(C)C(=NC#N)OC)cc1,C20H20ClN3O2,46
CCN1CCN(C(=O)c2cccc3ccc(C(F)(F)c4cc(C#N)ccc4OC)cc23)C1=O,C25H21F2N3O3,54
O=C(NC1=NNc2ccc(cc2)C(=O)N2CCN(CC2)C1)c1ccc(C(F)(F)F)cc1,C21H20F3N5O2,51
COc1ccccc1-n1nc(C=CC(=O)Nc2ccccc2)[nH]c1=O,C18H16N4O3,41
Cc1ccc(OC2CCN3CCCCCCC23)cc1,C17H25NO,42
CCCn1c(=O)oc2cc([N+](=O)[O-])ccc2c1=O,C11H10N2O5,28
CCN1CCOC(=O)c2ccc(c(-c3cc(Cl)c(Cl)c(Cl)c3)c2)C1=O,C18H14Cl3NO3,39
C#Cc1ccc(OC)cc1OCCOC(=O)C1C(CC)NC(=O)CN1C(=O)c1ccccc1,C25H26N2O6,57
CCN(CC)C(=O)c1ccc(C(=O)N2CCCCC3=C4C(=CN=C42)C=C3)cc1,C23H25N3O2,53
Cc1nccccnc(NC(=O)c2ccccc2)s1,C14H13N3OS,32
C=CC(=CC(=C)OC)C(=O)OC1C(CC)OC2OC1C2O,C15H20O6,36
CCOC(=O)NC(=O)OCCOC(=O)NCCN(C)C(=O)N(C)C,C13H24N4O7,48
CCN(C)C(=O)c1ccc(Cl)cc1C=Cc1ccc(C(=O)N(C)C(C)=O)c(-c2ccccc2)c1,C28H27ClN2O3,61
C=CC=C(C=C1C(=O)N2CCN1C2=O)OC,C11H12N2O3,28
CC(C)(C)CCN1CCN2c3nnc([nH]3)SC1=Nc1ccccc3c1ccc1c2ccc13,C25H26N6S,57
CCCC(=O)N(CCC)C(=O)C1=CC=C2C=C2C=C1,C16H19NO2,38
CCOC(=O)c1ccccc1-c1[nH]c(C(=O)N(C)C)c2cccc-2c1OC,C21H22N2O4,48
CN1CCSC2=CC=CC(=C(F)C([N+](=O)[O-])=C2)C1=O,C12H11FN2O3S,30
CCCN1C(=O)C(CCCC(C)N(C)C(=O)c2ccccc2)=C(C(=O)OC)C1=O,C22H28N2O5,56
C=CC=Cc1cc(OC)ccc1N(C)S(=O)(=O)N(C)C(=O)c1cc(Cl)ccn1,C19H20ClN3O4S,48
C=CC1=C(OC)C(C(=O)NC(=O)c2ccccc2)=C1,C15H13NO3,32
CCC(CCCCC(C)C)OC(=O)C1=CC(C(=O)OC2C3OC(CCCC(C)C)C2O3)=C1,C26H40O6,67
CN(C)C1=NC(=CC=C2C=CC=C(Cl)C=C2)S1,C13H13ClN2S,30
CC1Cn2nc(c3ccccc32)N1C(=O)c1ccccc1,C17H15N3O,35
CC(=O)Nc1nc(=O)[nH]c(=O)c2ccc(Br)cc12,C11H8BrN3O3,26
CCCN1CC(C)N2C3=CC=C(Br)C3=CC=C(F)N=C12,C15H17BrFN3,36
O=C1C2=CCCCCCCN1CCN(c1ccc(Cl)c([N+](=O)[O-])c1)C2=O,C18H20ClN3O4,46
CCCN(C)C(=O)C1OC2C3C1NC(=O)C1=CC(=O)N=C1N23,C14H16N4O4,34
COc1cc2c(CCN(C)Cc3ccccc3Br)c-2c1,C17H18BrNO,38
C=C(C1=Cc2cc1ccc2C(F)(F)F)N(C(=O)N1CCN(CC)CC1)C(C)(C)C,C22H28F3N3O,57
O=C(Nc1ccccc1)c1cc(Br)ccc1C=C1Nc2ccc1cn2,C20H14BrN3O,39
CCN(C)CCCN1C(=O)C2=CC=CC=CC(=C2)C1=O,C16H20N2O2,40
CCCN(CCOC(=O)O)C(=O)NCCN(C(=O)NC)C(=O)N(C)C,C14H27N5O6,52
CC(C=CC=CBr)=CC=C(Cl)C=C(Cl)C(=O)n1c2nnc1s2,C14H10BrCl2N3OS,32
Fc1ccc(C(F)(F)F)cc1-c1cc(C(F)(F)F)ccc1-c1cc2c3ccc4c5[nH]c(c1c1c(c35)C13NN=C(c1ccc(F)c(C(F)(F)F)c1F)N3)c24,C37H14F12N4,64
CCn1c2cc3nc(n(C)c1nn2)N3C,C9H12N6,27
C=CC1=CC=C(C(Cl)=CC=C(Cl)N=C(N)N(C)C2=NC2=CC=C2C=CC=C2)NC(=O)N1,C22H20Cl2N6O,51
C=CC=C(C1=NC(N)=N1)c1ccccc1,C12H11N3,26
CCN1C2=CC(Cl)=CN=C3N=C2N(CCN(C)S(=O)(=O)c2ccccc2Cl)C31C,C19H21Cl2N5O2S,50
COc1ccc(I)cc1C(=O)OC(=O)CN1C(=O)c2ccc(cc2)C2=Cc3cc1ccc32,C25H16INO5,48
CCN1CCCN2CCN(CC1)C(=O)c1cccc(=O)n1-c1nnc(s1)N(CC)C2=O,C20H27N7O3S,58
CCN1C(=O)N(CC(F)(F)F)C1=NC(=O)N1CCN(C)CC1,C12H18F3N5O2,40
O=C([O-])N1CCC=CC1=O,C6H6NO3-,16
CCCN(C)C(=O)N(c1cccc2c(=O)n3c(nc12)N(c1c(Cl)ccc(Cl)c1Cl)CCC3)C1CC1(C)C,C27H30Cl3N5O2,66
CCOC(=O)c1ccccc1C(C)N1CCN(CCN(CC)C(=O)c2ccc3cc2-3)c2ccc(o2)C1=O,C29H31N3O5,67
C=CN=c1nc(-c2ccccc2)n(C)c2nnc(s2)n1C,C14H14N6S,35
C=CC=C(OC)c1ccc([N+](=O)c2cccc(OC)c2)c(C(C)=O)c1,C20H20NO4+,45
C=C(C=C1C=C1)C(=O)N1CCCC(CCN(CCc2ccccc2)S(=O)(=O)c2ccccc2)C1,C28H32N2O3S,66
C1=C2C(=C1CCCCCCN1CCCC1Cc1ccccc1)Sc1nc2cs1,C24H28N2S2,56
CCNC(=O)C(=CC=C1C=C1)c1c(Cl)ccc2nc(N)[nH]c12,C16H15ClN4O,36
CC1=CC=C1N(C(=O)CN1CCCCC1)C(=O)N(C)c1nc2ccc(F)cc2s1,C21H23FN4O2S,52
CCN1CC(=O)c2c(c(C(C)=O)cc3cccc(CCC(=O)N(CC)C(C)=O)c23)C1=O,C24H26N2O5,57
O=C(CCNC(=O)c1ccc(F)cc1)NCC(=O)N(Cc1ccccc1)c1ccccc1,C25H24FN3O3,56
C=C1C(OCCCC(=O)NC(=O)NC(=O)c2ccccc2Br)=CC=C1C1=C2SC=CC=C1S2,C24H19BrN2O4S2,52
COc1ccc(OCCNC(=O)NC(=O)N(C2=CC=C3C=C(Cl)C=C32)C2=NS2)cc1,C20H17ClN4O4S,47
N=C1NC(=Nc2cccc(C(F)(F)F)c2)S1,C9H6F3N3S,22
CCCC1N=C2C=C(F)C1=NN2C(C)(C)C,C12H18FN3,33
CCC(=O)OC(C)CC,C7H14O2,23
C=C(C=C(SC)C(=O)N(C)C(=O)c1ccc(Br)cc1)S(=O)(=O)N(C)c1ccccc1,C21H21BrN2O4S2,51
CC(C)(C)CN1CCN(C(=O)NC2=CC(Cl)=C2)C1=O,C13H18ClN3O2,37
O=C(NC1=CC=C1F)N1CCN(S(=O)(=O)c2ccccc2)C2C(O)C2NC1=O,C17H17FN4O5S,42
O=C(Nc1ccccc1)c1ccscccc(Cl)c1,C15H12ClNOS,31
CCN(C(=O)c1ccccc1)C(=O)c1ccccc1C(=O)N(C)C(C)=O,C20H20N2O4,46
CCN(CC)C(=O)n1c(-c2cccc(C(F)(F)F)c2)nnc(-c2ccccc2)c1=O,C21H19F3N4O2,49
CC(C)CN(C)C(=O)C=C1C=CC(Cl)=C1,C12H16ClNO,31
CN1CCN(CCN2CCN(c3cc4ccc3OCO4)C2=O)CC1,C17H24N4O3,48
O=C(c1ccccc1)n1nc(C=C=C(Cl)C2=CC=C2)c(=O)n(-c2ccccc2)c1=O,C23H14ClN3O3,44
C1=CC2=C3C=CC=C(C2=C1)C3=NCCC[NH+]1CCCCC1,C19H23N2+,43
CCCCCCCCC(=O)O,C9H18O2,29
O=C1C2CCN1CCN2C(=O)CN1C(=O)CN(CCCCCC2CCCCC2)C1=O,C22H34N4O4,63
COc1ccc(C)c2ccc(c3ccccc13)N(C(=O)N(C)C)CCCC2,C23H28N2O2,55
CCCCN(CCC)C(=O)C1=CC=CC=C(c2nc3n4c(nnc24)N=3)C=C1,C20H22N6O,49
CCCCN(CC)C(=O)c1cc2ccc1=2,C13H17NO,32
CCOC(F)(C(F)(F)F)C(F)(C(F)(F)F)C(F)(F)C(F)(F)F,C8H5F13O,27
CCCCCC(=O)OC1C(CCCC)OC2C(OC(=O)c3ccc(OC)cc3C(=O)OCC)OC12,C26H36O9,66
CCN1C(=Cc2ccc(NC(=O)N(C)C)[nH]2)Sc2ccccc21,C17H20N4OS,43
COc1ccc(C(=O)n2c(=O)n3cccc(Cl)c(=O)c(=O)n(c2=O)CCCCCC3)cc1,C22H22ClN3O6,54
CC1=CN(C(=O)N2C(=O)NC(=O)c3ccc2c(F)c3F)C(C)C=C1,C16H13F2N3O3,37
CCCN1CCCCCCN2CCC3C4C1C3C42,C16H28N2,41
CCCCCCC1=NN=C1[S-],C8H13N2S-,24
CCCCN1CCCCCCCC(C(=O)OCC(=O)OC)=Cc2ccc(cc2)C1=O,C24H33NO5,63
CC(C)(C)N1CCN(C(=O)N=C=Nc2cccc3ccccc23)C1=O,C19H20N4O2,45
C=C1C=CC2=C3C=C(C=C(NC=CC=C3NC(=O)NC(C)C(=O)O)NS1(=O)=O)c1ccc2cc1,C24H22N4O5S,54
CCN1CCN(C(=O)C(C)C)C(=O)C(=Cc2ccccc2Sc2ccccc2OC)C1=O,C25H28N2O4S,59
COC(=O)CN(CC1CCCCCC1)C(=O)C=C1c2cccc(C(=O)OC)c21,C22H27NO5,55
CCOc1c(C=CC=COC)cccc1NC(=O)NC(=O)NC(=O)OC(F)(F)c1ccc2cc1-2,C23H21F2N3O6,55
C=CC=C(C(=O)c1cccc(Cl)c1)C(=O)n1c(=O)c2ccc1c(SCC)c2,C21H16ClNO3S,43
CCC1C(C)C(=O)NC(=O)N1C1=NC=C1C(C)(F)F,C12H15F2N3O2,32
O=C(C1=C2C=C1N1C(=O)N3CCN(CCCCN2C1=O)CC3)N1CCCC1,C19H25N5O3,52
CCN=[N+]=NC1=CC=CC=C(c2ccccc2)C=C1S(=O)(=O)c1ccccc1,C22H20N3O2S+,48
C=C(C(=O)Nc1cccc(Cl)c1)C(=CC=CC1=Cc2ccnc(c2)N1)S(=O)(=O)NC,C21H19ClN4O3S,49
CCC(=O)Nc1ccc2c(c1)S2,C9H9NOS,21
C=CC=C1N=C(N=C(N)c2cccc(C)c2)S1,C13H13N3S,30
CCC(C)CC(C)C1=NC2=NC1=CC=C(F)N(C(=O)c1ccc3cc1-3)C(C)CCN2CC,C26H33FN4O,64
COc1ccnc(NC(=O)N(C)C2=NC(c3ccccc3)=N2)c1,C16H15N5O2,38
O=C(NC1=NC=CC=CN1c1ccc([N+](=O)[O-])cc1)N1CC1,C14H13N5O3,35
CN(c1ccc(F)cc1)c1nnc(-c2cccc(C=CC=CSc3ccccc3)c2)[nH]1,C25H21FN4S,51
CCc1ccccc1N=C(N)N(CC)c1nnc(C2=CC=C2Cl)s1,C17H18ClN5S,42
Cc1cccc(N2c3ccc(S(=O)(=O)N(C)C)c(C(=O)N(C)C)c32)c1,C18H21N3O3S,46
CCC(=O)N(CC(C)C)C(=O)C1=CC=C1,C12H17NO2,32
CCCC(=O)Nc1cccc(Oc2ccc(C(=O)N3CCC3=O)c(OC)c2)c1,C21H22N2O5,50
CCCCN(CCCN1CCN(C(=O)c2cccc(F)c2)CC1)c1cc2ccc1o2,C24H30FN3O2,60
Cn1c(N=C(C=C2C=CNC2=O)C(=O)Nc2cccc(F)c2)ncnc1=NC#N,C18H13FN8O2,42
CCCCCCCN(CCC)CCN1C(=O)c2cc3nc1nc(n3)c2=Cc1cccc(OC)c1,C27H35N5O2,69
CC(C)(C)S(=O)(=O)N1CCCC2CCC(C2)C1=O,C13H23NO3S,40
CC12CCCCC(C(C)(C)C)(CCC1)C2=O,C15H26O,42
N#CC(=CC=CCl)C=C(F)CC1NC1=O,C10H8ClFN2O,22
CCN(CCN(C)c1nc(N)nc(N)n1)S(=O)(=O)c1ccccc1,C14H21N7O2S,45
C=C1C=C1N1CCN(Cc2ccccc2)C1=O,C14H14N2O,31
O=C1CCN1CCCCC1C(C2=CC=C2)N2CCCN1C2=O,C17H23N3O2,43
CCC(=CC=C(F)c1ccccc1)C=C(NC(=O)c1ccccc1)c1ccccc1NC(N)=O,C28H26FN3O2,60
CC1CCCC1(c1ccc2c(=O)[nH]c(=O)sc2c1)C(C)(C)C,C18H23NO2S,44
CC(C)CCCCN1COc2ccc(cc2)C1=O,C15H21NO2,39
CC(C)(C)OC(=O)c1ccccc1,C11H14O2,27
CN(C(=O)c1ccc(-c2ccccc2F)cn1)c1ccccc1,C19H15FN2O,38
C=CC=C(C=CC(Cl)=CCC1c2ccc(Cl)cc21)C(=O)Nc1ncnc(Oc2cccc(Cl)c2)n1,C26H19Cl3N4O2,54
CCC(=Nc1cccc(C(F)(F)F)c1)C1=C(C=C(S(=O)(=O)O)S(=O)(=O)c2ccccc2)C(=O)N(C)C1=CC=C(C)C,C28H27F3N2O6S2,68
CCN(CCN(C)C)C(=O)c1ccccc1C(=O)N1C(=O)c2csc1c2C(=O)OC,C21H23N3O5S,53
COc1ccc2c(N(C)C(=O)N(C)C)ccc1s[nH]c1coc3cc2ccccccc13,C25H25N3O3S,56
CSCCOC(=O)c1ccc2cccc(C(=O)N(C)C(=O)N3C4=CSC(=CC=C4)S3(=O)=O)c2c1,C23H20N2O6S3,54
CC(O)CN1CCN(C(=O)N2Cc3ccc2c2ccc-2o3)C(=O)N(C(C)C)CC1,C21H28N4O4,56
C=CC1=Cc2cc3cc1c2N=C(Nc1ccccc1)N3CCN(C)C,C21H22N4,47
CN(C)CCN1C(=O)N2CCCN(CC2C2N3CCN2CC3)c2ccc1cc2,C21H32N6O,58
O=C(C(=Nc1ccccc1)N1CC(=CC=CCl)c2cccnc21)N1CCCCC1,C23H23ClN4O,52
COc1ccc(N2C(=O)CNC(=O)c3ccc(F)c(n3)C(=O)NC(=O)N(C)CCN(C)C2=O)cc1,C22H23FN6O6,58
FC(F)(F)C(F)(F)C(F)(F)OCCC(F)(F)C(F)(F)C(F)(F)C(F)(F)F,C9H4F16O,30
N#CC(=CC=C(Cl)C=Cc1ccccc1)Oc1cccc(Br)c1,C19H13BrClNO,36
CN(CCn1ccccc1=O)C(=O)c1ccccc1,C15H16N2O2,35
COc1ccc2c(C(=O)NCCCC(=O)N3CC(=O)N4CCCN(C4)C3=O)cccc2c1,C23H26N4O5,58
NC(=O)Nc1ccc(Cl)c(OC2=CC(=C(O)Cl)S2)c1,C11H8Cl2N2O3S,27
CCN(C)c1ncc2nc(C(F)(F)F)nc-2[nH]1,C9H10F3N5,26
COc1ccc(C(=O)N2CCCCC(=O)N3CCCC(CCC2=O)C3)cc1,C21H28N2O4,55
C=CC=C1C(N2CCCN(CCN(CC)S(=O)(=O)c3ccccc3)C2=O)=Nc2ccccc21,C25H28N4O3S,61
O=C(NC(=O)N1CCCCC1)C1C(C2CCCCC2)OC(=O)N1S(=O)(=O)c1cccc(Br)c1,C22H28BrN3O6S,58
COc1ccc(C(=O)NC(=O)N2CCCN(C(=O)N3CCC3)C2=O)c(OC)c1,C18H22N4O6,50
CC1=CP1C,C4H7P,12
CN(C)C(=O)OCCN(Cc1ccccc1)C1C(=O)NC1CN(C)c1ccccc1Nc1cc2c([nH]1)=CC=2,C29H34N6O3,68
CCCCCCCCC(=O)C(=O)CC1CCC1,C15H26O2,43
COC1=CC=CC(=O)N(S(=O)(=O)c2ccccc2Nc2cccc(C(=O)N(C)C)n2)c2cccc(OC)c21,C27H26N4O6S,64
Cc1cccc(C(=O)N(C#N)CC(=O)Nc2ccccc2-c2nncs2)c1,C19H15N5O2S,42
COc1ccc2sc(N(C(=O)c3ccc(OC)c(Cl)c3)C3CCCCOCC3)nc2c1,C23H25ClN2O4S,56
CC(C)CN(CCCCCCCN(C=O)N1C2=NC1=N2)C(=O)C(C)C,C18H31N5O2,56
CCN1CCC(OP(=O)(O)Oc2ccc(Cl)cc2)C1C(=O)N(C)C,C15H22ClN2O5P,44
CCCCCCCCCCCSCCCCCCC(=O)N1C(=O)OC2C3OC4OC(=O)C1C2OC43,C26H41NO7S,70
CCCN1C(=O)NC(=O)C2=CC(=CC(NC(=O)N(C)CC)=CC=C2)C1=O,C18H22N4O4,48
CN(C)c1ccc(-c2ccc(Br)cc2)c(N2CCCC2)c1,C18H21BrN2,42
CN(CCN1C(=O)N(C)C2=CC=CC=C1C=C2)C(=O)N(C)C(=O)c1ccc(Cl)cc1,C22H23ClN4O3,53
CCCC(=O)OC1C(CCC(C)(C)C)OC1C(C)OC(=O)CCCOC(=O)C1=CC=C1,C24H36O7,63
O=C(CCCC1CCOC(=O)C1)NC1C(=O)N2C(=O)N3C(=Nc4ccc(F)cc4)N=C3OC2C1O,C22H22FN5O7,54
CN(C)C(=O)c1csc2nc3ccc(cc3s1)n(C)c(=O)n2C,C15H16N4O2S2,39
C=C(Cl)C=CC(=CC(=C)Cl)c1cccc(NC(=O)O)c1,C15H13Cl2NO2,33
CCN(C(=O)c1ccccc1)C(=CC=CN(C)c1cc(F)ccc1F)c1ccccc1OC(C)C,C29H30F2N2O2,65
COC(=O)c1cccc(-c2cc(C)ccc2[N+](=O)[O-])c1,C15H13NO4,33
CCCC(C1NC1=O)C(NC(=O)NC(=O)c1ccccc1)C(C)=CC=CC=CC=CC=Cc1ccccc1,C32H35N3O3,69
CC(C)(C)CCC1CCCCCN2CCCN(C(=O)C3=CC=C31)C2=O,C21H32N2O2,57
c1ccc(N(c2ccccc2)c2ccccc2Sc2nnnn3nc-3s2)cc1,C20H14N6S2,42
COc1ccc2sc(N3CC4(CCCCC4)CC(O)C3=O)nc2c1,C18H22N2O3S,45
CN(C)S(=O)(=O)c1cc2ccc(ccs1)[nH]c(=O)n(C)c1ccc(Cl)cc21,C18H18ClN3O3S2,45
O=C(NC=NC1=CC(Cl)=C(Cl)C=CC(C(F)(F)F)=C1)c1ccccc1,C17H11Cl2F3N2O,35
COc1ccc(OC)c(C(=O)N2CCC(c3ccccc3)=C3C=CC(=O)N(C3)C(=O)C2)c1,C25H24N2O5,56
O=C1CCCN1CCCCN1CCN(C(=O)c2ccccc2)CC1,C19H27N3O2,51
CC(C)(C)CCN(CCC(C)(C)C)C(=O)c1ccc2c3c-2cccc13,C23H31NO,56
Cc1ccccc1C(=O)N1CCC2N=C(N=C(N)N)NC2C1,C15H20N6O,40
O=C1COc2ccc(-c3cc(Cl)ccc3Cl)c(c2)N2CCCN1CCC2,C20H20Cl2N2O2,46
COC(=O)C1=CC=C2C(=O)N(CCN3CCCCCN(CC3=O)C(=O)CCCCCCC1)C2=O,C25H35N3O6,69
C#CC(=O)c1ccc(C(=O)N2CCCCCCCC2)cc1,C18H21NO2,42
CC(=O)Nc1ccccc1N(C)c1ccccc1Nc1ccccc1,C21H21N3O,46
C=C1C=CC(C=C(C(=O)OC)C(=O)N(C)C(=O)c2ccc(OC)cc2)=C1,C20H19NO5,45
CCCCCCCCCCCCN1C(=O)c2ccc(C(=O)OCC)c(c2)C1=O,C23H33NO4,61
CCCC1CCC(=O)N2CCCC1N(C(=O)c1cccc3ccccc13)CC2,C24H30N2O2,56
CCN(C(=O)c1ccc(Br)cc1)c1nc(Nc2cccc(S(=O)(=O)NC)c2)cs1,C19H19BrN4O3S2,48
O=C(NCCOc1ccccc1)Nc1c2cccc1C(F)=CC=CC=C2,C21H19FN2O2,45
CCCN1CCN(C(=O)c2c3ncnc2C(c2ccc(OC)cc2)=N3)CC1,C20H23N5O2,50
CCCCCC1CCCCN1C(=O)C=C1C(=O)N(CC)c2nc(F)ccc21,C21H28FN3O2,55
CC(=O)C1=CC(=O)N(CCCCCCCCCCN2C(=O)CCCC2=O)C1=O,C21H30N2O5,58
FC(F)(C1=NC2=NN(CCN3CCCCC3)C(N3CCCCCCC3)=NC(=N1)N2)c1ccccc1,C25H34F2N8,68
COc1ccccc(C(=O)N2CCCCCNC2=O)c2ccc1-2,C18H20N2O3,43
CCN1C(=O)N2CCCCC2C1C(C)(C)CCc1csc(Cl)c1,C18H27ClN2OS,48
CCN1CC(C)N(C)C1=NC,C8H17N3,28
CC1=CC2=C(Cl)C=CC=C1CCCCN(C)C2,C15H20ClN,37
CN(C)C(O)C1CCCN(C(=O)c2cc(-c3ccccc3)n[nH]2)C1,C18H24N4O2,45
CN(C)C(=S)N(CC(=O)Nc1ccccc1)C(=O)c1cccs1,C16H17N3O2S2,40
C=CC#CC(=O)N1CCN(CCCN2CCCCC2)CC1,C17H27N3O,48
C=CC=C1C=C1NC(=O)Nc1ccc(Oc2ccccc2)cc1,C19H16N2O2,39
CC(C)N1C(=O)C(C(=O)OC(C)(C)C)=C(F)CCCCN2CCN(C2=O)C1=O,C19H28FN3O5,56
O=C1CCN2C(=O)N(C(=O)N1CCCC1CCCCCC1)C2=O,C16H23N3O4,46
CCCCCCCCCCCC1C2=CC=C3N=C(N=C2c2cccc(F)c2)N3C(=O)C1C,C27H34FN3O,64
C=C1C=Cc2cccc3c4nc(cc23)N(C)CCN(C)CCN4C1=O,C20H22N4O,47
CC(C)(C)CCN1CC2=C1S2,C9H15NS,26
BrC1=CC=c2[nH]c3nc2ccc3-c2cccc(c2)C=C1,C17H11BrN2,30
O=c1[nH]c2nnc(-c3ccccc3)n2nc2cccc1C=CC=C2,C18H13N5O,37
CCCCC(=O)c1cc2ccc1C(=O)C(=CC=C1C=CC=C1)CCN(C(=O)C(C)(C)C)C2=O,C28H31NO4,64
Clc1cc2c3ccc(Cl)c2cc1N=C(N1CCN(CCN2CCCCCC2)CC1)N=C3,C24H29Cl2N5,60
CC(C)(C)CCN1CCCN2CCN(C(=O)c3ccccc3C2=O)C1=O,C20H27N3O3,53
O=C1CCCCCCCCCCN2C(=O)CCCCC1CCC2=O,C20H33NO3,57
FC(F)(F)C(F)(F)C(F)(F)C(F)(C(F)(F)F)C(F)(F)I,C6F13I,20
CCCCCc1cc(C(=O)OC(C)=O)cc2sc(c3c(=O)c1C(C(=O)OC)=CC=3)=C2,C23H22O6S,52
CC(C)C(C)[NH+]1C(=O)NC2=Nc3cc(ccc32)C1=O,C14H16N3O2+,31
O=[N+]([O-])C(=CC=CC1=CC=C1)c1cc(O)ccc1S(=O)(=O)O,C14H11NO6S,33
COc1ccc(N(C)c2nccn2C(C)C)c(C(=O)N2CCC2)c1,C18H24N4O2,48
COC1=CC=C2NC(=O)C1=CC=C2N(C)C(=O)c1ccccc1,C18H16N2O3,39
CC(=O)NC1=CC=C2C=CC(=C1)C(=O)NCCN(C)C2=O,C15H17N3O3,38
Clc1c2ccnc1SC(N1CCC3CCC(CC3)C1)=N2,C15H18ClN3S,38
COc1ccc(-c2ccc3scccc2C(=O)OC3=O)cc1,C17H12O4S,34
CCN1CC2C(=O)N(CCCCC(NC(=O)c3ccccc3OC)C1=O)C(=O)N2c1ccccc1OC,C27H32N4O6,67
OC=CC=C1C=C1c1nnc(-c2ccccc2)[nH]1,C14H11N3O,29
COC(=O)COc1ccc(OC)cc1C(=O)c1ccc(OC)cc1,C18H18O6,42
O=[N+]([O-])c1ccc(S(=O)(=O)Nc2n[nH]c3nccn23)cc1,C10H8N6O4S,28
CCCc1cccc2cc(C(=O)C(C)N3CCCCC3=O)ccc12,C21H25NO2,48
C#CC(=C)C(=O)NC(=O)CCCCCCCCCC,C16H25NO2,44
COC1=CC(=CC=C(Cl)C=C2C=CC(=O)N(C)C2=O)C=C1,C16H14ClNO3,35
COC(=O)c1cccc(C(=O)OC2C3OC(C)C(=O)OC4C(OC(C)=O)C(OCC(C)C)OC2C4O3)c1,C25H30O12,58
CCN1CCCCCN(C2=Nc3ccccc32)C(=O)N(CCC=C(C)C)C1=O,C22H30N4O2,58
CCN1CCCN(CC)S(=O)(=O)c2ccc(F)c3c2=CC=C(F)c2cnc(nc21)C=CC=3,C23H24F2N4O2S,56
CN(CCC(N)=O)S(=O)(=O)c1cc(Br)cc(OCOc2cccc3ccccc23)c1,C21H21BrN2O5S,51
CCCCN(C)C(=O)c1ccc2nc3nc(sc4ccc(c2c4)C3=O)n(C(C)C)c1=O,C23H24N4O3S,55
CN(C)C(=O)Nc1nc2c(s1)=CC=C1NC(=O)NC(Cl)=C1C=2,C13H12ClN5O2S,34
CN1CCC2CN3CCN2C(=O)N(CC1)C3=NC1=CC=C2N=C2N1c1ccccc1N,C22H26N8O,56
CCN(CC(=O)OC)C(=O)c1ccc(C(=O)N2CCCCC2)cc1,C18H24N2O4,48
CC1=CC=CC(c2ccc(F)cc2NC(=O)CN(C(C)=NCc2ccccn2)C2=Nc3ccccc32)C1,C30H28FN5O,65
CCN(CCN1C(=O)c2csc1n2)C(=O)c1cc(OC)c(OC)cc1OC,C18H21N3O5S,48
COc1ccc(OC(=O)c2ccccc2C(=O)N2CC=C(Cl)C2NC(=O)c2ccc(Cl)cc2)cc1,C26H20Cl2N2O5,55
CN(CCCN(Cc1ccccc1)C1=CC=CC(c2cc(F)ccc2Cl)C1)S(=O)(=O)c1ccccc1,C29H30ClFN2O2S,66
C=C1C=CC(C(=O)N(CC)CCNC(=O)c2nn(C)c3nc(-c4ccccc4)nn23)=C1,C22H23N7O2,54
COC(=O)OC(=O)COC(=O)CC(=O)OC(=O)CC(C)(C)C,C13H18O9,40
COC(=O)NC(=O)C(=CI)C(=O)N1CCCC1,C10H13IN2O4,29
O=C1C2=CC(=C2)C(=O)N1CCCCC1CCCCC1,C16H21NO2,40
CN(C)S(=O)(=O)c1cccc(-c2nnc3n2-c2ccc(F)cccc(cc2)C2=CC(=C2)N3)c1,C24H20FN5O2S,53
COc1ccc(OC(C(=O)O)C(=O)Oc2ccccc2)cc1,C16H14O6,35
N#CC(=CC=C1OC1=CC=CC1=CC2C(=O)N2C(=O)NC1=O)c1cccs1,C19H11N3O4S,38
c1ccc(Cc2cc3ccc2-3)cc1,C13H10,23
CCCCCCCCCn1c2sc(c1=O)=Nc1cc(Br)c(F)cc1N=2,C18H21BrFN3OS,46
CCCN1C=CC=C2C=CC=C(C2=O)C(=O)N(CCC)C(=O)c2nc(sc2C(=O)OCC)C1=O,C24H25N3O6S,59
CCN(C1=NC(N(C)c2ncc[nH]2)=N1)c1ccccc1C(F)(F)F,C15H15F3N6,38
Cc1cccc(N2CCN(C(=O)c3ccccc3)C2=O)n1,C16H15N3O2,36
O=C1OC1c1ccc(-c2ccccc2)[nH]c1=O,C13H9NO3,25
CCCc1cccc(C(=O)OC2CCCCC2)n1,C15H21NO2,38
CCC(=O)N(CCN(CC)S(=O)(=O)c1ccc(Cl)cc1)c1nc2ccccc2s1,C20H22ClN3O3S2,51
CCCN(CC)c1ncc2cc(C(F)(F)F)ccc2n1,C14H16F3N3,36
CN(C)c1cccc(NC(=O)c2ccc(C(=Cc3n[nH]c(=O)[nH]3)Nc3ccccc3)cc2)c1,C25H24N6O2,55
COc1cccc(C(=O)Nc2ccccc2C(=O)C=Cc2ccccc2)c1,C23H19NO3,46
CN1CCN(C2=NC=CC(Cl)=C(C(F)(F)F)C(Cl)=CC=C(c3ccccc3Cl)S2)CC1,C21H19Cl3F3N3S,50
CCCN1CCCCc2cccccc(C(=O)c3ccccc3)c(cc2)C1=O,C25H27NO2,55
CCC1CCN(C#N)c2ccccc2C(=O)N1C(C)(C)C,C17H23N3O,43
C=Cc1ccc(-c2cc(F)cc(OC)c2)c(=O)n(C)c1=O,C16H14FNO3,35
COc1ccc(C(=O)N2CCCCCCC2)c(C(C)(C)SC2=NN2C(=O)C2=CC=C2C(F)(F)F)c1,C25H28F3N3O3S,63
COC(=O)C(=Cc1ccc(F)cc1-c1ccc(OC)cc1)C(=O)OC,C19H17FO5,42
CN1CCN(CCN2CCN(c3cnncc3Sc3ccccc3[N+](=O)[O-])C2=O)CC1,C20H25N7O3S,56
C=CC=CC(=C)C=C(Sc1nnc(-c2ccc(OC)cc2C)n1CC)c1ccccc1,C26H27N3OS,58
BrC1=CC=CC=CCC2=CC=C2c2cc(Br)ccc2NNC=C1,C19H16Br2N2,37
COc1ccccc1C(=O)C1=CC=C1C(=O)N(C)C(=O)c1cccc(C(=O)O)c1,C22H17NO6,46
Cn1c(=O)[nH]c(=O)n(-c2ccc(Cl)cc2)c1=O,C10H8ClN3O3,25
Cn1c(N2CCCN3CCN(CC3)CC2)nc2cc(Cl)ccc21,C17H24ClN5,47
C(C=Cc1nnn[nH]1)=CC1=CC=C1,C9H8N4,20
C#CCCCN1CCN2CCCN(CC2)C(=O)c2cc(Cl)ccc2C1=O,C20H24ClN3O2,50
O=C1COc2ccccc2C(=NS(=O)(=O)c2ccccc2F)C=CC2=CN1C2=O,C20H13FN2O5S,42
O=C1N=C(c2ccccc2)c2ccccc2N(C(=O)c2ccccc2)CCN1,C23H19N3O2,47
COc1ccc(F)c(-c2ccccc2C=CC=CC=CCn2c3nc(nc2=O)S3)c1,C23H18FN3O2S,48
O=C1NC1c1cc(I)ccc1I,C8H5I2NO,17
C=C(C=C1C=C1)c1c2nc(n(-c3cccc(C(F)(F)F)c3)c1=O)SC2,C18H11F3N2OS,36
COC1=CC2=CC=C1C2=CC=C1N(C)CCN1c1n[nH]c(=O)[nH]1,C16H17N5O2,40
CC(=Nc1nnc2n1c(N(C)C)nc1nccn12)C(C)O,C12H16N8O,36
C=C1C=Cc2ccc3cc(C(F)(F)F)ccc3c2N1CCCN(C)c1ccccc1,C25H23F3N2,53
CCN(c1nc2cc(Cl)ccc2n1C1=CC=C2C=CC=C(C=C1Cl)C2(F)F)C(C)C,C23H21Cl2F2N3,51
O=C(NC1=NC(=Nc2ccccc2)C=C1)c1ccccc1,C17H13N3O,34
C=C1C(C)=C1CCCN1CCC(C)(C(=O)OC)C(C)C1=O,C17H25NO3,45
COC1=CC=C(c2nn3c(-c4ccccc4)nnc3n2C)C(C(=O)N(C)C)=CC=C1,C22H22N6O2,52
O=C(Nc1ccc(C(F)(F)F)cc1)N1CCN2CCN(C2=O)C(=O)N2CCCN(C1=O)C2=O,C19H19F3N6O5,52
CC(C)(C)OC(=O)c1ccccc1CCCC1CC1,C17H24O2,43
CCNC(=O)c1ccccc1S(=O)(=O)Cn1c(=O)c2ccc1cc2C(=O)N(C)C,C20H21N3O5S,50
COc1ccc2c3ccc1c2ccc3OCCCCN1CCCCC1,C22H27NO2,52
COc1cccc(C2=NN=C(N3CCCCC3=O)Sc3cc2ccc3F)c1,C20H18FN3O2S,45
CC(Oc1ccccc1)N(C(=O)c1ccccc1N=C1N=C=NC=C1c1ccccc1)c1ccccc1,C31H24N4O2,60
FC(F)=CC=C1C=C(c2cc3cc(Br)ccc3[se]2)N2CCN1CC2,C18H15BrF2N2Se,39
O=C1OCCCN2C(=O)C1=CC=C(c1cc(F)ccc1Cl)C(=O)OC1COC2C(O)C1O,C21H19ClFNO8,47
Cc1ccc2c(c1)C=C(c1cccc(Cl)c1)N=C(c1ccccc1)c1nc-2n[nH]1,C24H17ClN4,45
COc1nc2nnc(CCCC3OC3C3OC3O)n2c(=O)[nH]1,C12H15N5O5,32
COc1ccc2c3ccc(c2c1)C(=O)NCCCCCC(=O)C(=O)OCN(C(C)C)S3(=O)=O,C23H28N2O7S,61
COC(=O)c1ccc(C(=O)C=C2CC[Se]CC2)c(OC)c1,C16H18O4Se,39
COc1cc2ccc1C(=O)c1ccc(OC)c(c1)C(=O)N1CCN(CC1)C2=O,C21H20N2O5,48
CCN1CCCN(C(=O)c2ccc(C)cc2)C1=Nc1ccc(F)cc1,C20H22FN3O,47
CN1CCCN(C2=C(c3cccc(Cl)c3)S2)C(=O)NC1=O,C14H14ClN3O2S,35
C1=CC(c2ccccc2)(c2ccccc2)n2c1nnc2Sc1nnn[nH]1,C18H13N7S,38
O=C(c1cccc(Cl)c1)C1c2nc([nH]c(=O)n2)N1C=Cc1ccccc1,C19H13ClN4O2,39
CC1=NN=c2c(-c3ccccc3)cnc3sc(n23)=N1,C13H9N5S,28
C=C(C)C=CC=CC=C(C=CC=CC1=CC=C(C)C=C(C#N)C=C1)[N+]#N,C23H22N3+,48
CC(=O)NN(C(=O)C=Cc1ccccc1)C(=O)c1ccc(C)cc1,C19H18N2O3,42
Cc1nc(NC(=O)C2=CC3=CC2=C3)sc1C(C)(C)C,C15H16N2OS,35
C=CC=c1c2c3nnc(C(C)NC(=O)c4ccccc4)n3c1=CC=2,C19H16N4O,39
COC(=O)c1ccc(C(=O)N2CCOC3=CC=C4C=C4C2=C3[N+](=O)[O-])c(OC)c1,C20H16N2O7,45
C=CC=C1CCN2C(=N1)N=C(N(C)C)N=C2c1ccccc1,C17H19N5,41
COC(F)(F)c1ccc(C(=O)N2CC3CCCN(C3=O)C2=O)cc1,C16H16F2N2O4,40
COc1cccc(C(=O)NC(=O)C=CC=C(C(=O)NC(=O)c2ccc(Cl)cc2)C2=CC=C2)c1,C25H19ClN2O5,52
COc1cc2c(C[S+]([O-])NC(=O)N(C)C)[nH]c3c2C=CC=CC=c13,C17H19N3O3S,42
O=C(c1cccc([N+](=O)[O-])c1)N1CCN2CCN(C2=O)C(=O)N(c2ccccc2C(F)(F)c2ccccc2)CC1,C28H25F2N5O5,65
COC(=O)NC(=O)COC(C)=O,C6H9NO5,21
CC(C)(C)C1NC(=O)N(C(=O)N(CCCC2=C3C=C32)C(=O)c2ccccc2)C1C(C)(C)C,C26H33N3O3,63
CCCCN1CCOC(=O)c2ccc(Br)cc2NC1=O,C14H17BrN2O3,36
C=CC=CC(=CC=C)C1=NC=CN(C)C(=O)N(Cc2ccc(Cl)cc2)CCN2C(=O)N(C)c3nnc(s3)SC2=N1,C27H27ClN8O2S2,67
CCCCCCCCCCCCCCCCS(=O)(=O)O,C16H34O3S,54
C=CC=C(CC1OC(OC)C(O)C2OC(Oc3cc(C(=O)OC)ccc3[N+](=O)[O-])C3OC2OC3C1O)C(=O)OC,C25H29NO14,60
O=C1C=CC=C2N=C3N4CCCN1CCN(CC4)c1ccc(cc1)N23,C19H21N5O,46
CN(C)C(=O)NCCN1CCOC2=C(C=CC=CC=C3C=C3c3ccc(cc3)S1(=O)=O)c1ccccc12,C29H29N3O4S,66
O=C(NCCCN1CNC(=O)N2CCCCN(C(=O)C2)C1=O)c1ccc2ccccc2c1,C23H27N5O4,59
CCN(C)C1=NC(c2ccccc2)=NC(Nc2cccc(F)c2)=NCC1c1ccccc1,C26H26FN5,58
CCCN(C)C1=NC2=CC=C(OC)C3=CC(=CCl)C(=N1)NC3=N2,C16H18ClN5O,40
O=C1Nc2ccc3c(c2)N=C3C=CC=C1[N+](=O)[O-],C12H7N3O3,25
CCN=C(NC#N)c1ccccc1,C10H11N3,23
CCCCCCC(=O)N1CCC(OC2C(C)C3OC2C(OC(C)=O)C3C(C)C)C(C)C1=O,C25H41NO6,64
CCCC(=O)N(C)C(=O)c1cccc2cc-2ccc1,C16H17NO2,36
CCCN1CCc2cc3cc(c2=CC(Cl)=CC=3)CCCN2CCN(CC2)C1=O,C23H30ClN3O,58
C=CC=C(c1ccc(Cl)c(Cl)c1)N(CCN(C)C(=O)NC)c1ccc(Cl)cc1,C21H22Cl3N3O,50
CCCOC(=O)C(O)C(O)C(O)C(O)C(O)C1OC(C(O)C(O)O)OC2OC(C(O)C2O)C1O,C18H32O16,52
CCCCCCCC1C=C2C=C2C(=O)C1C,C15H22O,36
O=C(Nc1cccc(Cl)c1)NC12SC3=CC=CC1=CC=C32,C16H11ClN2OS,32
O=C(O)C1=C2N=C(NC3=CC=CC1=CC=C3)N2Cc1ccccc1,C19H15N3O2,38
CN1CCCN2C(=O)NCCCN(CC1)C1=Cc3cc2ccc31,C18H24N4O,47
C=c1c2cc3c(C)cc(C(=O)N(C)C)cc3c1ccc2OC,C19H19NO2,41
O=C(O)C(F)(F)C(F)(C(F)(F)C(F)(F)F)C(F)(F)C(F)(F)C(F)(F)F,C8HF15O2,26
CCCCCOc1ccc(C(=O)C2=CC=C3C=C3C=C2Br)cc1OCC,C22H23BrO3,49
NC1=NC=CC(Br)=CC(Br)=CC=C2C3=NC2(N1)N3,C11H9Br2N5,25
CCC(C(N)C(N)=O)N(CCN(C)C(=O)N=C(N)N)[N+](=O)[O-],C10H22N8O4,42
CN(C)CCCn1c(=O)c2ccc3c4ccc(nc-3n(C)c1=O)=CC=C2C=4,C21H22N4O2,49
C=Cc1ccc(F)cc1OCC(O)C(Oc1ccc(C)cc1)N1CCCC1=O,C22H24FNO4,50
C=CC=C1N=C(CC)N=C1NC(=O)c1ccccc1,C15H15N3O,34
O=C1c2ccccc2-n2nc(Sc3ccccc3)n1c1ccc2cc1,C20H13N3OS,38
C=CC=C1CCSc2nnc(s2)N(C(=O)CCC)C1,C13H17N3OS2,36
O=C(c1ccccc1)n1ccnc[nH]c(=O)c2ccccc2c1=O,C18H13N3O3,37
CC1CN(C(=O)c2cccc3ccccc23)CCC1(C)C,C19H23NO,44
Cn1c(=O)n(NS(=O)(=O)C2=CC=CC=CC=C2F)c2ccccc21,C16H14FN3O3S,38
C=CC1=CC=CC=C=CC=Cc2ccccc2NC(=O)NC1=O,C19H16N2O2,39
CN(CCn1c2ccc1cc2)S(=O)(=O)c1ccccc1C=CC=CN,C19H21N3O2S,46
CC(C)N(C(=O)N(C)C)C(=O)N1c2ccc(C3=CS3)cc21,C15H17N3O2S,38
CN(C)CC1CCN(C(=O)C2=C(Cl)C=N2)CCCCN2CCN(CC2)C1,C19H32ClN5O,57
O=C(C=CC=Cc1nc2ccccc2s1)NC(=O)Oc1ccc(Br)cc1,C19H13BrN2O3S,39
O=C1c2ccc(Cl)cc2N1N=C1SC=CC=C2C=CC=CN1C(=O)N(c1ccccc1)S2(=O)=O,C23H15ClN4O4S2,49
COc1cccc(C2=CC(Cl)=C2)c1Sc1cccc(NC(=O)N(C)C)c1Cl,C20H18Cl2N2O2S,45
CCC[N+]([O-])(c1ccc(C)cc1)c1ccccc2cccc1-2,C20H21NO,43
CC1(C(=O)CCCc2nnc(-c3ccccc3)[nH]2)CC1,C16H19N3O,38
COc1ccc(C(=O)N2CCN3CC2CCCC=CC3=O)cc1,C18H22N2O3,45
COc1ccc2cc(C(=O)N(CCN(C)C)CC(=O)N3CCCCC3)cc(OC)c2c1,C24H33N3O4,64
CCN(CC)C(=O)Oc1c([N+](=O)[O-])ccc(Cl)c1Cl,C11H12Cl2N2O4,31
CN1C(=O)N(c2ccc(F)cc2)C1=NC=CC=C(c1ccc2cc1NC(=O)N2)C(F)(F)F,C21H15F4N5O2,47
COC1=CC(C(=O)N2C3C4CCCC(C)(C)C3C42)=CC=CC=C1F,C20H24FNO2,44
CCN(C1CCCCC(=O)OC1C)S(=O)(=O)C1=CC=C1F,C14H20FNO4S,39
CN1CCCN(CCC2=CC=C2Br)C(=O)NCC1=O,C13H18BrN3O2,37
CCCCCC(C)CCOC(=O)O,C10H20O3,33
CCOc1cscc1-c1ccc(-n2c(=O)n(C)c3cc(F)ccc32)cc1,C20H17FN2O2S,43
CN1CCN2CCNC(=O)C1=Nc1ccccc1NC2=O,C14H17N5O2,38
CCCN1C(=O)NC(=O)c2cccccc1ccc2,C15H16N2O2,35
COc1ccc2c(NCC(C)(C)C)nc(C(=O)N3CCC3)nc2c1,C18H24N4O2,48
CN1CCCN2C3=NC(=NC2=NC(C(C)(C)C)=C3)N=C1c1ccccc1Cl,C20H23ClN6,50
O=C1C2=CCC2CN1C1CCN(CCN2CCN(CCOc3cc4ccc3-4)CC2)CC1,C25H34N4O2,65
CCC(C)NC(=O)Oc1ccc(I)c(I)c1I,C11H12I3NO2,28
C=c1cc(CCC(C)n2c(=O)n(C)c(=O)n(C)c2=O)cc2c1=C2,C17H19N3O3,41
CN(C)C(=O)c1ccc(Cl)c(Sc2nc3ccccc3[nH]2)c1,C16H14ClN3OS,35
CCN(C1(C=C(SC)c2ccc(S(=O)(=O)c3ccccc3)s2)C=CC=CC1)S(=O)(=O)c1ccccc1,C27H27NO4S4,63
O=C(Nc1nc2ccnnc2[nH]1)Oc1cccc(O)c1,C12H9N5O3,28
C=CC=CC(C(=O)c1ccccc1)=C(NC(=O)c1ccccc1)Sc1ccc(C(=O)N(C)C(=O)c2ccccc2)cc1,C35H28N2O4S,70
CN(C)CCN(c1c#cccc1)c1ccccc1,C16H18N2,36
Cc1cc(Cl)cn1-c1nnc(NS(=O)(=O)c2ccccc2Cl)s1,C13H10Cl2N4O2S2,33
COC1=CC=C(S(C)(=O)=O)c2cc1ccc1c(ccc3c(=O)n(CC(C)C)c(=O)n2-3)N(C)C1,C24H27N3O5S,60
O=C1C2=CC=C2S(=O)(=O)N2CCN3CCCCN1CCCCN1CCC2C3C1=O,C20H28N4O4S,55
CN1CS1=O,C2H5NOS,10
S=C1N(CCCCN2CCCCC2)CC2CN1C2,C14H25N3S,43
COc1cccc2cc(OC)c(cc1C(F)(F)F)c(=O)n(C)c2=O,C16H14F3NO4,38
CC(NC(=O)c1ccccc2c[nH]c1-2)C1CCCCC1,C17H22N2O,39
CCC[N+]1(C)C(c2ccccc2)=N[N+](C)=C1N=Cc1ccc2cc1C=C2,C22H24N4+2,50
O=C(OC(CSc1ccc(C=Cc2ccccc2Br)cc1)C(=O)c1ccccc1)c1ccc(C=C2C=CC=C2Br)cc1,C36H26Br2O3S,67
CCN(C)c1nnc(C)n1-c1ccc2cccccc1-2,C16H18N4,38
C=CC=Cc1cc2oc(=O)c1cc2OC,C12H10O3,25
CCCC(=O)c1sc2nc1S2,C7H7NOS2,18
CCN(CC)CCn1c(=O)[nH]cnc2nc3ccc(cc3c1=O)N2,C16H20N6O2,43
CN1CCCCN(C(=O)c2ccccc2N2CCCCC2)CC1,C19H29N3O,52
CN1CCN(CCSC2=NC=CC=CC=C3C=CC=C(S2)C3=O)C(=O)c2ccccc2C1=O,C25H23N3O3S2,56
CCN(C(=O)O)c1nnc(C2=CC(S(=O)(=O)N(CC)CC)=C2)s1,C13H18N4O4S2,41
Cc1cccc(-c2ccccc2N(C)c2nnc(N3CCCC3)s2)c1,C20H22N4S,47
CCCCN1CCN(c2ncc3ccc4ccccc4c3n2)CC1,C20H24N4,48
CN(C)S(=O)(=O)c1cccc(Nc2ncccc(F)cc[nH]2)c1,C15H17FN4O2S,39
COc1ccc2c(c1)C1=Cc3ccc(c(=O)[nH]3)C=CC=C2C(=CC=CSC)C=C1,C25H21NO2S,49
CCN1CC1N1CCN(C(=O)COc2cc(C(F)(F)F)ccc2C#N)CC1,C18H21F3N4O2,48
CCCCCN1C(=O)C=CC2=CC3=CC=C(OC)C=C(CCCN(C3=O)C2=O)C1=O,C23H26N2O5,56
CCCCC(C)CC[Al](Cl)C(C)(C)C,C12H26AlCl,40
CSC(=O)N(C)C1C(=O)NC1CO[N+](=O)[O-],C7H11N3O5S,25
COc1ccccc1C(=O)NC1CCCCCCN2C(=O)N3c4nc2ncc4C(=O)N(C1)C(=O)C(O)C3C,C26H30N6O6,65
CCCC1CCN(C(=O)N2CCN(C(=O)c3c[nH]c(C)n3)CC2)CC1,C18H29N5O2,53
CCc1ccc(C(=O)O)c(-c2cc(F)ccc2-c2ccccc2)c1,C21H17FO2,41
COc1cc(Cl)ccc1C(=O)N1CCOC(=O)c2ccc(cc2)C(=O)N(C(=O)N2CCCCC2)CC1,C26H28ClN3O6,64
CCN1C(=O)C(=C(OC)Sc2ccccc2Cl)C(=O)N2CCC1CC2,C18H21ClN2O3S,45
O=S(=O)(Nc1ccc(C(F)(F)F)cc1Oc1ccc(Cl)c(Cl)c1)c1cc(Cl)cc(Cl)c1,C19H10Cl4F3NO3S,41
CC(=O)C1=C(C)C=C(c2ccc([N+](=O)[O-])cc2[N+](=O)[O-])NC(=O)CCOC(=O)CSCCC1=O,C21H21N3O9S,55
CCCCCCCCCCCC(CC[NH3+])OC(C)=O,C16H34NO2+,49
O=C1C2=CC=C1C(=O)N1CCCCCCN(CCC2)C1=O,C16H20N2O3,41
CC1C(C(=O)c2ccccc2)CC(=O)N1C(=O)c1cc(Cl)cc(C(Cl)=CC=CCl)c1,C23H18Cl3NO3,46
CSC(c1ccc(Cl)cc1)C1NS(=O)(=O)NC1C(=O)Nc1ccccc1,C17H18ClN3O3S2,41
C=C(C=Cc1ccc2c3ccc(cc13)CN(C#N)C(=O)NC2=O)C(F)(F)F,C19H12F3N3O2,38
NC(N)=NC(=CC=CC=CC=C1C=CC2=CC=C2C(=O)N1)c1ccc(Cl)cc1,C22H19ClN4O,47
CC=CC(=CC=C(Br)C=C(Sc1ccc(Br)cc1)c1ccccc1)CCNC(C)=O,C25H25Br2NOS,55
CCCCCCCCC(=O)N1CC2CCCN3C(=O)C=C(c4ccccc4)SCCC(C1=O)C23,C28H38N2O3S,69
CCCN1CCCc2ccccc3cc-3c(c2)OCC(C)(C)C1=O,C21H27NO2,51
Cc1ccccc1CN(CC(=NC=C1C2=CC=C21)c1ccccc1)C(C)C,C25H26N2,52
O=C1Nc2nnc([nH]2)N1C(=O)N(CC1=CC=Cc2ccc1c(=O)[nH]2)c1cccc(F)c1,C20H14FN7O3,45
CCCC1CCc2ccc(C)cc2C(=O)N2CCN(CCCN1C(=O)c1ccc(Cl)c(Cl)c1)CC2,C28H35Cl2N3O2,70
COC(=O)C(C)=CC=C1C=C1[N+](=O)[O-],C9H9NO4,23
CC(C)(C)C1C2C3CCCN2C(CCN2CCN1CC2)CN3C(=O)C1=C2C=C21,C23H34N4O,59
CCCCC(C)C(=O)OC1=CC=C(C(=O)c2ccccc2C(=O)OCC)C1=O,C22H24O6,52
Clc1ccc(C=Cc2sc3nc2CN3CCN2CCCCC2)cc1,C19H22ClN3S,46
CCCn1c(=O)[nH]c(=O)n(C)c(C(=O)N(CC)C(=O)Nc2ccccc2)ccc(OC)c1=O,C22H27N5O6,59
CN1C2=CCCCCCN3CCN(CC3)C(=O)c3nc1sc32,C16H22N4OS,44
CC1CCCCCCN2C(=O)N3C4=NS(=O)(=O)N(CCCC13)C2=N4,C15H23N5O3S,45
COc1ccc(F)cc1C(=O)N1CCN(CCCN(C)C(=S)N2CCCCC2)CC1,C22H33FN4O2S,63
CCCN(C(C)C)S(=O)(=O)c1ccc(Cl)s1,C10H16ClNO2S2,32
CCN(CCCC(=O)c1cc(OC)ccc1-c1cccc2cc(C)ccc12)P(=O)=O,C24H26NO4P,56
C=C(C1=Cc2cccc(c2)S1(=O)=O)c1ccccn1,C15H11NO2S,30
CC(C)(C)CCCN1CCCC(n2nc3n(c2=O)CC3(F)F)C1=O,C16H24F2N4O2,47
O=C(CCN1Cc2ccc(cc2)C1=O)Nc1ccccc1,C17H16N2O2,37
O=C(O)c1cc2cccc(c1)-c(=O)-c1ccccc1-o-2,C16H10O4,30
CC1=CC=C1c1cc(F)cc(C(=O)NC(=O)N(C)C(=O)CCN(C)C)c1,C19H22FN3O3,48
CC1(C)CCCCC1=NC1=C([N+](=O)[O-])C(F)=C1,C12H15FN2O2,32
CN(C)C(=O)C1=CNC(NC(=O)c2ccccc2)=NC(N(C)c2ccccc2)=N1,C21H22N6O2,50
CN(C)C(=O)CN1CCN=C=Nc2ccccc2C2=CC(=C2)S1(=O)=O,C17H18N4O3S,43
Cc1ccc(C2=NN=C=NC(=Nc3ccccc3F)S2)cc1,C16H11FN4S,33
CC(C)(C)CCCc1cccc(CN2CCCC2CCn2c3nnc2s3)c1,C22H32N4S,58
CCN(C(=O)n1cc2n(C(C)C)c(=O)c3sc1nc3-2)C(C)(C)C,C16H22N4O2S,45
CN(C)C(=O)NC(=O)Nc1ccc2cc1-c1cc(N(C)c3ccc(F)cc3)ccc1-2,C23H21FN4O2,51
CCCCN1CCc2ccc(C(=O)N(C)C)cc2-c2ccc(cc2)C1=O,C22H26N2O2,52
CCCN1CCN(C23C(CN4CCCC4)=CC=CN2c2nc4nc(n2)N43)C1=O,C19H24N8O,52
COC(=O)C(=CC=CC=CC=CC(=O)c1ccccc1)C(=O)Oc1ccccc1,C24H20O5,49
O=C(NC(=O)Sc1ccccc1)NC(=O)c1ccccc1,C15H12N2O3S,33
O=C1c2cc3ccc2N2CCN1CCN(CCN(C(=O)N1CCCCC1)C2=O)S3(=O)=O,C20H25N5O5S,56
CN(C(=O)N1CCCC(OC(=O)C2=CC=C2)C1=O)c1ccccc1C#N,C19H17N3O4,43
CN(C(=O)C#Cc1ccccc1)C(=O)C1CCCCC1(C)C,C19H23NO2,45
COC(=O)c1cc2c3cc(F)c(ccc1-2)S(=O)(=O)N(CCCCN(C)C)C3=O,C19H21FN2O5S,49
O=S(=O)(Nc1ccccc1)C1=CC=Cc2nc1ccc2Nc1ccccc1,C21H17N3O2S,44
O=S1(=O)C=CC(Nc2nc3ccccc3s2)=CC=CN1,C13H11N3O2S2,31
C=CC=c1cc(-c2ccccc2)c2nc1nn2N=C1NC(=O)c2ccccc21,C22H15N5O,43
CCOC(=O)SC1=C(C(=O)OC)C(=O)N(C(=O)OC)CCCCCS1,C15H21NO7S2,46
O=C1C(=CC2=C3CCCCCCCCCCCN(C2=O)C3=O)S(=O)(=O)N2CCCC12,C22H30N2O5S,59
CC(=Cc1ccccc1)C(=O)N1C(=Nc2ccccc2C)Sc2nnc1s2,C20H16N4OS2,43
O=C(NC(CCCCCN1CCCC1)C(=O)N1CCN2CC(O)C1C2=O)N1CCCC1,C22H37N5O4,65
CN1CCn2cc(cc(F)ccc(C#N)c2-c2ccccc2)C1=O,C19H16FN3O,40
CN1CC(=O)Nc2ccc([N+](=O)[O-])cc2NC1=O,C10H10N4O4,28
CCN1C(=O)N(CC)c2ccccc2C=C(C)NN=C1c1ccccc1C,C22H26N4O,52
CCOC(=O)C1=C(C(=O)Nc2cccc([N+](=O)[O-])c2)C=C1,C14H12N2O5,33
CN(C(=O)c1ccccc1)C(=O)c1cccccc2c(cc1)CCCS2,C22H21NO2S,47
CCN1CCN(CCNC(=O)c2ccc([N+](=O)[O-])cc2)C1=O,C14H18N4O4,40
Nc1ccc(S(=O)(=O)Nc2ccc(Oc3ccccc3)cc2)cc1,C18H16N2O3S,40
CCN1CCCCC(c2ccccc2)=CC=CC(=C2C=C2)c2ccccc2CC1=O,C28H29NO,59
CC(C)(C)C1CN(C(=O)c2cc(Cl)cc(Cl)c2)C1=O,C14H15Cl2NO2,34
CC1=C(c2ccccc2)C(=O)N(CCCCNc2ccc([N+](=O)[O-])cc2)C1=O,C21H21N3O4,49
O=c1n(CCC2CCCC2CCC2CCCCC2)c(=O)n2c(=O)n1c2=O,C19H27N3O4,53
CC1CNC(=N)N(c2ccc(C(F)(F)F)cc2)c2cccc(c2)S(=O)(=O)N1Cc1ccccc1,C24H23F3N4O2S,56
FC(F)(F)c1ccc(-c2n[nH]c(N=c3c(Nc4ncc[nH]4)ccccccccc3-c3ccccc3)n2)cc1,C29H22F3N7,59
CCC(CCN1C(=O)N2C3=NN=C1C=c1c2cccc1=C3)CN(C)CC,C20H25N5O,51
Cc1ccccc1CN(C)C(=O)C1CCN2CCN(C1)C(=O)N(c1cc3ccccc3o1)CC2,C27H32N4O3,65
C=CC1=CC(N(C)c2nnc(N(CC)C(=O)c3ccccc3)s2)=N1,C17H17N5OS,41
C=CC(C(=O)OCC(=O)NC(C)C(=O)Nc1ccccc1)=C1C=C1,C18H18N2O4,41
CCCN(CCCN1CCCc2ccccc2N(C)C1=O)C(=O)c1ccc(Cl)cc1,C24H30ClN3O2,60
O=C1OCCC=C1C(=O)N1CCCC(NC(=O)c2ccc(F)cc2)C1=O,C18H17FN2O5,42
O=C(c1ccc(Cl)c(C(F)(F)F)c1)n1c2cc([N+](=O)[O-])cc-2cccc1=O,C17H8ClF3N2O4,35
CCCN(C)C(=O)N(C)C(=O)C(Cl)=CC=CSC1=NN=C=N1,C13H16ClN5O2S,38
CCCN1CCN2CCN(CCN3CCN(C3=O)C1=NC=Cc1ccccc1Cl)C2=O,C22H29ClN6O2,60
COCC(F)CCCCC[Si](C)(C)C,C11H25FOSi,39
CCN1CCN(c2ccccc2)CCn2cc(C#N)n(c2=O)CC1,C18H23N5O,47
COc1ccc2cc(S(=O)(=O)NC(=O)NC(=O)CN3CCC3)ccc2c1,C17H19N3O5S,45
C=CC(=CO)S(=O)(=O)N(CC1C(c2ccc(F)cc2)NC(=O)N1C)c1ccccc1,C21H22FN3O4S,50
C=CC1=CC1=CC(=O)c1ccccc1C(=O)OC,C15H12O3,30
C=CN=C(I)NC(=O)Nc1ccc(I)c(I)c1I,C10H7I4N3O,25
CCN(CC)S(=O)(=O)c1ccc(OC)cc1NC1=Nc2sc(nc2OC(C)=O)S1,C17H20N4O5S3,49
CCS(=O)(=O)c1ccc(C(=O)O)cc1,C9H10O4S,24
N#Cc1ccccc1Nc1nnc(C2=CC(F)=C3C=CC=C23)[nH]1,C17H10FN5,32
O=C1NC(C(=O)N2CCCC2)C1N1CCN(Cc2cccc(F)c2)S1(=O)=O,C17H21FN4O4S,46
CCCC(=O)c1ccc(C)c(C(=O)c2cccc(C)c2C(=O)OC)c1,C21H22O4,47
NC(=O)C1=NNN=C(N=C(C=CC=Cc2ccccc2)Nc2ccccc2)N1,C20H19N7O,46
COc1ccccc1N(CCOc1cccc(F)c1)C(=O)C(=O)C(=O)c1cc2ccccc2c(=O)[nH]1,C27H21FN2O6,57
O=S(=O)(Oc1ccc(Cl)cc1)c1ccc(Cl)cc1,C12H8Cl2O3S,26
O=S(=O)(C=Cc1ccccc1)Oc1ccccc1,C14H12O3S,30
COc1ccccc1C(=O)NC(C)C(=O)NC1=NC(=CC=CC2=CC=C2)S1,C20H19N3O3S,45
Cc1ccc2cc(CCCN(C)C(=O)C3CC(C)O3)c(C)c-2cc1,C21H27NO2,49
CCN1CCC(=O)N(C(=O)c2cccc3ccc(OC)cc23)CCCCC(NC(C)=O)C1=O,C25H31N3O5,63
C=C1C=C(N=c2[nH]c(C)nn2CC(=O)Nc2ccccc2)C=CC=CC=C1Cl,C21H20ClN5O,47
C=CC=CC1=CCCN(C(=O)c2ccc(C(=O)N(C)C(C)=O)s2)C1=O,C18H18N2O4S,43
COC1=CC=C1C#CC(=O)NCCCCC1CCCN1C(=O)c1cccc(C2=CC(=O)N2C(C)C)c1,C29H33N3O4,68
CCOC(C=Cc1nc[nH]n1)=CCC(NC(=O)c1cccc2cc(Cl)ccc12)c1ccccc1,C27H25ClN4O2,57
COc1ccc(NC(=O)C2=CC(=CC=Cc3nnc(N(C)c4ccccc4)[nH]3)C=C2)cc1,C25H23N5O2,54
O=S1(=O)C2=CC3=CC=C(C(C(F)(F)F)=C2)c2nnc(n21)SCCCCCO3,C16H14F3N3O3S2,41
CCC(C)N(CC)C1=NC(=NC(C)=Cc2ccccc2)N1c1nnn[nH]1,C18H24N8,48
CC1C(=O)N(C(C)C)C(=O)N1CCCCCCCC1=Cc2ccccc2C2=CC2=C1,C26H32N2O2,62
O=C1N2CCN1C(=CC=CC(F)(F)F)C2,C9H9F3N2O,24
CN(C)C(=O)c1cc(Cl)ccc1C(=CC=CC=CC=Cc1ccccc1)c1ccccc1,C29H26ClNO,58
O=c1[nH]c2nnc(cccc1N1CCN(C3CCC3)CC1)s2,C15H19N5OS,41
COc1ccccc1-c1ccc(C(=O)Nc2ccccc2)cc2c(=O)n(C)c-2c1,C24H20N2O3,49
COC(=O)C1=CC=C2C(=O)OC3CCCCCCCCCCCCCC2C3O1,C23H34O5,59
CC(=O)N(C(C)=O)C(S)=Nc1ccccc1,C11H12N2O2S,28
CC(=O)CC1C=CC=C1,C8H10O,19
CC(C)N(C(=O)c1ccccc1F)C1=Cc2cccc1c2,C18H16FNO,37
CC(=O)N1CCCCN2CCC(=O)N(CCC3=CC3=Cc3cccc(c3)C1=O)S2(=O)=O,C22H25N3O5S,56
CCCCCCN1CCN(C(=O)c2ccc(CC)n3nc(nc3-c3ccc(Cl)c(Cl)c3)[nH]2)CC1,C25H32Cl2N6O,66
CCn1c(=O)c2ccc(OC)cccc(-c3cccc(OC)c3)cc2c(=O)n(CC)c1=S,C25H26N2O4S,58
CCN1CCN(C)C(=O)N2CCCCCN(C(=O)c3c[nH]c2n3)C1=O,C16H24N6O3,48
CCN1CCCN(C(=O)C2=CC(Cl)=CCC2)CC1,C14H21ClN2O,39
O=C(O)c1cccc(C2=CC=C=C2)c1[N+](=O)[O-],C12H7NO4,24
CCOC(=O)c1ccc2c(c1)C(=O)C(=C(C(=O)OC)C(=O)OC)C=C2C(=O)CCCC(C)(C)C,C26H30O8,64
CC(C)(CCCCCC1=C2C=CC=C2S1)CCC1CCN2C(=O)N1C2=O,C21H28N2O2S,53
CN(C)C(=O)N1CCCN2C(=O)C(=CBr)N=C21,C10H13BrN4O2,30
CN1CCN(C2=NC=CC=CS2)S(=O)(=O)c2ccccc2C(=O)NC1=O,C16H16N4O4S2,42
CC(=O)c1ccccc1C(=O)N(CCCCc1ccccc1)c1ccccc1,C25H25NO2,53
COC(=CC(=O)N(C(C)=O)c1ccccc1)c1cc(C(=O)Nc2ccc(Cl)cc2)nnc1C(=O)O,C24H19ClN4O6,54
COc1ccc(CC=Cc2ccccc2)cc1,C16H16O,33
COc1cc(N2CCCCCNC(=O)C2=O)cc2sc3[nH]c(SCC(=O)N(C)C)nc3c12,C21H25N5O4S2,56
COc1ccc(Sc2cc3cccc4c2ccc(NC(=O)N2C(=O)N(C)CC2C(=O)N2CCCC2)c34)cc1,C29H28N4O4S,66
CCC(NC(=O)c1ccc(OC)cc1)C(=O)Nc1cccnc1O,C17H19N3O4,42
CCCCCCc1ccccc1C1=C2C(=O)N(CC1)C2=O,C18H21NO2,42
C#CC(=O)N(C)CCNC(=O)c1ccccc1Br,C13H13BrN2O2,31
C=C(C=C1N=C1Sc1nc(=O)c2ccccc2c(=O)n1C)OC,C16H13N3O3S,36
CCCn1c(=O)c(C=CNc2cccc(OC)c2)cc2ccccc21,C21H22N2O2,46
CC(C)(C)C1=CC=C2NC(=O)C(CN3CCN(C1=O)C3=O)OC2=O,C16H19N3O5,42
C#CC(=O)N(CCn1c(=O)c2cnc1s2)C(C)(C)C,C13H15N3O2S,34
CN(CCNC(=O)NC1=CC1=CN=c1nc(N)[nH]c(=O)[nH]1)S(=O)(=O)c1ccccc1,C17H20N8O4S,50
C=CC1=CC(OCCN2CCN(C(=O)c3ccccc3)CC2)=C1,C19H22N2O2,45
O=C(C1CCn2c(=O)n(CCCC3CCCCCC3)c(=O)n1c2=O)N1CCCCC1,C22H34N4O4,64
CC1=C(C2C3CCN2C(=O)N2CCN3C2=O)CCCC(C)(C)S1,C17H25N3O2S,46
CON=C1C(=O)Nc2ccc(Br)cc2S(=O)(=O)N1Cc1ccc(Cl)cc1,C16H13BrClN3O4S,39
COC1=CC=C2C(=O)N3C(=O)NC(=NC1=CC=C2F)NC(=O)N1CCC3C1C,C18H18FN5O4,44
COc1cc(CCN2C(=O)CN(C(=O)c3ccc4cc3C4=O)C2=O)cc(OC)c1,C21H18N2O6,47
CN(C)CC1CN2CCN(CCN3CCCCC3)C(=O)C=CN1C2=O,C18H31N5O2,55
O=C(c1ccco1)N1CN2CCN3CCCN(C2=O)C(=O)N(CCCCCCN2CCN(C3=O)C2=O)C1=O,C24H31N7O7,69
O=C1N2CCCC(CC2)N1C1=CC=C1,C11H14N2O,28
CCC(=O)c1ccc(S(=O)(=O)N(C(C)C)C(C)(C)C)c2cc(C)ccc12,C21H29NO3S,54
C=C1C(=Cc2ccccc2OC)c2ccccc2S(=O)(=O)N1CCCCCC(=O)Nc1ccccc1,C29H30N2O4S,66
CC(C)(C)N1C(=O)N2CCCCCCN=C1NC2=O,C13H22N4O2,40
CCOC(=O)c1cccc(C2=CC=C2)c1CCCC(=O)OC(C)(C)C,C21H26O4,51
O=C(Oc1nnc(Sc2ccccc2)s1)C1=CC=C1,C13H8N2O2S2,27
CCCCCCCCCC(C(=O)OC(C(=O)OCCC)C1C2OC1O2)C(C)(C)C,C23H40O6,64
COC(=O)C(C(=O)O)=C(C(=O)OC)C(=O)Oc1ccc(C(=O)OC2C(O)C(C)OC3CCCCC32)cc1OC,C26H30O13,64
COC(Cl)=CC1=CC=C1OCC(=O)N1CCCN(C(=O)c2cc(Cl)ccc2OC)C1=O,C21H20Cl2N2O6,51
O=C1CCc2ccc(cc2)C(=O)N1,C10H9NO2,22
CCCN1CCC2=CC(C(F)(F)F)=CC2=CC=C(c2ncn(C)n2)C1=O,C18H19F3N4O,45
COc1cccc(C(=O)n2c(=O)c3c(c4ccccc42)C(=O)N2CCN(CC3)CCN3CCN(C2)C(=O)C3)c1,C29H31N5O5,70
CCC1(C2=CC(OC)=C2)N=C(C)SC23SC(=NN21)S3,C12H13N3OS3,32
COc1cccc(C(=O)N(CCCSc2nccc(=O)n2C(C)C)c2ccccc2C(F)(F)F)c1,C25H26F3N3O3S,61
COC(=O)c1cccc(C(F)(F)C(C)(C)C2C3OC(CC24CCCCC4)OC3OC(C)=O)c1,C25H32F2O6,61
O=c1c2csc3nnc(s3)n1CCCC2,C9H9N3OS2,24
c1ccc(-c2ccc(Sc3nnc(-c4ccccc4)s3)cc2)cc1,C20H14N2S2,38
CC(C)C(=O)OCCCC(=O)CC(C)(C)C,C13H24O3,40
C=C1C=C1CN(CC)C(=O)c1ccc(NC(=O)c2cc(Cl)ccc2Cl)cc1,C21H18Cl2N2O2,45
O=C(Nc1nc(-c2ccccc2)nn1-c1ccccc1-c1ccccc1)c1ccccc1,C27H20N4O,52
CN1CCON=C(c2ccccc2)n2cccc2C(=O)Nc2cccc(c2)C1=O,C22H20N4O3,49
CCNC(=O)Cn1c(S(=O)(=O)N2CCCCC2)ccc(C(C)=O)c1=O,C16H23N3O5S,48
CCN1CC(=Cc2ccc(OC)cc2)c2ccccc21,C18H19NO,39
CCCN(C)C(=NNC=CC=C(Cl)C=C1C2=CC1=C2)SC,C16H20ClN3S,40
CN(C)c1nc(N(C)C(=O)Nc2ccc3cc2-3)nc2ccccc12,C18H17N5O,41
CCCCCCCC(NC(=O)OC)C(=O)NC(CCC)C(=O)O,C16H30N2O5,51
CCCCN(C(=O)NC1=CC=CC2=CC(=C1)C(=O)N1CCN(CCO2)C(=O)C1C)C(CC)C(=O)O,C25H34N4O6,67
CN(C(=O)NC1=Cc2cc1ccc2Cl)C1CCN(c2ncc(-c3ccc(Cl)cc3)[nH]2)C1,C23H21Cl2N5O,50
O=C(Nc1ccncc1)c1cccc(F)c1,C12H9FN2O,25
CCOP1(=O)OC2C(=O)N(CCCCCCC3CCCCC3)C(=O)C2O1,C18H30NO6P,54
CSC(=NC(=CC1C=C(F)C=CC1)C(=O)c1cccc(Cl)c1)N(C)C(=O)c1ccccc1,C25H22ClFN2O2S,54
CN(C)C(=O)N1CCN(C(=O)c2ccccc2)C(=O)C=C2C=C21,C17H17N3O3,40
COC1=CC(OC)=C(Br)C(Br)=CC2=C1CN1CCN(C2=O)C1=O,C15H14Br2N2O4,37
COC(=O)CN(C=CC=CC=C(N=C1Sc2nnc(s2)S1)C1=CC=C1)C(=O)c1ccccc1Cl,C23H17ClN4O3S3,51
C=C(C)c1ccccc1SC(=Nc1ccc(Cl)cc1)N(C)C,C18H19ClN2S,41
CC(=O)Nc1cccc(NC(=O)N=C=Nc2ccc(Cl)cc2)c1,C16H13ClN4O2,36
CCCCCCC(=O)N(CC)C(=O)C1=c2sc(c3c2=C3)S1,C16H19NO2S2,40
O=C(OC1CCCN(CCN2CCCC2)C1=O)c1cnc(Cl)c(Cl)c1,C17H21Cl2N3O3,46
O=C(O)OC(F)(OC(F)(F)C(F)(F)F)OC(F)(C(F)(F)F)C(F)(F)F,C7HF13O5,26
C=CC1=CC=C1NC(=O)c1ccc(C(=O)N2CCN(C(=O)N(C)C)C2=O)cc1,C20H20N4O4,48
CCN1CCN2CCN(Cc3cc(OC)ccc3C3=C2S3)C1=O,C17H21N3O2S,44
CN(C)C(=O)c1cnc(N2CCCC2)s1,C10H15N3OS,30
CCN(C)C(COc1ccc(Cl)cc1Cl)C(=O)Nc1ccc2cc1C=C2C#N,C21H19Cl2N3O2,46
CC1=CC(C(=O)N2CCCCOCCC2)=C1,C13H19NO2,35
COc1ccc(C2=NC(=Cc3cccc(Cl)c3)C(CCN(C)C)=N2)cc1,C21H22ClN3O,48
CN1C(=O)CCCCCCCCc2ccc(-c3ccccc3)cc2C1=O,C23H27NO2,53
COc1ccc2cc1C=C(OC(F)(F)F)SC(NC(=O)c1ccccc1)=N2,C18H13F3N2O3S,40
CN(C)C(=O)CN(C(=O)c1ccccc1)c1ccccc1S(=O)(=O)Nc1ccccc1,C23H23N3O4S,54
COC1=CC=CC=C(N2CCN(c3nnc(N(C)C)s3)C2=O)C(Cl)=C1,C16H18ClN5O2S,43
O=C(O)C(=CC(=O)c1ccccc1)C(=O)O,C11H8O5,24
CCN1CCN(CCN2C(=O)SC2=NC2=CC=C2)C(=O)Nc2cccc(c2)S1(=O)=O,C19H21N5O4S2,51
CCCCCN1C(=O)NC(CC)Cn2c(SC3=CC=CC3=CC=C3C=CC=C3)nnc21,C24H29N5OS,59
O=C1CN2CCN1C(c1ccccc1)c1ccc(cc1)C=C1C=C1c1cccc(c1)S2(=O)=O,C27H22N2O3S,55
O=S(=O)(c1ccc(Cl)cc1)N(CC1CCN2CCCC1C2)c1nc2nc(n1)S2,C18H20ClN5O2S2,48
CN1CCN(CCN(C)C(=O)c2cc(C(F)(F)F)ccc2-c2ccncn2)CC1,C20H24F3N5O,53
CN1CCCCCCCCCN2C(=O)C=C(C1=O)C2=O,C15H22N2O3,42
C=CC=Cc1cc(C(=O)N2CCN(C)CC2)cn2c(-c3ccccc3)nnc12,C22H23N5O,51
COc1ccc(C=Cc2ccc(S(=O)(=O)NC(C)C(=O)N(C)C(=O)c3ccccc3)cc2)cc1,C26H26N2O5S,59
CCCCCN(C(=S)[S+]([O-])CCC)C(=NC)SC,C12H24N2OS3,42
CN(C)CCCN1C(=Cc2ccc(C(F)(F)F)cc2)c2c3nc1n2C3=O,C18H17F3N4O,43
O=C1N=C(SC(=CC=Cc2ccccc2)NC(=O)c2ccccc2)N1,C19H15N3O2S,39
O=C1N(Cc2ccc([N+](=O)[O-])cc2)C2CC(C2N2C(=O)c3ccccc32)N1c1ccccc1C(F)(F)F,C26H19F3N4O4,53
CN1C2=CC=CC3N4C(=O)N(c5ccccc5)C(=O)C3(C(=O)Nc3ccccc3)C(=N2)N=C14,C24H18N6O3,51
CCCCCCCCn1nc(-c2ncnc(N3CCCCC3)n2)c2cccnc21,C22H31N7,60
CC(C)(OC(=O)c1ccccc1C=C1C(=O)OC1=O)C(=O)O,C15H12O7,34
CN(CCN1C(=NN=C=S)NC(N)=NN=C1c1ccccc1Cl)S(=O)(=O)c1ccccc1,C19H19ClN8O2S2,50
CCCC1CN(CC#N)CCN1C(=O)c1ccc(-c2ccc(OC)cc2)cc1,C23H27N3O2,55
CN1CCN(C(=O)N2CCC(NC(=O)Nc3ccc(Cl)cc3Cl)C2)CC1,C17H23Cl2N5O2,48
CCCCC(C)C(C)C1CC2OC(=O)C#CC(=O)OC1C2O,C17H24O5,40
COc1cc(N=C2N(C)CC3CN2CCC2=CC=CC(F)=CC=C2NC(=O)N3)ccc1Cl,C23H25ClFN5O2,56
C=C1C=C(OC)c2ccc(c(Br)c2)C(=O)NC1=O,C13H10BrNO3,27
N#CN(C(=O)C(c1ccccc1)n1nnnc1C(F)(F)c1ccccc1)c1ccccc1,C23H16F2N6O,47
CN=C(C1=CC=C(F)C=CC=C1)N(C)C(=O)c1ccccc1,C18H17FN2O,39
COC1=CC2=CC=CC(=C1)C(=O)OCCCCCOC1OC3C(OC2=O)OC1C3O,C21H24O9,49
COc1cccc(CN2CCN(C3=C(c4ccccc4)C=C3)CCC2=O)c1,C23H24N2O2,51
CCC1C(N2CC2)C(NC(=O)c2ccc(OC)cc2OC)CN1C(=O)c1cccc(Cl)c1,C24H28ClN3O4,57
O=c1n(CCCCCCCCCCOc2ccc3c(c2Cl)C=C3)c(=O)n2c(=O)n1CCCC2,C25H32ClN3O4,65
O=C(c1ccc(C(=O)N2CCNC2=O)s1)N1CCN2CCCC2C1,C16H20N4O3S,44
CCCCCCCCN(CCC)S(=O)(=O)c1ccc2[nH]c3nc2c13,C18H27N3O2S,50
Nc1nc1=NNc1cccc(Nc2ccccc2C(=O)Nc2ccccc2)c1,C21H18N6O,45
O=C1Nc2cc3ccc2-c2ccc(cc2)NC(=O)C(CCO3)N1,C17H15N3O3,37
COC(=O)C(CCCCCCCC(C)C)NC(=O)[O-],C14H26NO4-,44
COC(C(=O)O)C(O)OP(=O)(O)O,C4H9O8P,20
COC(=O)c1ccc2c(c1)C(S(=O)(=O)N1CCCCCC1)=C2,C16H19NO4S,41
CN1C(=O)C=CC=Cc2cccc(c2)S(=O)(=O)N(CCNc2ccccc2)CC1=O,C22H23N3O4S,53
COc1ccc2c(c1)NC(=O)c1ccc(cc1)C(C)(CNC(=O)c1ccccc1)C(=O)NC(=O)N2,C26H24N4O5,57
COC1CCCN(C)C1C(=Nc1ccccc1)NC=CC=CC=Cc1ccc(Br)cc1,C26H30BrN3O,58
CC(C)(C)CCN1C(=O)c2c3cccc2C(c2ccc(C(=O)N4CCCCCCC4)cc2)(O3)C1=O,C29H34N2O4,69
CC(=O)C(OC(=O)C1=CC=C1C)C(C)(C)OC(=O)c1cccc(C(=O)[O-])c1,C20H19O7-,45
CN1CCCCOC(=O)N(C(=O)c2cccc(Br)c2)CN(S(=O)(=O)c2ccccc2)CC1,C22H26BrN3O5S,58
Nc1nc2nc(n1)N2CC=CC=Cc1ccccc1,C14H13N5,32
O=C1CCCCN1CCN1CCN(C(=O)c2ccc(-c3n[nH]c(=O)[nH]3)cc2)C1=O,C19H22N6O4,49
O=C(Nc1ccccc1)Nc1ccnc(NC(=O)c2ccc(Oc3ccccc3C(F)(F)F)cc2)n1,C25H18F3N5O3,54
CCN(C(=O)C=CC=CC(=O)N(C)c1ccc([N+](=O)[O-])c(Br)c1)c1ccccc1,C21H20BrN3O4,49
CCOC(=O)NC(CCOC(=O)OC)C(=O)NC(CCN1CCOC1=O)C(=O)OCC,C18H29N3O10,58
CCCN(CCCCCC1COC(=O)c2ccc1cc2)C(=O)OCC,C20H29NO4,54
CN(C)C(=O)OCCN(C(=O)c1ccccc1)C(=S)Sc1ccccc1C(=O)N(C)C,C22H25N3O4S2,56
CCC1(C(F)(F)C(F)(F)F)OS1(=O)=O,C5H5F5O3S,19
CN1CCCCCC(=O)c2cccc3cc(ccc23)S1(=O)=O,C17H19NO3S,41
CCCN(CCCCc1ccccc1)C(=O)C(CCC(=O)Nc1ccc(Cl)cc1)c1cccc(Cl)c1,C30H34Cl2N2O2,70
CN(C=Nc1ccccc1Cl)C(=O)c1ccccc1,C15H13ClN2O,32
CCCCCN1C(=O)N2CCCN(C(=O)c3ccccc3C2=O)C1=O,C18H21N3O4,46
CC1CCC(Br)(Br)C1,C6H10Br2,18
CCCCCCCN1C(=O)Nc2nc1c1cc3cc(F)ccc3nc1n2,C19H20FN5O,46
CCN1CCN(C(=O)c2cccc(C(=COC)C(=O)Nc3cccc(Cl)c3)c2)C1=O,C22H22ClN3O4,52
CC1(C)CN2C(=O)c3ccc(cc3)OCCCNC(=O)C3=CC=CC(=CC=C3C1=O)S2(=O)=O,C24H24N2O6S,57
CCCN1C(=CC=C(C)c2cccc3ccccc23)N=C1C,C20H22N2,44
CCCCN(C(=O)c1ccccc1C(C)=O)C(=O)C(C)(C)C(=O)OC,C19H25NO5,50
CSC(=CC=Cc1ccccc1)N=C(C)c1ccccc1,C19H19NS,40
CCC(CC)NC1=NC2=C3C=CCN(C3=O)C2=N1,C13H16N4O,34
CN1CCn2nc(c(=O)[nH]c2=O)C2=CC=C(C=CC=C2)C1Oc1cccc(Cl)c1,C21H19ClN4O3,46
CN(C(=O)c1ccc(F)cc1)C1=NC2=NC=C(c3ccc(N)cc3)C=C(N2)N1,C20H17FN6O,45
CCN1CC(O)CN(S(=O)(=O)c2ccccc2)c2ncccc21,C16H19N3O3S,41
COc1cc(C#N)ccc1OCCN1C(=O)N(C)C(C)C1C,C16H21N3O3,41
COc1ccc(C(=O)NC(=O)N2CCC(N(C(=O)c3cc(Cl)ccc3Cl)c3ccccc3)C2)cn1,C25H22Cl2N4O4,55
O=C(O)C(C=CC=CC=C(Cl)C=CC=CCl)=CC=c1sc2n[nH]c(=O)n2c1=O,C18H13Cl2N3O4S,40
COP(=O)(O)C(C)N(c1nnn[nH]1)c1ccccc1-c1ccc2ccc(-c3ccccc3)cc2c1,C26H24N5O3P,57
COc1ccc(Oc2ccc(Cl)cc2C(=O)N(c2ccccc2)C2CC2OC=NC#N)cc1,C25H20ClN3O4,51
COc1ccc2c(c1)c1c(C)nc(nc(Sc3ccc(F)cc3)n2C)C(=O)N(C)CCCCC1,C26H29FN4O2S,63
CCN(C)CCC1=N[N+](n2nc(-c3ccccc3)c3ccccc32)=N1,C19H21N6+,46
CN(C)CN1CCCC(N2CCN(C(=O)N=C(N)Sc3ccnc4ccccc34)CC2)C1,C23H33N7OS,65
CCOC(=O)c1c2ccc(OC)c1SCCS2,C12H14O3S2,31
CC1CCN2CC(=CN=C2NC(=O)c2cccc(Oc3ccc(C(F)(F)F)cc3)c2)C(=O)N1,C23H21F3N4O3,53
CC=CC(=CC)C(=O)N1CCCC1,C11H17NO,30
CC(=O)OCCCCN1C(=O)C2=CSc3ccc(-c4cccc([N+](=O)[O-])c4)c(c3)C=C2C1=O,C24H20N2O6S,53
CCCN1CCN(C(=O)OCC)CCSC(=O)N2CCN(C1=O)C2=O,C15H24N4O5S,49
CCOC(=O)CCC1OC1C1C(OC(=O)C2=CC=C2C)CCCCCCC1C(C)(C)C,C26H40O5,66
COc1ccc(C(=NC(=Nc2nc2=O)c2ccc(C)cc2)NC(=O)c2ccccc2)cc1,C25H20N4O3,52
CCCN(CCC(c1ccccc1)=c1nc2sc1=CS2)C(=O)N1CCN(CC)C(C)C1,C24H32N4OS2,62
C=CC=Cc1ccc2cc1C1=CC=CC=C3N=CN(CN(C)C(=O)C(C)NS2(=O)=O)C1=N3,C23H23N5O3S,54
CN(C(=O)NS(=O)(=O)c1ccccc1Br)C(=O)c1csc(-c2ccc(Br)cc2)n1,C18H13Br2N3O4S2,42
CC(=O)N1CCCCCN(S(=O)(=O)c2cc(F)ccc2Br)CC1,C15H20BrFN2O3S,43
CCCCN(CC(=O)OC)C(=O)c1ccc(OC)cc1,C15H21NO4,41
CC(=O)N(CCC(=O)O)C(=O)C1NC1=O,C8H10N2O5,24
COC1=CC2=CC=CC1C2(N=c1ncn(C(=O)c2cc(C(F)(F)F)ccc2Cl)c(=O)n1C)OC,C22H18ClF3N4O4,52
C1CCCC(N2CCCC2)CC1,C11H21N,33
CC(=O)N1CCOP(=O)(O)OCC1,C6H12NO5P,25
C=C1C=CC=CC(=O)NC(Oc2cccc(Cl)c2)C(=O)N1,C15H13ClN2O3,33
O=C=NC(O)I,C2H2INO2,8
Cc1nc2ccc(Br)cc2c(=O)n1CCCOc1ccccc1F,C18H16BrFN2O2,40
O=C(NCCCCc1ccccc1)c1ccc(C(=O)NCCC(=O)N2CCCCC2)cc1,C26H33N3O3,65
CCCCN1C(=O)C(=CSC(=S)SCC)c2cc(C(=O)N(C)C(C)=O)c(s2)C(=O)N(C)C1=O,C21H25N3O5S4,58
COc1ccc(C(C)NC(=O)c2c3ccc(OC)c2-3)cc1OC,C18H19NO4,41
COc1cccc2cccc(S(=O)(=O)N(C)c3cccc(N4C(=O)NC4=O)c3)c12,C20H17N3O5S,46
c1ccc(-c2ncc3ccncc3n2)cc1,C13H9N3,25
COC1=CC=CCCCN2CCN(C1=O)C2=O,C12H16N2O3,33
CC12N=C3SC(=N1)C2(CCCOC(=O)c1ccccc1C(F)(F)F)S3,C16H13F3N2O2S2,38
COc1ccc(C(=O)Nc2ccccc2)cc1N(C)C(=O)Oc1cccc(=O)n(C)c1=O,C23H21N3O6,53
C=C(C(=CC=C(Cl)c1cc(Cl)c(Cl)cc1Cl)OC)C1=Nc2nnc(s2)N1,C16H10Cl4N4OS,35
CCN(C(=O)c1ccc(Cl)c(F)c1)C(=O)N1CCN(C(C)=O)CC1,C16H19ClFN3O3,43
C=CC(=Cc1ccc(C(=O)O)cc1Cl)C(=O)NC(=O)N1C(=O)N=C1c1ccccc1,C21H14ClN3O5,44
CCCCCCCCN1C(=O)C2=CC2=C(Cl)S1(=O)=O,C13H18ClNO3S,37
C=C(C(=O)OCc1ccccc1)C(=O)N(CCN(C(C)=O)c1nnc(C)s1)C(=O)c1ccccc1,C25H24N4O5S,59
CCOC(=O)C1=CC=CC=CC(=O)N(C(=O)CCC(=O)NC(=O)c2ccccc2)C1=O,C22H20N2O7,51
CN(CCCn1c(=O)c2cn(c1=O)-c1cccc-2c1)CC(C)(C)C,C19H25N3O2,49
CCCN1CCN(CCCn2c(=O)c3ccc2nc3N2C(=O)N(CC)C2=CC2=CC=C2OC)CC1,C26H34N6O3,69
CCCCCCN(CC1NC1=O)C(=O)N1CCCCC1,C15H27N3O2,46
CCCCC(C)N(CCCCN1C(=O)c2nc3nc1c2c(=O)[nH]3)C(C)=O,C18H25N5O3,51
COc1cc(Cl)ccc2ccc(c1Cl)c(=O)n2C(C)=O,C14H11Cl2NO3,31
CCN1CCCCN(C(=O)c2ccccc2)C(=O)c2cc(=O)cc(s2)-c2ccccc2NC1=O,C26H25N3O4S,59
CC(C)(C)CCNc1cccc2c(=O)n3c(=O)n(c(=O)c12)CCC3,C18H23N3O3,47
NC(=NN1c2cccc1c2)c1ccccc1Cl,C13H10ClN3,27
COc1ccc(OC)c(C(=O)NC2=CC=C2Cl)c1,C13H12ClNO3,30
CCCN1C(=O)OCCCCCN(C(=O)N(CCC)C(=O)SC)C1=O,C16H27N3O5S,52
COC(=O)COC(=O)c1cc(C(=O)OC(=O)OC)ccc1C(=O)OC,C15H14O10,39
CCCCCCCCCCCCCCCc1cccc(=O)oc1=O,C21H34O3,58
COC(=O)C1CCCCCC2CCCCCCCOC(=O)N1C(=O)O2,C18H29NO6,53
C=CC=C(C#N)C(=CC=C1C=NC(C(=CC=Cc2ccccc2)OC(C)=O)=C1)OC,C25H22N2O3,52
CCCCCc1ccc(C(=O)N2C(=O)OCCC2C(=O)N2CCCC2)cc1,C21H28N2O4,54
O=C(NC(=O)N(Cc1ccccc1Br)c1ccccc1)c1ccc(C(=O)N2CSc3nnc(s3)NC2=O)cc1,C26H19BrN6O4S2,58
COc1ccc(C(=O)N(C)C(=O)c2ccccccc(C(C)=O)cc2)c(Cl)c1,C22H20ClNO4,48
O=C(c1c(Cl)sc2c1SC2)N1CCCCC1,C11H12ClNOS2,28
COc1ccc2c(C)ccc-2c2cc(C(=O)O)ccc12,C17H14O3,34
CCCN(CCCOP(=O)(O)OP(=O)(O)OC)C(=O)C(C(O)C(O)C1c2nc3nc(n2)N1C3=O)N(C)C,C18H30N6O11P2,63
CCN(C(=O)Nc1ccc([N+](=O)[O-])cc1)c1cccc(F)c1,C15H14FN3O3,36
CCN1CCN(C(=O)N(C)c2ncc3c(Br)ccc(OC)cccc-3s2)C1=O,C19H21BrN4O3S,49
CC(SCC(=O)N(C)C)=C(Sc1cccc([N+](=O)[O-])c1)C(=O)Nc1ccc(F)cc1,C20H20FN3O4S2,50
CCN1C(=O)N(CC)c2nc1ncc2-c1ccccc1C(F)(F)c1ccc(C)cc1,C23H22F2N4O,52
CC(C)(CCCC1CCCCC1)C1=Cc2c(c2=O)CCCCC1=O,C22H32O2,56
O=c1[nH]c(-c2ccc3ccc(C(F)(F)F)cc3c2)nn1-c1ccc([N+](=O)[O-])cc1,C19H11F3N4O3,39
CN(C(=O)CNC(=O)O)c1ccc2cc1N(c1ccccc1)S2(=O)=O,C16H15N3O5S,40
O=C1CN(C(=O)c2cccc3ccccc23)CCN1CCN1CCCN2CN(CC1)C2=O,C24H29N5O3,61
CN(C(=O)N1C(=O)n2c1n[nH]c2=O)c1ccccc1,C11H9N5O3,27
CC(=O)NC1=NC=C1CN(C)C(=O)c1ccccc1,C14H15N3O2,34
CCN1CCN2CCN(C(=O)C3=CC=C(C(C)(C)C)C=C(C3)S2(=O)=O)C1=O,C19H27N3O4S,54
CCC(C)CCCCCCCCCOC(=O)C(C)(C)C,C18H36O2,56
O=C(Nc1ccccc1)c1cc2ccc(OC3=CC=CC3=CCl)cc2s1,C21H14ClNO2S,40
O=C1Nc2nc3cc(ccc3oc3ccccc3s2)Oc2cccc1c2,C20H12N2O3S,38
NC1=Nc2ccc3[nH]c-3ccc2N(c2ccccc2)CCN1C(=O)Nc1ccccc1,C24H22N6O,52
CCCCC(C)(C)CCOC(=O)c1ccc2cc1-2,C16H22O2,40
CN=C(c1ccccc1)N(C)C(=O)c1ccccc1,C16H16N2O,35
COc1ccc2nc(NC(=S)N(C)C(C)=O)nc(N(C)S(=O)(=O)c3ccccc3[N+](=O)[O-])c2c1,C20H20N6O6S2,54
O=C(NC1=CC=CC=CC=C1)n1nc(Sc2ccccc2)sc1=O,C17H13N3O2S2,37
CC(C)(C)C(=O)NC1CCCC(=O)OC1=O,C11H17NO4,32
COc1cc(C=C2C=C2C(=O)Nc2cc(OC)ccc2C)cc(NC(N)=O)c1,C21H21N3O4,49
CC(C)(C)CN1C(=O)N2CCC1C2CN1CCN(c2nc3ccccc3s2)CCCCC1=O,C25H35N5O2S,66
COc1ccccc1-c1cccc(C(=O)NC(=O)c2ccc(C(=O)OCC(=O)O)c(F)c2)c1,C24H18FNO7,51
CN(C(=O)COc1ccccc1)C(=Nc1cccc(Br)c1)NC(=O)c1ccc(Cl)cc1,C23H19BrClN3O3,50
CCCN1c2nc(-c3cc(-c4cc(Cl)ccc4Br)ccc3C)nn2C(CC)C1C,C23H26BrClN4,53
COC(CCCN(c1[nH]nnc1C1=C2C=C21)C(C)C)C1CCCN1C,C19H29N5O,51
COC(=O)C(=O)Oc1cc2cc(c1)C(=O)C(Cl)=CC=C(Cl)C2=O,C15H8Cl2O6,31
Clc1cc(CCN2CCC3C4CCC(CN3CC2)O4)cs1,C16H23ClN2OS,42
COC1=C(Br)CN(C)C1=O,C6H8BrNO2,18
CN(C)N1C(O)=Cc2nc1sc2C(=O)Nc1cccc(Cl)c1,C14H13ClN4O2S,35
COc1ccc(C(=O)N(CCCN(C)C(=O)c2ccccc2)C(=O)c2cccc(F)c2)cc1,C26H25FN2O4,58
CC1CCc2nc(sc2-c2ccc(S(=O)(=O)N(C)C)cc2)N1C(=O)c1ccc(Cl)cc1,C22H22ClN3O3S2,53
O=C(NC1CCN(CN2CCOc3ccc2cc3)CC1)c1ccccc1,C21H25N3O2,50
CC=NN1C(=O)N(CCCCC)c2ccc1c1ccccc21,C18H21N3O,43
COC1=CCC2CC(C(=O)Nc3nnc(N(C(=O)N(C)C)c4cccc(F)c4)s3)C2=C1,C21H22FN5O3S,53
CN(C(=O)Nc1ccccc1)C(=O)c1ccccc1C=CC=C1C=CC=C1,C23H20N2O2,47
CC(=CC1=CC=CC=c2cc1c1cccc2c1)n1cnc(N(C)S(=O)(=O)O)n1,C20H18N4O3S,46
C#CC=Cc1ccc(Oc2ccc(C(=O)O)cc2)cc1,C17H12O3,32
O=C(NCCc1ccccc1Cl)c1ccccc1Cl,C15H13Cl2NO,32
CN1CCCC1C1=CC=CC(=O)N2CCN(CC2)C(=O)N2CCN(CC2)S1(=O)=O,C19H29N5O4S,58
CSC(=NC=CC(=Cc1cccc(Cl)c1)[N+](=O)[O-])NC(C)=O,C14H14ClN3O3S,36
COC1=CC=C1CC1CCC1,C10H14O,25
CCN(C)CCN1CCSc2nc3ccccc3n2CC1=O,C16H22N4OS,44
CC(=O)NC(=O)C1=Cc2ccc(C(=O)N3CCCCC3)cc2NC(=O)S1,C18H19N3O4S,45
CC(C)(C)n1c(=O)n2c(=O)n(c1=O)C1CCCCC1CSC2=O,C15H21N3O4S,44
COC(=O)c1ccccc1C=CC1=CC=C(C(=O)Nc2ccccc2)CC1,C23H21NO3,48
CCN(CC)c1cccc(Nc2ncc(Nc3cc(Br)ccc3Br)[nH]2)c1,C19H21Br2N5,46
Cc1cccc(C=C(C#N)[N+](=O)c2ccccc2Cl)c1,C16H12ClN2O+,32
O=C1OC=CC=C2C=CC=C2C(=O)NC(=O)c2ccccc2O1,C17H11NO5,34
O=C(c1ccccc1)C(F)F,C8H6F2O,17
CCOC(=O)N(C)C(=O)N(CC)C(=O)OC,C9H16N2O5,32
CCN(C(=O)c1ccccc1)C1=CC([N+](=O)[O-])=CC(C)=CC=C1,C18H18N2O3,41
O=C(c1ccccc1)N(C=C1C=C1)CCN1CCN2CC(C1)OC2=O,C19H21N3O3,45
CN1CC2CCN(C)C(=O)N2CCN2C(=O)C(=C(Cl)C1=O)n1nc2[nH]c1=O,C15H18ClN7O4,43
COC1=CC(c2ccccc2)=CC=CC(NC(=O)N(C)C(=O)O)=C1,C18H18N2O4,42
NC(=NC1=CC=C=C1)Sc1cc(F)cc(Cl)c1,C12H8ClFN2S,25
CC1(C)CC(=O)N(Cc2ccccc2Cl)CCCCn2cccc(c2=O)C2=CC=C21,C25H27ClN2O2,57
C=CC(Cl)=CC=CC(=C)C(=O)Nc1ccccc1C(=O)O,C16H14ClNO3,35
CC(C)CCc1c2ccc(Cl)c1C(C(F)(F)F)=CC(=O)NC2=O,C16H15ClF3NO2,37
C=C1C=C1CN1CCN(CC(=O)N2CCCC2)CC1,C15H23N3O,42
CCN(C)CCN(C(=O)N1CCCCC1)C1=CC1=Cc1cccc([N+](=O)[O-])c1,C21H28N4O3,56
COC(=O)C1=CC=CC=CC=C1C(=O)OC(=O)c1ccccc1,C18H14O5,37
CCN1CCN(Cc2ccccc2C#N)CC1,C14H19N3,36
CCC(=O)N(CCN1CCOC1=O)C(=O)C1(CCN2CC=C3C=C3C2=O)CCCCC1,C23H31N3O5,62
N#Cc1ccc(F)cc1N1CCCCCCCCC2CN2C1=O,C18H22FN3O,44
O=C(NC(=O)C1CC=CC=C1NS(=O)(=O)c1cccc(Br)c1)Nc1ccccc1,C20H18BrN3O4S,47
CN(C(=O)c1ccccc1F)C(=O)n1c(=Nc2cccc(F)c2)sc2c1=CC=2,C20H13F2N3O2S,41
CCN(C)C(=O)N1CCN(C(=O)NC2=CC=CC(C(=O)N3CCCCC3)=CC=C2)CC1,C23H33N5O3,64
CC(CC(C)N(C)C(=O)C1=Cc2ccccc21)NC(=O)c1ccccc1,C22H24N2O2,48
CCN1CCCN(C(=O)C2=C(Cl)C=C2c2cc(Cl)ccc2Cl)CCCN(C)C1=O,C21H24Cl3N3O2,53
O=C1CCCCCCCC2CC=CC(Cl)=C1C(=O)O2,C15H19ClO3,37
CCN(C)c1ccc(-c2cccc(C#N)c2)cc1,C16H16N2,34
CCCN(C(=O)N(C)C)c1nc2nn(C#N)c(ccc1Cl)-c1cc(C(F)(F)F)ccc1N2C,C21H21ClF3N7O,54
CC(C)(C)N1CCN2CCCn3c(=O)n(c4ccc1nc43)C2=O,C16H21N5O2,44
CCOCCN(C)C,C6H15NO,23
CN1CCN(c2ccccc2O)C(=O)Nc2ccc(cc2)C1=O,C17H17N3O3,40
CCCc1ccc(-c2ccccc2C(=O)N2CCCCCCN(C(=O)c3ccccc3)CC2)nc1,C30H35N3O2,70
CSc1nnc(SC=CC(=CC(N)=O)C(=O)Nc2ccccc2)s1,C15H14N4O2S3,38
c1ccc(N=Nn2c3nnc2s3)cc1,C8H5N5S,19
COC(=O)c1ccc(CN2C(=O)C(C)=C(C(C)=O)C2=O)cc1,C16H15NO5,37
CCOC(=O)C1COC(=O)C(C)N1C(=O)c1ccc(C(C)(C)C)c2ccc(OC)c(OC)c12,C25H31NO7,62
COC(=O)c1cccc(C(=O)N(C)C(=O)CS(=O)(=O)C2=CC=C2)c1,C16H15NO6S,39
COC(=O)c1ccc(C2CCCCC2)c2nnnn2c1=O,C14H16N4O3,37
CN(C(=O)O)C(=O)N(N=NC=C1C=C(Cl)C=C1C(F)(F)F)c1ccc(F)cc1,C16H11ClF4N4O3,39
CCC1CCC2CN1CCN2C(=O)c1ccc(F)s1,C14H19FN2OS,37
CN(C)C(=O)C1=CC=C(C(=O)Nc2ccccc2)C=CC(C(=O)c2ccccc2)=C1,C25H22N2O3,52
C=C(Sc1ccccc1OC(=O)Nc1ccccc1)C(=O)Nc1ccccc1NC(=O)Nc1ccccc1,C29H24N4O4S,62
COc1ccc2c(=O)n3c(=O)n(c(=O)c2c1)CCCCCCC(=O)CCCC3,C21H26N2O5,54
COC(=O)N1CCCCCCCN2C(=O)N(CCC(C)C)CCC3CC(C1=O)N(C(=O)O3)C2=O,C23H36N4O7,68
CC(=O)OC1CCCC1OC(=O)C=C1C=CC=C1,C14H16O4,32
CC(C)(C)OC(=O)c1c2nnc3sc1c1cccc2c1-n-3,C15H13N3O2S,33
C=C(C=CC(Cl)=Cc1ccc(OC)cc1)Sc1nn(C)c(=O)n1C,C17H18ClN3O2S,42
COP(=O)(NCCC(=O)N(C)c1nc2ccc1c1ccccc21)OC,C17H20N3O4P,45
CCN1CCN(S(=O)(=O)C=CC=C(C2=CC=C2OC)S(=O)(=O)N2C(=O)C3NC(=O)C32)CC1,C19H24N4O7S2,54
COC(=O)NC1C(OC)C2N(C(=O)N(C)C(=O)N2c2nncs2)C(=O)N2CCN(C)C1C2=O,C17H22N8O7S,51
CCNC(=O)C1=CC(C(=O)N2CCSCC2)=CC=C(F)C=C1,C16H19FN2O2S,41
CCCCCCSC1=NC2=CC2=C2C(C)=CN=C2N1,C15H19N3S,37
O=C1N2CCCN1CCN(c1nc3c(s1)=CC=3)CCC2,C14H18N4OS,38
CC(C)(C)OC(=O)N1C2=CC2=CS(=O)(=O)N2CCC1C2,C13H18N2O4S,38
O=C(CN1CCN(C2=CC=C3C=CC=C32)C(=O)CCOc2ccccc2C1=O)Nc1cccc(Cl)c1,C28H24ClN3O4,60
CC1C2COc3cccc4cccc(c34)C(=O)N2C1N(C)C,C18H20N2O2,39
CN(C)C(=O)N1CCCCC(O)C(CSc2ccc(Cl)cc2)NC(=O)C1,C18H26ClN3O3S,50
CC(=O)c1ccc2c(c1)C=CC=CC=C2,C14H12O,27
O=[N+](c1ccccc1)c1cccc(C2=NC=N[N-]C=N2)c1,C15H11N5O,32
CN1CCN2C(=O)NC3=CC=CC2=CC1=C3,C12H13N3O,29
CNC(=O)N1CCN(C=C2C=C2Cl)C1=O,C9H10ClN3O2,25
COC(=O)C1=Cc2ccc(cc2)C(=O)OCCCCCC1,C17H20O4,41
CCCC(=O)N1CCCSC1=Nc1c#cc(-c2cc(F)ccc2OC)cc1,C21H21FN2O2S,48
O=C(O)C1C2CCCN1CCN2CCN1CCN(C2=C3C=CC=CC2=C3)CC1,C22H30N4O2,56
CCn1c(=O)c2c(=O)n(CCCCCCCC3CCCC3)c(=O)c=2c1=O,C20H28N2O4,54
C=C1C(=O)c2ccccc2C(=O)N(C(=O)c2ccccc2)CCCC2C(COC(C)=O)CCC3C(=O)OC(=O)C2N3C1=O,C32H30N2O9,69
COc1c(Cl)cc(Cl)cc1N1CN(c2ccc(Cl)c(Cl)c2)S1(=O)=O,C14H10Cl4N2O3S,34
C=C(Cl)C=CC(C=CC=CC(=O)N(CC)C(=O)N(C)C(=O)c1cccc(C(F)(F)F)c1)=CC=Cc1ccccc1,C31H28ClF3N2O3,68
COC1=CC=C2C=C2C(NCCN(C)S(=O)(=O)N(C)C)=C1,C14H21N3O3S,42
O=C1NC(C(O)C(=O)N2CCCCC2)CCC2=CC1=C2,C15H20N2O3,38
CC(C)(C)C(C(=O)O)C(=O)O,C7H12O4,23
C1CN1CCN1CC1,C6H12N2,20
CC(=O)Nc1ncccc1C(F)=CC=C(C)c1ccccc1Cl,C18H16ClFN2O,39
N#CN=c1nc1N1CCN(CCCCC2CC3CCC2C3)C1=O,C17H23N5O,46
CC(C)(C)C1C2CCCCCCCC(=O)OC3OC1C1OC3C1O2,C19H30O5,47
CN(C)Cc1ccc(N=C(Nc2ccccc2)c2ccccc2C(F)=Cc2ccccc2)cc1F,C30H27F2N3,62
N=C(NC(=O)c1cccc([N+](=O)[O-])c1)Sc1ccccc1,C14H11N3O3S,32
CCN(C)C(=O)N(C#N)Cc1ccc([N+](=O)[O-])c2c1=C(OC)C=2,C15H16N4O4,39
COC1=CC=C(Sc2ccccc2)C(=O)N2CCN(C(=O)C=C1)S2(=O)=O,C17H16N2O5S2,42
COc1ccc(N)c(C(=O)Nc2cc3c(OC)c-3c2)c1,C15H14N2O3,34
C=C(C=CC=C1C(=O)N(C(=O)NC)CCCOc2ccc(OC)c(c2)C(=O)N(CC)C1=O)OC,C24H29N3O7,63
O=C(c1ccc(F)cc1)C1CN(C(=O)c2ccccc2)C1=O,C17H12FNO3,34
CN(CCCN1CCCCC1)C(=O)C(=Cc1nnc[nH]1)c1ccccc1,C20H27N5O,52
O=C1c2ccccc2NCCC(COc2ccccc2)CN(c2nc3cccc4c2cc34)C(=O)N2CCN1CC2,C32H31N5O3,70
C=C(OC)C1=CC(S(=O)(=O)N(C)C(C)Cn2c3nnc2s3)=CC(OC)=C2C=CC(c3ccccc3)=CC=C12,C28H28N4O4S2,65
O=C(O)n1c2c(Br)c(Br)c1=C1C=C1C=2,C9H3Br2NO2,17
CN1CC2(C3=C(Cl)C(Cl)=C3)CC1C2,C10H11Cl2N,23
COc1cccc(C2=CC=C3C=CC=CN=C(NC2=O)S3)c1,C17H14N2O2S,36
CNC(=O)c1ccc(C=CC(=O)N2CCC2=O)s1,C12H12N2O3S,30
CN(C)c1ccc(C(=O)N2CCCCN(CCN3C(=O)c4ccccc43)CCC2)cc1,C25H32N4O2,63
CSc1ccc(Cl)cc1OC(F)(F)c1cccc(S(=O)(=O)N2CCCNC2=O)c1,C18H17ClF2N2O4S2,46
NC(N)=NC=c1ccc(=CC=C2C=C2)n1S(=O)(=O)c1ccc(Cl)cc1,C17H15ClN4O2S,40
CC(C(=O)N(C)CCCc1ccccc1F)C1CN2CCN1CC2,C19H28FN3O,50
Cc1sc2nc1C(=O)N2CCN(C)CCN1CCCN(C)C1=O,C15H23N5O2S,46
O=C(O)C1=CC=CC1=CC=CS(=O)(=O)c1ccccc1S(=O)(=O)c1ccccc1,C21H16O6S2,45
CC(=O)OCC(=O)C=CC=C1CC1,C10H12O3,25
COC1=CN=C1N1CC(N)C(=O)N(C)C2=CC(c3ccccc3)=CSC1=N2,C19H19N5O2S,45
CSc1ccc(C(=O)N(C)CCC2CCC3C4OCC5C(C4O)N(C(=O)N2)C(=O)N35)cc1,C22H28N4O5S,54
CC(CCCCC[p+]1ccc(-c2cnc(N3CCCC3)c3cc(Cl)ccc23)cc1)N(C)C,C27H36ClN3P+,68
CCNC(=O)C(F)(F)c1cccc(=O)n1C(=O)c1ccc(Br)cc1,C16H13BrF2N2O3,37
CCN(C)CCN(c1ccc(Cl)cc1)c1nc(C)ccc1C=C1C(=CC=C(Cl)Cl)C1(F)F,C24H24Cl3F2N3,56
CC=C(C(=O)N1CCCCC1)C(=O)N1CCN(Cc2ccccc2)CC1,C21H29N3O2,55
CN(CCN1CCCCC1=O)c1ncnc(-c2ccccc2)n1,C17H21N5O,44
COc1ccc([N+](=O)[O-])cc1-c1c[nH]c(=O)n(C)c1=O,C12H11N3O5,31
O=c1[nH]nc(SC(Cl)=CC=C2C=CC=C2c2ccc([N+](=O)[O-])cc2)[nH]1,C16H11ClN4O3S,36
NC(=O)n1c(=O)c(-c2ccccc2Oc2ccccc2)cccc2ccc1cc2Cl,C24H17ClN2O3,47
COC1=C(Cl)C=C1C(=O)N1CCN(c2ccc(OC)c(Cl)c2)C(=O)C1,C17H16Cl2N2O4,41
C=Cc1ccc2n(c(=O)n(-c3ccccc3F)c(=O)[nH]c1=O)C(=O)c1ccc(c(OC)c1)S2,C23H16FN3O5S,49
CC(O)C(C)N1C2=NC(C3=CC=C3Cl)=CC=C(S2)c2ccccc21,C19H17ClN2OS,39
FC(F)(F)C12C=C1C2c1nnn[nH]1,C6H3F3N4,15
CN(C)C(N)=Nc1ccccc1N1C2=CC=CC1=CC(S(=O)(=O)c1ccccc1)=CC=C2,C25H24N4O2S,56
CCc1ccc(N(C)c2ccccc2C#N)cc1,C16H16N2,34
CCC(O)CCCN(CC)C(=O)C1=NC(C#N)=N1,C12H18N4O2,35
O=C(N1CC2=NC1=NC=C1C=C12)N(CCN1CCCN2CCC(CC2)C1)C1CCCCC1,C25H36N6O,68
O=C(O)C(=CC(=O)c1ccc(Cl)cc1Cl)C(=O)c1ccccc1Cl,C17H9Cl3O4,33
CN(C)C(=O)c1ccc(C=C2C=CC(C(F)(F)c3ccccc3)=C2)cc1,C22H19F2NO,45
CC(=O)OC(=O)OCCCCCCCOC(=O)c1ccc2c(c1)C(=O)OCCOC(=O)OCC(=O)OC(=O)COC2=O,C26H28O16,70
CC(C[N+](C)(C)C)SCCC[N+](C)(C)C,C12H30N2S+2,45
COC(=O)CSCCCN(C)C(=O)OC(=O)CN(C)C(=O)N(C)C(=O)OC,C15H25N3O8S,52
CCC1C(=O)N(C)C(=O)N(C2=C(C(=O)OCC(C)(C)C)Sc3ccccc3S2)C1C,C22H28N2O4S2,56
Clc1ccc(Nc2nnc(C3=CC(c4ccccc4)CC=C3)[nH]2)cc1,C20H17ClN4,41
N#CSC1=Nc2ccccc2C(=O)NC(c2ccccc2Cl)S1,C16H10ClN3OS2,33
CC(=O)Nc1nc(NC(=O)c2ccc(C(F)(F)F)cc2)c2cc(F)ccc2n1,C18H12F4N4O2,40
CCN(CCCn1nc(Nc2cccc(F)c2)c2cc(Cl)ccc21)CCN1C(=O)C#CC1=O,C24H23ClFN5O2,56
CCCCC1CCCCSc2nc(c(-c3cccc(Cl)c3)[nH]2)C(=O)N1C(C)=O,C21H26ClN3O2S,53
COCCCCN1CCCCCC(NS(=O)(=O)C(Cl)=CC=C2C3=CC=C2C(Cl)=C3)C1=O,C22H28Cl2N2O4S,58
CCn1c(=O)n(CC(=O)NC2CN(C3=Cc4cccnc(SC)sc3c4)CCCOC2=O)c(=O)c2ccccc21,C28H29N5O5S2,68
CCN1C(=O)c2ccc(c(C)c2C(=O)c2ccc(OC)cc2)-c2nc1sc2C,C22H20N2O3S,48
CC(C)CCCCn1c(=O)c(=C2C=C2)cc2c(c1=O)=C2,C17H19NO2,39
COc1cc(C2=C3SCCN(C3=O)C2=O)cc(OC)c1OC,C15H15NO5S,37
CCCN1C(=O)n2c1nnc2N(C1=CC=C1Br)C(C)C,C13H16BrN5O,36
C=C(Sc1ccc(Cl)cc1NC(=O)c1ccccc1)c1cc2ccc1-2,C21H14ClNOS,39
C=C(C=Cc1cccc(Cl)c1)N(C)C(=O)c1ccccc1S(=O)(=O)c1ccccc1F,C24H19ClFNO3S,50
CNC(=O)C1c2ccc(cc2Cl)NC(=O)N1C(C)=O,C12H12ClN3O3,30
CCCCCCCCCCCC(=O)N1CCOC1=O,C15H27NO3,46
C=CC=C(C(=O)Nc1nnc(NC(=O)C2=CC=CC2=C)s1)C(=O)OC,C16H14N4O4S,39
CN(C1=CC=CCC1c1ccccc1)c1ccc(F)cc1,C19H18FN,39
O=C1NS(=O)(=O)C2=CC=CC(c3ccc(Cl)c(Cl)c3)=CC3=CC=C(C=C2)OCN1C3=O,C21H14Cl2N2O5S,45
O=C1c2ccccc2CCN1CCSc1ccccc1,C17H17NOS,37
C=C1C=CC(C(=O)N2CCCCC2CCC)=C1,C15H21NO,37
CN(CCCCSC1=Nc2ccc(s2)N1C(=O)c1ccccc1C(N)=O)C(=O)NC1=CC=CC=CC=C1Cl,C27H26ClN5O3S2,64
CCCCCCCCCCC1CCCCN1C1=NN=C1N1CCCC1,C21H38N4,63
O=C(NC1=CC=C1)C(CC1=CC=C1F)N1CCCN(c2ccc3ccc(C(F)(F)F)cc3n2)C1=O,C25H20F4N4O2,54
COc1ccc2c(c1)N(CCN(C)C)N(c1ccccc1Cl)c1cc-2cs1,C21H22ClN3OS,49
CCCCN1CCCN2CCCCc3c(C#N)n(c(=O)n3C1=O)CCC2,C19H29N5O2,55
C=C(F)C=Cc1cccc2c3sc(c(OCCN4CCN5CCN(CCOC4=O)CC5)c1)c23,C25H28FN3O3S,61
N#Cc1ccc(F)c(C2=CCCCN3CCCCN(CCCCNC3=O)C2=O)c1,C22H27FN4O2,56
CCN1C(=O)Sc2ccc(OC)cc2NC(=O)CN(C)C1=O,C14H17N3O4S,39
CCN=C(NC(=O)N1CCN2CCC1C2=O)c1ccc(OC)cc1,C17H22N4O3,44
CC(=CCCC=CC=CC(=O)N(C)c1ccccc1)c1cccc2ccccc12,C27H27NO,56
C=CC(=NN=C=NC)c1ccc(Cl)cc1,C11H10ClN3,25
CCN(CCN1CC1)C(=O)c1ccc(C)cc1,C14H20N2O,37
O=C(N1CCCCC1)N1CCCN(C2=CC=C2Cl)CCC1,C16H24ClN3O,45
CCN1CCN(C(=O)COc2cccc(Cl)c2)CC1=O,C14H17ClN2O3,37
O=C(NC(=O)Nc1cccc(NC2=Cc3ccccc3OC2)c1)Nc1ccccc1,C23H20N4O3,48
COC(=O)C(O)CSCCCn1c(=O)c2ccc1c(-c1cccc(F)c1)c2C=CC=C(OC)c1ccccc1,C31H30FNO5S,68
CCCCCC1COC2OC3C(O)C4OC2C3OC4COC(=O)c2cc(cc(C3=CC=C3OC)c2)C(=O)O1,C28H32O10,63
CCN1CCN(CC2CN(C(=O)C3=CC=C3)C2=O)CC1,C15H21N3O2,41
CCOC(=O)c1ccc(C(=O)c2cccccc(Br)ccc2)cc1,C20H17BrO3,41
O=C1CCCCC2CCCCN1CCN2C(=O)c1ccc2c(c1)C2(F)F,C20H24F2N2O2,50
COC1=CC=C1C=C1C=CC(=O)N2CCN3CCN(CC3)CCN1C2=O,C19H24N4O3,50
O=C1c2ccccc2C(C(F)(F)F)=CC=C(Cl)C2C=CC=CC2N1CCNc1ccccc1,C26H22ClF3N2O,55
COc1ccc(C=C2C=C2C(=O)N2CCCCCCCCC2=O)c(C)c1,C22H27NO3,53
Clc1cc2c(Cl)cc(Cl)c(Cl)c2cc1Cl,C10H3Cl5,18
CCCCN(CC)C(=O)c1cc2cc(C(F)(F)c3ccccc3)ccc2[nH]c1=O,C23H24F2N2O2,52
CC(C)NC(=O)c1ccc(C(F)(F)F)c(C(F)(F)F)c2c(C(F)(F)F)c-2[nH]1,C15H11F9N2O,36
C=C1C(=O)N2CCCCN1CCN(C(=O)N1CCOc3cccc1c3)CC2,C20H26N4O3,53
CCN(C)S(=O)(=O)c1ccc2c(C(=O)NC(=O)N3CCCCN(C(C)=O)CCNC3=O)cccc2c1,C24H31N5O6S,66
CC1(C)O[Si](=O)C(=C2C=C2)C1(C)C,C10H14O2Si,27
CCCN(C)C1=NC2=CC=C3N=C3N1S2(=O)=O,C10H12N4O2S,29
Cc1ccc2[nH]c(=O)n(CCN(CCN3CCCCC3)C(=O)c3ccc(Cl)c4ccccc34)c(=O)c2c1,C29H31ClN4O3,68
CCN1C(=O)C1COC=C1C=C1F,C9H10FNO2,22
Cc1cc2ccccc2cc1-c1c(C)c2cc3ccccc1c-2n[nH]3,C23H18N2,42
CN(C)CCN1c2ccc(cn2)S1(=O)=O,C9H13N3O2S,28
O=C1C2CN(CCCCCCCCN1CCOc1ccccc1)S(=O)(=O)C1=CC(=O)N2C1=O,C23H29N3O6S,62
CCCC(NC(=O)c1cccc(C(F)(F)F)c1)C1COC(=O)N1CCC,C18H23F3N2O3,47
CN1C(=O)N2CCCN(CC2)S(=O)(=O)c2ccc1cc2,C13H17N3O3S,37
COc1ccc(N(C)C2CCN3CCCC23)c(-c2ccc3c4ccc([nH]4)c3c2)c1,C25H27N3O,53
CCC(=O)N(CC)C(=O)c1ccc(S(=O)(=O)C2=CC=C2C(=O)OC)c(C)c1,C19H21NO6S,48
C1=Cc2ccc3c(c2=C1)=NC(Cc1ccccc1)=N3,C17H12N2,31
COc1ccc2cccc3c(c1)C(=O)N(C)C(=O)CCC(=O)N(C)C(=O)C(=C3)C=C2,C23H22N2O5,52
CN1C(=O)NC=CC=C1[N+](=O)[O-],C6H7N3O3,19
C=CC=C1CCCN(C(=O)N2CCCCC2)C1=O,C14H20N2O2,38
CN(CCC(=O)c1ccccc1C(=O)N1CC1=O)c1ccc(C(F)(F)F)cc1,C20H17F3N2O3,45
CSC(=NC=CC=C1C=CC=C1F)N(C)C(=O)c1cccc(-n2c(=O)[nH]c(=O)n(C)c2=O)c1,C22H20FN5O4S,53
O=C1C2=CC=C2C([N+](=O)[O-])=CC=C2N=C3N(CCN1CCCN1CCCCC1)CCN23,C22H28N6O3,59
COc1cccc(S(=O)(=O)OC2=CC=CC2=NC2=NNc3ccc(cc3)C(=O)NCCS2)c1,C22H20N4O5S2,53
CN1C(=O)N2CC3=CCCC1C3C2,C10H14N2O,25
CCCOC(=O)C1=CC=C(C(=O)OC)C1=Cc1ccccc1,C18H18O4,40
CCCCC(C)(C)C(C)(C)OC(=O)c1ccc(C2=CC=CC2)cc1,C22H30O2,54
CCCCCC(C)CCc1c2ccc3c1C=C3[N+]2=O,C17H22NO+,41
CS(=O)(=O)N1CCCCCSC(=CC(=O)N2CCCCC2)C1=O,C15H24N2O4S2,47
COc1cccc(N(C)C2=NC(NC(=O)N3CCC3)=CC=CS2)c1I,C17H19IN4O2S,44
CCN(C)C(=Nc1cccc2c1C=C2)c1ccccc1,C18H18N2,38
COC(=O)C(C)C(O)OC(=O)c1ccccc1,C12H14O5,29
CCCN(CC)C(=O)c1ccc(-c2ccc(CN(CC)C(=O)N(C)C)s2)cc1,C22H31N3O2S,59
CCN(CCN(C(C)=O)S(=O)(=O)c1ccc(OC)cc1)C(=O)c1ccc(F)cc1,C20H23FN2O5S,52
O=C(c1ccccc1)N1CCN(c2nnc(-c3ccccc3)n2C=Cc2ccccc2)C1=O,C26H21N5O2,54
CCN(C(=O)C1=CC=CC(=C2C=CC(S(=O)(=O)N(C)C)=C2)S1(=O)=O)C(=S)N1CCCCC1,C21H27N3O5S3,59
C=CC=CC(=CC=CC=Cc1nc2nnc3[nH]c(=O)n1c(=O)n23)c1ccccc1F,C21H15FN6O2,44
C=CC(=Cc1ccc2cc1-2)c1cccc(C(=O)N2CCN(Cc3ccccc3)CC2)c1,C28H26N2O,57
CNC(C=Cc1ccc(F)cc1OC)=NC(=O)N1CCC1,C15H18FN3O2,39
COc1cc(S(=O)(=O)N(C)C)cc(OC)c1C1=CCCN(C(=O)c2ccccc2)C1=O,C22H24N2O6S,55
COC(=O)C(C)(C)c1ccccc1C(=O)N1CCCCC1CCOC(=O)c1ccc(Br)cc1,C26H30BrNO5,63
O=C(OCC1=CC=C1[N+](=O)[O-])c1ccc(C(F)(F)F)cc1,C13H8F3NO4,29
O=C(Nc1ccccc1)N(C(=O)Nc1cccc(C2=CC3=CC3=NN2)c1)c1ccccc1Cl,C25H18ClN5O2,50
COC(=O)CSC1=CC=C(C(=O)O)C1=CC=C1c2ccccc21,C18H14O4S,37
COc1ccc(C=CC=CC(=O)n2cccc(C=CC=C3C=NC=N3)c2=O)cc1OC,C24H21N3O4,52
CC(=NC(=NN1C2=CC=CC21)c1ccccc1C(F)(F)F)c1ccccc1,C21H16F3N3,43
COc1ccc2n(C(C)C)c(=O)n(CCOc3ccccc3)c3ccc-2nc13,C22H23N3O3,51
CCCN(C(=O)c1ccccc1OC)C1C(O)C(=O)N(C)C1CCc1cc2ccccc2s1,C26H30N2O4S,60
COc1cc(C(F)(F)F)c2c(OC3CN(CC4CC4)C3=O)ccc(F)c2c1,C19H17F4NO3,43
CCOC(=O)C1CN(C(=O)c2cccc(-c3ccc(OC)cc3C(F)(F)F)c2)C(=O)C1OC(=O)CN1CCCCC1=O,C29H29F3N2O8,69
CCC(NC(=O)C1=CC=C1)C(=O)NC(C(=O)OC)C(C)C,C15H22N2O4,40
CN1CCN(C)S(=O)(=O)c2ccc3c(c2)SC(=Nc2ccccc2C2=C(NC1=O)S2)N3,C20H19N5O3S3,50
CCCCN1CCN(c2nc3c(s2)=CC=3OC)C1=O,C13H17N3O2S,36
COC(=O)c1ccccc1C=C1C(=O)N(CCCN(C)C(=O)c2ccc(C)cc2)C(=O)N(C)S1(=O)=O,C25H27N3O7S,63
COc1ccc2c(c1)C(=O)N1CCOC(Oc3ccccc3C=C2Br)C2OC(OC1=O)C(O)C2O,C24H22BrNO9,52
C[N+](C)(C)C12CCCC(CCCCCC1=O)C2,C15H28NO+,45
CN1CCn2c1nc1ccccc12,C10H11N3,24
CCN(CC)c1nnc(N(C)C#N)s1,C8H13N5S,27
COC(=O)c1cccc(OCC(=O)O)c1,C10H10O5,25
CN(C)CCN(CC(COc1csc(-c2ccc(Cl)cc2)c1)Cc1ccccc1Cl)c1ccccc1,C30H32Cl2N2OS,67
O=C1CCCCCCCCCC2=CC2=Cc2cc(Cl)ccc21,C20H23ClO,45
COC(C=Cc1ccc(Cl)cc1)=Cc1nc2ccc(F)cc2s1,C18H13ClFNOS,36
COC(=O)C1CCCCCCN(C(=O)COc2cccc(Cl)c2)C(=O)C(=c2c3cccc2cc(Cl)c3)S(=O)(=O)N1,C28H28Cl2N2O7S,67
CCCC(=O)N(CC)S(=O)(=O)C1=CC2=CC(F)(F)C2=C1,C13H15F2NO3S,35
COC(=O)C1CCCCN2CCOC(Cl)=CC=C(Cl)N1C2=O,C14H18Cl2N2O4,39
C=CN1CCN(c2ccc(OC)cc2)C(=O)Nc2nc(sc2C)NC1=O,C17H19N5O3S,45
CCCCC(=O)NC(=O)C1=CC(Br)=C1,C10H12BrNO2,26
O=C1OC2CCCC3CN4CCCC(CCN1C2)(C3)C4=O,C16H24N2O3,44
COc1ccc(C=C2C=CC=CC=C2)c(CN2c3nc2[nH]c(=O)n3)c1,C19H16N4O2,40
CCC1CCN(CCCn2nc3c4nnc([nH]4)c4ccc(c(OC)c4)n3c2=O)C1,C20H25N7O2,53
O=C(COc1ccc(C(F)(F)F)cc1)N1CC2Oc3cc1ccc32,C17H12F3NO3,36
CCOc1ccc2cc(CN3C(=O)N(C)CCCCC3C)ccc2c1,C21H28N2O2,53
CCc1nc(C2=CC=C(OC)C(OC)=CC(Br)=C2)nc(N(C)C)n1,C17H21BrN4O2,45
O=C1c2cc3nc(c2)N(CCCN2CCCN1CCC2)C3,C16H22N4O,43
C=CC(=O)Nc1ccc(C(F)(F)c2ccccc2)cc1,C16H13F2NO,33
CN1CC(=O)N(C(C)(C)c2ccc(Cl)cc2)CCC(NC(=O)c2cc(Cl)ccc2C#N)C1=O,C24H24Cl2N4O3,56
CC(C)(C)C1=CSc2nn(S(=O)(=O)c3cccc([N+](=O)[O-])c3)c(=O)n2C1,C15H16N4O5S2,42
C=c1sc(NCC)nc1=C1C=C1,C9H10N2S,22
COc1ccc(S(=O)(=O)N2CCc3ccccc3-c3ccc(C(=O)N4CCCCC4)cc3C2C)cc1,C29H32N2O4S,68
NC1=NC=CC(O)=CC=C2C=CC=C2CN1S(=O)(=O)c1ccc(Cl)c([N+](=O)[O-])c1,C18H15ClN4O5S,44
COc1ccc(OC)c(OCCn2cccc2-c2cc(OC)ccc2C(=O)N2CCC2)c1,C25H28N2O5,60
COc1ccc2c(C=C3C=CN=C(N)N3)cccc2c1,C16H15N3O,35
CCCCCCCCN1C(=O)c2ccc(C)c(c2)C1=O,C17H23NO2,43
Cn1c(C(=O)N2CCCC2)cc2ccccc21,C14H16N2O,33
C=C1CC(C)(C)C1=O,C7H10O,18
O=C1c2ccccc2C(=O)N1CCCCCN1CCCC2CCCCC21,C22H30N2O2,54
COc1ccc(C(F)(F)F)cc1-c1cccc(N2CC3C(CN3C)NC2=O)c1,C20H20F3N3O2,46
CCCCN1CCCCCC(=O)N2CCCN(C(=O)c3nc1nc1c3=CC=1)C2=O,C21H27N5O3,56
OB(O)NCc1ccccc1C1=CC=C1Nc1nc2ccccc2s1,C18H16BN3O2S,40
O=C1C=CCCCN1S(=O)(=O)c1ccccc1,C12H13NO3S,30
COc1ccc2c(=O)n3c(cc2c1I)C=CC(=O)N(C(C)C(C)O)CCCCC3,C22H27IN2O4,54
CCN1CCN(CCCOC(=O)N2N=C=NC2=Nc2cc3c([N+](=O)[O-])cc2=CC=CC=3)CC1,C22H25N7O4,58
O=C(Nc1ccccc1Nc1ccccc1)C1c2ccccc2N1C(=O)Oc1cc(Cl)ccc1F,C27H19ClFN3O3,53
CC(C)(CCCCN1CCCCCCOC1=O)c1ccc2nc1C#C2,C21H28N2O2,53
CSc1nnc(CCN2C(=O)C(NC(=O)c3ccccc3Cl)CN(C)C2=O)n1-c1ccc(Cl)cc1,C23H22Cl2N6O3S,57
CS(=O)(=O)c1cccccc(C(=O)Nc2ccc(Cl)cc2)c(N2C(=O)CNC2=O)cc1,C21H18ClN3O5S,49
CN(C(=O)Nc1c2cccc1OCO2)C(=O)c1ccccc1,C16H14N2O4,36
COC(=O)c1ccccc1OC(=O)c1cccccc2cc-2c1,C19H14O4,37
COC(=O)C1CCCN1C(=O)N(CCC1CC1)C(=O)c1ccccc1,C19H24N2O4,48
CN=[N+]=Nc1ccccc1[N-]c1ccccc1C(Cl)=CC=CNC(=O)N(C)C,C20H21ClN6O,48
CCCc1cn(CCCCN2CCCC2)c(=O)c2ccccc12,C20H28N2O,51
CCOC(=O)OC(OC)OC,C6H12O5,23
COc1cc(C)ccc1[N+](=O)[O-],C8H9NO3,21
Cc1ccc(N(CC(C)O)c2cccc(-c3cccc(-c4ccccc4)c3)n2)cc1,C27H26N2O,55
COc1cc(C(=O)N(C)C(=O)CC2=C(Cl)C=C2I)ccc1I,C15H12ClI2NO3,34
C=CC=C1N=C(NC)Nc2ccccc21,C12H13N3,27
Cc1ccccc1C(F)(F)c1ccc(S(=O)(=O)N2CCNC2=O)cc1,C17H16F2N2O3S,40
COC1=CN(C)CCN(C)C(=O)c2cc(-c3nnc(-c4ccccc4)[nH]3)ccc21,C22H23N5O2,51
CC(=O)N1CCCN(C(=O)c2ccc([N+](=O)[O-])cc2)CCOc2ccccc21,C20H21N3O5,49
COC(=O)C(=CN1C(=O)N2CCCCCC1C(C)C2=O)[N+](=O)[O-],C14H19N3O6,40
CCOC1=CC1=Cc1cc(CN(C(=O)c2ccc(OC)cc2)C(=O)S(C)(=O)=O)ccc1OC,C24H25NO7S,58
NC1=CC=CC=CNC=CC=C1Br,C10H11BrN2,23
CCSc1nnc(SC(=NC2=CC=C2)Sc2ccccc2C(=O)N(C)CC)s1,C19H20N4OS4,48
C(=NN=Nc1ccccc1)=Nc1nnc(-c2ccc(OCCOc3ccccc3)cc2)s1,C23H18N6O2S,50
NC(=O)N(C1=Cc2ccccc21)c1ccccc1F,C15H11FN2O,30
O=C([O-])CN(CC(=O)NCC1CCCCN1C(=O)Nc1nnc(-c2cc3cc-3c2)[nH]1)C(=O)[O-],C20H21N7O6-2,52
CC(=O)NC(OS(=O)N(C)C(=O)NC1C(O)C1O)C(O)C(O)C(O)C1OC(C)C(O)C(O)C1O,C17H31N3O13S,53
CCCCN(C(=O)C(=Cc1cccc2c1-c1cccc(c1)C2=O)S(=O)(=O)N(C)C)C(C)C,C25H30N2O4S,62
CCCCCCCCCCCCCSc1c(C(=O)OCC)c1=O,C19H32O3S,55
CN(N=c1nc2cccc1C1=CC=CC2=CC(Br)=C1)C(=O)NC(=O)c1ccccc1,C23H17BrN4O2,47
NC(=O)C1=C(Br)C(Cl)=C1,C5H3BrClNO,12
COC(=O)C1COC(=O)C2C1C(OS(=O)(=O)C(F)(F)F)CCS(=O)(=O)N2C(=O)C(C)C,C15H20F3NO10S2,48
C=CC=Cc1nnc(C(=O)NC)n1-c1ccccc1,C14H14N4O,33
O=[N+]([O-])c1cccc(CN2c3nnc(s3)-c3ccc(cc3)S2(=O)=O)c1,C15H10N4O4S2,35
COc1ccc(C(=O)NC(=O)c2ccccccc3c(c2)C(=O)NC3)cc1,C21H18N2O4,44
CC(C)(C)CN1C(=O)C2=C(C=C2)C(=O)N2CCCCCN(CC2)c2ccc(cc2)S1(=O)=O,C24H31N3O4S,63
COC(=O)C(CC(OC(=O)c1ccc2c(c1)C(=O)N(C)C2=O)C1CCCCC1)NC(=O)c1ccccc1,C28H30N2O7,64
CCC1CCCC(=O)N(CCOC(=O)c2ccc(OC)cc2)C(=O)C1,C19H25NO5,50
CCC(=C1C(=O)N2CCCC1(C)CC2)c1ccccc1,C18H23NO,43
CC1=CC=C2N=C(N)NS(=O)(=O)c3cccc(c3)N=C1NC2=O,C14H13N5O3S,36
CC1=CC=CC=CC=C2CCC(C)N(S1(=O)=O)S2(=O)=O,C13H17NO4S2,36
C=NC(Cl)=Cc1ccc(OC)cc1N(C)c1ccccc1N(C)C,C19H22ClN3O,46
CCN1CCc2cccc(c2)C(=O)NC1=O,C12H14N2O2,29
O=c1[nH]c(Cl)c(F)c(Cl)c1F,C5HCl2F2NO,11
CCCCCCCn1c(C(=O)O)ccc(S(=O)(=O)N2CCC(CCCC)CC2)c1=O,C22H36N2O5S,66
NC(N)=NC(C=Cc1ccc(F)cc1)=Cc1ccccc1,C17H16FN3,37
CCCCCN1C(=O)CCC(=O)C2=CC=C3C(=CC=C(C1=O)C3(F)F)C2=O,C20H19F2NO4,46
CCN(C(=O)c1ccc(C)cc1)C(=O)N(C)C1=NC(NC(=O)N(C)C(=O)c2ccccc2)(SC)S1,C24H27N5O4S2,62
CCN(CC)C(=O)c1ccc(OC)cc1SC1=CC=C2C(=CC=C1)C2=CC=C1C(=O)NC1=O,C26H24N2O4S,57
CN(CCCN1C(=O)N(CCN2C(=O)NC(=Cc3ccccc3)C2=O)C1=O)C(=O)c1ccccc1,C25H25N5O5,60
CCNC(=O)[N-]C(=Cc1ccc2cc-2[n+]1=O)[N+](=O)[O-],C11H10N4O4,29
CCCN(C(=O)N(C)C)C(=O)N(C)C(=O)N(CC)C(=O)OC,C13H24N4O5,46
O=C1NC(=NC2=CC=C2Cl)N1CCN1CCCCCCCCC1,C17H25ClN4O,47
CCCCN1CCN2CCN(C(=O)c3c(ncn3-c3ccccc3OC)C2=O)C1=O,C21H25N5O4,55
COc1cccc(C(=O)c2ccccc2C=C2C(=O)OCCCCOC(=O)COC2=O)c1,C24H22O8,54
COC(=O)c1c(OC)ccc2c1-c1c-2ccc(OC)c1OC,C17H16O5,38
CN(C)CC1OC(CC(C)(CCc2c3cccc2-3)c2ccccc2)C2OC12,C24H29NO2,52
C=C(C1=Cc2cccc1c2)c1cccnc1N(C)CC,C18H18N2,38
CCOC(=O)NC(C#N)=C(C)Br,C7H9BrN2O2,21
ClC(=CC(Cl)=C(Cl)CC1C2OC3C1C23)C(Cl)=C(Cl)Cl,C12H8Cl6O,22
CCC(=O)NC(CC)C(=O)c1ccc2c3ccc(C(C)(C)C)c2c13,C21H25NO2,48
COc1ccc(COS(=O)(=O)c2ccc(S(=O)(=O)O)cc2)cc1,C14H14O7S2,37
CN(CCc1ccc(C(F)(F)F)cc1)c1nc2nn1-2,C12H11F3N4,30
Cn1c(=S)sc(=S)n(CCCCC(=O)N2CCCN(C(=O)c3ccccc3)C2=O)c1=O,C20H22N4O4S3,53
CC(=O)CCCl,C4H7ClO,13
CCC(CC(C)C)n1c2nnc1N1CC3=CC(=C3)C1=N2,C15H19N5,39
O=C(c1ccccc1)N1CCCCSC1=NN(C(=O)c1ccccc1)c1ccc(Cl)cc1,C25H22ClN3O2S,54
CCCCN(CCC)C(=O)c1c2nc(n(CCN(C)C(=O)c3ccc(F)cc3)c1=O)S2,C22H27FN4O3S,58
O=C(O)c1c(O)cccc1-c1ccc2cc1-2,C13H8O3,24
C=C(Br)C=C(Cl)c1ccccc1N=C(NC)N(Cc1ccccc1)c1ccccc1[N+](=O)[O-],C25H22BrClN4O2,55
C=CC1=CC(OCC(=O)NS(=O)(=O)c2ccccc2)=C1,C14H13NO4S,33
COc1ccccc1C(=O)N1CCN(C)C(=O)C1C(C)c1cnc(-c2ccccc2)[nH]1,C24H26N4O3,54
CCOC1=Cc2ccc(-c3cccc4ccccc34)c(c2N2CCN(CC)C2=O)C=C1,C27H26N2O2,57
CCCCCCCCCN1CC=C2C=C2C(=O)N(C)CC1,C18H30N2O,51
CCCCCCN(CCN1CCCC1)C(=O)c1ccc2cc(-c3ccc(F)cc3)ccc2c1,C29H35FN2O,68
C=CC=C1C=C1C(=O)NCCN(C(=O)N(C)C)c1nc(Oc2cccc(F)c2)c(C)s1,C22H23FN4O3S,54
CCN(CCN1CCC2CN(C(C)=O)CCN2C1=O)C(=O)c1cc2ccc1c(OC)c2,C23H30N4O4,61
COC1=CC=CC(=O)NC(=O)c2ccc(OC)cc21,C14H13NO4,32
O=S(=O)(O)Oc1cccc(-c2ccc(Cl)cc2)c1,C12H9ClO4S,27
COc1ccc(C(=Nc2ccccc2)c2cccccc(C)ccc2)cc1OCC1OC(=O)N(C)C1=O,C30H28N2O5,64
C=CC=Cc1ccc(CN(CCCN(C)C)C(=O)N(C)c2ccc3cc2-3)c2ccc(OC)cc12,C29H33N3O2,67
CCN(C(=O)N1C=CC=C2N3C(NC(=O)c4cccc(C(F)(F)F)c4)=NC213)c1cc(OC(C)=O)ccc1C,C26H22F3N5O4,60
CCC(CCSc1nnc(C2=C3C=C32)[nH]1)Nc1ccccc1,C17H18N4S,38
CCN(CCNC(=O)c1ccccc1)C(=O)c1ccc2cc1-2,C18H18N2O2,40
O=C1c2c(c3ccccc3c(=O)c3ccccc23)N2CCCCCCN1CC2,C24H24N2O2,52
CCCn1c2nnc1N(C)C(N(C)C(=O)c1ccccc1)=NC=NC(c1ccccc1)=N2,C23H24N8O,56
O=C(Nc1nnc(-c2cccccccc(=O)[nH]c2=O)s1)c1ccccc1,C19H14N4O3S,41
O=S1(=O)c2cc3c(cc2-c2cc(C(F)(F)F)ccc2Br)NN=C(S3)N1COc1ccccc1,C21H13BrF3N3O3S2,45
CC(C)(C)C1=C2C(=O)N3CCCCC3C(O)C2=C1,C15H21NO2,37
O=C(C1=CC2(Br)C(CCN3CCN2CC3)C(F)=C1)N1CCCC1,C17H23BrFN3O,46
COc1ccc(S(=O)(=O)N(C)C(=O)Nc2nn3cccc3s2)c(Br)c1,C14H13BrN4O4S2,38
C=CC=C1CCC2CCN1C(=O)N2,C10H14N2O,26
CN1C(=O)C=C(Nc2cccc(Cl)c2)c2ccc1cc2,C16H13ClN2O,33
CCCN(CCOC(C)=O)S(=O)(=O)c1c2cccc1C(C(=O)N(C)C(C)=O)=C2,C19H24N2O6S,52
O=C(Cc1ccccc1)N1CCN2Cc3ccccc3N=C2NC1=O,C19H18N4O2,42
CCSC1=Nc2ccc(cc2-c2cc(Cl)ccc2OC)N1,C16H15ClN2OS,36
CCN1CCN(CCN(CC)C(=O)N2c3nc2n(C)n3)C1=O,C13H21N7O2,43
COc1ccc(C(=O)N(C(C)C)C2CCCC2)cc1,C16H23NO2,42
COC(=O)C(C)C(C)(C)C1CCCCC1,C13H24O2,38
CCC(C(=O)N(C)C)n1c(=O)c2ccc(OC)cc2n(C(=O)c2ccccc2)c1=O,C22H23N3O5,52
O=C(NC(=O)c1[nH]c(-c2ccccc2)nc1C(=O)Nc1ccccc1)c1ccccc1,C24H18N4O3,49
COC(=O)c1ccc2c3c(sc2c1)SCC(C=C(C)C(=O)N(C)C(=O)c1ccc(OC)c(C(F)(F)F)c1)=C3,C27H22F3NO5S2,60
OC1C2OCCOC(O2)C(OC(Cl)(Cl)Cl)C1O,C8H11Cl3O6,23
C=Cc1ccc2cc1N1CCN(CC1)c1ccccc1N1CCN(C2)C(=O)C1,C23H26N4O,54
CNC(=O)C1=C([N+](=O)[O-])SC=C(C(=O)N(C)C(=O)N(C)C)S1,C11H14N4O5S2,36
CCC(CC1C2OC1C1OC2C1OC(=O)c1ccccc1)C(=O)OC,C19H22O6,40
CC(=O)N1C(=O)C(=C2C=C(Cl)c3ccccc3C2(F)F)C(=O)N2CCOCCCC1C2,C22H21ClF2N2O4,51
COc1ccccc1NC(=O)C(=O)NC1=CC=C1,C13H12N2O3,30
N#Cc1ccc(C(=O)NC(CCCCC2CCCC2)C2CCC2O)cc1,C22H30N2O2,53
O=C1CCCN(C2=NS2)C(=O)c2cc(F)cc(=O)n2CCCN1CCN1CCCCC1,C21H28FN5O3S,59
CCN(C(=O)c1ccccc1)C(=O)N1CCN2CCCC1C2=O,C17H21N3O3,43
CCCCCCCCCCCCc1cc(C(=O)CCCCCC)c(=O)oc(=O)c1,C25H40O4,69
Cc1ccc(NC(=O)NCC(=O)Nc2nc3ccccc3s2)cc1,C17H16N4O2S,39
CN(C(=O)N1CCC1)S(=O)(=O)c1c2cccc1SC=C2,C13H14N2O3S2,34
COc1ccc2c(c1)C(=O)NC1CNC(=O)NCCC1NC(=O)c1cc(F)ccc1-c1ccc(OC)cc1-2,C28H27FN4O5,63
CCCCCCCN(CCCC)C(=O)C1=C2SC(=S)N(C2=O)C1=O,C17H24N2O3S2,48
CCOC1C(O)C(O)C(NC(=O)C2=CC(CC)=C2)C1O,C14H21NO5,36
O=[N+]([O-])C1=CC1=CC=NNc1ccc(Br)cc1,C11H8BrN3O2,25
CCCC(=O)N1C(=O)C=C2C=C2N=C1SC,C11H12N2O2S,28
CCCC1N=C2SCCCN2C(=O)c2ccccc21,C15H18N2OS,37
CCC1=CC1=CC(=O)OC(C)(C)C,C11H16O2,29
CCCN(C)c1ncc(C(=O)Nc2ccccc2Cl)n1-c1ccccc1[N+](=O)[O-],C20H20ClN5O3,49
COc1cccc(C2=NC3=C2CCN(C2CC4CCCCCCC2CC4)C3=O)c1,C25H32N2O2,59
CC(=Nn1ncn(-c2ccccc2)c1=O)C(=O)NS(=O)(=O)c1ccccc1,C17H15N5O4S,42
CCN1C(=O)C(O)C2C(C)C2N(C(=O)n2nc(-c3ccccc3)n(C)c2=O)C1=O,C19H21N5O5,46
CCCn1c2n3c(=O)c4cc(ccc4C=CN=2)n(c1=O)CCCNC(=O)C=C3,C20H21N5O3,49
O=C1CC([N+](=O)[O-])=CC=Cc2ccccc21,C12H9NO3,25
O=C1NCCSC(Nc2ccccc2)=Nc2ccc(c(F)c2)OCCn2c(=O)c3ccccc3n1c2=O,C26H22FN5O4S,59
CCC(C(=O)N(C)C1=CC=c2cc3[nH]c2=CC1=C3)N1CCN(C)C1=O,C19H22N4O2,45
O=C1c2cc(Cl)ccc2C=C(c2ccccc2)SC2=CC=CN(CCN3CCN1CC3)C2,C26H26ClN3OS,58
CCN1CCN2C(=O)N(C)c3sc2nc3C(Cl)=CC=C2C=CC=C2NC1=O,C18H18ClN5O2S,45
CCN(C)CCOc1ccccc1-c1nn2c3ccc(nc1-2)c(OC)c3,C20H22N4O2,48
COC1=CC=C(C(=O)OC(C)C(O)C(O)C(O)C(C)OC(=O)c2ccc(OC)cc2)C1=O,C22H26O10,53
O=C1c2c(c3ccc2[nH]3)C2CCN(C3CCN4CCN(CC4)C3)CCCN12,C21H29N5O,53
COc1ccc(Cl)c(OCN2C(=O)NC2=O)c1,C10H9ClN2O4,26
Clc1ccc(CN2CCCC3(CCCCC3)C2)cc1Cl,C17H23Cl2N,43
CN(C)C(=O)C1=CC=C2C=CC=C1C(=O)NC1=CC=C21,C16H14N2O2,34
CCCCCCCN(C(C)=O)C1=C2N=C(N)N=C2NC2=NC2=C1,C16H22N6O,44
C=C(C(=O)N1CCCC1)c1cc2ccc1c(=O)n(CCC1CCCC1)c2=O,C22H26N2O3,52
Cn1c2nc(C(C)(F)F)c1c(=O)[nH]2,C7H7F2N3O,20
COB(O)OB(B(O)O)C(C)=O,C3H9B3O6,21
O=C(O)C(F)(F)OC(F)(F)C(F)(F)F,C4HF7O3,15
CCCN(C(=O)N1CCN2CC=C1C2=O)c1ccc(F)cc1,C16H18FN3O2,40
COC(C=C1NC1=O)=C(OC)C(=O)N1CCCC1,C12H16N2O4,34
CCCN1CCN(C2CCCCC2)C(=O)C#CC1=O,C15H22N2O2,41
COc1cc(C)ccc1N=C1C=CC=C1Nc1ccccc1C(N)=O,C20H19N3O2,43
CCOC(=O)OP(=O)(O)OC(C)C(=O)O,C6H11O8P,26
N#CC(=O)N=C=NC(C=Cc1cccc(C(F)(F)F)c1)=Nc1ccccc1,C19H11F3N4O,38
CC(C)(C)N(C(=O)N(CC(O)C(O)C1C2CCN1C(=O)N2)P(=O)=O)C1=NC=C1Cl,C16H23ClN5O6P,48
O=C1c2nnc3n2CCN1CCCN(CCOc1cc2cc-2c1)CCCCCS3,C21H27N5O2S,56
COc1cc2ccc1c(N1C(=O)N(C)CC(=O)Nc3ccc(cc3)C1(C)C)n2,C21H22N4O3,50
COC1Cc2cc(C(=O)NC(=O)c3ccccc3)ccc21,C17H15NO3,36
CN1N=C2N(C(=O)c3ccccc3)CC1CN2c1ccc(C(F)(F)F)cc1,C19H17F3N4O,43
CCOC(OC1OC(C(O)C(NS(=O)(=O)OC)C(=O)O)OC(C)C1O)C(O)C(O)C1OC(C(O)C(O)C(=O)O)C1O,C20H35NO19S,62
COC(=O)C(C)NC1=NNc2ccc(Nc3c(F)ccc(F)c3Cl)cc2S1,C17H15ClF2N4O2S,40
CCCCCCC(C)(C)C(=O)Oc1ccccc1C(=O)OCC,C19H28O4,51
N#Cc1ccccc1N1CCN(c2ccc(-c3nc4ccccc4n3-c3ccccc3)cc2)C1=O,C29H21N5O,56
CCCCN(C(=O)N(C)C)C1=Nc2ccc(C(=O)N(C)C)c3c(Br)ccc(c23)S1,C21H25BrN4O2S,54
CCC1CCOC(=O)C1,C7H12O2,21
CC(=O)N1C(=O)CN(C)C(=O)C1=CC=Cc1ccc(NC(=O)c2ccccc2)s1,C21H19N3O4S,48
COC(=O)C1=C2C(=O)OCC(=O)CCCCCCCCCCCCCCN(C1=O)C2=O,C23H33NO7,64
COC1=CC=C2C=CC=C2C(OC)=CC(OC)=CN(CCOc2cccc(Cl)c2)C(=O)C=C1,C26H26ClNO5,59
CC1NC(=O)C(c2ccccc2)=CC=CC(=O)N(c2ccccc2)C1=O,C21H18N2O3,43
CSC(C)COP(=O)(O)OP(=O)(O)O,C4H12O7P2S,26
COC(=O)C(O)C1CCCCCCCC=C2C=C2O1,C15H22O4,39
CCOC1=CC2C=CN=C(Nc3cc(OC)c(OC)cc3C(=O)N3C(=O)c4ccc(cc4)NC(=O)C3C(C)O)C12,C29H30N4O7,67
COC(C=CC(=O)Nc1ccccc1)=C1C=CC=c2nc(NC(=O)c3ccccc3)sc2=C1,C26H21N3O3S,54
COc1cccc(Oc2cc3ccc2ccc(C)cc(=O)[nH]3)c1,C19H17NO3,40
COC(=O)C(C)N1CCC=Cc2ccccc2N(C)C1=O,C16H20N2O3,40
Nc1ncc(Cl)c(N(C(=O)c2cccc(F)c2)c2cccc(C(F)(F)F)c2)n1,C18H11ClF4N4O,39
COc1ccc(CCN(C=CC2=CC=C2)C(=O)c2ccccc2C)cc1,C23H23NO2,49
CC1OC1C(=O)O,C4H6O3,12
CCCCCCN1CCCCCCCn2c(=O)c3cc(c-3c2=O)C1=O,C20H28N2O3,53
C=C(C)Sc1nn(-c2ccccc2)c(=O)n1CC,C13H15N3OS,33
O=[N+]([O-])C=CC=C(N=c1nc1-c1ccccc1)[N+](=O)[O-],C12H8N4O4,28
CCN(C)c1nc(-c2ccc(C)cc2OC)c(-c2ccc(C)cc2)s1,C21H24N2OS,49
CN(C=NC1=Cc2cc([N+](=O)[O-])ccc21)C(=O)Nc1ccc(Cl)cc1,C17H13ClN4O3,38
C=CC1=Cc2c(sc3ccc(F)cc23)N(CC)CCN2CCN(C(=O)C2)C(=O)N1,C21H23FN4O2S,52
COS(=O)(=O)c1cccc(-c2cccc(C(=O)N3CCCN(c4ccccc4[N+](=O)[O-])C3=O)n2)c1,C23H20N4O7S,55
CN(C(=O)C(CCNC(=O)c1ccccc1)c1ccccc1)C1=CC=C1c1nnc[nH]1,C24H23N5O2,52
CC1=CN=C1c1ccc([N+](=O)[O-])cc1,C10H8N2O2,22
CCCCCCCCCCCN1C(=O)N(C(C)C)C(=S)C1=S,C17H30N2OS2,52
C=C(NC(=O)N1CCSc2nc3cc(ccc3[nH]2)S(=O)(=O)N(CC)CC1)c1ccccc1,C22H25N5O3S2,56
CCN1CCCCCC(c2cc(OC)cc(C(F)(F)F)c2)=NC=C(C2=CC=C2[N+](=O)[O-])C(=O)NCCC1=O,C26H29F3N4O5,67
CCC(O)C(OC(=O)C(C)C(C)C(=O)O)C(O)C(O)C(O)C(O)C(O)C(CC)OC(C)=O,C20H36O12,58
CC(=CC=Cc1cccc(F)c1)Sc1nnnc(C)n1,C14H13FN4S,33
CC(=O)N(CCOc1ccccc1)C(=O)c1ccc(C(=O)N(C)C)cc1,C20H22N2O4,48
CCN1CCN2CCCN(C(=O)c3ccc4n(C)c(=N)c1ccc3-4)C2=O,C19H23N5O2,49
CN(C)C1CN(C(COc2ccccc2F)c2ccc([N+](=O)[O-])cc2)C1=O,C19H20FN3O4,45
CCCCC1CCCCN2CCN(CC1)C(=O)c1cc(ccc1F)C2=O,C21H29FN2O2,55
CCC(C)=CC=c1c(OC)ccc2[nH]c(CC)nc1=Nc1ccccc1-2,C22H25N3O,50
COc1ccc2c(c1)C(=O)N(CCCCN1CCCCCC1)c1ccc-2s1,C22H28N2O2S,55
C=C(C=CC=Cc1ccc(-c2nnnn2CC)cc1)S(=O)(=O)c1ccc(F)cc1,C21H19FN4O2S,48
CCCC(=O)Nc1nnc2n1-c1cc(C(=O)C(=O)N(CCC)C(=O)c3cccc4c3=CC=4)ccc1-2,C26H23N5O4,58
C=CC=Cc1ccc(-c2nnc(-c3ccccc3C(=C)c3nnc(NC(=O)c4ccccc4)[nH]3)[nH]2)cc1,C29H23N7O,59
Cc1ccc(C=CC=C2C=[N+]2c2ccccc2)cc1,C18H16N+,35
C=c1cc(OC)c2c(OC)c(c(=O)[nH]c(=O)[nH]c1=O)=CC=C([N+](=O)[O-])C=C2,C17H15N3O7,42
COC(=O)c1cc(OC)ccc1CCCN1C(=O)CC=CC=CC(C)=CC=C2SC1=NC2=O,C25H26N2O5S,59
CSc1nc2c(s1)C(=O)N(C)C(=O)c1ccccc1NC2=O,C14H11N3O3S2,33
COC(=O)OC(C)C(O)C(C)OC(=O)C(=CC=Cc1cccc(C)c1)c1ccc(Cl)cc1,C25H27ClO6,56
COc1ccc(C(=O)OCCC2CCCC2)cc1,C15H20O3,38
CC1=CC(N2CCCN3CCN(CC3)CCN3CCCC2C3=O)=N1,C18H29N5O,52
C=C(Br)C(Br)=Cc1c(C(=O)O)[nH]c(C(=O)N(C)C(=O)c2cccc(Br)c2)c1-c1ccc(C(=O)OC)cc1,C26H19Br3N2O6,55
CCN1CN2C(=O)N(Cc3ccccc32)c2ccc(cc2)C1=O,C18H17N3O2,40
C=CC=Cc1nnc(C(=O)c2ccccc2)[nH]1,C13H11N3O,27
CCCCN(CC)C(=O)C1=CC=C2C(=O)N3CCN(CC3)C(=O)C1=CC1=CC2=C1,C23H27N3O3,56
O=C1NC=COC(=O)c2ccccc21,C10H7NO3,21
O=S1(=O)C=CCCN1CCN1CCCC1,C10H18N2O2S,33
O=C1N2CCCN1CCN(c1cc(F)cc([N+](=O)[O-])c1)C=NCC2,C15H18FN5O3,42
C=C(CCCC)N=C1SC(=S)S1,C8H11NS3,23
Cn1c(=O)[nH]c2sc(Sc3c(C(=O)N4CCCCC4)cc4cccccc3-4)nc2c1=O,C22H20N4O3S2,50
COC(=CC=C(C(=O)N(C)C(=O)c1ccccc1)c1ccccc1)C=C(C(=O)O)C(Cl)=CC=CCl,C27H23Cl2NO5,58
CN(C(=O)NC1=C(C(=O)Nc2ccccc2)S1)c1cccc(Cl)c1,C17H14ClN3O2S,38
C=C(C(=O)O)C1=CC=C1OC,C8H8O3,19
COC(C#N)=Cc1cc2ccccc2n1C1CCN2CCN(C1)S2(=O)=O,C18H20N4O3S,45
C=C1C=CC=CC=Cc2ccc3c(c2)CN(CCN(C)C(=O)N1)C(=O)N3,C20H22N4O2,48
O=C1C(N(C(=O)Nc2cccc(F)c2)c2nccs2)CCN1Cc1ccccc1,C21H19FN4O2S,48
CCCC(NC(=O)N(CCC)C(=O)c1ccccc1)C(=O)Nc1ccccc1,C22H27N3O3,54
CCCN(CCC1C=C(Cl)C=CC1)C(=O)c1cccc(S(=O)(=O)c2ccc(Br)cc2)c1,C24H25BrClNO3S,56
CCn1c(=O)[nH]c2nc(c3ccc(Cl)cc(OC)c-3c1=O)N=C=N2,C15H12ClN5O3,35
COc1ccc(Cl)c(-c2cccc(C(=O)N(C)C)n2)c1,C15H15ClN2O2,35
O=[N+]([O-])c1ccc(C(F)(F)F)cc1Cl,C7H3ClF3NO2,17
CCN1CCN(C(=O)C(=CCl)C(=O)N2CCCC2)CC1,C14H22ClN3O2,42
CCN(C(C)=O)C(=O)C1=CC=C(C(=O)N2CCC2C)C=CC=C1SC,C19H24N2O3S,48
Cc1ccc(CCCCCC(=O)c2ccc(CC(C)C(=O)c3ccc(C)cc3)cc2)cc1,C30H34O2,66
CCCC1CCn2c(=O)c3cc(C(=O)C(C)(C)C)ccc3c(=O)n1c2=O,C20H24N2O4,50
Cc1cc2cc3c(Cl)ccc(c13)S(=O)(=O)N(CCCC(C)(C)C)CCN1CCN2C1=O,C23H30ClN3O3S,61
CN(C)C(=O)Nc1ccccc1NC(=O)c1cccs1,C14H15N3O2S,35
C=C(F)c1ccc([N+](=O)[O-])cc1C(=O)c1ccccc1,C15H10FNO3,30
CCC1=C(C(=O)NC)C(=O)O1,C7H9NO3,20
CN(Cc1ccccc1)C(=O)N(c1ccc(F)cc1)c1nnc(-c2ccccc2)n1C,C24H22FN5O,53
O=C(Nc1ccccc1SC(=Nc1cccc(Cl)c1)Nc1ccccc1)c1ccccc1,C26H20ClN3OS,52
COc1ccc(C2=CC(c3ccc(OC)cc3F)=N2)cc1,C17H14FNO2,35
CC(C)(COS(=O)(=O)c1cccc(F)c1)N(CC#N)C(=O)c1cc(F)cc(Cl)c1,C19H17ClF2N2O4S,46
CCC1C(NC(=O)c2ccc(F)cc2)C(=O)N1c1ccc(C(F)(F)F)cc1,C19H16F4N2O2,41
COC1=CC=CC1=CC=Cc1ccccc1CN(C)C(C)=O,C19H21NO2,43
CC(=NC1CCCCCC1)c1ccc([N+](=O)C2=CC3=CC=C2C3(F)F)cc1,C22H23F2N2O+,50
C=C1C=CC=CC=C2c3cccc(c3C=CC=Cc3cccnc3NC(N)=O)CCN2C1=O,C27H24N4O2,57
COc1ccc(N2CCN(C(=O)c3[nH]c4cc3-4)CCC2C)cc1,C18H21N3O2,42
O=C1C=CC#CC(=O)N2CCCCC2CCCN1CCCOc1cc(Cl)cc(Cl)c1,C23H26Cl2N2O3,55
C=C1C(C(=O)c2ccccc2C(=O)Nc2ccccc2)=CC=Cc2nn1c(=O)n2C,C23H18N4O3,48
CN(CCc1ccccc1C(=O)N1CCCCC1)CCC1CN2CCN1CC2,C23H36N4O,64
C=CC=C1C=C(OCC)c2ccccc2CN(S(=O)(=O)c2ccccc2F)C1C(=O)OC,C24H24FNO5S,55
COC1=CC2=CC=c3c([nH]c(=O)n3CCN3CCN2CC3)=C1,C16H20N4O2,42
C=C1C=CC(C=Cc2ccc(NC(=O)N3CCN(C)CC3)cc2)=C1,C20H23N3O,47
O=C(OCCCCCCCN1CCC#CC1=O)c1ccc(F)cc1,C19H22FNO3,46
CCCN1CCN(c2nnc(N(C(=O)c3csc(OC)n3)C3CCCC3)s2)CC1,C19H28N6O2S2,56
CC(C)C(=O)c1ccccc1,C10H12O,23
O=C(O)C(=CC(Cl)=CC=Cc1ccccc1NC(=O)c1ccc(Cl)cc1)C(=O)N1C(=O)NC1=S,C23H15Cl2N3O5S,49
CCCN(CCN1CCN(c2nc3ccccc3s2)C1=O)Cc1ccc(Cl)cc1F,C22H24ClFN4OS,54
COc1ccccc1C(=O)N(C)C(=O)C(=CC=C1C=CC=C1)c1ccccc1OC=O,C25H21NO5,52
COc1cccc(C(=O)N2CCN(CCN(Cc3ccc(Cl)cc3)S(=O)(=O)c3ccc(F)cc3)C(=O)C2)c1,C27H27ClFN3O5S,65
CCCCCCc1nc(C(=O)N2CCCC2)[nH]c1-c1ccc(C(=O)N2CCCC2)cc1F,C25H33FN4O2,64
COc1ccc2c(c1N1CCN(C)CC1)C1=CC=C1C(=O)N1CCC(C1)O2,C21H25N3O3,52
O=C(NC1=CC=C2C=C(Cl)C=C21)N(C(=O)N1CCC1)c1ccccc1Cl,C19H15Cl2N3O2,41
CC(C)Nc1nccn1-c1nnc(Nc2ccc(F)cc2)n1-c1ccccc1,C20H20FN7,47
CCN1CCN(c2nnc(NC#N)s2)C(=NC=CC=CC=C(C#N)C=CC(C)=CC=Cc2cccc(Cl)c2)C1=O,C29H27ClN8OS,66
CCCC(C)=CC(C(=O)OC)N1C(=O)c2cc(c(C(=O)OC)s2)C1=O,C17H19NO6S,44
CCCCOc1ccc2cc-2c2ccccc2c(C(=O)OCC)c1,C21H22O3,46
CC1=C(c2ccccc2C(=O)NC(=O)c2ccccc2Cl)N1,C17H13ClN2O2,33
CC1OC1OC(c1ccccc1)(c1ccccc1)c1cccc2c1=CC=2,C24H20O2,44
CC(=O)NC1=NC(C)=Cc2cccc(c2)S1,C12H12N2OS,28
C1=Nc2nc3ccccccc[nH]c4nc([nH]c5ccc(cc5)[nH]c([nH]2)=N1)[nH]c34,C20H17N9,44
O=S1(=O)N2CCCCCN1CCC2,C8H16N2O2S,29
O=C1CCC2C(=O)N1CCCc1cccc(n1)N1CCCOc3ccccc3C(=O)N2CC1,C25H28N4O4,61
Cc1c(C(=O)N2CCN3CCN(CCCCC2=O)C3=O)sc2ccccc12,C20H23N3O3S,50
COC1=CC=C(OC)c2ccc(OC)c(=O)n2CC1=O,C14H15NO5,35
CC(C)(C)CCN(Cc1ccccc1)c1nc2nn1c1nc3c(cc2=CC([N+](=O)[O-])=CC=3)s1,C24H24N6O2S,57
CN1CCCCc2ccc(c3cc(S(=O)(=O)N4CCCC4)ccc23)C1=O,C20H24N2O3S,50
CN(C)C1CN2CCN(CCCCCCn3c4nnc3C3=C(C2)C4=C3)C1=O,C20H28N6O,54
O=C(O)C=CC=C(C(=O)c1ccccc1)c1ccccc1,C18H14O3,35
CCN(CC)C(=O)C(C(=O)N(C)C)N(C(=O)c1ccc(F)cc1)C(=O)N1CNC1=O,C19H24FN5O5,53
Cc1ccc(S(=O)(=O)N2CCCN(CCNC(=O)c3ccc4cc3-4)S2(=O)=O)cc1,C19H21N3O5S2,50
COC(=O)CC(C)c1ccc2c(c1)C(=O)NC2=O,C13H13NO4,30
CCCN1c2ccc(c(C(=O)N(C)CCCCc3ccccc3)c2)-c2ccc3[nH]c1nc3c2,C28H30N4O,62
CNC(=O)N(C)C1=NC([N+](=O)[O-])=N1,C5H7N5O3,20
CC(C)(C)CN1C(=O)c2cc(-c3ccc(C(F)(F)F)cc3)nc1n2,C17H16F3N3O,40
COC1=CC=C2C=CC=C1C=C(Cl)C=C2C(=O)N(C)C,C16H16ClNO2,36
Cn1c(-c2cccc([N+]([O-])([O-])c3ccc(Cl)c(Cl)c3)c2)n[n+]2c1NC2=O,C16H11Cl2N5O3,37
CN(C)CCn1cnc2ccc(Oc3ccc(C(F)(F)F)cc3)cc21,C18H18F3N3O,43
CC(C)(C)OC(=O)C1C2OC(=O)C1C2CCCCCC1CCCCC1,C21H34O4,56
O=C1CCC(=O)N2CC(=O)N1CCCCCCCCCCCCCCC2=O,C21H34N2O4,61
COC1=CC=Cc2c(ccc3ccccc23)C(C(=O)NC2CCOC2)=C1,C22H21NO3,46
CC(=O)OC1C(C(=O)O)NC(=O)NC(C)C(C)OC(C(C)O)OC(OC2C(O)C(O)C(O)C(O)C2O)C(O)C1O,C22H38N2O16,63
CC1(C)CCC(c2nc3sc2-3)C1,C10H13NS,25
CN1CCN(C2=CC=C(Nc3cccc(C(=O)Nc4cc(Cl)ccc4Cl)c3)C=CC=C2)CC1,C26H26Cl2N4O,59
CN(C(=O)N1CCOC1=O)c1ccc(Cl)c(Cl)c1,C11H10Cl2N2O3,28
CN(C)CCN(C)C(=O)N1CCN(C(=O)N(C)C(=O)c2ccccc2)C2=CC=Cc3ccc2c1n3,C26H30N6O3,65
COc1cccc(NNC(=O)NC2=CC3=CC(=CC=C2)C=CC=C3)c1,C20H19N3O2,44
CCCCCCCCCCCCN1C(=O)COC1=O,C15H27NO3,46
COC1=Cc2ccccc2-c2nc(nc(C(F)(F)c3ccccc3)n2)N(C)CC(=O)N1,C22H19F2N5O2,50
O=C(O)c1ccc(C2=NC(N=Cc3ccccc3)=N2)cc1,C16H11N3O2,32
CCCN(CC)CCN(C(=N)NC(=O)Nc1ccccc1)c1ccc(NC(=O)c2ccccc2)cc1,C28H34N6O2,70
CCCCCCCN(C)C(=O)OCCC(=O)O,C12H23NO4,40
CCCSC=C(C=C(C(=O)N1CCN(C)C(=O)C1)c1ccccc1)S(=O)(=O)N1CCCC1,C23H31N3O4S2,63
CC(C)CCN1C(=O)C2=CC(=O)c3ccccc3C(=O)OCC(OC2=O)C1C(C)(C)C,C24H29NO6,58
CCN1CCN(C(=O)C2=CC=CC(C)(C)C2=Nc2nc3ccccc3[nH]2)CC1,C22H27N5O,55
CN(C)C(=O)N(C)C(=O)c1ccc2c(c1)C2(F)F,C12H12F2N2O2,30
CNS(=O)(=O)c1ccccc1-c1cnc(NC(=NC2=CC2=CC=C(Cl)C(F)(F)F)c2ccc(Cl)cc2)s1,C24H17Cl2F3N4O2S2,54
CCCCCCC(=O)N1C(=O)C(CCCCC)C1C(OC(C)=O)C1=CC2=CC=C1C2=O,C25H33NO5,61
CN1C(=O)C2(C(=O)Nc3cc(Cl)ccc3S(=O)(=O)c3ccccc3)C(C(F)(F)F)CC12Oc1ccccc1,C26H20ClF3N2O5S,58
COc1ccc(C(=O)N(CC(C)=O)C(=O)c2ccc(Cl)cc2)c(Cl)c1,C18H15Cl2NO4,40
COc1cccc(C(=O)N2CCN(C(=O)N(C)C)c3ccccc3OC(F)(F)c3ccccc3NC2=O)c1,C27H26F2N4O5,64
CCN1C(=O)N(CCSc2sc3ccccc3c2C(=O)N2CCCCC2)C(C)C1C(C)OC(C)=O,C26H35N3O4S2,67
CCC(CC)C1C(=O)N(c2ccc(C)c(C=C(C)NC#N)c2)C(=O)N1C,C20H26N4O2,49
COc1cc(Cl)ccc1N(C(=O)C(=O)NC(C)(C)C)c1ccccc1C1=C(C)N1,C22H24ClN3O3,52
CSc1cc(Cl)ccc1C(=O)c1c(C(=O)N2CCCCC2)c1=O,C17H16ClNO3S,39
COc1cccc(Cn2ccnc2N2CCNC(=O)c3ccccc32)c1,C20H20N4O2,46
CC=CC=C(c1ccccc1C)[N+](=O)c1ccc(OC)cc1,C19H20NO2+,42
O=C(C1=C(Cl)C(Cl)=C1)N1CCCCCCCCN2CCCCN(CC1)C2=O,C20H29Cl2N3O2,56
COC1C(O)C(O)C(O)C1OC(=O)c1sc(C)nc1Br,C11H14BrNO6S,29
COc1ccc(C(=C(c2ccccc2I)N2C(=O)NC(C(=O)O)C2C)c2ccccc2)cc1,C26H23IN2O4,54
CN1N=C(Nc2ccccc2)N=C(C2=CC=CC=CC=C2)NC1=O,C18H17N5O,40
C=CC=C(Oc1ccc([N+](=O)N(C)C)cc1)c1nnc(-c2ccccc2)[n-]1,C20H19N5O2,46
C=C(N)C=Cc1ccc([N+](=O)[O-])cc1Nc1ccccc1,C16H15N3O2,35
O=C(NC1=NC(Cl)=CC=C2C=CC=C2S1)Nc1ccccc1,C16H12ClN3OS,34
COC(=CC=C(OC)c1ccccc1)C(=O)NC(C)C(C)N(C)C(=O)c1cccc(F)c1,C25H29FN2O4,59
CCCCC(C)OC(C)C,C9H20O,30
O=C(C=CC=C(c1ccc(S(=O)(=O)N2CCCC2)cc1)N1CCCOC1=O)N1CCCCC1=O,C24H29N3O6S,63
COC(=O)COC(=O)CCc1cc2ccc1-2,C12H12O4,28
CCN1C(=O)c2cc(F)cc(C(=O)OC)c(C(C)=O)c(cc(C(F)(F)F)c2)C1=O,C19H15F4NO5,44
CN(CCN1CCCCC1=O)C(=O)N1Cc2cc(Cl)ccc21,C16H20ClN3O2,42
COC1COC(=O)C=Cc2c3cccc2N3C(=O)NC1COC(=O)C(C)(C)CCOc1ccccc1,C27H30N2O7,64
CCN(C)S(=O)(=O)c1ccc(NS(=O)(=O)c2ccccc2)cc1NC(=NCC(=O)NC1=CC(F)=C1)NC1=NC=C1,C25H26FN7O5S2,66
O=C(NCCC(=O)N1CCCCC1)c1ccccc1,C15H20N2O2,39
CSC1=NC2=CC=C(Cl)C(=CC=C2Cl)N1,C10H8Cl2N2S,23
COc1ccccc1C(=O)NC1=NC2=CC=C(c3cccc4ccccc34)N=CN(C)C(=O)N(C)C(=N1)N2,C28H25N7O3,63
O=C(C=CC=C(Sc1ccccc1)C(=O)Nc1ccccc1)Nc1ccccc1,C24H20N2O2S,49
O=C1C(CCCCCCCC2CCCCCCCC2)OC2C(=O)N1C2=O,C21H33NO4,57
CCCCCCCCCCCCCCCC(=O)[Te]C(=O)I,C17H31IO2Te,52
O=C(NC(=O)C(F)(F)F)NC(F)(F)C(F)(F)C(F)(F)C(F)(F)C(F)(F)F,C8H2F14N2O2,28
CCc1cncnc(-c2nnc3n2CCC3)nc(-c2ccccc2C)c(Cl)c1,C21H21ClN6,49
COC(=O)C(=CC(=O)OC1OC(C(OC(C)=O)C2OC2C)C2OC1C(O)C(O)C2OC(C)=O)c1ccc(C(=O)OC)cc1,C28H32O15,65
CCCCOC(=O)c1cc(OC)ccc1C(=O)OC1C(O)C2OC3OC2C1OC3COC(C)=O,C23H28O11,55
Cc1nc(-c2ccccc2)n(C=CC=Cc2ccccc2Cl)n1,C19H16ClN3,39
O=C(C1=CC=C1)N1CCCCCCC1,C12H17NO,31
CCOc1ccc(C(=O)OC)cc1C(=CC(=O)c1ccccc1)c1ccccc1,C25H22O4,51
CC1=CC23C(=CC=C2NC(=O)N1)C=C1C=CC=CN3S1(=O)=O,C15H13N3O3S,34
CCCCCCCCCCCCCCC1NC(=O)C2CCC(=O)NC2C(=O)N(C)C1=O,C24H41N3O4,69
COc1ccccc1C=C1C(=O)N(C)CCN(C)C1=O,C15H18N2O3,38
CCC1=C(C(=O)N2CCCCC2)C=C1,C12H17NO,31
[O-]O[IH+3]([O-])[O-],HIO4,6
COc1ccc(F)c(-c2ccc(C(F)(F)F)cc2)c1C(N)=O,C15H11F4NO2,33
O=C(c1ccccc1)N1CCCN2CCCCC2C1,C16H22N2O,41
CN(C(=O)c1ccccc1)C(=O)c1ccccc1C(=O)C1=CNC1=O,C19H14N2O4,39
COC1=CC=Cn2cc(N3C(=O)NC3=O)c1n2,C10H8N4O3,25
COC(=O)CCCC1C2OC(=O)C3=CC([N+](=O)[O-])=Cc4ccc3cc4C(=O)OCC2C2OC(=O)CC1C2(C)C,C28H29NO10,63
C=CC=CC=C1N=C(Sc2nc3ccccc3s2)NC1=O,C15H11N3OS2,32
COc1ccc(C(=O)OC(=Cc2ccccc2OC)OC(C)=O)c(C(=O)COc2ccccc2OC)c1,C28H26O9,63
COc1cccc(C(=O)N2CCN(C(N)=Nc3ccc(C(F)(F)c4ccccc4)cc3)C2)c1,C25H24F2N4O2,57
CN1c2nc1n(Cc1cccc(Br)c1)c(=O)n2,C11H9BrN4O,26
O=C(NC(=O)c1cc(Cl)ccc1-c1cccs1)c1ccccc1C(=O)NC(=O)N1CC1=O,C22H14ClN3O5S,46
Cc1nc(N=C(c2ccccc2)N(C)C)n[nH]1,C12H15N5,31
CC(C)(C)OC(=O)OCCCCC1C2OC3OC4C2OC3OC4C1(C)C,C19H30O7,49
C=C(C=C1C(=O)NC(=O)N1C)NC(=O)c1ccccc1,C14H13N3O3,33
COC1=CC1=C(Cl)N=C1Sc2nnc3n2CC(CS3)N2CCN(C2=O)C(=O)N1C1CCCCC1,C21H24ClN7O3S2,58
COc1ccc2c(c1)C(=O)N(NS(=O)(=O)C1=CC=C1)C2,C13H12N2O4S,32
O=c1[nH]c(C2=NN=c3[nH]ccc3=CC=Cc3ccc2cc3)nn1-c1ccc(F)cc1,C22H15FN6O,43
C[Ge](=O)OCC(Cl)(Cl)Cl,C3H5Cl3GeO2,14
CCOC(=O)c1c(-c2ccc(OC)c(C3=CC(OC)=C3)c2)ccc(OC(C)=O)c1OCC,C25H26O7,58
O=C1CCCCC(S(=O)(=O)c2ccc(Cl)cc2Cl)C1,C13H14Cl2O3S,33
COC(=O)C(Cc1cccc(-c2cc3ccc2-c2ccc-3c3ccccc23)c1)N(C)C(C)=O,C29H25NO3,57
O=c1n(C2=CC=C2)nnn1-c1ccc(Cl)cc1,C11H7ClN4O,24
Fc1cccc(N(N=c2c3c2=CC=3)c2ccccc2)c1,C17H11FN2,31
CN(C)c1ccc2c(c1)Sc1nnc(n1-c1cccc(F)c1)NC(=O)Nc1ccc-2cc1,C23H19FN6OS,51
COc1ccccc1C(=O)NC(=O)c1ccc(C(=O)N(C)C(=O)c2ccccc2)o1,C22H18N2O6,48
CN1CCN=C(N2CCN(C(=O)c3ccc(Cl)cc3)CC2)N(c2ccccc2)CCN(C)C1=O,C25H31ClN6O2,65
O=C(Nc1nc2ccccc2c2c1=CC=2)NC1CC1,C15H13N3O,31
C=C(C)C1=C(C(=O)OC(C)C)C(=O)c2ccc(OC(=O)CCC(C)C(=O)OC)c1c2C=C1C=CC=C1,C29H30O7,66
CCN(C(C(=O)Nc1ccc(C(F)(F)F)cc1SC)C(C)OC1=C(C(F)(F)F)C2CC2=C1)S(=O)(=O)c1ccccc1,C27H26F6N2O4S2,65
CN1C(=O)N2CCN(C)C2(n2ccc3ccccc32)Sc2nnc1s2,C16H16N6OS2,41
Cn1c(=O)c(NC(=O)c2ccccc2)ccc(Cl)c2ccc1s2,C17H13ClN2O2S,36
CN(C(=O)NCc1ccccc1)C(=NS(=O)(=O)c1ccccc1)C1=CC=CC1=C1C=C1F,C24H20FN3O3S,52
CCN(CCN1CCC=C(C(=O)Nc2ccccc2)c2ccccc2C1)C(=O)c1ccccc1,C29H31N3O2,65
Cc1ccc2c3ccc(c2c1)C(=Cc1ccccc1F)N3C(=NC(=O)N1CCOCC1)N(C)C,C27H27FN4O2,61
CCN(C)C(=Nc1ccccc1)Nc1c2cccc1-2,C16H17N3,36
CCC(=O)c1ccccc1[N+](=O)c1cccc(C)ccc(-c2cccc(OC)c2)cc1C(=O)OC,C29H28NO5+,63
COc1ccc(Cl)c(C(=O)N2CC3CN(CC4CCCCC43)C2=O)n1,C18H22ClN3O3,47
CN(C(=O)Nc1ccc(Br)cc1)C(=O)Nc1ccccc1O,C15H14BrN3O3,36
O=C(Nc1nnnc2c3ccccccc-3c12)c1ccccc1,C18H12N4O,35
Cc1ccc(OCCNc2nc(C)c(C(=O)N3CCCC3C)c(=O)[nH]2)cc1,C20H26N4O3,51
O=C(NC(=O)N(C(=O)Nc1ccccc1)C1=CC=C1)c1ccccc1,C19H15N3O3,40
CN(c1cc(-c2ccccc2C(F)(F)F)nc(N)n1)c1ccccc1Cl,C18H14ClF3N4,40
CCCCCCCCCCCCCCCCC(=O)C1=CC(=O)SC1=O,C21H34O3S,59
CC1C2CCCC3C2CCCN3C(=O)c2ccc(s2)C(=O)N1C,C18H24N2O2S,43
CCN1CCCCCCCCN(C(=O)C2=CC=C2)CCN(C)C1=O,C19H31N3O2,55
O=C1C(=CC=CCl)C2CCCN1CC2,C11H14ClNO,28
CSC(=NN=C1NC(=O)CS1)Oc1cccc(Cl)c1,C11H10ClN3O2S2,29
COC(=O)c1ccc(C(C)(C)C(=O)N2CCCCC2)cc1,C17H23NO3,44
O=C1N2CCN3CCCN(CC2CC3)c2cn1c1c2[nH]c2ccccc21,C20H23N5O,48
CCCCN(C(C)=O)C(=O)C1=Cc2ccccc2C1=O,C16H17NO3,37
CCN(C(=O)c1ccc(F)cc1)C(=O)N(C)C(=O)N1CCCCCCCC1,C20H28FN3O3,55
COc1ccc(C(=O)N2CCN(C(C)(C)C)CC2)cc1S(=O)(=O)C=CC=C1C=C1,C22H28N2O4S,57
COP(=O)(OC)C1=C2CCCC(=C(C)S2)S1,C10H15O3PS2,31
COc1cccc(C(=O)OCCCn2c(=O)cc3cc(c2=O)C(C)=C3)c1,C20H19NO5,45
O=C1NC(SC=CC=C=C[N+](=O)[O-])=NC1=Cc1ccccc1-c1ccccc1,C21H15N3O3S,43
CNc1nc2nc(n1)N(N=C(c1ccccc1)c1ccccccccc1OC)C(=O)N2,C23H21N7O2,53
NC(=O)Nc1cc(OCCN2CC2=O)ccc1Br,C11H12BrN3O3,30
COC(=O)N1CCC(C(=O)NC(C)=O)=CC=CC1=O,C12H14N2O5,33
Cc1ccc(C#N)nc2c(C)ccc(cc1)c2=CC=Cc1ccccc1,C24H20N2,46
CSC(=NC=C(C=CS(=O)(=O)c1ccccc1NC(=O)c1ccccc1)[N+](=O)[O-])Sc1nnns1,C20H16N6O5S4,51
C=CC(=C1S(=O)(=O)NC(=O)N(C(=O)N2CCCCC2)S1(=O)=O)C(F)(F)F,C12H14F3N3O6S2,40
CCOC(=O)c1ccc2c(c1)C(=O)C1=COC(=O)C(COC(=O)C(C)C)OC(=O)OC(=O)C1=C2,C23H20O11,53
CCN(C)C(=O)c1ccccc1OC(=O)C1=CC=C(N(C)C(C)=O)C=C2C=C21,C22H22N2O4,50
O=C(C=c1c2cccc1ccc2)NNS(=O)(=O)c1ccccc1,C17H14N2O3S,37
CC1C2CCCN1CCN2c1ccnc(-c2ccccc2)n1,C18H22N4,42
CN(C)C(=O)N1CCOC(=O)N(C)C1=O,C8H13N3O4,28
COC(=O)N(C)C1=CC(OC)=CC=C([N+](=O)[O-])S1,C10H12N2O5S,30
CCC(=O)N(C)C(=O)N(C)CCCn1c2ncc(c1=O)C(=COC)S2,C16H22N4O4S,47
C#CC(=O)CCCCCCCCCCCCC,C16H28O,45
CCCCCCCCCC(CCN1CCC1)N=C=NC(C)(C)C,C20H39N3,62
O=C1C2=CC=C3SCCN(CCN1CCS2)C3=O,C12H14N2O2S2,32
O=c1[nH]c2nn1C1=Cc3cccc(c(c(-c4cccc(Cl)c4)ccc3)NC=C2)C=C1,C24H17ClN4O,45
CCC1OC(C(OC(=O)c2ccc3cc2C(=O)C=C3)C(O)C(C)(C)C2CCCCC2)C1OC(C)=O,C28H36O7,65
COc1cccc(C(=O)Nc2ccc(C(=O)N3CCCC3C)s2)c1,C18H20N2O3S,43
CCCN1N=c2ccccc2=NN=C1c1ccccc1,C16H16N4,36
CC(C)C12CC(C)(O1)O2,C7H12O2,21
CCCCCN(C(=O)c1ccccc1)c1nnc(N2CCC2)s1,C17H22N4OS,45
O=C(C1=CC=C1)C1CCCCCCCCCCCCCCC1,C21H34O,55
COc1ccccc1C=CC(=O)N(c1ccccc1)c1nnc(NS(=O)(=O)c2ccccc2)s1,C24H20N4O4S2,54
Cc1ccc(-c2nnc(Sc3nnnn3C(=CC=Cc3ccccc3)c3ccccc3)s2)cc1,C26H20N6S2,54
CCCN(C(=O)c1ccc(C(=O)OC)cc1)c1nnc(N2CCCC2)s1,C18H22N4O3S,48
CC1OC2C(C(=O)N(C)C)OC1C2O,C9H15NO4,24
COC(=O)C=C1OC(=O)COC1=O,C7H6O6,19
COc1ccc(C(N)=O)c2ccc(N(C(=O)NCCN3CCCC3)C(=O)c3cccs3)cc12,C24H26N4O4S,59
CCN1CCCN(CCN(CCCCNC(=O)C2=CC3=CC3=CC=C2)C(=O)c2cccc(Cl)c2)C1=O,C28H33ClN4O3,69
CC1(C)OC(=O)COP(=O)(O)O1,C5H9O6P,21
C=C(C=C(C(=O)OC)C(=O)OC1C(Oc2ccc(C(=O)OC)cc2OC)OC2C(OC3C(O)C4O[O+]3C2C4O)C1O)OC,C27H31O16+,64
O=C(NC1C(O)C2C1n1c3c(c(=O)n2c1=O)=CC=CC=CC=3)c1ccc(F)cc1,C21H16FN3O4,41
NC(=O)NCCN1CCNc2cc(C(F)(F)C(F)(F)F)ccc2-c2ccccc2C1=O,C20H19F5N4O2,50
CCN(C)C(=O)C(C(=O)N1CCCCC1)=C1CCCCC1,C17H28N2O2,49
COc1ccc(C(=CC=Cc2ccccc2)CC(=O)OC2C3OC4C(O)C4C23)cc1,C25H24O5,48
O=C1OC2CN1CCC(C1=CC3=CC=C1C3(F)F)C2N1CCCCC1,C19H22F2N2O2,46
COc1nc(N(C(=O)[O-])C(=O)N2CC[N+](C)(C)CC2)c([N+](=O)[O-])c(F)c1[N+](=O)[O-],C14H17FN6O8,46
Cc1nc2cc(c1C(=O)N(C)CCN1CCN(C(=O)c3cccc(C(F)(F)F)c3)CC1)C(=O)N2,C23H24F3N5O3,58
CCCN(C)C(=O)c1cccc(N(c2ccccc2)c2ccccc2Cl)n1,C22H22ClN3O,49
C=C1N=C(C)N=C1N=C(NC(=O)c1ccccc1)c1ccccc1,C19H16N4O,40
COC(=O)c1cc2ccc1c(C(=O)O)c2C=CC(=CC(=O)N1C(C)CCC1C(=O)O)C(F)(F)F,C23H20F3NO7,52
CCN1CCn2c(-c3ccccc3)cnc2C1=O,C14H15N3O,33
C=CC=CC=C1C=CC=C(C(=CC=CC(=O)N2C(=O)c3ccc(cc3)C(=O)OCC2C(=O)Oc2ccccc2)OC)O1,C33H27NO8,68
O=C(O)OC(=O)N(C(=O)O)C(=O)c1cccc(C(=O)c2ccccc2[N+](=O)[O-])c1,C17H10N2O10,39
CC1=CCCCCN2CCCN(C2)C(=O)c2cc(C(F)(F)F)ccc21,C19H23F3N2O,48
CC1NC(=O)N(C)C(OC2=CC=C(O)C(=O)N3CCCN4CCCCN(C4=O)C3=N2)C1O,C20H28N6O6,57
O=C(O)C=C1C(=O)NC(=O)Nc2cc(F)ccc21,C11H7FN2O4,25
Cc1cc(C)c([N+](=O)[O-])cc1[N+](=O)[O-],C8H8N2O4,22
CCCN(C(=O)N(C)c1ccccc1Sc1cccc(F)c1)c1cccc(C(F)(F)F)c1,C24H22F4N2OS,54
CCCN1CCC(C(NC(=O)c2ccc(F)cc2)C(N)=O)N(C)C1=Nc1cccc2ccc(F)cc12,C27H29F2N5O2,63
CN(C)CC1COC(=O)C2=C3C(=NN31)N2,C9H12N4O2,26
COc1ccc(Cl)c(N(c2ccccc2)S(=O)(=O)C2=CC=C(Cl)C=CC=C2)c1,C21H17Cl2NO3S,45
CCOc1ccc2c(c1)C(=O)NC2=Cc1ccccc1OC,C18H17NO3,39
O=C1C=C2C(=O)N1CCCCCCCCCc1ccc2cc1,C19H23NO2,45
CCN(CCOc1ccccc1)CCn1nnnc1-c1ccc2cc1-2,C19H21N5O,46
CC1(C)CC2=CC=C(C#N)C(=O)N1CCO2,C12H14N2O2,30
O=C1NC2=CC=C(Cl)N1Cc1ccccc1C=CC=C2,C16H13ClN2O,33
COc1nc2ccccc2cc1C(=O)N(C)C(=O)N(C)C(=O)c1cccc(OC(C)=O)c1,C23H21N3O6,53
CCC(=O)OC(=O)CCCCCCC12C=C1C2(Cl)Cl,C14H18Cl2O3,37
CC(=O)C1=CC1=CC(C)(C)C,C10H14O,25
CCN(C(=O)C1CC2OC2C1N(C)C(C)=O)C1=C(c2ccc(Cl)cc2)C(F)=C1,C21H22ClFN2O3,46
CCN1CCc2ccc(F)c(OC)cc(cn3c(C)nnc23)C1=O,C17H19FN4O2,43
CC1(C)Cc2c3c4c(c1c2-3)CCCCCCCCC4,C19H26,45
CCN1CCN(C(=NO)c2ccccc2)C(=O)c2ccc(cc2)C1=O,C19H19N3O3,44
CC(C)CN(C)C(=O)N(C)C(=O)C=CC=C1Sc2nc3cccc1c3s2,C19H21N3O2S2,47
O=C(O)NC1CCSC1,C5H9NO2S,17
Cc1ccc(=Nn2c3nnc2s3)c2ccccc2c1,C14H10N4S,29
COc1ccc2c(c1)-c1ccccc1N1CCCCCN2C1=O,C19H20N2O2,43
COc1cc2c(=O)n(CCCCCCCCCOC(C)(C)C)c(=O)c2c2ccc12,C24H33NO4,62
CC1=CC=CN=C(Nc2ccccc2)N=C1N,C13H14N4,31
COC(=CC=C(O)C(=O)O)c1cccc(NC(=O)N(C)C(=O)c2ccccc2)c1,C21H20N2O6,49
CCCCCCCCCN(C(=N)C=C1C=C1Cl)C(=O)OCCCN1CCCC(OC)C1=O,C24H38ClN3O4,69
O=C(NC1CCN(C(=O)N2CCCC2)CC1)c1ccccc1Br,C17H22BrN3O2,44
CCN(C)C(=S)NC(=O)NC1=CC(Cl)=C1,C9H12ClN3OS,27
O=C1C2=CC=C(F)CCCC23CC[NH+]1CCCCCN1CC[NH+](CC1)C3=O,C21H32FN3O2+2,57
CN1CCN(C(=Nc2ccccc2)C2=CC=CC=CC=C2)C1=O,C19H19N3O,42
CC(C)(C)C1CCCC2CCCCCCCCC3C2OC(=O)C31,C21H36O2,55
CN(C)C(=O)NC(=O)C=COC1OC(OP(=O)=O)C(O)C1O,C10H15N2O9P,32
CCN(C(=O)c1cccc(F)c1)C(=O)N1CCCN(C(C)=O)C1=O,C16H18FN3O4,42
CC(=O)N(C)C1Cc2c(-c3cc(Cl)ccc3C)cc(c3c2=CC=3)SCCOC1=O,C23H22ClNO3S,50
O=C1NC(=O)N1C1CC2=NN=C2C1=CC=CC(=CC=Cc1ccccc1)c1ccccc1,C26H20N4O2,51
O=P1(OC2=CC3=Cc4cccc3c42)OC(CCc2ccccc2)C2CCCN21,C23H22NO3P,48
CCCC1NC(=O)N(CC)c2nc(-c3cccc(Cl)c3)nc(n2)N2C(=O)OC1C(O)C2CCC,C23H29ClN6O4,59
CC(C)(C)Oc1c2ccc([N+](=O)[O-])c1-c1ccc-2[nH]c1=O,C15H14N2O4,35
CCCCC1C(=O)N(C2=CC=C2OC)CCN(CCCC)N=c2nc3n1c2=N3,C20H28N6O2,55
CCN(C)C(=O)c1cc(C#N)cc2ccc(OC)cc12,C16H16N2O2,36
CN1CCN2CCOP(=O)(O)OCCN(C(C)(C)C)c3nc(cn3C1=O)C2=O,C16H26N5O6P,54
O=C1NC(=CC=CC2=CC=C2c2ccccc2)C2=CC=Cc3cccc(c3)NC(=N2)N1,C26H20N4O,50
CCCN1CC(=O)N(C(=O)c2ccccc2N2CCCCC2)CC1=O,C19H25N3O3,50
CN(C)C(=O)NC(=CC=CC(=O)Oc1ccccc1)OC1=CC(c2ccccc2N(C)S(=O)(=O)c2ccccc2)=C1,C31H29N3O6S,70
O=c1c2cc(ccc1[N+](=O)[O-])C(Cl)=CC=C(Cl)C([N+](=O)[O-])=C2,C13H6Cl2N2O5,28
C=CC(=O)N(C)c1cccc(S(=O)(=O)c2cc(OC)cc(S(=O)(=O)N(C)C)c2)c1,C19H22N2O6S2,51
O=C1C2=C=NC(=O)N2CCN1CCN1CCCN(Cc2ccccc2F)CC1,C20H24FN5O2,52
Cc1ccc(C(=O)N2CC(=O)SC2=Nc2cc(C)ccc2C)cc1,C19H18N2O2S,42
CN1CC(N(C=Cc2c[nH]c3ccccc23)C(=O)c2ccccc2)C1,C21H21N3O,45
CCCCCCCCCCC(=O)OC=C1C=C1C=O,C16H24O3,43
CCN1C(=O)Nc2nc1ccc2C(=O)N(C)C(=O)N(C)C,C13H17N5O3,38
CN(C(=O)Nc1ccccn1)C(=O)c1ccccc1,C14H13N3O2,32
C=C1C(=O)c2cc(C)c1c(=O)n(CCCCCCCC)c2=O,C18H23NO3,45
COc1ccc(S(=O)(=O)c2ccc(F)cc2)cc1C=CSc1ccccc1Cl,C21H16ClFO3S2,44
CCCCCN(CCCC)C(=O)N1CCC2CN(C1=O)C(=O)N2C(=O)c1cccc(C)c1,C24H34N4O4,65
CCCCCCCCC1C(O)CN2C(=O)c3nnc(s3)N1C2=O,C15H22N4O3S,43
CCCN(CCOc1cc2cc-2c1)CCn1c(=O)c(F)cc2c(OC)cccc21,C23H25FN2O3,54
O=C1C2C3C4Oc5c(C(F)(F)F)csc5S(=O)(=O)N5CCCCC(CCCCCN14)CCCN2C(=O)C35,C24H30F3N3O5S2,63
CCCCCC1CN(C(=O)c2ccc(C#N)cc2)CC2CCCN12,C20H27N3O,51
CC(Cc1ccc(C(F)(F)F)cc1)N=Nc1cccc(Cl)c1,C16H14ClF3N2,36
COC(=O)c1ccc(C(F)(F)F)cc1CCCOCC1C(=O)NC(C(=O)O)CCN1C(=O)c1cc(F)ccn1,C25H25F4N3O7,62
O=C(Cn1ccn(-c2ccccc2)c1=O)N1CCN(S(=O)(=O)c2ccccc2)CC1,C21H22N4O4S,52
CSc1ccccc1C(=O)N(C)C(=O)c1cccc(C(=O)N2CCCCC2)c1,C22H24N2O3S,52
O=C(O)CSc1nc2ccccc2s1,C9H7NO2S2,21
C=CC=C(C=C1C(=O)OC1=O)C(F)(F)C(F)(F)C(F)(F)C(F)(F)C(F)(F)C(F)(F)C(F)(F)C(F)(F)F,C16H5F17O3,41
COC(=O)C(=CC=C1C=CC(F)=C1)C(=O)N1CCCCC1=O,C16H16FNO4,38
CNC(=O)c1cc(Br)c2cc1-2,C8H6BrNO,17
OB(O)C1=Nc2ccccc21,C7H6BNO2,17
COC(=O)OC(=O)OCCCCCCOC(=O)C(=O)OC(=O)C(C)C,C15H22O10,47
CCN(C)S(=O)(=O)c1ccccc1C=C1C(=O)Nc2ccccc21,C18H18N2O3S,41
C=CC1=CC(S(=O)NC(=O)Nc2ccccc2)=C1,C13H12N2O2S,30
CC(C)(C)C(NC(=O)c1c#ccc([N+](=O)[O-])c1)C(CCOC(F)(F)F)N1CCCC1,C20H26F3N3O4,54
CN1C(=O)C(=CC=CF)S(=O)(=O)N2CCN(CC2)C(=O)N2CCc3ccc(cc3C1=O)C2,C21H23FN4O5S,55
COC(=O)OCCCCCCCCOC(=O)C(=O)OCCCCCCCCOC(=O)OC(=O)O,C22H36O12,70
CN1CCN(c2ccc(C=CC3=CC=C3)cc2)C1=O,C16H16N2O,35
CC(=O)Nc1ccc(S(=O)(=O)N(C)C)c2nc(Nc3cccc(Br)c3)sc12,C17H17BrN4O3S2,43
O=C(Nc1ccccc1)C1=NC1Cc1ccccc1,C16H14N2O,33
CC1NC(=O)N1C(=O)N(C)C,C6H11N3O2,22
CCN(C)C1=NC(=Nc2ccc3c(c2)C3(F)F)S1,C12H11F2N3S,29
COc1cc(F)cc(N=C2NC(=O)NC(=O)C2=CC=C(Cl)c2ccccc2OC)c1,C21H17ClFN3O4,47
CC(=CC=C(F)CN1CCCCC1)C(=O)N1CCCCC1,C17H27FN2O,48
COC1=C2C=CC=C(C(N)=O)C(=CC=C1)C(C(=O)N(C)C)=C2,C17H18N2O3,40
CC(=C1C2=CC=C1C(Cl)=C2)c1csc(SCCC(C)(C)CCN2C(=O)OC3C(O)C32)nc1=O,C24H25ClN2O4S2,55
CCCCCCCN1C(=O)C2=CC=CC(=O)N(CCCCCCO2)C1=O,C20H30N2O4,56
CC(C)(C)Oc1ccc2c(Br)c1C=CC(Cl)=CC(=O)N(C(C)(C)C)C2=O,C20H23BrClNO3,49
COc1ccc2sc3ccccc3c(=O)n3c(=O)n(c2c1C(=O)N1CCCCC1)CC3,C23H23N3O4S,54
CCC(=O)OC(C)C(=O)NC(C)CC,C10H19NO3,31
COc1ccc(C(=O)N2CCN(c3ccccc3NC3=CC=C3)C2=O)cc1,C21H19N3O3,45
CN(CCNC(=O)c1ccc(Cl)cc1)S(=O)(=O)c1ccccc1Oc1ccccc1F,C22H20ClFN2O4S,51
CCCN(CCOc1ccc(F)cc1)C(=O)c1cccnc1NC1(C)Cc2ccccc2NC1=O,C27H29FN4O3,64
C=C1C=C1c1ccccc1C(=O)N1CCN(CCC)C1=O,C17H18N2O2,39
O=c1c(CCc2ccccc2)cccnc2sc3nnc(s2)n13,C16H12N4OS2,35
COC(=O)c1cc[si](C(=O)CCCCCC(C)(C)C)c2cc(OC(C)=O)ccc12,C23H30O5Si,59
CN1CCCN=C1C1=CC=C1F,C9H11FN2,23
CNC1=CC(N)=CC=C2C=C1[N+]2=O,C9H10N3O+,23
CCN(CCOC1=CC=C1C=C1C2=CC=C21)C(=O)N(C)CCCC1CCN(C)CC1,C25H35N3O2,65
COc1ccccc1-c1nnc(N)n1C(C)C,C12H16N4O,33
C=CC=CC=CC1=CC=c2cnc(cc2C(=O)NC(=O)NC(=O)NC(=O)c2ccc(Cl)cc2)=CC=CO1,C27H21ClN4O5,57
CCOC(=O)C1=CC=CC(C(C)=O)=CC=CC=CC(=O)c2ccc(cc2)C=C1,C24H22O4,50
CCC(=CC=C(C1=CC=C1C(=O)OC)c1ccccc1)C(=O)OCC(=O)OC,C22H22O6,50
CC(=CC=CNC(=O)c1ccccc1)c1ccc[nH]1,C16H16N2O,33
CCCCC(=O)N(C)N=C(C1=NC(=O)N1)c1ccccc1OC,C16H20N4O3,42
CCSC1=C(S(=O)(=O)N2CCC2)C(=O)N(CCCCCC(C)C)C1=O,C17H28N2O4S2,53
CN1c2nnc(-c3cc(Cl)ccc3Cl)n2C=CC1C(C)(C)C,C16H18Cl2N4,40
C=CC=C(c1cc(Cl)ccc1C)N1C(=O)NC1=O,C13H11ClN2O2,28
C=CC=CC(=O)N1C(=O)OC(Oc2ccccc2)C(O)C1Oc1ccc([N+](=O)[O-])cc1,C21H18N2O8,46
CN(C)C(=O)N1CCCCN(C(=O)c2cc3ccc2c2cncn32)CC1,C19H23N5O2,49
COC1=CC1=CC(=CC(=O)c1cc(OC)ccc1OC)C(=O)N1CC(=O)NC1=O,C20H18N2O7,47
CCN(C(=O)c1ccccc1)C(=O)c1ccccc(Cl)c(OC)cc(OC)c1,C22H22ClNO4,50
CCN1CCCn2c(N(C)C(C)=O)nc3ccc(cc3c2=O)S1(=O)=O,C16H20N4O4S,45
CCN(C(=O)c1ccccc1C=C1C=C1)C(=O)C(C)OC(C)=O,C18H19NO4,41
CN(C)C1CCCN(CCCC2=CC=CC2)C1=O,C15H24N2O,41
COC(=NC1=C(C)S1)c1ccccc1Cl,C11H10ClNOS,25
CCN1CCN(C(=O)c2ccccc2)C(Oc2cccc([N+](=O)[O-])c2)C1,C19H21N3O4,47
[O-][S+]1CCCCCN2CCCCCC3Oc4ccc(cc4CC2)C31,C20H29NO2S,51
CCc1sc(C(O)C(C)O)nc1C1=CC(F)=C1,C12H14FNO2S,29
C[S+]([O-])[S+]([O-])c1nnc(-c2ccccc2)ccccc(-c2ccccc2)n1,C20H17N3O2S2,44
O=C(Nc1cccc(C(F)(F)F)c1)N1C=CC1=Nc1ccc2ccccc2n1,C20H13F3N4O,41
CCCCCCN(C)C(=O)N(C)C1=NC1=CC=CC1=CC=C1C#N,C19H24N4O,48
C=CC(=C)OC(C(C)NC(=O)c1ccc(Cl)c(OC)c1)C1OC(OC)C2OC1OC(C)C2O,C23H30ClNO8,55
O=C(Nc1ccc(Cl)cc1)N1CCN(Cc2cccc(Cl)c2)CC1,C18H19Cl2N3O,43
CCN(C)S(=O)(=O)c1ccc2n(C)nc([nH]c(-c3ccccc3C)nnc1)-c1ccccc1-2,C24H26N6O2S,59
CCSC(N)=S,C3H7NS2,13
CC(C)N(C(=O)c1ccc(Cl)cc1Cl)C(C)(C)CCOC(=O)N1CCc2ccccc2C1,C25H30Cl2N2O3,62
COc1ccc(C(F)(F)c2ccc(-c3nc(N)nc(N(C)C)n3)cc2)cc1,C19H19F2N5O,46
O=c1[nH]c2cc3ccc([nH]1)C(=CC=C(O)C=C(C(F)(F)F)O3)C=C2,C16H11F3N2O3,35
CCC(C)(C)c1cc(OC)c2cc1C(=O)N(CC(C)C)C2=O,C18H25NO3,47
COc1cccc(C=CC=CC(=O)C2C(C)C2C(C)=O)c1,C18H20O3,38
C=CC(=CC=CC1CCCCCC1)C(=O)OC,C15H22O2,39
CCN(CCCCN(C)C(=O)c1ccccc1)C(=O)c1ccccc1-c1nc2c[nH]cc2[nH]1,C26H29N5O2,60
C=CC=CC=C(C=C(C=C(Cl)C(=O)NC(=O)c1ccccc1)OC)OC(=O)c1ccccc1,C26H22ClNO5,55
CCOC1=NC2=C(C(=O)N(C(C)C)CCCC2)c2cc1cc(Cl)c2Cl,C19H22Cl2N2O2,47
COC=CC(C(=O)NCC(=O)OC)=C1C(=O)N(CCOC(C)=O)C(=O)c2cc(OC)ccc21,C22H24N2O9,57
COc1ccccc1NC(=O)c1ccccc1,C14H13NO2,30
COc1ccc2[nH]c(=NC=Cc3cc(Cl)ccc3Cl)oc2c1,C16H12Cl2N2O2,34
ClC1=CC=C2C=C(CCN3CCCCCC3)N=C(N2)S1,C15H20ClN3S,39
CN(CCc1ccc2c3nnc(n3C)n12)c1ccccc1,C16H17N5,38
CN(C)CCN(C(=O)N(C)C(=O)c1ccc2ccccc2c1)C(=O)N1c2ccc(C#N)c1c2,C25H23N5O3,56
CCN(C)C(=O)N1CCCc2nc(Cl)cn2CC1,C12H19ClN4O,37
CC(C)C1C(C)N(C)C(=O)N1c1cc(C2=CC=C2c2ccccc2C(F)(F)F)c2c(n1)=CC=2,C26H24F3N3O,54
CN(C)C(=O)NC1CN(C(N)=O)C([N+](=O)[O-])=NC(N(C)C)C1N,C11H22N8O4,42
O=C1c2ccc(Cl)cc2-c2cccc(c2)C[S+]1[O-],C14H9ClO2S,27
CC(=O)C(=Cc1ccccc1C)C1=CC1=CC=CC(=O)O,C18H16O3,37
CCN1C(=O)N(C(=O)c2ccccc2OC)C(=NS(=O)(=O)c2ccc(C(F)(F)F)cc2)SC1C,C21H20F3N3O5S2,54
CCCNC(=O)N1c2nc(-c3ccccc3)nc1n2,C13H13N5O,32
CCN1C(NC(=O)c2ccc(-c3ccccc3)cc2)=NC23N=C(S2)N13,C18H15N5OS,40
O=C(C=CC=Cc1ccccc1C(=O)O)c1ccccc1,C18H14O3,35
COc1cccc(C(=O)NC2=CC=CC=c3sccc3=C2)c1,C18H15NO2S,37
CNC(=O)c1ccc(N(C(=O)Nc2ccccc2)c2ccccc2)cc1,C21H19N3O2,45
CCCN(C)C(=O)c1cccc(-c2ccc(N(C)C=Nc3ccccc3)cc2)c1,C25H27N3O,56
O=C1NC2CCCCC2C(=O)N1CCCc1cccc(CCC2CCCCC2)c1,C25H36N2O2,63
CCN(C)C1=Nc2cc(Cl)ccc2-c2cccc1c2,C16H15ClN2,34
CC(=O)NC(=O)C=C(Sc1cccc(Cl)c1)c1ccccc1,C17H14ClNO2S,36
CC(=O)NC1=NC2=CC(=C2)C(N2CCCN(C)C2=O)=N1,C13H15N5O2,35
CC(C)N1CCN(CCCC2CCCC2)C(=O)C(=Cc2ccccc2)[N+](=O)c2ccccc2C1=O,C29H36N3O3+,70
C=C(c1ccc(Br)cc1)C1CCCN(Cc2ccccc2)CC1,C21H24BrN,47
CSc1nc(-c2ccccc2)nn1N=NC1=CC=CC=CC(C)=C1,C18H17N5S,41
C=CC=CC(=CC=Cc1cc(C#N)ccc1-c1ccc(Cl)cc1)CN1CCCC1,C26H25ClN2,54
CCCCN1CCC(N2CCCCC2)C(NC(=O)c2cc(Cl)c(Cl)c(=O)[nH]2)C1=O,C20H28Cl2N4O3,54
CCNC(=O)c1ccccc1Oc1ccccc1NC(=O)C=Cc1ccccc1,C24H22N2O3,51
CCN(C(=O)N(C)c1cccc(OC)c1OC)C1=NSC(N=c2sc3nn2-3)=CC=C([N+](=O)[O-])C=CS1,C21H21N7O5S3,57
CCN1CCN(CCn2c(-c3cccc(Cl)c3)ccc([N+](=O)[O-])c2=O)C1=O,C18H19ClN4O4,46
CCCC1CC(C)OC1=O,C8H14O2,24
O=C1C=CC=C1C(=O)OC(=O)c1c(OC(=O)c2ccc(C(=O)O)c(C(=O)OC(=O)c3cccc(C(=O)O)c3)c2)ccc2cc(C(=O)O)ccc12,C35H18O15,68
CSC1=CC=C2C1=CC=CN(C(N)=O)CCNS2(=O)=O,C12H15N3O3S2,35
C1=C2C=C3C=C1N2C31CCC2CCCN1C2,C14H16N2,32
CCCCCCCCCNC(=O)CC1CCNC1=O,C15H28N2O2,46
Cc1nc(N(C)C(=O)c2ccc(C(F)(F)c3ccccc3)cc2)ncc2c(=O)n(C)c-2n1,C23H19F2N5O2,51
COC(=CC=C1C(=O)Nc2ccccc2N(c2ccccc2OC)C1=O)C(=CC=CF)S(=O)(=O)N(C)C,C26H26FN3O6S,63
O=C1CSCCNC(=O)N(c2ccccc2Cl)c2ccccc21,C17H15ClN2O2S,38
CSC(=NNC(=O)c1cccc(Cl)c1)N(C)C(=O)c1ccc(F)cc1,C17H15ClFN3O2S,40
CCOC(=O)N1C=CC=Cc2ccc([N+](=O)[O-])c(c2)C(=O)NC(=O)N(C)C1=O,C17H16N4O7,44
COc1cc2c(OC)cc1cc2C(=O)N1CCN2CC1CCC(=O)N1CCCCN(CC1)C2=O,C25H32N4O5,65
COc1ccccc1-c1ccc(-c2ccc(C(N)=O)cc2)nc1N=C(C)C,C22H21N3O2,48
COc1cccc(C(=CC(=O)N(C)C(C)C)NC2=NN=C=N2)c1,C16H19N5O2,40
CCC1=CN(C(=O)Oc2ccccc2)C(NC(=O)c2ccccc2)=NC=C1,C21H19N3O3,46
CCCCCCN(c1n[nH]nc2c(=O)n(C)c(=O)n1-2)P(=O)(OC)OCC,C14H25N6O5P,50
O=C(C=CC(F)=Cc1cccc(Cl)c1)N1CCC1,C14H13ClFNO,31
COc1ccc(Cl)c(C(=O)C(=O)CCN2CCCC2=O)c1,C15H16ClNO4,37
O=C(Nc1ccc(Cl)cc1-n1c2cc(Cl)ccc2sc2nn1-2)c1ccc(Cl)s1,C18H9Cl3N4OS2,37
C=CC(=C)Sc1nnc(NC(=O)c2ccc(OC)cc2)s1,C14H13N3O2S2,34
O=C1NS(=O)(=O)C1=CC=CC=CC(=O)N1c2ccc([N+](=O)[O-])cc21,C14H9N3O6S,33
c1[nH]c2nc1c1cc2c(COC2OC2CCCN2CCCC2)[nH]1,C17H22N4O2,41
CC(=O)NC1=NC2=NC=CC=C3C(N)=CC=C3N2C(N(C)c2ccccc2C(F)(F)F)=N1,C21H18F3N7O,50
O=C(COc1ccc(F)cc1)c1c(C(=O)N2CCCC2)ncnc1N1CCCC1,C21H23FN4O3,52
COC(=O)c1cccc(C(=O)N2C(=O)CCC3CCCCCCCCCC32)c1,C23H31NO4,58
CC1CCCN1C(=O)c1ccc(C(=O)N2CCCCC2)cc1,C18H24N2O2,46
CC(=O)N(CCCN(C(C)=O)c1ncc2n1C=C2)C(=O)C1CCCCC1,C19H26N4O3,52
CN1C(=O)N(c2nc(-c3ccccc3)nn2C)C1=O,C12H11N5O2,30
CCCCCOC(=O)c1ccc(C(=O)OC)c(C=CC=C(C(=O)OCC)c2ccccc2C)c1,C28H32O6,66
C=CC(=O)Oc1ccc(Cl)cc1,C9H7ClO2,19
CCn1c(-c2ccccc2OC)cccnc(-c2ccc(OC)cc2Cl)n(C)c1=O,C23H24ClN3O3,54
CCCN1CC2OC2=CC=C(C(=O)NC(=O)N2CCC2)C1CC(C)c1ccc(Cl)cc1,C24H30ClN3O3,58
CCn1c(=O)n(CCC2CCC3CC3C2)c(=O)c2cc([N+](=O)[O-])ccc21,C19H23N3O4,49
CCCN1CCN2CCCN(C(=O)c3ccc4n(c3=O)CCCN4C1=O)C2=O,C19H25N5O4,53
CCN1CCCN(C(=O)C2=CC=C2)C(C)C1,C13H20N2O,35
C=C1N=C(N(C)c2ccc([N+](=O)[O-])cc2)c2ccccc21,C16H13N3O2,34
CC1(C)COC(=O)C2=C1C(=O)O2,C8H8O4,20
CC(C)OC(=O)CCCC(=O)C=C1C=C1,C12H16O3,31
CN(C)C(=O)Nc1nc2c([nH]1)c1ccccc1c(=O)n2C,C14H15N5O2,35
CCOC(=O)C(C)OC(=Cc1cc(C)ccc1Cl)C1=CC=C1Cl,C18H18Cl2O3,40
O=S(=O)(C(Cl)=CC=C1C=C1)N1Cc2ccc1c(Cl)c2,C13H9Cl2NO2S,28
C=C(OC)C(=C1C=C1)c1nnc(SC)n1-c1cccc(OC)c1,C17H17N3O2S,40
CC(C)OC(=O)CCC1CCCCC1,C12H22O2,36
CC(=O)C12CCCC(C1)C2,C9H14O,24
O=C1CCCCCCC[N+](=O)CC(=O)OC(=O)O1,C11H16NO6+,34
COc1ccc(Cl)cc1C(=O)N(CCC(=O)N(C)C1CC1)CCS(=O)(=O)c1ccc(I)c(Cl)c1,C23H25Cl2IN2O5S,59
O=C(CC1CCCCC1)c1ccccc1,C14H18O,33
COc1ccc(N2CCN(CCN3CCCCC3=O)C2=O)c(-c2ccccc2)c1,C23H27N3O3,56
Cc1ccc(I)cc1[N+](=O)[O-],C7H6INO2,17
COc1ccccc2c(ccc1)N=C(N1CCN(CCN(C)C)C1=O)SC2,C20H26N4O2S,53
CC=CC=C(c1ccccc1C(=O)OC)S(=O)(=O)c1ccc(OC)cc1,C20H20O5S,46
COc1cccc(C=CC(=O)N(C)c2ccccc2)c1C(=O)N1CCCCC1,C23H26N2O3,54
CCCC(C)N(C(=O)c1ccc(Br)cc1)c1nnc(N=c2c3c2C(OC)=C3)s1,C20H19BrN4O2S,46
Cn1c(C(Cl)=C(Cl)C(=O)N2CCCCC2)cc(=O)n(C)c1=O,C14H17Cl2N3O3,39
CCN(C(=O)CN1CCN(C(=O)c2cccc(OC)c2)C1=O)C(=O)c1ccccc1[N+](=O)[O-],C22H22N4O7,55
CCc1c(C(=O)NCC(=O)O)ccc2cc(Cl)ccc12,C15H14ClNO3,34
CC(C)(CC1CCC[NH+](S(=O)(=O)[O-])C1)c1cc(Cl)c(Cl)cn1,C14H20Cl2N2O3S,41
CN1CCCCC2=CC=C(CCn3c4nnc3SC1=N4)C(F)=CC=C2,C18H20FN5S,45
O=C(NCCN(C(=O)c1ccccc1-c1cccs1)c1ccccc1)c1ccccc1,C26H22N2O2S,53
O=C(O)C1CCCCCCCCCCCCCC1,C16H30O2,48
COC(=O)C1=CNc2cc(OC)cc(Oc3ccc(Br)cc3OC)c2C=C1Br,C20H17Br2NO5,44
CCN1C(=O)N2CCCn3c(nnc31)N(C(=O)N1CCN(C)C1=O)CCN(c1cccc(OC)c1)C2=O,C23H29N9O5,66
CC(C)(C)C(=O)c1cccc(C(=O)OCC2CC2)c1,C16H20O3,39
C#Cc1ncc(C(=O)N2CC(c3ccc(NC(=O)c4ccccc4)cc3)c3cccccccc2c3)c(=O)[nH]1,C32H24N4O3,62
C=CC(C)=CC=Cc1nnc(-c2ccc([N+](=O)[O-])cc2)[nH]1,C15H14N4O2,34
CCC1CN1C(=O)N1CCN(c2cccc3ccccc23)C1=O,C18H19N3O2,42
CCN(C(N)=O)C(=O)C1=CC=Cc2ccc(OC)c1cccs2,C17H18N2O3S,41
CC(C)(C)C(=O)C1CCCC1,C10H18O,29
C=C(Cl)C=C(c1cccc(C(=O)OC(=O)c2cccs2)c1)C(F)(F)F,C17H10ClF3O3S,35
CC(C)CCCCc1ccc2c(C(=O)OC3CCCC4OC34)c1-2,C20H26O3,46
Clc1cccc(N=Cc2ccccc2Cl)c1,C13H9Cl2N,25
O=C1NC=CC(=O)N(c2ccccc2)CCN1,C12H13N3O2,30
CN(C)S(=O)(=O)NC1CCN=C2NC(=O)N(c3ccc(F)cc3Br)C(=O)N2C1,C15H18BrFN6O4S,45
CN1c2ccc3c(c2)C3=CC=C2C(=O)NN=C(N)N21,C13H11N5O,30
COc1ccc2c(C=CC(C(=O)CCCN(C(C)=O)C(=O)C(C)C)=C3C=C3F)cccc2c1,C27H28FNO4,61
CCCN(CCN(C=O)CCN(C)c1nc2ccc1c1ccccc21)C(=O)c1ccccc1,C27H30N4O2,63
CN1C(=O)c2ccc(Br)cc2-c2nnc(n2C)N=C(C=Cc2ccccc2)N(C)C1=O,C22H19BrN6O2,50
CC(=O)N1CCCCCCN(C(=O)COC(I)=C2C(I)=C2I)CCCCC1=O,C19H25I3N2O4,53
CCCCCN1CCCCCN(S(C)(=O)=O)C1=O,C12H24N2O3S,42
COc1ccccc2c(=O)n(C)c(c1)c1ccc3cc2n(C)c3c1,C20H18N2O2,42
CC(Br)=CC(Br)=C1C(=O)N1C1C(=O)N(C(C)(C)C)CC1C,C15H20Br2N2O2,39
CN(C)C(=CC=C1C=C1Cl)C(=O)NCC(=O)Nc1nc2n(C)c3cn2c1-3,C17H17ClN6O2,43
COC(=O)C1=C(C(C)=O)C(=O)N(C(=O)c2ccccc2)CCCCCC1,C20H23NO5,49
O=C(C1=CC=C1)N1CCCCCCCCCC1,C15H23NO,40
CCN1CCn2c(cn(CC3CN4CCN3CC4)c2=O)C1=O,C15H23N5O2,45
CCN1CCn2nc(n(C=Cc3cccc(C(F)(F)F)c3)c2=O)-c2ccc(cc2)C1=O,C22H19F3N4O2,50
CC1CC2CCCCCCCCCCC2C1OC(=O)C1=CC=C1,C21H32O2,51
C=Cc1sc(N2C(=O)N(CCC)CC2C)nc1C(=O)N1CCCC1,C17H24N4O2S,47
COc1ccc2c(=O)[nH]ccnc(-c3ccccc3Cl)sc2c1,C17H13ClN2O2S,36
COc1cc2nc(c1)N(c1cc(OC)ccc1OC)C(=O)N2CCN(C)C,C19H24N4O4,51
Cc1sc2nc1-c1ccc(cc1)C(=O)N1CCCN2CCC1C,C18H21N3OS,44
CCCCC1CCCCCC(=O)N1C(=O)c1ccc(I)cc1I,C18H23I2NO2,46
CCCCC(=O)N(CC)C(=O)C#CCl,C10H14ClNO2,28
Cn1c(=O)[nH]c2ccc(F)c3c4nc(nc(n4)[nH]c1=O)-c-2=c-c=3,C14H9FN6O2,32
CCCC(O)C(OC)C(O)C(OC(=O)[O-])C1OC(=O)N1C(=O)OC,C13H20NO10-,39
CCCOC(=O)C1=CC=C1c1nc(NC(C)=O)sc1C(=O)Nc1cc(OC)cc(OC)c1,C22H23N3O6S,55
O=C1C2=CC(=C2)N2CCCCC(CC2)N2CCCN1C2=O,C16H21N3O2,41
O=C(Nc1ccccc1)c1cccc2c1N2C(=O)NS(=O)(=O)c1ccccc1,C20H15N3O4S,43
COC(=O)C(=Cc1cccc(C)c1)[N+](=O)c1cc(C)ccc1C,C19H20NO3+,43
COc1ccc(F)cc1OC(C(=O)NC1=CC1=CC=CCl)N(C)C(=O)N(C)c1ccc(Cl)cc1,C24H22Cl2FN3O4,55
Cc1ccccc1-c1nnc2sc(=CC=CCl)n12,C13H10ClN3S,28
COc1ccc(C2=NC3=NC(=NC3=Cc3cc(F)cc(Cl)c3)N2CCN2CCOCC2)cc1,C24H23ClFN5O2,56
c1ccc2c(c1)SC2=C1CN(CCN2CCC2)CCCCCc2ccc1cc2,C25H30N2S,58
CC(=O)NC(=O)NC(=O)NC(=O)C=CC=C(I)S(=O)(=O)Nc1ccc(Cl)cc1,C15H14ClIN4O6S,42
CCCOc1nnc2n(c1=O)CCN(S(=O)(=O)c1ccc(C(F)(F)F)cc1)C2,C16H17F3N4O4S,45
CCn1cccc2c3cc(F)ccc3nc1NC(=O)N2C,C15H15FN4O,36
CCc1ccc(SC2=CC=C2C(=O)OC)cc1,C14H14O2S,31
C=C1C(Cl)=CC=C1C=CC=CC=CC=CN=C(C)NC(=O)c1ccccc1,C23H21ClN2O,48
O=C(C1=CC=CC=C(C(F)(F)c2nn3c(=O)n2CCCCCC3)C([N+](=O)[O-])=C1)N1CCCC1,C22H25F2N5O4,58
CN1C(=O)C2=CC=C1C2=CC=CC=C(SCc1ccccc1)C(N)=O,C20H18N2O2S,43
CCSc1nnc(NC(=O)C(=Cc2ccccc2)C(=O)OC)s1,C15H15N3O3S2,38
CCOC(=O)N1CCC2C(C1)N(C)C(=O)N2CCOc1ccc(C(F)(F)c2ccccc2)cc1C#N,C26H28F2N4O4,62
COC1=CC1=C1CCCN2CCN(CC2)C1=O,C13H18N2O2,35
CCCCCCN1CCN(C(=O)N2CCCC(C)C2C(=O)OC)C1=O,C18H31N3O4,54
COC(=O)c1cc(Br)ccc1C(=O)C1CC(C)C(=O)N1C(C)=O,C16H16BrNO5,39
C=C1C(C(=O)OC)=C1C(=O)OCCCCC(=O)N1C(CCCCCCCCC)C2OC1C(O)C2O,C26H39NO8,69
CCCC(=O)Oc1cccc(C(=O)OC)c(OC)cc([N+](=O)c2cc(OC)cc(OC)c2)cc1,C25H28NO8+,62
COc1cnc2c(c1)C(C(=O)N(CCCN1CCCC1=O)C(=O)c1cccc(Cl)c1)=C2,C23H22ClN3O4,53
COc1cccc(-c2cc(S(N)(=O)=O)cccccs2)c1,C15H15NO3S2,36
CN1C(=Nc2cc(O)ccc2F)NC(=O)CC1C(=O)Nc1ccccc1F,C18H16F2N4O3,42
CCN1CCCC=C(C(=O)OC(C)(C)C)C1=O,C13H21NO3,38
CCN(C(=O)COC(=O)c1ccccc1)C(=O)c1cc(C(=O)c2ccccc2)ccc1C(=O)OC,C27H23NO7,58
CC(C)OP12(OCCN3C(=O)NC(=O)N4CCN(CC4)C3=O)OP(=O)(O1)O2,C12H20N4O9P2,46
O=C1NCCCN(CCCc2ccc(F)cc2)C(=O)C=C1c1ccccc1,C22H23FN2O2,50
COC(=O)N(C)CCN(C)C(=O)c1ccc2cc1C=C2,C15H18N2O3,38
COc1ccccc1C1=NN2CCCN3CCN(CCCN1C3=O)C2=O,C18H23N5O3,49
COc1ccc(C=C(Cl)C2=C(C)C(=O)NC2=O)c(Cl)c1,C14H11Cl2NO3,30
CC(C)(C)CC1CN1C(=O)c1c(Cl)[n+]1=O,C10H14ClN2O2+,29
C=C(OC)C1=C(C=Cc2ccccc2OC2CCCC2)C(=O)O1,C19H20O4,42
CCCCCOC(=O)C1=C(OC)C2=CC1=C2,C13H16O3,32
CCCCCC1C(OC=C2C=C2)CCCCN1C(=O)CC,C18H29NO2,48
CCN1CCN(CC)S(=O)(=O)c2ccc(cc2)S1(=O)=O,C12H18N2O4S2,38
CCCOC(C)OC=O,C6H12O3,21
COC1=C2C=CC(=C2C(=O)OC2NC(=O)C2NC(=O)[O-])SC(C)=C1SC,C16H15N2O6S2-,39
Cc1cccc(N(C)C(=O)c2cccc(-c3ccccc3)c2)n1,C20H18N2O,41
CN=C(Sc1cc(Cl)ccc1OC)N1CC(=O)N(CCOc2ccccc2)C1=O,C20H20ClN3O4S,49
C=C1C=CC=CN(CC(=O)N(C(=O)c2ccccc2)c2ccc3cc2-3)S1(=O)=O,C21H16N2O4S,44
CC(=O)C1=CC=C(F)C(c2ccccc2)=CC=C1,C16H13FO,31
CCCCOC(=O)[Al]1CC(=CC=CC(=O)O)C(C)(C)C(=O)O1,C15H21AlO6,43
CCCCO[Si](=O)N1C(C)C(O)C(O)C1CCC,C12H25NO4Si,39
N#CC1=CC=C(C(F)(F)F)C(C(=O)N(CCCc2cccc(C(F)(F)F)c2)C(=O)c2cccc(F)c2)C=C1,C27H19F7N2O2,57
COc1cccc(N2CCN(C(=O)c3ccc(Br)cc3SC)CC2)c1,C19H21BrN2O2S,46
CCC(OC1(CC)C(=O)N(C)C1=O)C(O)C(O)Cc1ccccc1,C18H25NO5,46
C=C1c2cc3ccc2cc3C(=O)N1CCN1CCN(CC)CC1=O,C19H21N3O2,45
O=C1c2cn3c(=O)n2CCN1CCCC3,C10H13N3O2,28
CC(C)NC1=c2c(n3nc2nc3COc2ccccc2)=N1,C15H15N5O,35
CN=C(N=C(C=CC=Cc1cccc(F)c1)N=C=Nc1cccc(F)c1)c1ccccc1,C26H20F2N4,52
C(=Cc1ccccc1)C=C1CSc2nnc1[nH]2,C13H11N3S,27
CC1(C)CCCN(c2nc3ccc2-3)C(=O)N1C(=O)c1cccc(Cl)c1,C19H18ClN3O2,43
COC(=O)C(C)N(CCOc1c(C2=CC=C2C)cc2cc1-2)C(=O)c1ccccc1,C24H23NO4,51
CCCCCCCCCCCCC1=C2C=C2C1=O,C17H26O,44
CCc1cccc(NS(=O)(=O)Nc2ccccc2)c1,C14H16N2O2S,35
CCCCCCCCCCCCCCCCCCC(=O)c1c(C(=O)O)c1=O,C23H38O4,65
CCNC(=O)Nc1nc2sc(SC(=S)N(C(=O)Nc3ccccc3Cl)c3ccccc3)nn2c1C,C22H20ClN7O2S3,55
CC(C)(CC(=O)Oc1cc(F)ccc1Cl)C(=O)N1CCCC1,C16H19ClFNO3,41
CCCCCN1C(=O)C(C)NC(=O)c2ccc(c(OC)c2)CN2CCN(C=C2C)C1=O,C23H32N4O4,62
CCn1c(=O)c2c3sc(OC)c2n(c1=O)C1CCCN(C1)C(=O)c1ccc(cc1)C(Cl)=C3,C23H22ClN3O4S,54
CCCCc1ncc(-c2ccc(C)c(OC)c2)c(=O)[nH]1,C16H20N2O2,39
CCCCC1C(=O)OC2C(=O)C(C(=O)CCC(C)(C)C)=CC=C3OC(=O)C(OC3=O)C12,C23H28O8,55
O=C(C1=CC=CN2CCN(C1=O)C2=O)N1CCCCC1,C14H17N3O3,37
CC=CC=C(C(=CC=CN=C1C2=NN12)c1ccc(Br)c2ccccc12)S(=O)(=O)N1CCN(C)CC1,C26H26BrN5O2S,61
CCOC(=O)CCCCCCCCCCCCCCC(=O)OC(C)(C)C,C22H42O4,68
C=CC(Cl)(Cl)Cl,C3H3Cl3,9
CCCC1CCN(CCOC(=O)c2cc(Cl)cc3ccc(Cl)cc23)CC1,C21H25Cl2NO2,51
CNC(=O)Cn1nnc#cc2sc1=CC=C(C(F)(F)F)C=2,C12H9F3N4OS,30
CCc1ccc(S(=O)(=O)Nc2ccc(-c3nnc(-c4ccccc4)n3CCNB(O)O)cc2)cc1,C24H26BN5O4S,61
CCCCN(CCC)S(=O)(=O)C1=CC2=Cc3cc2ccc3C(=O)N(CC)C1=O,C21H26N2O4S,54
CC(C)(C)CCn1c(=O)cc2cc-2c1=O,C12H15NO2,30
Brc1ccccc1Oc1ccc(-c2ccccc2)[nH]1,C16H12BrNO,30
CCN1CCN(CCN2CCCCC2)C(=O)C2=C3C=C(OC)C=C3C(=C2)C1=O,C22H29N3O3,57
N#Cc1ccc(F)cc1CN(C#N)CCCCCC1CCCNC1=O,C19H23FN4O,48
CCCCCN(C(=O)c1ccc(C(=O)c2cc3nc(c2)O3)cc1)C1CCOC1=O,C22H22N2O5,51
O=[N+]([O-])C1=C(Cl)C1=CC=C(F)F,C6H2ClF2NO2,14
CC(C)(C)NC(=O)Nc1ccc2c(c1)S2,C11H14N2OS,29
CCCC(=O)N(C(=O)c1ccc([N+](=O)c2ccccc2)cc1)c1ccc(OC)cc1,C24H23N2O4+,53
O=C1CCCCN1CCCCCCCCCCCCCCCN1C(=O)NC1=O,C22H39N3O3,66
O=C(N=CC1=CC=C1)N(C(=O)c1cc(F)ccc1Br)c1ccccc1,C19H12BrFN2O2,37
O=C(N1CCCC1)N1CCCc2cc(C(F)=C(Cl)C=CCl)cc1c2,C18H19Cl2FN2O,43
C1CCC2(CC1)CCCCC1C3OC4C(CCC2)OC2C3OC4C12,C21H32O3,48
CCCCCN(C)CCN1CCN(C(=O)C2=CC=C3C=CC=C32)C1=O,C20H27N3O2,52
CN1CCCCCCCN(C)C2=NC3=CC4=CC=CC(=CC=C3C1=O)N42,C21H26N4O,52
CC(CO[b-]1ccccc1)[NH+](C)c1cc2ccc1cc2,C17H20BNO,38
COC(=O)CCn1c(=O)sc2ccccc2c1=O,C12H11NO4S,29
CC(=CN1CCN(C)C1=O)N=C1N=C(c2ccccc2F)N(C(C)C)C1=O,C19H22FN5O2,49
COc1ccc(S(=O)(=O)N2CCCN3CCCC(=O)N4C(=O)C2CC4C3=O)c(Cl)c1,C19H22ClN3O6S,50
O=C1NC(=O)N2CCN(CC2)S(=O)(=O)C2=CC=C(N1)C2=CC=CCl,C14H15ClN4O4S,39
COC1=C(CCCCCn2c(=O)n3c(=O)n(c2=O)CCC3)C=C1,C16H21N3O4,44
COC(=Cc1c([N+](=O)[O-])ccc(F)c1OC)C1=CC(=O)N(C(C)=O)CCCCc2nnc1n2C,C22H24FN5O6,58
CCN1CCCC(OC(C)=O)N(C)S(=O)(=O)c2cc3ccc2c(c3)C1=O,C18H22N2O5S,47
CCOC(=O)OCCCCCCCCCCCCN(CCO)C(=O)OCC,C20H39NO6,66
COc1cccc(-n2cc3c(=O)n(c2=O)C(SC2=NS2)=NC(C(F)(F)F)=C3)c1,C16H9F3N4O3S2,37
CCN(C(=O)C1=CC=Cc2cccc(c2)S1(=O)=O)c1nc2ccccc2s1,C20H16N2O3S2,43
CC(Cl)=C(Cl)C(=O)O,C4H4Cl2O2,12
C=CC=c1c(N2CCCCC2)ncnc2cccc1nc1ccccc21,C22H22N4,48
O=C1C2=CC=C(C2=CC=C2Sc3cc(Br)ccc32)N1c1ccccc1,C21H12BrNOS,37
O=C(O)C(=O)NC1=Nc2ccc(cc2)C=C1,C11H8N2O3,24
CN(C)S(=O)(=O)c1cccc(S(=O)(=O)N(C)CCCOC2=CC=Cc3cccc2c3)c1,C22H26N2O5S2,57
COc1cc(Br)cc(C(=O)N2CC(=O)Nc3nc(C)nc(C)c(C)nc2s3)c1,C18H18BrN5O3S,46
COC(=O)C(=Cc1ccc(OC)cc1)SC(=O)C12CCCN(CCC1)C2=O,C20H23NO5S,50
CC(C)(C)C1CCCCCCCCCCCC=C(c2cccc(Cl)c2)CC(=O)O1,C26H39ClO2,67
C=CC=C1C(=O)N1C(=S)SCC(=O)N(CCN(C(C)=O)C(=O)c1ccc(F)cc1)C(=O)c1ccccc1,C26H22FN3O5S2,59
CNC(=O)c1ccc(SCCN(C(=O)NC2C(O)C(O)C(O)C2O)C(=O)OC)s1,C16H23N3O8S2,47
CC(O)C1CN(C(=O)N2CC2=O)C(=O)O1,C8H10N2O5,23
O=c1[nH]nc(-c2ccccc2)n1-c1nc(-c2ccccc2[N+](=O)c2ccccc2)ccc1F,C25H17FN5O2+,49
C=C(C)Sc1ccccc1S(=O)(=O)NC(=O)Nc1ccccc1,C16H16N2O3S2,39
CC(C(=O)N1CCCCCCC1)=C1C(=O)N1C(=O)COc1ccc(C(F)(F)F)cc1,C21H23F3N2O4,53
CN(CCN(C)C(=O)N=C=NN1c2ccccc21)CC(=O)Nc1ccccc1,C20H22N6O2,50
CCCCCCN1C(=O)CCCCCCCCCCCC(=O)CC1=O,C21H37NO3,62
NS(=O)(=O)OC(=CC=C(C1=CC=C1)C(F)(F)F)[N+](=O)[O-],C9H7F3N2O5S,27
CC1COCCSC(=O)O1,C6H10O3S,20
C=CC=C1N=C1NC(=NN=C(c1cccc(Cl)c1)N(C)C(=O)CC)c1ccccc1,C23H22ClN5O,51
COC(=O)c1ccccc1C(=O)Oc1cc2cc3ccc-3c-2n1,C18H11NO4,34
Cc1c2cc-2c2ccc(C(C)(C)CCCCCN(C)C)cc12,C21H29N,51
CN1C(=O)Nc2cccc(ccc(F)cc2)N(C)C1=O,C14H14FN3O2,33
CN(C(=O)n1c2nc3ccccc(Cl)cc(cc3)nc1s2)c1ccc(Cl)c(Br)c1,C20H13BrCl2N4OS,42
COc1ccc2c(N3C(=O)NC(C)C3C)nn(C)c2c1,C14H18N4O2,36
COC(=O)c1ccccc1CCCOC(=O)c1ccc([N+](=O)[O-])cc1,C18H17NO6,42
CCCCCN1CCN(C(=O)NC(=O)c2ccccc2C2CCCC2)CC1,C22H33N3O2,59
O=C(c1cc(Cl)c2cc(Cl)ccc2c1)N1CCCCC1C1CCCC(CN2CCCC2)C1,C27H34Cl2N2O,64
O=S(=O)(c1ccccc1)N(CCCc1ccncc1)Cc1ccc(F)cc1,C21H21FN2O2S,48
CCN1CCN(C(=O)N2CCC=CC=CC2=O)CC1,C14H21N3O2,40
CN(C(=O)c1ccc(C=C[N+](=O)[O-])cc1)c1ccccc1,C16H14N2O3,35
CCCCCN(C(=O)C1=CC(C)=C1)C(=O)c1ccccc1[N+](=O)[O-],C18H20N2O4,44
COC1=C(F)C1=C(Cl)C(=O)N1C(=O)N(CC2CCCCC2)CC1C,C17H22ClFN2O3,45
O=C1NC(=O)N(c2c(Cl)cc(C(F)(F)F)cc2C(=O)N2CCCC2)CCO1,C16H15ClF3N3O4,41
CCN1CCN2CCCCCCC(C2=O)N(C#N)C1=O,C14H22N4O2,41
CCN(C)C(=Nc1ccc(OC)cc1)SC1=CC=c2c(c(=O)n3c(=O)n2CCC3)=CC=C1,C24H26N4O3S,58
CNS(=O)(=O)C1=CC(C=CCl)=C1,C7H8ClNO2S,20
COP(=O)(OC)OP(O)(O)(O)OC(=O)NC(C)=O,C5H13NO10P2,31
O=C1CCCN2CCC=C(C=CC(=O)N3CCN(CC3)S(=O)(=O)c3ccc(cc3)N1)S2(=O)=O,C21H26N4O6S2,59
COC1=C2CCN3CCCCN(CC3)C(=O)C2=C1,C14H20N2O2,38
COc1ccc(C(=O)N(N=NNc2cc3sc2-c2cc(OC)ccc2NC3=O)c2ccccc2OC)cc1,C27H23N5O5S,60
CN1CC(C)(C)OC2=C(C(Br)=C2)S1(=O)=O,C9H12BrNO3S,27
C=CC=C1c2nc(Nc3ccc(Cl)cc3)nc(n2)NC1(C)CC,C17H18ClN5,41
COc1ccccc(S(=O)(=O)N2CCCCC2)cccc1C,C17H23NO3S,45
CCCCOC(=O)c1ccc(C(C)=CC=C2C=CC=C(OC)C=C2)cc1,C23H26O3,52
CCC(C)C1NC(=O)C1n1nnc2c1=CC(c1ccc(C(F)(F)F)c(F)c1)=CC=C(Cl)C=2,C22H19ClF4N4O,49
CC=CC=C(Cl)c1ccccc1C(=O)O,C12H11ClO2,26
CN(C)C(=O)N(C)C(=O)c1ccc2n3nc([nH]c1=O)SC3=N2,C12H12N6O3S,34
CN1CCN(CCn2c(=O)[nH]c3cccc4c5cc-4c=3c2cc5Cl)CC1,C20H21ClN4O,46
CCN(C(=O)C1=CSC1=O)C(=O)c1cccc(Br)c1,C13H10BrNO3S,29
CCOc1ccc(C(=O)N2CCN(C)C2=O)c(C#N)c1,C14H15N3O3,35
COC1C(O)C(C)OC(COc2ccc3c(c2)C(=CCl)C2=C(S3)C(=O)N(C)C2=O)C1O,C21H22ClNO7S,48
C=C(C=CC(=O)OC)C(=O)OC,C8H10O4,22
CC12CCN1C(=O)N(C1=CC(Cl)=C1)C(=O)N2,C10H10ClN3O2,26
O=[N+]([O-])C1=Cc2ccc(Cl)ccc(nc[n+]2[O-])C=NN=C1,C12H8ClN5O3,29
O=C1N2CCCN(CC2)CCN1c1ccccc1,C14H19N3O,37
CCN(C)c1nc2ccccc2c(=O)[nH]1,C11H13N3O,28
O=C1C=CN2CCN(CCN3CCCN1CC3)C2=O,C13H20N4O2,39
CCN(C(=O)C(=CC=C1C=CC=C1C)OC(=O)c1ccccc1OC)C(=O)c1cccc(Cl)c1,C27H24ClNO5,58
CCCCn1c(=O)n(CCOP(=O)(O)O)c(=O)n(CCC(=O)N2CC(C)C(=O)N(CC)C2=O)c1=O,C19H30N5O10P,65
CN1CCC(C(=O)N(CC2CCCC(=O)N2c2ccccc2C(F)(F)F)C(=O)Nc2ccc3ccccc3c2)C1,C30H31F3N4O3,70
CC12CCOc3ccc4c(ccccc3-4)CC3CCCCN3C(=O)CCCN(CC1)C2=O,C27H34N2O3,65
CCN(c1ccc(Cl)cc1)S(=O)(=O)OCc1cccc(N(C)C(=O)c2ccc(Cl)c(Br)c2)n1,C22H20BrCl2N3O4S,53
COC1=C2C=CC=C2SC2=C(Cl)C=C1N1CCCCN(CC1)S2(=O)=O,C17H19ClN2O3S2,44
COc1cc(C(=O)OCCOC2OC3OC2C(O)C3O)ccc2ccc-2c1,C19H20O8,42
CCN(C)C(=O)c1ccc(C(=O)N(C(C)=O)C(C)C)c(CC2=CC=C2)c1,C21H26N2O3,52
CC1CN(C(=O)Nc2nc(-c3ccccc3)c(-c3ccccc3)[nH]2)C(C)CN1C,C23H27N5O,54
COc1ccccc1C1=CN=C(c2ccccc2)SC(=NC(=O)N(C)C(C)=O)S1,C21H19N3O3S2,48
COC(=O)C=CC1=Cc2cccc1c2,C12H10O2,24
Cn1nc(SCCCN2CCC3=Cc4cc3ccc4C2)n(-c2ccccc2)c1=O,C23H24N4OS,53
CN1C(=O)c2cc(C(F)(F)F)ccc3ccccc3cccc(C(=O)O)cn(c2=O)C1=O,C22H15F3N2O5,47
CCCCC1OC(=O)N(C(=CC#N)C2=Cc3ccc(C)c2c3)C1OCC,C21H24N2O3,48
C=CC=C(C=CC(=C)Br)c1cccc2c1ccc1nc3n(C(=O)NC)c(-c4ccccc4)ncc-3c12,C30H23BrN4O,59
CCN(CC(C)C)P(=O)(O)O,C6H16NO3P,27
O=C1c2cccc3ccc(cc23)CCCCN1CCc1ccccc1,C23H23NO,48
Cc1ccccc1C(=O)N1CCN(C(=O)c2ccccc2C2=CN3N=C3N2)CC1,C22H21N5O2,49
O=C(NCC(=O)N1CCN(C(=O)c2ccc(F)cc2)CC1)c1ccccc1,C20H20FN3O3,47
N#CC1=CN(CCCN2CCC2)C1,C10H15N3,28
CCN1CCN(C(=O)N2CCN(c3ccc(C(F)(F)F)c(Cl)c3F)C2=O)CC1,C17H19ClF4N4O2,47
CC(=S)NC1(F)C(F)(F)C(F)(F)C(F)(F)C(F)(F)C(F)(F)C1(F)F,C9H4F13NS,28
C=CC=C(C=CC=CC(=O)C(=Cc1ccc(Cl)cc1Cl)C(=O)NC(=O)c1ccc(Cl)cc1)C(=O)OC(=O)c1ccccc1,C33H22Cl3NO6,65
O=C(NC(=O)Nc1nc(C(=O)O)cs1)Nc1ccccc1,C12H10N4O4S,31
c1c2nc3n(CCCCCCCC4CCCC4)cc-2nc1-3,C18H25N3,46
CC(C)(C)OP1(=O)OCCN2CCN(CCOC3=CC(=C3)O1)C2=O,C15H23N2O6P,47
COc1ccc([N+](=O)[O-])cc1NC(=O)C1=CC=C1Nc1cccc(Cl)c1,C18H14ClN3O4,39
COC(=O)c1ccc(C(=O)C=Cc2ccccc2)cc1,C17H14O3,34
O=C1Nc2cc(C(F)(F)F)ccc2C(=CCl)Sc2ccc(Cl)cc2OCO1,C17H10Cl2F3NO3S,37
COC(=O)C1=C(CCCC(C)(C)C)c2c3cc([nH]3)c3cc1ccc23,C21H23NO2,46
COC(=O)NC(=O)N(C)C(=O)OC1(C)CC1,C9H14N2O5,29
CN(CC(=O)Nc1ccccc1F)c1nc2c(s1)C(C(=O)Nc1ccccc1)=CCC2,C23H21FN4O2S,52
O=C1NC(C(O)C(=O)O)CCCCSCCS1,C10H17NO4S2,32
O=C(CC(=O)Nc1ccccc1)NC1=CC1=C1C=C1,C15H12N2O2,31
CCN1CCN(C(=O)c2ccc(F)cc2Cl)CC1,C13H16ClFN2O,34
CCCC(C)N1C(=O)C(C)=C(C(=O)N2CCCCC2)C1=O,C16H24N2O3,45
CN(C)S(=O)(=O)N1CCN(C(=O)C(=CC=CC=CC=Cc2cccc(Cl)c2)C(=O)c2ccccc2)CC1,C28H30ClN3O4S,67
CC(=O)NC(C)C(=O)N(C)C(=O)c1cc2ccc-2csc1C,C16H18N2O3S,39
COC(F)(F)c1cccc(C(=O)N2CCCCN3CCN(C3=O)C2=O)c1,C17H19F2N3O4,45
CC(C(=O)c1ccccc1)N1CCN2C(=O)C3CC(C2C1=O)C3(C)C,C20H24N2O3,45
COc1c(F)n(C(=O)OC2C(O)C2O)c(=O)[nH]c1=O,C9H9FN2O7,24
COc1ccc(OC)c(NC(=O)N(C)c2c3sc4c2NC(=O)C(=C3)S4)c1,C17H15N3O4S2,41
O=C(c1cccc(C(F)(F)F)c1)c1ccc2c(c1)c1nn2CCCN2CCN1CC2,C22H21F3N4O,51
CCCC1C2CN(CC)C(=O)C#CC(=O)N(CC)C1CCN2C#N,C18H26N4O2,47
CCCCCCCN(CCC)C(=O)c1ccc2c3c(cccc13)N(C)C2=O,C23H30N2O2,57
CN(C)C(=O)c1cc(Br)ccc2ccc3c-2nnc2c1c(C(F)(F)F)ccc32,C20H13BrF3N3O,41
CCCc1ccc(C=C2C=CC(=O)N2C)cc1,C15H17NO,34
O=C1NCCN(Cc2ccccc2)CCN1C(=Nc1ccccn1)c1ccccc1,C24H25N5O,55
C=COc1ccc(C(=O)N(CCC(NC(=O)c2ccc(Cl)cc2)C(=O)Nc2ccccc2)Cc2ccccc2)cc1,C33H30ClN3O4,70
O=[N+]([O-])c1ccc([N+](=O)[O-])c(C2=NN=C=C2)c1,C9H4N4O4,21
CNC(=O)c1ccc(S(=O)(=O)C2=CC(OC)=CC=CC=C2)cc1,C17H17NO4S,40
NS(=O)(=O)C=CC=CC1=CC=C1NC(=O)Nc1nnnn1-c1ccccc1,C16H15N7O3S,42
CC(C)(C)OC(=O)C1=C(C(=O)N2CCCCC2=O)OC1(F)F,C14H17F2NO5,39
COC1=CC=C2C=C(C3C(O)CN4CCCCN3CC4)C=C21,C18H24N2O2,44
CC(=O)N(C)C(=O)C(C)CN(C(=O)C=C1C=C1)c1nnns1,C13H15N5O3S,37
CCCC1CN(C(=O)c2cc3c(Br)cccc3cc2Br)CCN1C,C19H22Br2N2O,45
O=C(Cc1cc2cc3c(c1=O)=CC=CC(=C2)C=CC=3)NC(=O)c1ccc(F)cc1,C24H16FNO3,45
CCN(CCCNC(=O)c1ccc(OC)n1C(=O)Oc1ccccc1)S(=O)(=O)c1ccccc1,C24H27N3O6S,61
CN(C)C(=O)C(=CC=C(c1cccc(Cl)c1)c1nc2ccccc2n1C)N1CCCC1,C25H27ClN4O,58
CC(C)(C)C1CCCN2CCCN(C2=O)c2ncccc2C(=O)N2CCC1(C)C2,C23H34N4O2,63
CCOc1cccc2c1N(C(C)=O)C2=O,C11H11NO3,26
CC(C)N(C(=O)c1c2n3c(c1=CC=C3c1cc(F)cc(Cl)c1)=N2)c1nc(N(C)C)nc(N2CCCCC2)n1,C27H28ClFN8O,66
CCN(C)C(=O)C(C)(C)Cc1nc2ccc-2cc(Cl)cc1Cl,C17H20Cl2N2O,42
Cc1ccc(NS(=O)(=O)c2ccccc2C#N)cc1,C14H12N2O2S,31
CN(C)CCCCCCN1CCCCCc2nc3n(n2)C(=C3)C1=O,C18H29N5O,53
CCCN(C)C(=O)N(CCC)N=C1c2ccc1s2,C13H19N3OS,37
O=C(OCC1CC1)C(F)(F)C(F)(F)C(F)(F)F,C8H7F7O2,24
NC(=O)Nc1nc(=Cc2ccc(O)cc2)c(=Cc2ccc(Cl)cc2)[nH]1,C18H15ClN4O2,39
CC(C)(C)c1c2ccc(N3CCC(=O)N4CCN(CC4)C3=O)c1Nc1ccccc1S2,C24H28N4O2S,58
O=C1CCCC=C(C=C(Br)c2ccccc2C=CC=CC=Cc2ccccc2Br)N2C(=O)N1CN1N=C12,C29H24Br2N4O2,61
CN(C)C(=O)CCc1ccc2c(c1)Sc1ccc-2s1,C15H15NOS2,34
CN(C(=O)c1ccccc1)C1CC(=O)NNC1=O,C12H13N3O3,30
COC(=O)C1=C(C(=O)OC)C(C)OC1=O,C9H10O6,25
CCCCN1CCN(CCN2CCCN(CC)C2=O)C1=O,C15H28N4O2,49
O=C(C1=CC=C1)N1CCCCN2CCC(C1)C(C(=O)N1CCCC1)CC2,C21H31N3O2,55
O=C(C1=CC=C1)N1CCCCCN(C(=O)C2=CC=C2)C(=S)Sc2ccccc2C1=O,C23H20N2O3S2,50
CC1=CC(C(F)(F)F)=Cc2ccc3c(=CN=CN4CC5CN(C5)C4=O)cccc3c2=C1,C24H20F3N3O,51
CCCCN1CCN(C#N)CCCN2C(=O)N3CCC2C3C1=O,C16H25N5O2,46
CCCN1CCCN(C(=O)c2ccc3cccc(C(F)(F)F)c3c2)CCN(CC)C1=O,C23H28F3N3O2,59
N#CN=C1N(CC2CCCC2)C(=O)N2CCOP3(=O)OC2C(O)C(O3)N1C(=O)c1ccc(F)cc1,C21H23FN5O7P,55
CCN(C(=O)CCc1ccc(OC)cc1Cl)C(=O)c1cc(Cl)ccc1Cl,C19H18Cl3NO3,44
C=C(n1nnnc1-c1ccccc1)S(=O)(=O)c1ccc(Br)cc1,C15H11BrN4O2S,34
N=NN=C(Sc1nnc(NC(=O)c2ccc(F)cc2)s1)c1ccccc1,C16H11FN6OS2,37
CC1=C(N=C(N)c2ccccc2)N1,C10H11N3,23
CC1C2CCN(CC3=CC=C3)C(=O)N2C(=O)N2CCCCCN1C2=O,C18H24N4O3,47
CCN1C(=O)CCN(C(=O)c2cccc3cc(Cl)ccc23)CCN2CC1CS2(=O)=O,C21H24ClN3O4S,54
CCCN(CCC)C(=O)C1=Cc2ccc(cc2)C=C1c1ccccc1,C23H25NO,50
CCCCN(c1nc2c3ccccc1c32)C1CCN(C(C)(C)C)C1=O,C21H27N3O,51
CCCCCCCCCCC1C(N2C(=O)C=C(C(=O)OS(=O)(=O)OC)C2=O)C(=O)N1CCCC,C23H36N2O8S,68
CN1CCNc2nncn2CCN(c2ccc3c4cc-3ccc24)C1=O,C18H18N6O,43
COc1nnc(N2C=CC=C(Cl)C2)s1,C8H8ClN3OS,22
O=C1c2c(=O)n(c3cc2c2nc3n[nH]2)CCCCN1CCN1CCC1,C17H20N6O2,44
COc1cccc(-c2cccc(-c3ccccc3Oc3ccc4cc3-4)c2)c1,C25H18O2,45
C=C1C=CC(Nc2ncc(C(=O)Nc3ccccc3OC)s2)=C1,C17H15N3O2S,37
COC(=O)C1=CC=C(C(=O)C2CCCC(CCCCC(=O)OC(=O)CC(C)C)C2)C1=O,C24H32O7,63
CCN(C)C(=O)Nc1ccccc1C=CC1=Cc2cccc(c2)N1,C20H21N3O,45
O=C(O)C1=CC=C1c1ccc(C(=O)O)c(C(=O)O)c1C(=O)O,C14H8O8,30
COc1c(C(=O)Nc2ccccc2)cccc1-n1c(=O)n(C)c2ccc(cc2C=CCl)[nH]c(=O)c2ccc1cc2F,C31H24ClFN4O4,65
CC(C)(C)C1=C2CCCCCCCCCCCCCCCCCC1OC2=O,C25H44O2,70
COc1cc(OC)c2cc(C(=O)N3C4C(CCC3(C)C)CC4OC(C)=O)ccc2c1,C24H29NO5,57
COC(C(I)=CC(=O)N1CCN(C)C(=O)NC1=O)=C(I)I,C11H12I3N3O4,33
CCCC(=O)C1=C(C(C)(C)C)c2cccc1n2,C15H19NO,36
CON=NOC1NC(=O)CC(O)C(O)C(O)C1O,C8H15N3O7,28
CC(C)CN(C#N)c1nnc(-c2ccccc2)[nH]1,C13H15N5,32
CCCC(C(CN(CC)C(=O)C(C)NC(=O)c1ccc(F)cc1)Oc1ccccc1)n1cccc1O,C28H34FN3O4,67
COc1ccnc(COc2ccc(C(=O)Oc3ccccc3OC)c(OC)c2)c1,C22H21NO6,50
Nc1ccc(C(=O)N(CCCc2ccccc2)CC(=O)Nc2ccccc2)c2ccccc12,C28H27N3O2,60
CC1C2=CC=C(c3ccccc3Cl)C1C2N(C)C,C16H18ClN,36
CC1CCCCCCCCCCC(C(F)(F)F)NC(=O)O1,C15H26F3NO2,46
C=C(Cl)C=CC(F)=CC=C(C=CC(=O)Nc1ccccc1)S(=O)(=O)C(F)(F)F,C18H14ClF4NO3S,41
CC(=C(c1ccccc1)N(C)C(=O)N(C)C)c1ccccc1,C19H22N2O,44
O=C1NC(=O)C1=C(S)Sc1ccccc1,C10H7NO2S2,22
C=CC=CC=CC1C=CC(SC(=O)SC(=O)NC(=O)c2ccc(Cl)cc2)=CC1,C21H18ClNO3S2,46
C=C(C=Cc1ccccc1OC)c1nnc(Sc2nnc(-c3ccccc3)n2C)n1C(C)(C)C,C26H28N6OS,62
CC(=O)N(C)C1CCN(c2ccc3c4c2C=C(C(F)(F)Cl)C(Cl)=CC=C34)C1=O,C20H16Cl2F2N2O2,43
CCC(=NN=CN1CCc2ccccc2C1=O)c1cccc2ccc(OC)cc12,C24H23N3O2,52
N#CN=C1OCOc2ccc1cc2,C9H6N2O2,19
CCCC(O)CNC(=O)c1cccc2c1-c1ccc(OC)cc1-c1ncc([nH]c3ccccc3[nH]1)C=CC=C2,C32H32N4O3,69
COc1ccccc1N(C(C)=O)C1(SC)N(C)C(=O)n2c(=O)n1c1ccccc12,C20H20N4O4S,49
CCC(C1CCCN1C)n1c(=O)c2ccc3c4ccc1c(C(C)(C)C)ccc4c3c2,C27H32N2O,60
CCOc1ccc(-c2nn(Cc3ccccc3)c(=O)n2C(=O)c2ccccc2OC)c(CC)c1,C27H27N3O4,61
CCCN1CCN2C(=CC=C3C=CC=C3N=C2c2ccc(OC)cc2Cl)C1=O,C22H22ClN3O2,50
CCCCC=CC(C)=C(Cl)C(Cl)(Br)Br,C10H14Br2Cl2,28
COC(=O)C1CCN1CCCCc1ccc2cc1NC2=O,C16H20N2O3,39
COC1=C(O)C(=O)N(C)C(=O)NC(Cn2c(=O)c3cnc2s3)C(=O)NCCN(C)C1=O,C17H20N6O7S,50
Cc1cn2c(n1)C2CCN1CCN(CCCCCNC(=O)c2cccc3ccccc23)C1=O,C26H31N5O2,64
CNC(=O)C1CCC1Nc1nc2nc(n1)C(c1ccc(OC)cc1)=C2,C18H19N5O2,42
COc1ccc(C(=O)N2CCN(CC(=O)N(C)C)CC2)c2ccccc12,C20H25N3O3,51
CC1=Cc2ccc(C(=O)NC3C(=O)N(C)C(=O)C3C)c(c2)N1,C16H17N3O3,36
O=C1C=C(c2ccc(S(=O)(=O)N3CCCCC3)cc2)CC2CCCN12,C19H24N2O3S,49
CCN1CN2CCNC(=O)C(O)C(COc3ccc4c(cccc4c3)C1=O)CC2=O,C22H25N3O5,53
CCN(C(=O)NC(=O)N(CC)C(=O)c1cccc2ccccc12)C(=O)c1nnc(C)[nH]1,C21H22N6O4,51
CCC1n2nc(-c3ccccc3)n(c2=O)C(c2ccccc2OC)C1(C)C,C22H25N3O2,50
C=CC(=CC=CNc1ccc2cc1-2)C(=O)Nc1ccccc1,C19H16N2O,37
C=NC(N)=NC=Cc1ccccc1NS(=O)(=O)c1ccccc1,C16H16N4O2S,39
CCC1CCC1=O,C6H10O,17
Cc1ccc2cc1C1=C(CN3CCCC3)N(C)C3=CN=C2N=C1N3,C19H21N5,44
CCC(=O)OC(CCCC(=O)N(CC)C(C)=O)C(=O)c1ccc(S(=O)(=O)c2ccc3ccccc3c2)cc1,C29H31NO7S,68
CC(C(=O)O)C(NC(=O)N(C)C)C(=O)O,C8H14N2O5,27
N#CC=CN=C(N)Sc1nnc(-c2ccccc2)[nH]1,C12H10N6S,29
COC(=O)c1ccc(C(=O)n2c(=O)c(I)cc3ccccc32)c(OC)c1,C19H14INO5,40
Cc1ccc(Nc2nn(C(=O)c3cccc(Cl)c3)c(=O)[nH]2)cc1,C16H13ClN4O2,36
CN(C)C(=O)C1=CN=C(N)N=C2C=C1C(=O)N2,C10H11N5O2,28
CCCN1CCCCCN(C(=O)CC)CCC2=CC=C3C2=CC=C(C=Cc2ccccc23)C1=O,C30H36N2O2,70
C#Cc1ccccc1N=C1Nc2ccc(cc2)C(=O)N1CCCN1CCCCC1,C24H26N4O,55
CC1NC(=O)N(C2CCN(C)C2=O)C(=O)N(C(=O)O)C2=NN=C2NC1=O,C13H15N7O6,39
CCC(C)CCCCN1CCC(C)N(c2ncc3c4cccc3c24)C1=O,C22H29N3O,54
CN(C=C1C=C1)CCn1c(=O)[nH]c2cc([N+](=O)[O-])ccc21,C14H14N4O3,35
COC(=O)C(NC(=O)C(c1ccccc1)c1c2cc(C#N)cc3ccc4c(cc2-4)c(Cl)c(OC)cc13)C(=O)O,C30H21ClN2O6,59
O=C1CCN(CCOc2cccc(C(F)(F)F)c2)C(=O)c2ccc(c(=O)[nH]2)C(=O)N2CCCC(C2)N1,C24H25F3N4O5,60
CCC=CC=c1ccccc1=CC=CC=CC=CC=CC=CC1=CC(N=C2NC(=O)C(=O)N2)=C1,C29H27N3O2,59
CC(C)(C)CN1CCN(S(=O)(=O)C2=CC=C2Cl)CC1=O,C13H19ClN2O3S,39
C=C1C(=O)N(C(=O)C(C)C)S(=O)C1=Cc1ccccc1,C15H15NO3S,35
CCOC(=O)C(=O)N1CC(=O)c2ccc(cc2)C1=O,C13H11NO5,30
C=C(C(=O)c1nnc(N2CCCCC2)s1)C1=CC=C1,C14H15N3OS,34
CC1NCCC=C(c2ccccc2Cl)NC1=O,C13H15ClN2O,31
CN(CCN1CCN(C2=NC3=CC3=CCCCS2)C1=O)C(=O)c1ccc(Br)cc1,C21H23BrN4O2S,52
CCN(C)C(=O)C(C)NC(=O)c1ccc(C2=CC=C2)cc1,C17H20N2O2,40
CCN(Cc1ccccc1)C(=O)N(C(=O)c1ccc(OC)cc1)c1ccc(F)cc1,C24H23FN2O3,53
COc1ccc(OCC(=O)NCNC(=O)c2c(F)c2=O)cc1,C14H13FN2O5,35
O=C1C(=CC=CN2CCCCC2)N2C(=O)N1CCCCCCc1cc2c(Br)c([N+](=O)[O-])c1,C23H27BrN4O4,59
CCOC(=O)c1ccccc1C=CC=Cc1ccccc1C(=O)OC,C21H20O4,45
COC1=CC(C2=NC34N=C(S3)N2C(=O)N4CCC2CCCCC2)=C1,C17H20N4O2S,44
COC(=O)c1c(C)cccc1Sc1nnc(SC)s1,C12H12N2O2S3,31
Clc1cccc(Cl)c1I,C6H3Cl2I,12
COc1cc(C(=O)N(C)C)c2c(c1)=CC=2,C12H13NO2,28
O=C1C2=CN(C(=O)N3CCN1CC3)c1cc(C(F)(F)F)ccc1N2c1ccccc1,C21H17F3N4O2,47
CCCN1C(=O)NC(=O)SC(=C2C=C(OC)C(OC)=C2)C1=O,C14H16N2O5S,37
CNC(=O)c1c(F)ccc2c1N(Cc1ccc(F)cc1)N=NN2,C15H13F2N5O,35
COc1ccc(C(=O)CN2CCCCN(C)S(=O)(=O)c3cn(c(=O)cc3OC)C2=O)cc1C(F)(F)F,C22H24F3N3O7S,60
C=C1C=CC(P(C)c2ccccc2)=C1,C13H13P,27
O=C(CSc1nc2ccccc2s1)NCCN1C(=O)NC1=O,C13H12N4O3S2,34
C=CC=CC(=C)C=C(C=CC=Cc1ccccc1N1C(=O)C(NS(=O)(=O)c2cccc(F)c2)CC(O)C1C)OC,C31H33FN2O5S,70
CC(CCCC(C)(C)C)=C(C(=O)N1CCCCC1)C(=O)N1CCCOC1=O,C21H34N2O4,61
CCCCCCC(NC(=O)c1ccccc1)C(C)=O,C16H23NO2,41
CCN1CCN2CCCN(C(=O)c3cc(c(C)s3)C2=O)C1=O,C15H19N3O3S,41
CCCOC(=O)N1CC(C(C)(C)C)OC1=O,C11H19NO4,35
CCN1C(=O)c2cn3c(-c4ccccc4)cc(OC)cc3c2C(=O)NC(=O)N2CCOCC1C2,C25H26N4O5,60
C=CC(=O)Nc1nnc(NS(=O)(=O)c2ccccc2C=C)s1,C13H12N4O3S2,34
C=C(F)C=C1C(=O)c2ccccc2C(=O)N(CC(=O)N(CCC)CCCCC)C1=O,C23H27FN2O4,57
CN(C)Cn1c(=O)[nH]c2ccc3cccc4c5cc(C(F)(F)F)cc(ccc3c3ccc4c1c3)c2c5,C29H22F3N3O,58
CN1CCN(C(=O)NC#N)c2ccc(c(Cl)c2)S(=O)(=O)NC1=O,C12H12ClN5O4S,35
COC(=O)c1ccc2c(c1)CCCCC1OC(O2)C1O,C15H18O5,35
CN1CCn2c(cnc2Nc2ccc3cc2-3)C1=O,C13H12N4O,30
COC(=O)c1ccc(C(=O)N(c2ccccc2)c2cccc(C)c2)cc1,C22H19NO3,45
COC(=O)c1ccc(C(=O)c2ccc(OC)cc2)c(C(=O)N2CC(C)CCCC3CC(O)C(O)C2O3)c1,C28H33NO8,66
CCC1=CC=C(C(=O)N2CCSCC2)CCN2CCN(CC2)S1(=O)=O,C17H27N3O3S2,52
CC(COc1ccccc1)N(CCC(=O)N1CCC1)C(=O)c1ccc(C(=O)N2CCCC2=O)cc1,C27H31N3O5,66
CC(C)(C)S(=O)(=O)C1(C)CN(CC2CCCCC2)C1=O,C15H27NO3S,47
COc1ccccc1C(=O)N(C(C)=O)C1CCCCCCC1,C18H25NO3,47
C=CS(=O)(=O)C1=CC=CC=CC=C1S(=O)(=O)c1ccccc1,C16H14O4S2,36
CC1CCCC(CS(=O)(=O)N2CCCCC2)C1,C13H25NO2S,42
COC1=CC=C2SC1=CC=C1SC(=O)N(CCCCCN(CC3(C)CC3)C(=O)N3CCN(C1=O)C3=O)C2=O,C26H30N4O6S2,68
COC(=O)c1ccc(C(C)=CS(=O)(=O)Oc2ccccc2)cc1,C17H16O5S,39
CC(C)(C)C1=C(C(=O)N2CCCC2)C(=O)CCCCCC1,C18H29NO2,50
Cc1c2cccc1C(C(=O)N(CC(=O)N(C)C)C(=O)c1ccccc1)=C2,C21H20N2O3,46
CN1CCN2C(=O)NC(=O)NC(=CC=C(Oc3ccc(Cl)cc3)S1(=O)=O)NC2=O,C16H16ClN5O6S,45
CC(C)(C)CN1CCCCCN2C(=O)C=C(I)C(=C(c3ccc(Cl)cc3Cl)SC2=O)C1=O,C23H25Cl2IN2O3S,57
CN1CCN(C(=O)c2c3sc4c2C2=Cc5ccc(c-4c5S3)CN3CCN2CC3)CC1,C23H24N4OS2,54
N#Cc1ccc(Br)cc1C(=O)c1ccccccnc2nnc(s1)s2,C17H9BrN4OS2,34
Cc1[n-]nc2[n+]1-c1ccccc1C=CC=[Si]2N=[N+]=[N-],C12H10N6Si,29
COc1ccc(OC)c(-c2cccc3c(C(=O)N(C)C(=O)P(=O)=O)cc4c(c23)OCO4)c1,C22H18NO8P,50
CN1CCN(CCN2C(=O)N(C)C(=O)C3=CC=C4C5=CC=CC4C3C=C52)C1=O,C21H22N4O3,50
COC(=O)c1ccc(Cl)c(C=C2CCCCCC3CCN(C3)C2=O)c1,C20H24ClNO3,49
CC(=O)OCC=C1C=C1C,C8H10O2,20
CCOC(=O)c1ccccc1C(=O)C1=CC(C=CC(F)(F)F)=C1,C17H13F3O3,36
Cc1ccc(N)cc1[N+](=O)[O-],C7H8N2O2,19
CCCN(CCN1CCCCN(CC)C1=O)c1nc2ccc3c4ccc(c-4nc-3n1)C=C2,C25H30N6O,62
C=C1SC2=CC=C1N=C(N(CC)c1ccccc1)S2,C15H14N2S2,33
CN1C(N=c2n(C)c(=O)c3cc(Cl)ccc3n2C)=CC=CS1(=O)=O,C15H15ClN4O3S,39
CCCNC(=S)Nc1ccc2ccc(S(=O)(=O)N(C)CN(C)C(=O)N(C)C(C)=O)cc2c1,C21H29N5O4S2,61
COc1ccc2cc-2c(=O)[nH]c(F)c1,C10H8FNO2,22
CCCSC(=Nc1cccc2cc(Br)ccc12)N1CCCC1=O,C18H19BrN2OS,42
CC=C(C(=O)N(C)S(=O)(=O)c1ccccc1)c1ccccc1,C17H17NO3S,39
CC(=NNC=C(c1ccccc1)c1ccccc1)c1ccccc1,C22H20N2,43
O=C(c1ccccc1)N1CCCCN(C2=CC=CC=CC=C2)C1=O,C20H20N2O2,44
Cc1cc(C(F)(F)F)ccc1N(C(=O)N1CCCCC1)c1ccccc1C(=O)N1CCCC1,C25H28F3N3O2,61
CCN1C(=O)CCCCCCCCC1=O,C12H21NO2,36
CC(=CS(=O)(=O)c1ccc(F)cc1C(=O)N(C)C)Nc1ccc(Cl)cc1,C18H18ClFN2O3S,43
O=C(C=CC1=C2CCCCCN1C2=O)N1CCCCCCCCC1,C20H30N2O2,54
CCN(C)c1nc2ccc1c1ccccccccc21,C18H18N2,38
CCOC(=O)N(C)C(=O)N1SC(=C(C)Br)C(=O)N(C)C1=O,C11H14BrN3O5S,35
COC(=O)CC=C1C(=O)Oc2cc(OC)ccc21,C13H12O5,30
CC1N(C)c2nn1cc2C=CC=C1C=CN=C2N1N2c1ccccc1,C19H18N6,42
CCN1C(=O)N=C1N(CCN(CCNC(=O)c1ccccc1)c1ccc(Cl)cc1)Cc1cccc(F)c1,C28H29ClFN5O2,66
CCCCN(C(=O)c1cccc(Cl)c1)c1nc2cc(C=C(Cl)OC)ccc2s1,C21H20Cl2N2O2S,48
CCN1CCN(C(=O)c2ccccc2)CCC(=O)N(c2cc3cc-3n2)CC1,C21H24N4O2,51
CCN1C(=O)CCCCCCCCN(C(=O)c2ccc(Cl)cc2)C(=O)NC1=O,C20H26ClN3O4,53
CCn1nc2nc1N(Cc1ccc([N+](=O)[O-])cc1)C(=O)N2,C12H12N6O3,33
OC1=NC2=CC=C(F)C(=CC=C2)S1,C9H6FNOS,19
O=C1N2CCN1CCN(c1ccc(F)cc1)CC2,C13H16FN3O,34
CCOC(=O)c1ccc(C(=O)OC)c(C(=O)N2CCC2)c1,C15H17NO5,38
C=CC=C1c2cc(ccc2-c2cc(OC)ccc2C#N)C(=O)N(C)c2cccc(c2)[N+]1=O,C26H20N3O3+,52
COc1ccccc1S(=O)(=O)N(C1CCN(C)CC1)S(=O)(=O)c1ccccc1OC,C20H26N2O6S2,55
COc1cc(C(F)(F)F)c(N2C(=O)N3CCCN(C(=O)c4nc(N5CCCC5)nc2n4)C3=O)cc1F,C21H19F4N7O4,55
COc1cc2cc(c1Cc1ccc3cc1C=C3C)C(C(F)(F)F)=C2C(F)(F)C(F)(F)F,C22H14F8O,45
Cc1nnc(NC(=O)c2cccc(C(Cl)=CC=C(Br)C=CC=C3C=C3C(F)(F)F)c2)s1,C21H14BrClF3N3OS,45
O=C(c1ccccc1)N(C(=O)c1ccccc1)C1=NCCCS1,C18H16N2O2S,39
COC(=CCl)C1=CC(N=C(Nc2ccc(Br)cc2)c2ccc(Cl)cc2)=C1,C20H15BrCl2N2O,41
O=C1C=C(c2ccc(F)cc2)N2CCN(CC2)C(=O)N2CCN1CC2,C18H21FN4O2,46
N#CN=C(N1CCCCCC1)N1C(=O)N2CCC1C2,C13H19N5O,38
CC(C)(C)c1nc2n(CCC3CCCC3)c(=O)c1-2,C15H22N2O,40
CCN1CC(C)N2C(=O)N(C2=O)c2ncc(F)cc2N(C(C)=O)C1=O,C15H16FN5O4,40
CCn1c2sc(c1=O)=CC(C(=O)N(C)C)=CC=2,C12H14N2O2S,31
COc1cc2ccc1C=CC=C(c1ccccc1)Nc1ccc(cc1)C(=O)N2,C24H20N2O2,47
CC(C)(C)CCCOC(=O)C1=CC(=O)OC1=O,C12H16O5,33
COc1cccc(N(C)CCN2C(=O)c3cccnc3N3CCN(CCN4CCC2C4=O)CC3)c1,C26H34N6O3,68
C=c1c2cc3cc1SC(=N2)N(C)C(=O)c1cc(c(CC)c(OCCN(C)C)c1)C=3,C23H25N3O2S,54
CCCCCn1c(=O)c(=O)c2c(n(CCCC)c1=O)=CC=2,C16H22N2O3,43
CN(C)Cc1ccccc1NC(=NNc1ccccc1)N1c2ccccc21,C22H23N5,49
COc1cc(C(F)(F)F)ccc1S(=O)(=O)N1CCCN2C(C1)OC1=CC(=C1)S2(=O)=O,C17H17F3N2O6S2,47
CN1CCN(C(=O)N2C=Nc3cccc(C(F)(F)F)cc2[nH]c3N2CC2)CC1,C18H21F3N6O,48
Clc1cccc(Cl)c2c(ncc1)=NN=2,C9H5Cl2N3,19
C=CC(=Cc1ccc2c3c4c(sc13)CCN(CCCCNC2=O)C4=O)OC,C21H22N2O3S,49
O=C1C(=C2Nc3ccc2c(Cl)c3)CCCN1CCCN1CCCN2CC(C1)C2=O,C22H27ClN4O2,55
O=C1N(c2cc(Cl)ccc2Cl)CCN1C1CCCC1,C14H16Cl2N2O,35
CC1=CNc2cc1ccc2S(=O)(=O)c1ccc(S(C)(=O)=O)c(F)c1,C16H14FNO4S2,37
O=S(=O)(C1=CC=CC(F)=CC(=CC=CS)N1)c1ccccc1,C16H14FNO2S2,35
Cc1ccc2c(C(=O)N(C)C)c3c(cc2c1)OC(C)C(O)C(CC1CCCCC1)O3,C25H33NO4,60
O=C1N2CCN3CCN4C5=CC=C([N+](=O)[O-])C4C5(C3)N1CC2,C14H17N5O3,39
CCN(C(=NC1=C(Cl)C=C1Cl)c1ccccc1)c1nnc(C)[nH]1,C16H15Cl2N5,37
O=C(c1ccccc1Cl)N(N=C1Sc2nnc([nH]2)S1)C(=O)C1(c2cccc(Cl)c2)C=C1Br,C20H10BrCl2N5O2S2,41
C=CC=Cc1ccccccccc2sc(n1)n(C(=O)c1ccccc1-c1ccccc1)c2=O,C29H22N2O2S,56
CC(CCCC#N)CCCN1CCCC(N2CCCCC2)C1=O,C19H33N3O,55
CN(C)C(=O)NC1=C2N=C(Nc3cccc([N+](=O)[O-])c3)NC(=O)N3CCN(N=C(S2)S1)C3=O,C17H17N9O5S2,50
N=C1c2ccccc2N(CCc2ccccc2)C(=O)CCCCCCN1C(=O)Nc1ccccc1,C29H32N4O2,67
CC(C(=O)Nc1ccc(F)c(Cl)c1)N(C(=O)c1ccccc1C#N)C(C)(C)C,C21H21ClFN3O2,48
COc1ccc(NS(=O)(=O)Nc2ccc(C(F)(F)F)c(Cl)c2)cc1C1=CS1,C16H12ClF3N2O3S2,39
CC1CCCCN1CCN1CCCN(c2ccc(Cl)c(C(F)(F)F)c2)C(Cc2cc[n+]([O-])cc2Cl)C1=O,C26H31Cl2F3N4O2,66
CC=CC1=Cc2ccc(c3ccccc23)OCC(=O)N(CCCN2CCCC2=O)C1=O,C25H26N2O4,57
COC(=O)C1OC1C(=O)c1cccc(C=C(C)C=C(C=CC2=CC=CC=C(Br)C=C2)c2cccc(Br)c2)c1,C32H26Br2O4,62
COc1cccc(C(=O)C(=CC(=O)N(CCCc2ccc(C)cc2)C(C)C)C(=O)c2ccccc2)c1,C31H33NO4,69
CN(C(=O)NC(=O)c1ccccc1)c1ncccc1-c1cc2ccc1cc2,C22H17N3O2,44
CCN1CC(C)N(C(=O)N(C)CCOc2ccccc2F)C1=O,C16H22FN3O3,45
O=C(c1ccccc1[N+](=O)[O-])N1CCC2CN(CCN2S(=O)(=O)c2ccc3ccccc3c2)C1=O,C24H22N4O6S,56
C=C(SC(=CC)c1ccc(Cl)c(Cl)c1)c1cc(C(=O)O)ccc1F,C18H13Cl2FO2S,37
CCCCCN1C(=O)C2OC(=O)C(CC)C(C)C2C1=O,C15H23NO4,39
C=C(C(=O)N(C)C)C(OC)=C1C=C1NC(=O)c1cc(Cl)ccc1Cl,C17H16Cl2N2O3,40
CCCCCN1C(=O)Nc2ncccc2S1(=O)=O,C11H15N3O3S,32
C=C(C=C(C(=CCC)C(=O)OC(C)COC(=O)c1cc(C(F)(F)c2cccc(Cl)c2)ccc1Cl)[N+](=O)[O-])C(=O)OC,C28H25Cl2F2NO8,65
COc1ccc(-c2ccccc2)c(N(C)C2CCN3CCC2C3)c1,C21H26N2O,48
CCN(C)C(=O)CC(C)(C)c1c(C)c2cc3ccc2cc13,C19H23NO,44
CCC(C)(C(C)=O)C(C)=O,C8H14O2,24
CCN(C(=O)c1ccccc1)C1=NCCCc2ccccc21,C19H20N2O,42
CN(C(=O)c1ccccc1)C1=NC(=CC=CC=CC=CC(=O)Nc2ccccc2)S1,C24H21N3O2S,51
CCCC(=O)C(=CC=C(C(=O)OC)C(=O)OC(=O)OC)C(=O)OC,C15H18O9,42
COC(=O)CN(C(=O)c1cccc(Br)c1)C(=O)c1ccccc1C,C18H16BrNO4,40
CCN(C(=O)c1ccc(OC)c(Br)c1)c1nc(OC)ccc1C(C)=O,C18H19BrN2O4,44
NN=CCCl,C2H5ClN2,10
O=C(CCCC1CCCC1)C(=CC(Cl)=C(Br)Br)[N+](=O)[O-],C13H16Br2ClNO3,35
CN1CCCc2ccccc21,C10H13N,24
O=C(O)c1cccc2ccc(cc1)c1ccccc21,C17H12O2,31
COC1=CC=CC1=CC=C1C(=O)N(C(C)(C)C(=O)N2CCCCC2)C1=O,C20H24N2O4,50
CC1(C)CCCCCCCCCC(=O)O1,C13H24O2,39
COc1ccc(-c2nc(C(=O)N(C)C)ccc2C(C)=O)cc1C(=O)N1CCCCC1,C23H27N3O4,57
CN(C)CCCCCN1C(=O)c2ccc(C#N)c(c2)N2CCN(C2=O)C1=S,C19H23N5O2S,50
COc1cccc(NC(=O)C=C(c2ccccc2)c2cccc(O)c2)c1,C22H19NO3,45
NC(=O)C1CCCCCCCCCC(=O)N1,C12H22N2O2,37
O=C(C=Cc1ccc(Cl)cc1F)NS(=O)(=O)c1ccccc1,C15H11ClFNO3S,33
C[S+]([O-])c1ccccc1N(N=c1occs1)C(=O)Nc1ccccc1,C17H15N3O3S2,40
CN1C(=O)c2c(ccc3ccccc23)N2CCCN(C)c3nnc(s3)N(C)c3ccc(cc3)C=C1C2=O,C28H26N6O2S,63
COc1ccc(N2CCCN(C(N)=O)C2=O)cc1C(F)(F)c1ccccc1,C19H19F2N3O3,46
C=CC=CC=CC=Cc1n[nH]c(-c2ccccc2)n1,C16H15N3,33
COc1ccc2c(c1)NC=CC=C(C(=O)N1CCN(C(=O)c3ccccc3)CC1)CNC2=O,C25H26N4O4,59
COC(=O)c1ccc2c(C(=O)CC(C)(C)C)ccc(C(C)(C)C)c2c1,C22H28O3,53
C=C1C=C(O)c2ccccc2S(=O)(=O)O1,C10H8O4S,23
O=[N+]([O-])C1=CC=CC=C(S(=O)(=O)O)C2=CC1=C2,C10H7NO5S,24
CC(C)(C)OC(=O)N1CS1=O,C6H11NO3S,22
C=CC=CC(=C)C(=O)N1CCN(C(=O)NC(CC)C(=O)Nc2ccc3c(c2)[nH]c2nc4ccccc4n23)CC1,C29H31N7O3,68
CC(=O)c1cccnc1SC(C)=CC=Cc1ccccc1,C18H17NOS,38
CCN(CCc1ccc(F)cc1C(=O)Oc1cccc(OC)c1)C(=O)C(=CC=C1C=CC=C1)OC,C28H28FNO5,63
CC1CCN2CCN1CCCN(C(=O)c1ccccc1F)C2=O,C17H22FN3O2,45
CCCCCCCCC(OC(=O)c1cccc(Cl)c1)C1OC1CCCCC,C23H35ClO3,59
COc1ccc(S(=O)(=O)Nc2cccc(OC(C)N)c2)cc1,C15H18N2O4S,39
N#CC=CC=CC=NN=Cc1ccccc1,C13H11N3,27
COC1=CC=C1c1ccc(OC)cc1C(=O)OCCCOC(C)=O,C18H20O6,44
CN(C)C(=O)N(C)C1=NC2=CC(=C2)C(N)=N1,C10H13N5O,29
CCCCc1cccc(C#N)c1Br,C11H12BrN,25
COc1ccc(C(=O)NC2CCCC3CN(CCCO3)C2=O)cc1,C18H24N2O4,46
CCCN(CCCCn1c(=O)c2cnc1c1cc(F)ccc21)C(=O)CC1CCCCC1,C25H32FN3O2,63
O=C(OC1Oc2ccccc2OC1C1=CC=CC=C([N+](=O)[O-])C([N+](=O)[O-])=C1)c1cccc2ccccc12,C27H18N2O8,53
COc1cccc(C(=O)N(CC#Cc2cc(OC)ccc2C)CN2CCCCC2)c1,C25H30N2O3,60
CCCN(C(C)=O)C(=O)C1=C(C)NC2=CC=C2CC1,C15H20N2O2,38
CC(=O)N1CCC(C(F)(F)F)=CC=CC=CC1=O,C12H12F3NO2,30
CCCCCC1=CC=C1C1=CC(OCC(=O)N2CCN(C)CC2)=C1,C20H28N2O2,52
COc1cc(F)ccc1C(=O)N1CCC1=O,C11H10FNO3,26
COC(=O)c1ccc(OC)c(C(=O)OC2CCCC2C(=O)C(C)(C)C)c1,C20H26O6,52
COc1ccc(OC)c2c(n3nc(N4CC(=O)Nc5ccccc5C(=O)N(C)C4=O)sc3c1)=CC=2,C24H21N5O5S,56
COc1ccnn2c(=O)n(cc1)CC2,C9H11N3O2,25
C=C1SC(NS(C)(=O)=O)=NNc2cc3ccc(cc3)c3ccc2cc31,C18H15N3O2S2,40
O=C1CN(C(=O)C2=CC=C(C(F)(F)F)C2=O)c2ccccc2N1,C15H9F3N2O3,32
COc1ccc(NC(=O)N2C=CC=Cc3cccc2c3)cc1,C18H16N2O2,38
CCOc1cc(F)ccc1OCCCN(CC)C(=O)C1=C2C=CC=C1C2=O,C21H22FNO4,49
COc1ccc(C(=O)N(C)CCN2C(=O)N=C2Sc2ccccc2OC)cc1,C20H21N3O4S,49
O=C1C2=CCCCCCCCN1CCC2,C13H21NO,36
COC(=Cc1c(OC)cccc1[N+](=O)[O-])C(=O)N(CCN1C(=O)c2cncn2C1=O)c1cccc(Cl)c1,C24H20ClN5O7,57
CC(=O)NC1=CC=C(C(=O)N(C)C)C(c2c3ccc(N=C(Sc4ccccc4C)N(C)C)c2-3)=CC=C1C,C30H32N4O2S,69
CCCCCN(C(C)=O)S(=O)(=O)c1cccc(OC)c1,C14H21NO4S,41
CN(C1=NNC(=O)C2C(N3CCCCC3)CCCN12)C(C)(C)C,C17H31N5O,51
CCCCC1CCCN(C(=O)c2cccc(OC)c2)CCCCN2C(=O)N1C2=O,C22H31N3O4,60
CC=C1C=CSC(N(C)S(=O)(=O)c2ccccc2)=Nc2ccc(F)cc2OC(=O)N1C,C21H20FN3O4S2,51
O=c1c2ccc(n1CCCN1CCCCC1)C(F)(F)O2,C14H18F2N2O2,38
CCN(CC)CCn1c(=O)[nH]c(=O)c2c(c1=O)C=C2OC,C14H19N3O4,40
CCN(C(=O)c1cc(C(=O)NC(=O)OC)ccc1OC)C(=O)c1ccc(OC)cc1C(=O)OC,C23H24N2O9,57
Cc1cc2ccc1S(=O)(=O)N1CCN(CCO2)CCN2CCN(C(=O)C1)C2=O,C18H24N4O5S,52
Cc1ccc(NC(=O)C2CSc3nnc(-c4ccccc4)n3C2=O)cc1,C19H16N4O2S,42
CC(C)(C)CCCCCN1C2=Nc3nc(Cl)ccc3C1=NC=N2,C17H22ClN5,45
CC(C)(C)C(=O)N1CCCCCCCCN2C(=O)CCCN(C(=O)C3=CC(=C3)S1(=O)=O)C2=O,C23H33N3O6S,66
O=C1NC(=CC=C2C=C(F)C=C2c2nc(-c3ccccc3)n[nH]2)C=C1c1ccccc1,C25H17FN4O,47
CCCCOC(=O)c1ccc2c(C(=O)OCCOc3cccc(C(=O)OC)c3)ccc(OCC)c2c1,C28H30O8,66
COc1cc(C(=O)N2CCCCC2)c(OC)c2c1C2(F)F,C15H17F2NO3,38
CCCN(C(C)=O)C(=O)c1sc2ccccc2[nH]c2ccccc2c1C,C21H22N2O2S,47
CCCN1CCN2CC1CC(c1ccccc1)=C(OC)C=CC2=O,C20H26N2O2,49
O=C1N2CCCCN(CC=Cc3ccc4cc3-4)CCCN1CC2,C19H25N3O,48
COc1ccc(-c2ncccccnc(-c3ccccc3)n2)cc1,C20H17N3O,41
CN(CCOP(=O)(O)OP(=O)=O)C(Cl)=C1C=C1Cl,C7H9Cl2NO6P2,27
C=C1C=C1NC(=O)NC(=Nc1ccccc1)c1ccc(OC)c(Br)c1,C19H16BrN3O2,41
CC1OC(OP(=O)(O)O)C(O)C(O)C1OP(=O)(O)OP(=O)(O)O,C6H15O14P3,33
CCCCOC(=O)c1cc(C)c(C)c2c1=CC=2,C15H18O2,35
CCN(CCN(C(C)=O)C(=O)Cn1c2nnc1s2)CC(C)=C1C=C1[N+](=O)[O-],C16H20N6O4S,47
CN(C(=O)c1ccccc1)c1nc2nnc1n2Cc1ccccc1,C18H15N5O,39
CCN(C)S(=O)(=O)c1ccc(C=C2C(=O)N2CCN2CCCC2=O)cc1,C18H23N3O4S,49
CC(=O)c1ccccc1Sc1cccn(C(=O)c2ccccc2)c1=O,C20H15NO3S,40
COC1=CC=C1C(=O)N1CCCN2CCC(N3CCCN(C)C3=O)C21,C18H26N4O3,51
CC(C)(C)N1CC(=O)N2CCN(CC2)S(=O)(=O)c2ccc(C#N)nc21,C16H21N5O3S,46
O=C1Nc2nc(Cc3ccccc3)c(s2)CN(c2ccc(Cl)cc2)CCN2CCN1CC2,C24H26ClN5OS,58
CC(C(=O)NCCc1ccc(-c2ccccc2)[nH]1)N(C)C(=O)c1ccc(F)cc1,C23H24FN3O2,51
COC(=Cc1[nH]c(=O)n(-c2ccccc2)c1C=C1C=C1Br)c1cc(Br)cn(-c2cccc(OC)c2)c1=O,C28H21Br2N3O4,57
COC(=O)c1cc#cc(S(=O)(=O)N(C(C)=O)C(C)(C)C)c1,C14H17NO5S,38
CCCCC1CCCCCN1C(=O)C1=CC=C1,C15H23NO,40
CCCN(Cc1ccc(C)cc1)C(=O)NC(=S)N1Cc2ccc3c(ccccc21)N3,C24H26N4OS,55
CN(C)C(COc1ccccc1)C(=O)Nc1nc(-c2ccc(C(F)(F)F)cc2)nc(=Nc2ccccc2)[nH]1,C27H25F3N6O2,62
O=C1OC(=O)c2cccc(cc3cc(c2)OCOc2cccc(c2)OC3=O)O1,C20H12O8,40
CCCCC(=O)c1ccc(C(=O)OC)cc1-c1ccc(OC)cc1,C20H22O4,46
COC1C(O)C(O)C(O)C(OS(=O)([O-])([O-])O)C2OC3NC(=O)OC(C3O)C1O2,C12H19NO14S-2,37
COc1cc(F)cc(C#N)c(=O)[nH]c(=O)cc(Cl)c1,C12H8ClFN2O3,27
O=C1C(=O)C2=CC=C1CCCCCCCCCCCCCC2,C20H30O2,52
CC(C)OCCN1CC2CN(C1=O)C(=O)N2C(=O)N(C)C(=O)c1c(O)c2ccc1s2,C19H22N4O6S,51
COc1ccccc1C1CC=CC(Cn2c3nnc2s3)=C1c1ccc(C)cc1,C23H21N3OS,49
CN=C1NC(=O)C=C1C(C)=O,C7H8N2O2,18
O=C(COc1ccc([N+](=O)[O-])cc1)NC1CC2=CC=C21,C14H12N2O4,32
O=C1OC(=O)c2ccccc2C([O-])(O)O1,C9H5O6-,20
COC(=O)C1=CC2=CC1=C(C(=O)c1ccc(C(F)(F)F)cc1)CN(C)S2(=O)=O,C18H14F3NO5S,42
CC(=C(C(=O)N(C)C)c1ccccc1)c1ccccc1C,C19H21NO,42
CCC(C)=CC=C1C=C2N=C1N=C2C,C12H14N2,28
CCCCN1CCN2C(=O)N(c3ccccc3F)c3cc2cccc(ccn3)S1(=O)=O,C22H23FN4O3S,54
Cn1c(N=c2ccccn2C)nnc1-c1ccc(Cl)cc1,C15H14ClN5,35
COc1cn(C(=O)c2ccccc2C(=O)c2ccccc2)c(=O)[nH]c(=O)c2ccc1s2,C23H16N2O5S,47
COc1ccc(C2C(Nc3cccc(Oc4ccccc4)n3)N2S(=O)(=O)c2ccccc2)c([N+](=O)[O-])c1,C26H22N4O6S,57
COc1cccc(NC(=O)C=CNc2cc3ccc(cc3)c(=O)[nH]c(=O)c3ccccc23)c1,C26H21N3O4,53
CCCCCCCCN(C(=O)CC)c1nc2c(s1)C(c1ccccc1C)=C2,C23H30N2OS,57
O=C(N=C=NC=Cc1ccccc1Cl)c1cccc(Cl)c1,C16H10Cl2N2O,31
CN(CCn1ccc2cc3ccc(C(F)(F)F)cc3nn[nH]nc2c1=O)C(=O)CN1CCN(c2cccc(C(F)(F)F)c2)C1=O,C28H24F6N8O3,68
CN(C)C(=O)N(C)C(=O)N=c1c2ccccc12,C12H13N3O2,30
O=C1NC2=NN(C=CC=C3C=CC=C32)C(=O)N1c1cc(F)ccc1Cl,C17H10ClFN4O2,35
CCCN(CCC#N)C(C)(C)c1cc2cc-2c1,C15H20N2,37
CCCCCOC(=O)c1cc(C(=O)N2CCCCC2=O)ccc1C(=O)OC,C20H25NO6,52
CSc1nc(C2=CC=C3OB(O)C(NC3=O)C2=O)c[nH]1,C11H10BN3O4S,28
CCCCCCn1c(-c2ccc(Cl)cc2C(=O)N2CCCCC2)nc2ccccc2c1=O,C26H30ClN3O2,62
CCn1c(=O)c2ccc-2n(C)c(=NC2=CC=C2)n(C)c1=O,C15H16N4O2,37
CC1CN2CCN1S(=O)(=O)c1ccc(cc1)C(=O)N(C(=O)c1ccccc1)CCCC(=O)N(C)CC2=O,C26H30N4O6S,66
COC(F)=CC=C1C=c2c(=O)n(c(=O)c3cccc2c3)C1,C16H12FNO3,33
N#CN=C1N=C(Nc2ccccc2Cc2ccccc2)S1,C16H12N4S,33
COC(=O)c1ccc(C(=O)Nc2ccc(OC)c(O)c2)cc1,C16H15NO5,37
C=CC=C1C=C2C=C1CN(S(=O)(=O)c1ccccc1)C(=O)N(C(=O)c1cccc(OC)c1)CC(=O)N2,C26H23N3O6S,59
ClC1=Cc2sc(N3CCCN4CCC3CC4)nc21,C13H16ClN3S,34
CCC(CC)CCN(Cc1ccc2nc1-2)C(=O)c1ccccc1C#N,C21H23N3O,48
COc1ccc(=O)[nH]c1C=C1NC1=CC=C(C1=CC=C1C)C(F)(F)F,C18H15F3N2O2,39
COC(=O)C(C)(C)c1ccc2c3ccccc3c3ccccc3c2c1C(C)(C)C(=O)OC,C28H28O4,60
CCCCCCCN1C(=O)C2=CC(=C2Cl)C1=O,C13H16ClNO2,33
O=C(C1=C(OC2CCCN(c3ccc(Cl)c(Cl)c3)C2)C(C(F)(F)F)=C1)N1C(=O)N2CCC1CC2,C23H22Cl2F3N3O3,56
C=CC=C(F)c1cccc(C(=O)NCCNC(=O)N(CC)c2nnc(-c3ccccc3)[nH]2)c1,C24H25FN6O2,57
NC(=O)N1CCCC(=Nc2ccccc2)N(c2nc3ccccc3n2-c2ccccc2)CC1,C26H26N6O,59
O=C1C2=CC=C3SC2=CC=C3C(=O)N2CCCCCCN1C2,C17H18N2O2S,40
COc1c(C(=O)N2CCCN(C(=O)N3CCCC3)CC2)ccc(C(F)(F)F)c1F,C19H23F4N3O3,52
C=CC=C1CCCCN(CCC)C(=O)c2ccccc2N=C2N=C1N1CCCCCCN2C1=O,C27H35N5O2,69
CC(C(=O)OCCCCCCCCCC(C)(C)C)=C(C)[N+](=O)[O-],C18H33NO4,56
CNC(=O)c1cccc(C(=O)Nc2ccccn2)c1S(=O)(=O)c1ccccc1OC,C21H19N3O5S,49
C=C(C=CC=CC=CC=C1C(=O)N(C)C1=O)OC,C14H15NO3,33
CCN(CC)C(=O)N1CCSC1=NC(=O)c1ccc(Cl)c(Cl)c1,C15H17Cl2N3O2S,40
COc1cccc(S(=O)(=O)N2CCN(C(=O)CCN3CCC3=O)CC2)c1,C17H23N3O5S,49
COC(=CC(=O)N(C(=O)c1ccccc1)c1ccccc1)C=C1CCCN(C(C)=O)C1=O,C25H24N2O5,56
O=C(c1cc(=O)n2c(=O)n1CCNCCCCC2)N1CCCCC1,C17H26N4O3,50
CN(C)C(=O)N(C)N=c1[nH]cc2c3ccc-3n1c1cc(Cl)ccc21,C17H16ClN5O,39
CCCN(CCC(C)C)S(=O)(=O)c1ccc(Br)cc1,C14H22BrNO2S,41
O=c1c2ccc(-c3cccc(F)c3)c3cc4ccc3n4n12,C17H9FN2O,30
CC(C)(C)C(=O)N1CC2CCC1C1CN(c3nc4nc(n3)N4)CCN21,C17H25N7O,47
Cc1ccc2cc1N(C(=O)Nc1cccc3ccccc13)CC(C(=O)N(C)C)C(=O)N2,C24H24N4O3,55
COC=C1N=C(C(=O)NC(CCOc2cccc(OC)c2)C(=O)O)N=C1c1ccc(C)cc1,C24H25N3O6,57
Cn1c(=O)[nH]c(=O)c2ccc([N+](=O)[O-])c(c2)c2cc(c1=O)SC(O)=CC=2,C16H11N3O6S,37
CCn1c(=O)c(C=CC=C2C=C2NC(=O)NC(C)C(=O)O)cc2ccccc21,C21H21N3O4,48
COc1ccc(N2N=C(c3ccc(Cl)cc3)N3Cc4ccc(cc43)C2=O)c(OC)c1OC,C24H20ClN3O4,52
COC(=O)C1=CC=C(C(=O)OC2OC(O)C(O)C(O)C2O)C(=O)c2cccc(c2)C(=O)OC1=O,C21H18O13,47
CCCN(C)CCN(C(C)=O)c1c#ccc(OC)n1,C14H21N3O2,40
COC(=O)c1ccc(OC)cc1C(=O)N(C)C(=O)C=CC=Cc1ccc(OC)cc1,C23H23NO6,53
COC1=CC=C(OC)C1=CC(Br)=CC(=Cc1ccccc1C(=O)O)C(=O)O,C20H17BrO6,44
COc1ccc2cc1-c1cnc(n1C)N1CCCCC1C2,C17H21N3O,42
Cn1c(-c2ccccc2)cnc1-c1ccc(CN2CCCC2)cc1,C21H23N3,47
CCCCn1c2nc3c(n(C(=O)N4CCCC4)c(=O)n(CC)c1=O)=CC=C2C=CC=3,C22H27N5O3,57
CC(C)(C)c1ccc2n3c(=O)c4c-2c(c1)N1CCN(CC4CC3)C1=O,C20H23N3O2,47
COc1cc(Br)cc(C(=O)OC(=O)N(C)C(=O)O)c1Br,C11H9Br2NO6,29
C=C1CCN(C(=O)C2CCN3CCN(CCN2C(=O)c2ccccc2)C3)c2ccccc21,C26H30N4O2,62
CC(=O)OC1OC2C1C2N1C(=O)CCCCC1=O,C12H15NO5,29
COc1cc(=CN2CCC2)c2cc(S(=O)(=O)N(C)C)cc1c2C(=O)N1CCCC1,C21H27N3O4S,56
CSC(=Nc1ccccc1C(F)(F)c1ccccc1)Nc1cccnc1,C20H17F2N3S,42
CN1CCc2sc3nc2C(=O)N3CCN(C)C1=O,C11H14N4O2S,32
CCN1CCN2CC3=CC=C(C(=O)N(C(C)(C)C)C1=O)C(OC)=CC=C3C2=O,C21H27N3O4,55
CCCN(CCOC(=O)C=CC1=CCCC1)C(=O)c1cccc(C(=O)OC)c1,C22H27NO5,55
C=C(C=CC=CC=C(C=C(C=Cc1ccc(F)cc1)OC)Sc1ccccc1)OC1C(=O)N(C)CC1O,C30H30FNO4S,65
CCOC(=O)N(CCCN(CC)C(=O)C1=Cc2cc3cc-3c2NC=C1)C(C)(C)C,C23H31N3O3,59
CN(C(N)=O)C(=O)NC(=O)Nc1cc(SC2=CS2)ccc1Cl,C12H11ClN4O3S2,33
O=C1CCCN1C(=O)c1cccc(CCCCN2CCCCC2)c1Cl,C20H27ClN2O2,52
CN(C)C(=O)c1cccc(C2=NN3C(=CC=CC34NC4=O)N2C)c1,C17H17N5O2,40
CCCN(Cc1ccccc1)c1ccc2c(c1)C(=O)NCCC2,C20H24N2O,47
CC=CC=CC(=O)OCC1OC(OC(C)=O)C2OC3OC(C1O)C3O2,C16H20O9,38
C=CC=C1N(C)c2ccccc2C(=O)N1c1cccc([N+](=O)[O-])c1,C18H15N3O3,39
C=CCCCCCCCCCC1C2C(C)C(C3OC2C(O)C3OC(=O)C(=C)C)C1(C)C,C27H44O4,67
CC=CC=C1C(=O)N1CCCN(CC)C(=O)c1cc([N+](=O)[O-])ccc1OC,C19H23N3O5,50
CCC(=CC=CCCCCN1CCCCC1)n1c2nnc1s2,C17H26N4S,48
O=C1NC(COc2ccccc2)C2=NN3CCN(c4ccccc4F)C3=C1N2,C20H18FN5O2,44
C=C(C=CC=C1C=CC(=O)N(CC(=O)N(C)C)C1=O)C(=O)Nc1ccccc1,C21H21N3O4,49
CCCN(C(C)=O)C1=CC(Cl)=C1Cl,C9H11Cl2NO,24
C=c1[nH]c(=O)c2cc(C(=O)O)ccc2cc2cc3c1=CC(=C2)C3(F)F,C19H11F2NO3,36
CCOc1ccccc1NC(=O)n1c(=O)sc2ccccc2sc2ccccc2c1=O,C23H18N2O4S2,49
O=C(NC1=Nc2ccccc2-c2cccc(c2)N=N1)c1ccccc1F,C20H13FN4O,39
O=C1N=C2N=C(c3ccc(Cl)cc3)NC(=NC=CC=CC=CC=Cc3cccc(Cl)c3)N=C(N1)N2,C25H19Cl2N7O,54
O=C1NC(Nc2ccc(Cl)cc2C(F)(F)F)C2=CC=C12,C13H8ClF3N2O,28
CN(C(=O)c1ccccc1)C(N)=NC#N,C10H10N4O,25
N#CC1=CC(=CC=c2cnc3c(c2C#N)C(NC(=O)COC(=O)c2ccccc2)=CC=3)C=CC=C1,C28H18N4O3,53
COC(=O)N(C)C(=O)OCCCc1nc2cc(F)ccc2[nH]1,C14H16FN3O4,37
CCN1C(=O)C(OC)=CC(Cl)=Cc2cccc(c2)C1=O,C15H14ClNO3,34
CCCCC1C2CCCCCC3=CC(=O)c4ccc(cc43)C(=O)N(CCC)C12,C25H33NO2,58
COC(=O)C1=Cc2c3ccc1c2CCCCCCCCCCCCCCCS3,C25H36O2S,64
CC1CCCCCCCCCCCC(=O)OC1,C15H28O2,45
CCCCCCCCCCCCCCC(=O)C=CC(=O)OC(C)=O,C20H34O4,58
CCN1C(=O)OCC1C1CCCCN(S(=O)(=O)C2=CC=C2Cl)CCC1,C17H25ClN2O4S,48
COC1=CC=c2cc3cc4c2=CC=C2C(=CC=C14)NC(=O)N(CCCN(C)S3(=O)=O)C2C,C24H25N3O4S,56
CCCCCCNC(=O)OC(=O)OC,C9H17NO4,31
C#CC(=O)N1CCC(c2ccc(F)cc2)CN2CCN3CCCN(CCC1C2)C3,C23H31FN4O,60
Cc1ccccc1C(=CC=C(C1=NN1C#N)c1cccc(C(F)(F)F)c1)C(=O)Nc1ccccc1,C27H19F3N4O,54
CCOC(=O)c1ccc(C(=O)CCCCNC(=O)c2ccccc2OC)c(C(=O)OC)c1,C24H27NO7,59
COC(=O)c1ccc([N+](=O)[O-])c(C(=O)NC2CCCN(C(C)C)C2=O)c1,C17H21N3O6,46
CC1OC(Nc2cccc(C(=O)N3CCCCC3)n2)C2OC12,C16H21N3O3,39
CCN1CCN2CCN(CC2)C(N(C)C2=CC=C2)=NC(F)(F)c2ccc(cc2)C1=O,C22H27F2N5O,57
COc1c(C(=O)NC(=O)Nc2ccccc2Cl)cc2cc1-2,C15H11ClN2O3,32
CCc1cccccc(C)c(C(=O)NC(=O)c2ccccc2)cc1,C21H21NO2,44
COC1=CC=C2N=CN=C2N(C)C(=O)c2ccccc2C(=O)N2CCN1CC2,C20H21N5O3,49
CCN(C(C)=O)C(=O)C(=CC=CC=CC(Cl)=CC=C(CCc1ccccc1)C1=CC=C1Cl)C(=O)OC,C29H29Cl2NO4,65
CC1(C[NH3+])CCC(C(C(=O)[O-])N(C(=O)[O-])C(=O)[O-])O1,C10H14N2O7-2,28
CC(=O)c1ccccc1C(=O)N(C)C(=O)c1ccccc1,C17H15NO3,36
C=C(C)C=C1SC(=NCCC)Sc2nnc1[nH]2,C11H14N4S2,30
C=C(F)C=CSc1ccc(Cl)c(C(=O)NC(=O)Nc2ccccc2)c1,C18H14ClFN2O2S,39
O=C(c1ccccc1)N1C=C2NN=C1S2,C10H7N3OS,21
NC(=NNC(=O)c1ccccc1Nc1ccccc1)c1ccccc1,C20H18N4O,43
COc1ccccc1C1=Nc2ccc([N+](=O)[O-])cc2C(=O)NC(=O)N1,C16H12N4O5,36
COC1=C2CCCCN(C(=O)N3CCN4CCC(C3)NC4=O)COP(=O)(O)OC2=C1,C18H27N4O7P,56
CC(C)(C)N1CCCN(C(=O)c2cccnc2)C1=O,C14H19N3O2,38
CCOc1ccc2c([N+](=O)[O-])cccc(=O)n(C)c(=O)[nH]c2n1,C14H14N4O5,37
C1=Cc2c1cccc2CCN1CCC2CCCN(CC1)C2,C19H26N2,47
O=C(Nc1ccccc1)Nc1ccccc1-c1cccc(C2=CC=C=CC=C2C(=O)Nc2nc3ccccc3s2)c1,C34H24N4O2S,65
O=C1C=C(C=CCCCCCCCCCC2CCCCC2)O1,C20H32O2,54
O=C(C=Cc1ccccc1)Nc1ccccc1,C15H13NO,30
CC1(C)CCCC2C3CCCCC3CC21,C15H26,38
COc1ccccc1C=CC(C)=CCCn1c2nnc1s2,C16H17N3OS,38
CCCCCCCNC(=O)C1=CC=C(C(=O)N(C)C)C(=O)N(C(=O)OC)c2cc(OC)ccc21,C25H33N3O6,67
CCN(C)C(=O)Nc1ccccc1C(=Cc1ccccc1)c1ccccc1,C24H24N2O,51
COc1ccc(NC(=O)OC2=CC=C2SNC(=O)N2CCN(C(C)C)C2=O)cc1,C19H22N4O5S,50
COc1ccccc1-c1nc2n(c1-c1ccc(Oc3ccc(F)c(Cl)c3)cc1)CC(N)CN2C,C26H24ClFN4O2,57
CCCCC(C(=O)c1ccc(C(C)(C)C)cc1)N1C(=O)c2ccccc2C1=O,C24H27NO3,55
CCN(C(=O)N1CC=C(N=c2c3ccccc23)CC1)C(=O)C(C)(C)C,C20H25N3O2,50
C=CC=CC=CC=CC1=CC=c2nc3n(-c4ccccc4)c2=CC=C1S(=O)(=O)N3,C23H19N3O2S,48
O=[N+]([O-])c1ccccc1OC1=CC=C(Br)c2nnc1o2,C12H6BrN3O4,26
CN(C)C(N)=Nc1nc2ccc(Cl)cc2s1,C10H11ClN4S,27
CCOC(=O)c1ccc2[nH]c(C(=O)OC)c(C(C(=O)N3CCCCC3)=C(C)C(=O)N(C)C)c2c1,C25H31N3O6,64
O=C(N=C=NN=C1NC=Cc2cccc1c2)c1ccccc1,C17H12N4O,33
NC(=O)C1c2cccc(c2)C(=O)N1S(=O)(=O)c1ccccc1,C15H12N2O4S,34
O=C1Cn2cc(c(=O)n(Cc3ccccc3)c2=O)-c2ccc(cc2)N1,C19H15N3O3,40
CC(C)C(=O)CC(=O)[N+](C)(C)C,C9H18NO2+,30
CCn1c(Sc2nnc(N3CCN(C(=O)c4ccc(F)cc4)CC3)s2)nnc1-c1ccc(-c2ccccc2C(F)(F)F)cc1,C30H25F4N7OS2,69
NC(=O)C1CCN(c2ccccc2)C(=Nc2ccccc2)N2C=C2C(=O)N1,C20H19N5O2,45
COc1ccc2c(c1)S(=O)(=O)NCCCCCN(C(C)=O)CCCCN(CC#N)C2=O,C21H30N4O5S,61
COC1=CC2=CC=C(N3CCN(C)C3=O)C23CC(=C1)CN3C(=O)c1cccc(OC)c1,C24H25N3O4,56
NC1=NC2=NN=C(N1)C(C=CC=Cc1ccccc1)=CC=C2,C17H15N5,36
CCN1C(=O)NC(OC(C)CN(C)C(=O)O)C2OC3C(O)C3C2NC1=O,C15H24N4O7,44
CCCCCCCC(CN(C)C(=O)O)NC(=O)OCC,C14H28N2O4,47
O=C1NC(c2ccccc2)=CC(=O)N2CCN(S(=O)(=O)c3ccccc3)C1C2,C20H19N3O4S,47
CC1(C)CCN(c2cc3ccccc3c(-c3ccc(Cl)cc3)n2)CC1,C22H23ClN2,48
C=c1cccc(C=CC=c2sc3nc2cs3)[nH]c(=O)c2cccc(c2)c(=O)n(CC)c(=O)c2ccc(cc2)n(C)c1=O,C32H26N4O4S2,68
COc1cc2cc3c(=O)n(C(=O)CNC(=O)c4ccccc4OC)c(cc1OC)-c=c1sc-2ccc1-3,C27H22N2O6S,58
O=C1CN(C(=O)c2cccc(C(F)(F)F)c2)CC(=O)N2CCC3C1C2CCN3C(=O)c1ccccc1,C26H24F3N3O4,57
O=C1C=CC(S(=O)(=O)c2ccccc2)=CN=C(c2ccccc2[N+](=O)c2ccccc2)[N-]1,C24H17N3O4S,49
COc1ccccc1C(=O)N1CCN(C(=O)c2ccccc2)C2=CC=CC2=CNC1=O,C24H21N3O4,52
COc1cc(I)cnc1N1c2nnc(n2C)C1C(NC(=O)c1cccc(Cl)c1)C(O)C(C)O,C21H22ClIN6O4,51
O=C1C=CC=C(Oc2ccccc2)N=C2SCCC(N1)NC(=O)N2c1ccccc1,C22H20N4O3S,49
C=C(C=NN=C(c1ccccc1)c1cccc(S(N)(=O)=O)c1)c1cccc(F)c1,C22H18FN3O2S,47
C=Cc1ccc(C#N)cc1-c1nnc(N)[nH]1,C11H9N5,24
C=CC=C1c2cccc3c2SC(N2C(=O)N(c4ccccc4)C2=O)=NN3S1(=O)=O,C19H12N4O4S2,41
COC(=O)C1CCCC(C)C(=O)N(c2nc3cc(OC)ccc3s2)CC1=O,C19H22N2O5S,48
C1=C2OCCCN(C3CCCCCC3)Cc3cccc1c32,C19H25NO,45
CN(C)CCCN1C(=Nc2ccccn2)N=C1c1ccc2cc1[N+]2=O,C18H19N6O+,44
C=C(C)N1CCN(C(=O)c2ccccc2C(=O)Nc2cccc(OC)c2)CC1,C22H25N3O3,53
CCN1CCN(C(=O)c2ccccc3ccc(C(N)=O)c2-3)c2nnc1s2,C18H17N5O2S,43
CC(C)(C)C1CN2CCN(C=CC(=O)N1)C2=O,C12H19N3O2,35
COc1cccnc(N2CCN3CCN(CC2)S3(=O)=O)sc2c1=CC=2,C16H20N4O3S2,45
CCN(CCCCCN1CCc2ccccc2C1=O)CCCN1C(=O)C=CC1=O,C23H31N3O3,60
CCCN(CCCCCc1ccccc1)c1nc(-c2ccccc2)nc(-c2ccccc2)n1,C29H32N4,65
CCOc1ccc2c(n1)NC1=CC(=C2)C2=CC(=C1)C=C2,C17H14N2O,34
CCN1CCCN(C(=O)N2CCCN(C)C(=O)c3ccc(cc3Cl)C2=O)C1=O,C19H23ClN4O4,51
NC(=O)Nc1ccc([N+](=O)[O-])cc1[N+](=O)[O-],C7H6N4O5,22
F[Ag-3](F)(F)(F)(F)F,AgF6-3,7
CCCCOC(=O)c1c(I)ccc(C)c1-c1cccc(=O)o1,C17H17IO4,39
CC(C)CCN(CCCCC(C)(C)C)C(=O)C1=NC2=NC1=N2,C17H28N4O,50
CCN1CC(=O)N(CCc2ccccc2)CC1C(=O)N1CCN(C(=O)C2=CC=C2C(F)(F)F)CC1,C25H29F3N4O3,63
COC1=CC=CC(=O)OC(=O)NC1=O,C8H7NO5,21
O=C1OCCN1CCN1CCCN2CCN(C(=O)N3CCN(CC3)C1=O)C2=O,C17H26N6O5,54
COC(=O)c1cc(Br)ccc1C1=CCC1(C)C,C14H15BrO2,32
CCSc1ccccc1C(=O)N(Cc1ccccc1OC)C(=O)C1=CC=CC1=O,C23H21NO4S,50
CC(=O)OC(=O)c1cc(C(=O)OCCCCCCCCC2CCCCC2)ccc1C,C25H36O5,66
CCCCN(C(=O)CC)C(=O)NCC(=O)C1=CC=C1,C14H20N2O3,39
CC(=O)N(C)CC(=O)N(C)C1=CC=NC(=O)NC2=CC=C3C=CC=C(C=C21)S3(=O)=O,C20H20N4O5S,49
CCC(C)C(=O)N1CCN(C(=O)c2ccc3cc2-3)CC1,C16H20N2O2,40
CN1CCN(C2CNC(=O)c3c4cc(cc32)CC4)CC1,C16H21N3O,41
C=C(C(C)=Cc1cccc(OC)c1F)N1CCN2CCN(C2=O)C1=O,C18H20FN3O3,45
CCN1C(=O)CN(C(=O)C2=CC=C(Cl)C=CC=C2)c2nnc1s2,C15H13ClN4O2S,36
CC(C)N(C(=O)C1=CC=C1)C(=O)c1ccccc1C(=O)n1c([N+](=O)[O-])cc2ccccc21,C24H19N3O5,51
Cn1c(=O)n(C)c(=O)n(C(=Cc2ccccc2)c2ccccc2)c1=O,C19H17N3O3,42
COc1ccc(C(C)=O)cc1C(=O)N(C(C)=O)C1=NC=C2C=C2S1,C17H14N2O4S,38
CN(C)CCN(C)S(=O)(=O)C(F)(C(F)(F)C(F)(F)F)C(F)(F)C(F)(F)C(F)(F)C(F)(F)F,C12H13F15N2O2S,45
COC1=CC=C2C=C(OC)C1=Cc1nnc(N3CCOC3=O)n12,C15H14N4O4,37
COc1ccc2c(c1)-c1nc3cc(OC)ccc3cc1CN(C(C)CN1CCCC1)C2=O,C26H29N3O3,60
COc1cc(N=NN=C(NS(=O)(=O)c2cccc(I)c2)SC2=CC=c3oc2cc3=CI)ccc1I,C22H15I3N4O4S2,50
CCCCN(C(=O)C1=CC=C(OC)C=CC(OC)=C1)C(=O)N1CCCCC1,C21H30N2O4,57
CN(CCN1CC1)c1nnc2n1-c1ccc(Cl)cc1-2,C13H14ClN5,33
COc1cc2c(O)ccc(C(=O)O)c2cc1C(=O)O,C13H10O6,29
CCNC(=O)c1ccc(C(=O)N2CCN(C=CC(=O)N3CCCCC3)C2=O)cc1,C21H26N4O4,55
CCCCc1coc2ccccc2n(C(=O)c2cccc(OC)c2)c(=O)[nH]1,C21H22N2O4,48
Cc1nc(C#N)ccc1-c1cccc(Cl)c1,C13H9ClN2,25
CC(C)(C)c1cc2n(c(=O)c1)C(=O)C2CCCCCCCC1CCCC1,C23H35NO2,60
CCN1CC2CCN(CC2)c2nc(c(C(F)(F)F)s2)S1(=O)=O,C12H16F3N3O2S2,38
COC1=CC=C2C(=O)N3CCN(Cc4ccccc4N2C3=O)C1=O,C17H15N3O4,39
CCCC(COC(C)=O)OC1OC(C)C(C)OC2OC1C(C)OC(CC)C2OC(=O)C1=CC=C1OC,C26H40O10,67
CC(C)(C)CCN1C(=O)COC(=O)C2=C(C=C2Cl)C1=O,C14H16ClNO4,36
CCCC1CCCN(C(=O)C2=CC3=CC(=N3)NCCN(CCC)c3ccc2c2c3=CC=2)C1,C27H34N4O,66
CN(C)C(=O)N1CCCN(C2=CC=CC3=CC(=C2)C(=O)Nc2cccc3c2)CC1,C23H26N4O2,55
O=S(=O)(Nc1ccc(Br)cc1)c1ccc(C2C=CN=C3Sc4nnc(s4)N32)cc1,C18H12BrN5O2S3,41
COc1cccc(N(c2ccccc2)c2nc(-c3ccc4cc([N+](=O)[O-])ccc4c3)n(C)n2)c1,C26H21N5O3,55
O=C1NC=CC1=CSc1nnc(NC(=O)c2ccccc2)s1,C14H10N4O2S2,32
CSc1nnc2n1C(=O)NC=Cc1c(F)cccc1-2,C12H9FN4OS,28
C=CC1=CC=C2C3=CC=C(C(=C1)C=C3)S(=O)(=O)N(C)c1nnc2[nH]1,C17H14N4O2S,37
CCN(C)c1ccc(N(C)S(=O)(=O)N2Cc3ccc(cc3)S2(=O)=O)cc1,C17H21N3O4S2,47
C=CC=C(c1ccccc1)c1cccc2ccc(C(=O)N(C)CCNC(=O)c3ccccc3)cc12,C31H28N2O2,63
COC1=CC1=CC(=O)N1CCCCN(C(=O)c2ccccc2C(=O)N(C)C(C)=O)CC1,C23H27N3O5,58
COC1=CC=C2C(C(=O)NC(N)=O)=CC=C12,C11H10N2O3,26
CC1OCCN1C(=O)O,C5H9NO3,17
COc1ccc(C(=O)N2CCCC3C(Oc4ccc(Cl)c(Cl)c4)C(O)C32)cc1OC,C22H23Cl2NO5,50
CCN(C)CC(=O)NC1=CC=C2C=CC(Nc3[nH]c4nc3C(=O)N4)=C1C=C2,C19H20N6O2,45
CCCN1CCN(C2=NC2=C(C(=O)N(C)C)c2ccc(Cl)cc2Cl)C1=O,C18H20Cl2N4O2,46
CCCN1CCc2cccccccc(c2)C(=O)N(C)CC1=O,C19H24N2O2,47
CCCCCC1CC(OC2=CC(Cl)=C2)C(=O)N1C(=O)c1ccc(C(=O)OC)cc1OC,C23H26ClNO6,56
CCN(C(=O)C1=CCCNC1=O)c1ccc(C(=O)N(C)C)cc1[N+](=O)[O-],C17H20N4O5,46
COC(=O)C1=C(C(=O)N2CCCCCC2C(=O)OC)SCC1=O,C15H19NO6S,41
CCCn1c(=O)c2ccc1c(N1CCCN(CCNC(=O)c3cccc(C(F)(F)F)c3)CC1)n2,C24H28F3N5O2,62
O=C(C1=C(c2ccccc2C(F)(F)F)C(=O)N2CCCN(CC2)C1=O)N1CCCCC1,C22H24F3N3O3,55
COc1ccc2c(c1)[nH]c(=O)n2C(C)c1nc2ccccc2[nH]1,C17H16N4O2,38
COc1ccc2c(c1)Cc1ccc(cc1)C(=O)N1CCN(CC1)C(=O)N2c1ccccc1,C26H25N3O3,57
CCCCC=C1C=C1C(=O)C(C)(C)C,C13H20O,34
CN(C(=O)c1ccccc1)c1nnc(SC=CC2=CC=C2)s1,C16H13N3OS2,35
CCOC(N)=O,C3H7NO2,13
CN=C(NC(=O)Nc1ccccc1)Sc1ccccc1,C15H15N3OS,35
O=C1OC2OC(=O)c3c1cccc3C(=O)OC2C1CCCCCCCCCCCCC1,C25H32O6,60
CCOC(=O)NC(C)C([O-])(OC)SCC,C9H18NO4S-,32
COc1ccc2c(c1)nc1n2CCNC(=O)N1C(=O)OC(F)(F)F,C13H11F3N4O4,35
COc1cc(OCCN2CCCC2)ccc1C(=O)N1C(=O)N2CCC(C2)C(=O)N2CCC1C2=O,C24H30N4O6,63
CCN1SC(=C(C)C(=O)c2ccc(OC)c(Sc3cc(OC)ccc3C)c2)C1=O,C22H23NO4S2,52
C1=C(CN2CCC2)c2cccc1c2,C12H13N,26
CCN(C(=O)c1ccccc1)S(=O)(=O)OC(CC=CC=C1C=CC(=O)NC1=O)(OC)c1cccc([N+](=O)[O-])c1,C26H25N3O9S,63
CCCCCN1CCCN(c2nc3ccc(OC)cc3s2)C1=O,C17H23N3O2S,46
CCCCCCCCCC1C(C)C2CSc3ccc(s3)C(=O)N1C(=O)O2,C20H29NO3S2,52
C=CC=CC1=CC=C2C1=CC=C2N1CCOc2cccc(c2)NC1=O,C21H18N2O2,43
CN1CCN(C(=O)c2ccccc2)CCN2CCn3c2nc2c3CC21,C19H23N5O,48
CCN(C(=O)N1CCN2C(=O)C3CCN(CCN(S(=O)(=O)C4=CC=C4)CC1C2C)C3=O)C(C)C,C23H35N5O5S,66
CC(=O)Nc1ccc(C(=O)Nc2cccc(F)c2)cc1,C15H13FN2O2,33
CCN(C(=O)c1ccccc1)c1nnc(SC2=CC(=O)N(C(C)(C)C)C2=O)s1,C19H20N4O3S2,48
CCCn1c(SC2=Cc3cc2ccc3OC)nn(C)c1=O,C15H17N3O2S,38
COC(=O)c1cc2ccc1SCCCN(C(=O)C(C)(C)C)C2=O,C17H21NO4S,44
CCCCCN1CCN(C(=O)c2cnc3c4nc(n23)N(CC)CC=4)CC1,C19H28N6O,54
CCN1C(=O)N2C3=CC(N(C)C)=NC2=NC=C1C=C3,C13H15N5O,34
O=C(N1CCC(n2nc3n4c-3nnc24)C1)C12CCCC(CC1)CC2,C17H22N6O,46
C=C(C=C1C=C1C(=O)OCCOS(=O)(=O)O)OC,C10H12O7S,30
CCCOC(=O)C1=Cc2cccc1c2-c1ccc(C(=O)OC)cc1C(=O)OC,C22H20O6,48
CCCCN1CC2Oc3ccc4cc3C=CC=C4C(=O)N(c3nc1nc1ccc(OC)cc31)C2CC,C29H30N4O3,64
O=C(OC(=O)c1cccc(Cl)c1)C1=C(C(F)(F)F)C=C1,C13H6ClF3O3,26
CCC1=CC=C1C(=O)N(C)c1ccccc1,C14H15NO,31
COC(=O)c1ccc(C(=O)OC2C3OC4OC2C(C)(C)CCC(C)(C)C4C3C(C)(C)C)c(=O)o1,C26H36O8,64
CCCNC(=O)C1CN(CCC)C(=O)N1,C10H19N3O2,33
COc1ccccc2cccc1C(=O)N1CCCC1c1nnc-2[nH]1,C18H18N4O2,40
O=C(NCCCN(C(=O)c1ccccc1)c1nccs1)C1=CC1=CC=CCl,C20H18ClN3O2S,45
CN1CCCCN2CCN(CCC1)C1=CC=C3C=C3C(=C3C=CC=C13)C2=O,C23H27N3O,54
O=C(Nc1nnc(NC(=O)c2cccc(Cl)c2)s1)C1=Cc2cc(ccc2Cl)S1,C18H10Cl2N4O2S2,38
CCCN(CCCN1C(=O)C2=CC(=O)N(CC)N=C1C2=Cc1ccc(Cl)c(Cl)c1Br)C(C)=O,C23H25BrCl2N4O3,58
CCC1CCCC1(C)C(=O)OC(C)(C)C,C13H24O2,39
O=C(NNC(=O)c1ccnc(Nc2ccccc2)n1)c1ccccc1,C18H15N5O2,40
CN(C)C(=O)NC(=NC=CC=Cc1ccc(Cl)cc1Cl)Nc1cccc(F)c1,C20H19Cl2FN4O,47
Cc1ccc(CNS(=O)(=O)c2ccc(Cl)cc2)cc1,C14H14ClNO2S,33
CCCC1C(=O)N(CC)CCCN2CCC=C(C2=O)c2ccc3c4ccc4c(c2)c(=O)n31,C26H29N3O3,60
CNc1cc(C(=O)N2CCN(CCc3ccccc3)CC2)cc2cc(OC)ccc12,C25H29N3O2,59
CCN(c1nnc(Nc2ccccc2)s1)c1nnc(-c2ccc(C=Cc3ccccc3)c(-c3cccc(Cl)c3)c2)s1,C32H25ClN6S2,66
CCCCN(C(=O)C(C#N)=C(C)N=C=O)C(=O)N(C)C,C13H18N4O3,38
CCCCCCC(CCC1CCCCC1)C(=O)N(CC)C(=O)c1ccc2cc1-2,C25H37NO2,65
CC(=NC1=CC=Cc2nc(C)c([nH]2)C1(F)F)N1CCC2C(O)C21,C16H18F2N4O,37
CN(C(=O)NC(=O)c1ccc(F)cc1)c1nc2c(s1)=CC=2,C14H10FN3O2S,31
CCCCN1C(=O)c2cccc(c2)C(=O)N(CCCCCN(C=O)C(=O)c2cc(Cl)cc(Cl)c2)C1=O,C26H27Cl2N3O5,63
COC=Cc1ccc(-c2nc(NC(C)=O)nc(-c3ccc(F)cc3)n2)cc1,C20H17FN4O2,44
CC1C2CCN(C)CCCC2C(c2ccc(Cl)cc2F)N1C,C18H26ClFN2,44
O=C1CN(CCCCCCN2CCN(S(=O)(=O)c3ccc(C(F)(F)F)cc3)C2=O)C(=O)CN1,C20H25F3N4O5S,58
CC(C)C(=O)N1C(=O)NC(=O)OC(OP(=O)(O)OP(=O)(O)O)C(O)C2OC3C(O)C(O)C(O)C1C3O2,C15H24N2O17P2,50
CN1C(=O)CN(C(=O)c2ccc(Cl)c(Cl)c2)C1=O,C11H8Cl2N2O3,26
CC(C)(C)CCC1CN(C(=O)c2ccc3cc2-c2nn-3c(=O)[nH]2)C1,C18H22N4O2,45
CCN(C(=O)NC(C)=O)C1=NC(=Nc2ccccc3cc(Br)cc2-3)S1,C17H15BrN4O2S,40
CCN(CCCn1c2ccccccc-2c1=O)C(=O)c1ccccc1,C21H22N2O2,47
CN(C)CCN(C)c1nc(NC2=CC=CC=CC3=CC2=C3)nc(Nc2cccc(F)c2)n1,C24H26FN7,58
CNC(=NCc1ccc(C(=O)Nc2ccccc2)cc1)NC(=O)c1ccccc1,C23H22N4O2,51
O=C1CNC(=O)N1c1ccc(C(F)(F)c2ccccc2)c2ccccc12,C20H14F2N2O2,40
COc1ccc2c(c1)C(=O)N(C1C(O)C1C(NC(=O)c1ccccc1C=C(C)c1ccccc1C)OC)C2=O,C31H30N2O6,65
CN1CCN(C(=O)n2c3ccc2c(Cl)c3)c2ccc(cc2)C1=O,C17H14ClN3O2,37
CN(C)CC1CCCCCn2c3c4cc(c(c2c4)C(=O)N1C(C)(C)C)N=3,C21H30N4O,56
CCc1oc(=O)oc(=O)c1C,C7H8O4,19
CC(C)CCC1=CC(C(F)(F)C(=O)NC2C(=O)N(C(C)(C)C)C(=O)C2C)=C1,C20H28F2N2O3,53
O=C1NC(=O)N2CCC1=CC=CSc1ccccc1C2=O,C15H12N2O3S,33
Cc1sc2cc(C(=O)Nc3cccc(NC(=O)N(C)C)c3)ccc2c1NC(=O)N(C)C,C22H25N5O3S,56
CCCOc1cccc(C(=O)Oc2c3cccc2C(C(=O)OC)=C3OC)c1,C21H20O6,47
CN1CCN2CC3=CC=CC=CC=CC=CN=C2C2=NC(=N3)C3=NC(=N2)N2C(=O)N3CC2C1,C23H23N9O,55
CN(C(=O)N1C(=O)NC(=O)c2ccccc2C(=O)Nc2cccc1c2)c1ccccc1,C23H18N4O4,49
CN1CCN2CCN(CC2)C(=O)C2CN3CCN2C3=C1C(F)(F)F,C15H22F3N5O,45
COc1cc(F)ccc1C1C(N2CCN3CCC2C3=O)=NC1C,C17H20FN3O2,42
CCCC(C(=O)c1ccccc1)C(C(=O)N(C)C)N(CCSc1ccccc1)C(=O)c1ccccc1,C30H34N2O3S,68
CC(C)(C)CCN1C(=O)c2cc3cc-3csc1n2,C14H16N2OS,34
CCCCCOC(=O)C[Si](=O)OC(C)(C)C,C11H22O4Si,38
Cn1nc2nc1N2CCN1CCC1C1=CC=C2C(Cl)=CC(Cl)=C1C2(F)F,C17H15Cl2F2N5,41
CC(C)N1C(=O)N2CCN(CCN(Cc3cccc(Cl)c3)C(=O)NC(=NC#N)c3ccccc31)C2=O,C25H26ClN7O3,62
COC1=CC2=CSC(=C1C(=O)N(C)C(=O)c1ccccc1OC)C2C,C19H19NO4S,44
COc1cccc(C(=O)OC2COC(=O)C(CCCc3c4cccc3C=C4)C2)c1,C24H24O5,52
CCCN1C(=O)C=C(OP(=O)(O)OCC)C(=O)NC(=O)N2CCN(C2=O)C(=O)N2CCN(C(=O)NC1=O)C2=O,C19H24N7O12P,62
CCN(C)CCCN(CC)C(=O)c1cccc2cc-2ccc(C#N)c2cc-2n1,C23H26N4O,54
CC(C(=O)OC(C)(C)C)=C1CCCCCC1,C14H24O2,40
CC(=O)NC(=N)n1c(-c2ccccc2)nnc1-c1ccc(Cl)cc1,C17H14ClN5O,38
CCn1c(=O)n2nc1sc2=NC=CC(=Nc1ccc(F)cc1)Nc1ccccc1,C20H17FN6OS,46
CN(C)CCC(Cc1nc(-c2ccccc2)nn1C)NC(=O)c1ccccc1,C22H27N5O,54
O=C(NC1=CC2=CC=C3C=CC1=CC=C3C=C2)c1ccccc1,C21H15NO,38
CNC(=O)N(C(=N)c1ccccc1)c1ccc2cc1-2,C15H13N3O,32
COc1cc(OC)c(OCC2=C3C(=O)OCC4OC5OC4C(OC2=O)C5OC3=O)cc1OC,C21H20O12,48
Cc1cc2sc3nc2c(cccc(F)c1C(F)(F)F)CC(C)NC(=O)NC(=O)N3,C18H16F4N4O2S,43
C=C1C=CC(=O)N2CCCN1CCC(=O)N1CCCC(OC2=O)C1C(=O)N1CCCCC1,C23H32N4O5,62
CCN1CCC(C)n2c3ncnc-3cnc21,C11H15N5,30
O=C1N2CC3CN1C1=CC(=CC(C(F)(F)F)=CC=C1)N(C3)C2=O,C15H12F3N3O2,35
CC=CC=C(C(=O)N1CCC1)S(=O)(=O)N1CCCCC1,C14H22N2O3S,42
COc1cccc(C(=NNC(=S)N(C)C2C=C2)c2ccc(S(=O)(=O)Nc3ccc(Cl)cc3)cc2)c1,C25H23ClN4O3S2,57
C=CC=CC=Cc1cccc(N=C(N=C(NS(=O)(=O)c2ccccc2)c2ccccc2)N2CCOC2=O)c1OC,C30H28N4O5S,68
COc1ccc(Br)cc1-c1cccc(N2CCN(CC3CCNC(=O)C3)C2=O)n1,C21H23BrN4O3,52
O=C(O)c1ccc(C(=O)N2c3ccccc32)cc1,C14H9NO3,27
COC(=O)N(CCCC(C)C)Cc1cccc(Cl)c1,C15H22ClNO2,41
CCCCN(C)C(=O)N1CCCCCn2c(=O)c3ccc2c1cc1ccc3cc1C#N,C25H28N4O2,59
CCSC(=S)NC(=O)C(CC)C(=O)OC,C9H15NO3S2,29
COC1=CC=C2SC(c3ccccc3Br)NC(=O)c3cccc(c3)C(=O)NC(=O)Sc3ccccc3OC=C12,C29H21BrN2O5S2,58
O=C(CCCCCCCCCCCCCCCCCCCO)OC(=O)O[PH](=O)O,C21H41O7P,69
C=C1C=CC(N2CCCC2)=C1,C10H13N,24
O=[N+]([O-])C1=CC(c2cc([N+](=O)[O-])ccc2[N+](=O)[O-])=C1,C10H5N3O6,24
COc1ccc(I)cc1-c1ccccc1F,C13H10FIO,26
O=C(C1=CC=C1Cl)N1CCC(N2CCCCCC2=O)CC1,C16H21ClN2O2,41
COC(=O)C(C)C(C)(C)S(=O)(=O)C1=CC=C2C=CC(=O)N(CCCC1)C2=O,C19H25NO6S,51
CCN1C(=O)N(C)C(=O)NC(=O)n2cc(-c3ccccc3)nc2Sc2nnc(s2)N(CC)C1=O,C20H20N8O4S2,54
CC(C(=O)Nc1ncc2cc1-c1ccc3c4c1c3=CC(=CN4)C2(F)F)N(C)C,C21H18F2N4O,44
O=c1c2c3c4c(cc(Cl)cc4n1CCN1CCN(CC1)CCN1CCC3C1)c1cc(Cl)ccc21,C27H28Cl2N4O,62
N#CC1c2cccc1c2C=C(F)c1cccnc1NC(=O)Nc1ccccc1,C22H15FN4O,42
CCOC1=CC=C(OC)c2cc1c(CN(C)C)c1ccccc21,C20H23NO2,46
COc1cc(Br)cc(C(=N)NC(=CC=CS(=O)(=O)O)c2cccc(C(F)(F)F)c2)c1,C19H16BrF3N2O4S,45
CC1CCN(CC2C(=O)N3CCN2CC3)C(=O)N1c1c(Cl)ccc(Cl)c1C(F)(F)F,C19H21Cl2F3N4O2,51
CCc1ccccc1N(C(=O)c1ccccc1)C(=O)c1ccccc1C,C23H21NO2,47
CC(=O)N(C)C(=O)c1nc2sc1C(=O)NCCS2,C10H11N3O3S2,29
COC(=O)C(=CC=C(C(C)=NN=C(c1ccccc1)c1ccccc1)S(C)(=O)=O)C1=CC=C1,C26H24N2O4S,57
Cc1ccc(C)cc2c(F)ccc3[nH]c3ccc(C(=O)N(C)C)[nH]c2c1,C21H22FN3O,46
COc1ccccc1C1=NC2=NC3CCCN(C3)C(=O)CN3CCN(CC3)CCN1C(=O)N2,C23H31N7O3,63
C=C(c1cc2cccc3c1nc23)N1C(=O)N2CCC1CN(CC)CC2,C20H22N4O,47
C=CC(=Cc1c(F)ccc2c1sc1nnc(-c3cc(Cl)ccc3NC(=O)CN(C)C)n12)OC,C23H21ClFN5O2S,54
CC(=O)N(C)C(=O)C1=CC=Cc2ccc(C#N)cc2N(C)C(=O)C(Br)=CC=C1,C21H18BrN3O3,46
COC(=O)C1=C2C=C1C(C1CCCCC1)CCC2(C)C,C18H26O2,46
COC(F)(F)c1ccc(N2NS(=O)(=O)c3ccccc32)c(Cl)c1Cl,C14H10Cl2F2N2O3S,34
CN(C(=O)O)C(=O)NC(=O)SC1=CN1,C6H7N3O4S,19
C=CC=C(c1c(NC(=O)N2CC2)cccc1OC)[N+](=O)[O-],C14H15N3O4,36
O=C(NC1=NC(c2ccccc2)=NC=C2C=CC=C1C2(F)F)N(C(=O)N1CCC1)c1ccccc1,C26H21F2N5O2,56
COC1=CC2=CC=C(C(=O)OC(C)(C)C)OCCN(C(=O)c3ccc(Cl)cc3)CC2=C1,C24H26ClNO5,57
COc1cccc([N+](=O)[O-])c1C(=O)O,C8H7NO5,21
COC1=CC=C1S(=O)(=O)N1CCC(=O)NC(C)CC1,C12H18N2O4S,36
CCCCCCCCCCCC(=O)OC,C13H26O2,41
CC(C)(C)CC(=O)N1CCCCCC2=CC(=C2)C1=O,C16H23NO2,42
CCN(C(=O)n1c(N=C=N)nnc1-c1ccccc1)c1ccccc1,C18H16N6O,41
S=C(S)SCSS,C2H4S5,11
CCCN1C(=O)CN(C(=O)C2=CC=C2)CCN2CCCCCCCCN(C1=O)S2(=O)=O,C21H32N4O5S,63
CCN(COc1cccc2ccccc12)C(=O)C(C)Oc1ccccc1F,C22H22FNO3,48
COc1cc(C(=O)OC(=NC#N)SC)ccc1Cl,C11H9ClN2O3S,27
COc1cc(OC)c2cc(C(=O)N(CCN3C(=O)CCCC3=O)C(C)=O)ccc2c1,C22H24N2O6,54
COc1=c-c2=c3-c-1=c-2-c1ccc(S(=O)(=O)N2CCN(CCCCCC4NC4=O)CC2)cc1-3,C24H27N3O4S,58
CCSC(=N[NH3+])NC(=O)N(C(=O)[O-])C1COCCC1O,C10H18N4O5S,33
CC1=C2CCCCCN(S(=O)(=O)c3ccccc3)CCN(C1=O)C2=O,C18H22N2O4S,47
COc1ccccc1N(C)C(=O)N1C=CC(=Cc2ccccc2)c2ccccc21,C25H22N2O2,51
CCCCC1CCCCCCCCc2cc(=O)oc(c2C(=O)OC)C1,C21H32O4,57
O=C1CCCCN1C(=O)CCCC1CCN(S(=O)(=O)C2=CC=C2Cl)CC1,C18H25ClN2O4S,51
CCN(c1nc(N)n(C)c1C(=CC1=CC=C1)OC)S(=O)(=O)c1cccc(F)c1,C19H21FN4O3S,49
CCN1C(=O)C(=CC=CC(=O)OC)c2ccc(OS(=O)(=O)c3ccccc3)cc2C1=O,C22H19NO7S,50
CCN(Cc1ccccc1[N+](=O)[O-])c1ccc(-c2cccs2)cc1,C19H18N2O2S,42
CCN(C)C(=O)COC(=O)C1=Cc2nc(N=C=N)sc21,C12H12N4O3S,31
O=C(Br)OC(=O)CCCCCCCCCCCC1CCCCC1,C19H33BrO3,56
O=C1c2ccc(cc2)Sc2ccc(cc2)C(=O)N1CCN1CCCC1,C20H20N2O2S,45
CNC(=O)c1ccc2cccc(C(F)(F)c3ccccc3)c2c1,C19H15F2NO,38
ClC1=CC=CC(c2ccc(C3=NN=C4NN=C(N3)S4)cc2)=CC=C1,C17H12ClN5S,35
CCn1[nH]c2ccc(C(=O)N(C)C(C)C)c(C)c21,C14H21N3O,37
C=C1C=C1S(=O)(=O)N(C)CCN(C(C)=O)c1nnc(-c2ccccc2)s1,C17H18N4O3S2,44
CNC(COP(=O)(O)Oc1ccccc1Oc1ccccc1)C1=CC=CC=CC(F)=C1,C23H23FNO5P,53
CCN1CCN2CCCN(C=C(c3ccccc3OC)C1=O)C2=O,C18H23N3O3,47
COC(=O)C1CCC(C)CCC(=O)C2=CC(=O)N1C2=O,C14H17NO5,36
CC(C)N1CCCCN(CCN2CCCc3cccc4c(cc-4cc3)C2=O)c2nnc1s2,C25H31N5OS,63
CCN1C(=O)N(C)c2nccc(OC)cnc1s2,C11H14N4O2S,32
