smiles,original_smiles,molecular_formula,num_atoms,fragment_formula
CC1(C)CC2=C(CC(=O)Nc3ccc(O)cc3)C3CC1CC2N3,CC(=O)Nc1ccc(O)cc1,C19H24N2O2,47,C11H17N
CC(=O)N(c1ccc(O)cc1)C12NC34C5OC36CC(O)OC43C(C1C56)C23,CC(=O)Nc1ccc(O)cc1,C19H18N2O5,44,C11H11NO3
CC(=O)N(C(=O)C1(C)C2=CC23CC(C)C31)c1ccc(O)cc1,CC(=O)Nc1ccc(O)cc1,C18H19NO3,41,C10H12O
CC(=O)Nc1ccc(O)c(C(CO)OC=C(C)N)c1,CC(=O)Nc1ccc(O)cc1,C13H18N2O4,37,C5H11NO2
CC(=O)Nc1ccc(O)cc1C12CC1OCC2(C)CO,CC(=O)Nc1ccc(O)cc1,C15H19NO4,39,C7H12O2
CC(=O)Nc1ccc(O)cc1C12C3OC14CC42O3,CC(=O)Nc1ccc(O)cc1,C13H11NO4,29,C5H4O2
CC(=O)Nc1ccc(O)cc1CC1(O)C=NC(C)C1,CC(=O)Nc1ccc(O)cc1,C14H18N2O3,37,C6H11NO
CC(=O)Nc1ccc(O)cc1N1CCC2COC1(C)C2,CC(=O)Nc1ccc(O)cc1,C15H20N2O3,40,C7H13NO
CC(=O)N(CC12C3COC1(N)C3C1OC12)c1ccc(O)cc1,CC(=O)Nc1ccc(O)cc1,C16H18N2O4,40,C8H11NO2
CC(=O)Nc1ccc(O)c(C2NCC34COC3C4N2)c1,CC(=O)Nc1ccc(O)cc1,C14H17N3O3,37,C6H10N2O
CC(=O)N(c1ccc(O)cc1)C(F)(F)C(F)(F)F,CC(=O)Nc1ccc(O)cc1,C10H8F5NO2,26,C2HF5
CCC(CC)C(O)CC(=O)Nc1ccc(O)cc1,CC(=O)Nc1ccc(O)cc1,C14H21NO3,39,C6H14O
O=C(CN1CC2OC3=C1SC32)Nc1ccc(O)cc1,CC(=O)Nc1ccc(O)cc1,C13H12N2O3S,31,C5H5NOS
CCNC1CCC2(c3cc(NC(C)=O)ccc3O)C(C)C2O1,CC(=O)Nc1ccc(O)cc1,C17H24N2O3,46,C9H17NO
CC(=O)Nc1ccc(O)c(OC2N=C3C4OC2CC2C3N42)c1,CC(=O)Nc1ccc(O)cc1,C15H15N3O4,37,C7H8N2O2
CC(=O)N(c1ccc(O)cc1)C1OC2OCCCN21,CC(=O)Nc1ccc(O)cc1,C13H16N2O4,35,C5H9NO2
CCC(O)CCOC1CCC1N(C(C)=O)c1ccc(O)cc1,CC(=O)Nc1ccc(O)cc1,C17H25NO4,47,C9H18O2
CC(=O)Nc1ccc(O)c(C(F)C(F)F)c1,CC(=O)Nc1ccc(O)cc1,C10H10F3NO2,26,C2H3F3
CC(=O)Nc1ccc(O)c(C23C45CN6C78C(NO)C9(CN4C792)C63C58)c1,CC(=O)Nc1ccc(O)cc1,C18H16N4O3,41,C10H9N3O
CC(=O)Nc1ccc(O)cc1N1C23N=C(O)C14C2C1C(O3)C2CC4(C)C21,CC(=O)Nc1ccc(O)cc1,C19H19N3O4,45,C11H12N2O2
CC(=O)Nc1ccc(OCC(C)(C2=CC2CO)C(O)CN)cc1,CC(=O)Nc1ccc(O)cc1,C17H24N2O4,47,C9H17NO2
CC(=O)Nc1ccc(O)cc1C12C3C4=CC5N1C3(O4)C52OO,CC(=O)Nc1ccc(O)cc1,C15H12N2O5,34,C7H5NO3
CC(=O)Nc1ccc(O)c(C23C4C5OC6C7(C8C5C5ON8C62C57)N43)c1,CC(=O)Nc1ccc(O)cc1,C18H15N3O4,40,C10H8N2O2
CC(=O)Nc1ccc(O)c(OC2(O)C3C4C5CC67OC4C26C537)c1,CC(=O)Nc1ccc(O)cc1,C17H15NO5,38,C9H8O3
CCC(N)=C(C)c1cc(O)ccc1NC(C)=O,CC(=O)Nc1ccc(O)cc1,C13H18N2O2,35,C5H11N
O=C(CC12ON1COC1C3C=CC1C32)Nc1ccc(O)cc1,CC(=O)Nc1ccc(O)cc1,C16H16N2O4,38,C8H9NO2
CC(=O)Nc1ccc(OC2(C)OC34CC5CN3CC4C5C2O)cc1,CC(=O)Nc1ccc(O)cc1,C18H22N2O4,46,C10H15NO2
CC(=O)Nc1ccc(O)c(C2C3C4CCOC5C(CC4)C4C(N54)C23C)c1,CC(=O)Nc1ccc(O)cc1,C21H26N2O3,52,C13H19NO
COC(CC(=O)Nc1ccc(O)cc1)CN1C2=C3C1C1OC321,CC(=O)Nc1ccc(O)cc1,C16H16N2O4,38,C8H9NO2
CC(=O)Nc1ccc(O)c(C23CC4=C(CNC2CCO)C43)c1,CC(=O)Nc1ccc(O)cc1,C17H20N2O3,42,C9H13NO
CC(=O)Nc1ccc(OC23CC4(N)CN5C6C7OC89C6C58C49C72O3)cc1,CC(=O)Nc1ccc(O)cc1,C19H17N3O4,43,C11H10N2O2
O=C(COC12CC34CN5C1C3OC54C2)Nc1ccc(O)cc1,CC(=O)Nc1ccc(O)cc1,C16H16N2O4,38,C8H9NO2
CC(=O)Nc1ccc(O)c(ON2C3C2C24CC5(CCC52)C34)c1,CC(=O)Nc1ccc(O)cc1,C17H18N2O3,40,C9H11NO
CC(=O)N(c1ccc(O)cc1)C1C2OC3=C(O2)SC1C3,CC(=O)Nc1ccc(O)cc1,C14H13NO4S,33,C6H6O2S
CC(=O)Nc1ccc(O)cc1N1C2SC=CN21,CC(=O)Nc1ccc(O)cc1,C11H11N3O2S,28,C3H4N2S
C=NC1C=NC(Oc2ccc(NC(C)=O)cc2)O1,CC(=O)Nc1ccc(O)cc1,C12H13N3O3,31,C4H6N2O
CC(=O)Nc1ccc(O)c(C23CC#CC(C)C(COOC=NC2)N3)c1,CC(=O)Nc1ccc(O)cc1,C18H21N3O4,46,C10H14N2O2
CC(=O)Nc1ccc(O)c(C23C4CC(C)CC2(CO)OCC2=C4N23)c1,CC(=O)Nc1ccc(O)cc1,C19H22N2O4,47,C11H15NO2
CCC1ON2OOC12N(C(C)=O)c1ccc(O)cc1,CC(=O)Nc1ccc(O)cc1,C12H14N2O5,33,C4H7NO3
CC(=O)Nc1ccc(O)cc1C1C2ONC2C12C=C2S,CC(=O)Nc1ccc(O)cc1,C14H14N2O3S,34,C6H7NOS
CC(=O)Nc1ccc(O)cc1CN1OC1O,CC(=O)Nc1ccc(O)cc1,C10H12N2O4,28,C2H5NO2
CC(=O)Nc1ccc(O)c(C23C4C5C6CC7C8NC9(OC492)C78CC653)c1,CC(=O)Nc1ccc(O)cc1,C20H18N2O3,43,C12H11NO
CC(=O)Nc1ccc(O)c(CCCCC(N)O)c1,CC(=O)Nc1ccc(O)cc1,C13H20N2O3,38,C5H13NO
CC(=O)N(c1ccc(O)cc1)C1COC1C,CC(=O)Nc1ccc(O)cc1,C12H15NO3,31,C4H8O
CC(=O)N(c1ccc(O)cc1)C12C(N)C34C(C(Cl)C31)C42,CC(=O)Nc1ccc(O)cc1,C15H15ClN2O2,35,C7H8ClN
CC(=O)N(c1ccc(O)cc1)C1OCC2(O)SN=CC23C2C1C23O,CC(=O)Nc1ccc(O)cc1,C16H16N2O5S,40,C8H9NO3S
CC(=O)Nc1ccc(O)c(C2(C)CC(O)N(C)CC2C=O)c1,CC(=O)Nc1ccc(O)cc1,C16H22N2O4,44,C8H15NO2
CC(=O)Nc1ccc(O)c(N2C3CC45CC(N)C6(OCC37C4C576)C2C)c1,CC(=O)Nc1ccc(O)cc1,C20H23N3O3,49,C12H16N2O
COC(N=Cc1cc(O)ccc1NC(C)=O)OC=O,CC(=O)Nc1ccc(O)cc1,C12H14N2O5,33,C4H7NO3
CC(=O)Nc1ccc(O)cc1C1(Cl)CC2=C3OC21C3Cl,CC(=O)Nc1ccc(O)cc1,C14H11Cl2NO3,31,C6H4Cl2O
N=CC1OCC2=C3C2C31CC(=O)Nc1ccc(O)cc1,CC(=O)Nc1ccc(O)cc1,C15H14N2O3,34,C7H7NO
CC(=O)Nc1ccc(O)cc1C(C)CC1OC2OC12,CC(=O)Nc1ccc(O)cc1,C14H17NO4,36,C6H10O2
CC(=O)Nc1ccc(O)c(C23C4CC25C2CN6C4C3C2(ON5O)C6C)c1,CC(=O)Nc1ccc(O)cc1,C19H21N3O4,47,C11H14N2O2
CC(=O)Nc1ccc(O)cc1C12COC1CN1C3(O)C4CCC15C4C5C23,CC(=O)Nc1ccc(O)cc1,C20H22N2O4,48,C12H15NO2
CC(=O)Nc1ccc(O)cc1C1C23CON4C5C6CC7C2N(C3N65)C714,CC(=O)Nc1ccc(O)cc1,C18H18N4O3,43,C10H11N3O
CCC(CNCCC1CC1)c1cc(O)ccc1NC(C)=O,CC(=O)Nc1ccc(O)cc1,C17H26N2O2,47,C9H19N
CC(=O)Nc1ccc(O)cc1N1C2C3C4=C3C3OC2C1C3ON4,CC(=O)Nc1ccc(O)cc1,C16H15N3O4,38,C8H8N2O2
CC(=O)Nc1ccc(O)cc1C1CC1C(C)=C1CC2C(C)NC3C1C23,CC(=O)Nc1ccc(O)cc1,C21H26N2O2,51,C13H19N
CC(=O)Nc1ccc(O)c(C2CCOCCC3NC3N(C)C2)c1,CC(=O)Nc1ccc(O)cc1,C17H25N3O3,48,C9H18N2O
CC(=O)Nc1ccc(O)cc1C12COC34CC5NOC16C5C36C2C4,CC(=O)Nc1ccc(O)cc1,C18H18N2O4,42,C10H11NO2
CC(=O)Nc1ccc(O)cc1C1NC23C4CC5C6C12OC12C7C51C73C62C4,CC(=O)Nc1ccc(O)cc1,C21H18N2O3,44,C13H11NO
CC(=O)Nc1ccc(O)c(C2(N)C3=C4C5CC6CC(OCC2C3C5)C46)c1,CC(=O)Nc1ccc(O)cc1,C21H24N2O3,50,C13H17NO
C=C(CCC(N)(CO)NC)c1cc(O)ccc1NC(C)=O,CC(=O)Nc1ccc(O)cc1,C15H23N3O3,44,C7H16N2O
CC(=O)Nc1ccc(OC(F)(F)C(F)(F)C(F)(F)F)cc1,CC(=O)Nc1ccc(O)cc1,C11H8F7NO2,29,C3HF7
CC(=O)N(NC(C)(OC1=CC12C#C2)C(O)Cl)c1ccc(O)cc1,CC(=O)Nc1ccc(O)cc1,C16H15ClN2O4,38,C8H8ClNO2
CC(=O)N(c1ccc(O)cc1)C12N3C4OC45C3C(C)C34OC31C542,CC(=O)Nc1ccc(O)cc1,C17H14N2O4,37,C9H7NO2
CCC(CNC)C1CCC1c1cc(NC(C)=O)ccc1O,CC(=O)Nc1ccc(O)cc1,C17H26N2O2,47,C9H19N
CC1C2CON3C1C1C=C2C13CC(=O)Nc1ccc(O)cc1,CC(=O)Nc1ccc(O)cc1,C17H18N2O3,40,C9H11NO
CC(=O)Nc1ccc(O)c(C2C3C=C4NOC56CN7C8OC48C5C37N26)c1,CC(=O)Nc1ccc(O)cc1,C18H16N4O4,42,C10H9N3O2
CC(=O)Nc1ccc(O)cc1C1(Cl)C(Cl)C2=C3C2C31,CC(=O)Nc1ccc(O)cc1,C14H11Cl2NO2,30,C6H4Cl2
O=C(CC=C1NC(CC2=CC2)CCOC2NN12)Nc1ccc(O)cc1,CC(=O)Nc1ccc(O)cc1,C18H22N4O3,47,C10H15N3O
CCC(CC(C)C(C)CC)c1cc(NC(C)=O)ccc1O,CC(=O)Nc1ccc(O)cc1,C18H29NO2,50,C10H22
CC(=O)Nc1ccc(O)cc1C1(O)C23NN4N5C6CC41C1C(=CO2)C3C615,CC(=O)Nc1ccc(O)cc1,C18H16N4O4,42,C10H9N3O2
CC(=O)Nc1ccc(O)c(C23C4=CC2C43CC(Cl)Cl)c1,CC(=O)Nc1ccc(O)cc1,C15H13Cl2NO2,33,C7H6Cl2
C=C1C2=C3C1N1C3C1(CC(=O)Nc1ccc(O)cc1)S2,CC(=O)Nc1ccc(O)cc1,C15H12N2O2S,32,C7H5NS
CC(=O)Nc1ccc(O)cc1C1C2C3=C4C5C(CC16CC45O6)C32,CC(=O)Nc1ccc(O)cc1,C19H17NO3,40,C11H10O
CC(CC(=O)Nc1ccc(O)cc1)CC1NC#CN2OC2N1,CC(=O)Nc1ccc(O)cc1,C15H18N4O3,40,C7H11N3O
CC(=O)N(c1ccc(O)cc1)C1n2cnn21,CC(=O)Nc1ccc(O)cc1,C10H10N4O2,26,C2H3N3
CC(=O)Nc1ccc(O)c(-c2c3c4c5n2C(CCOO)C(N3)C45CO)c1,CC(=O)Nc1ccc(O)cc1,C18H19N3O5,45,C10H12N2O3
CC(=O)Nc1ccc(O)cc1OC1OCCCC1C(O)OO,CC(=O)Nc1ccc(O)cc1,C14H19NO7,41,C6H12O5
CC(=O)Nc1ccc(O)c(CC23C4C5C(O)C6C5C62COOC43O)c1,CC(=O)Nc1ccc(O)cc1,C18H19NO6,44,C10H12O4
C=CCC(CC(=O)Nc1ccc(O)cc1)C(C)CC,CC(=O)Nc1ccc(O)cc1,C16H23NO2,42,C8H16
CC(=O)Nc1ccc(OC23C4C5CN4C52C2CN23)cc1,CC(=O)Nc1ccc(O)cc1,C15H15N3O2,35,C7H8N2
O=C(CC1C23CC12N1OCN13)Nc1ccc(O)cc1,CC(=O)Nc1ccc(O)cc1,C13H13N3O3,32,C5H6N2O
C=C1CC23CC2(N(C(C)=O)c2ccc(O)cc2)C3CC1C,CC(=O)Nc1ccc(O)cc1,C18H21NO2,42,C10H14
CCCCOc1cc(NC(C)=O)ccc1O,CC(=O)Nc1ccc(O)cc1,C12H17NO3,33,C4H10O
CC(=O)Nc1ccc(O)c(C23CC45CC6(C)OC2(O4)N5OC63)c1,CC(=O)Nc1ccc(O)cc1,C16H16N2O5,39,C8H9NO3
CC(=O)Nc1ccc(O)cc1C1C2CC=CC3(N)C(O)NC4C2C413,CC(=O)Nc1ccc(O)cc1,C18H21N3O3,45,C10H14N2O
CC(=O)Nc1ccc(O)cc1C12CC3C4CC(C(O)C56OC5C61)C32O4,CC(=O)Nc1ccc(O)cc1,C19H19NO5,44,C11H12O3
CNCCC1OC2(N(C(C)=O)c3ccc(O)cc3)CN3OC132,CC(=O)Nc1ccc(O)cc1,C15H19N3O4,41,C7H12N2O2
CC(=O)Nc1ccc(O)cc1C12N=NC1C1C3C4C5C1C35N42,CC(=O)Nc1ccc(O)cc1,C16H14N4O2,36,C8H7N3
CC(=O)Nc1ccc(OC23C4=CC2C3(CCl)C(O)C4)cc1,CC(=O)Nc1ccc(O)cc1,C16H16ClNO3,37,C8H9ClO
CC(=O)Nc1ccc(O)c(C2=C3C=CCC4=CC(OC2)C4OC3)c1,CC(=O)Nc1ccc(O)cc1,C19H19NO4,43,C11H12O2
CC(=O)Nc1ccc(OC23C4CC5C2(C(Cl)Cl)C453)cc1,CC(=O)Nc1ccc(O)cc1,C15H13Cl2NO2,33,C7H6Cl2
CC(=O)Nc1ccc(OC23C(C)=CC24CCC3OC4O)cc1,CC(=O)Nc1ccc(O)cc1,C17H19NO4,41,C9H12O2
O=C(CC1CC23CC45NC6C4=C2C3(N5)C16)Nc1ccc(O)cc1,CC(=O)Nc1ccc(O)cc1,C18H17N3O2,40,C10H10N2
CC(=O)Nc1ccc(O)c(C2C3C4NC5N2C3C45C)c1,CC(=O)Nc1ccc(O)cc1,C15H17N3O2,37,C7H10N2
CC(=O)Nc1ccc(O)c(C2COC3C4C5C6OOC(C)(C25)C3C64)c1,CC(=O)Nc1ccc(O)cc1,C19H21NO5,46,C11H14O3
CC(=O)Nc1ccc(O)cc1CC1C2=CC(C(C)C13CCC31NN1)N2O,CC(=O)Nc1ccc(O)cc1,C19H24N4O3,50,C11H17N3O
CC(=O)Nc1ccc(ON2OC34C(OC=N)C5(C6OC=CC635)[SH3]24)cc1,CC(=O)Nc1ccc(O)cc1,C16H17N3O5S,42,C8H10N2O3S
C=C1C=C(CC(=O)Nc2ccc(O)cc2)C=N1,CC(=O)Nc1ccc(O)cc1,C13H12N2O2,29,C5H5N
CCC12C3=CN(N)C1(CC(=O)Nc1ccc(O)cc1)C1CC2C31,CC(=O)Nc1ccc(O)cc1,C18H21N3O2,44,C10H14N2
C=C1C=C2OC(O2)C(Nc2cc(NC(C)=O)ccc2O)C1,CC(=O)Nc1ccc(O)cc1,C15H16N2O4,37,C7H9NO2
C=CCCCNC(CCC)c1cc(O)ccc1NC(C)=O,CC(=O)Nc1ccc(O)cc1,C17H26N2O2,47,C9H19N
CC(=O)Nc1ccc(O)c(CC(C)(C)O)c1,CC(=O)Nc1ccc(O)cc1,C12H17NO3,33,C4H10O
CC(=O)Nc1ccc(O)cc1OC1=C2C3CC4N5C26NC4(C1)NC356,CC(=O)Nc1ccc(O)cc1,C17H16N4O3,40,C9H9N3O
CC(=O)Nc1ccc(O)c(-c2ccccc2F)c1,CC(=O)Nc1ccc(O)cc1,C14H12FNO2,30,C6H5F
C=C1NC2C3C1(O)CC23c1cc(NC(C)=O)ccc1O,CC(=O)Nc1ccc(O)cc1,C15H16N2O3,36,C7H9NO
CC(=O)Nc1ccc(O)cc1C(C)C(O)C1=NC(C)C1,CC(=O)Nc1ccc(O)cc1,C15H20N2O3,40,C7H13NO
O=C(CC1OC2CCN=COC1=CS2)Nc1ccc(O)cc1,CC(=O)Nc1ccc(O)cc1,C15H16N2O4S,38,C7H9NO2S
CC(=O)Nc1ccc(O)cc1C1CC2CC1=CO2,CC(=O)Nc1ccc(O)cc1,C14H15NO3,33,C6H8O
CC(=O)Nc1ccc(O)cc1CC1CC2CC3C(C1N)C1C2C31,CC(=O)Nc1ccc(O)cc1,C19H24N2O2,47,C11H17N
CC(=O)N(c1ccc(O)cc1)C1C=CC=C2OC21C,CC(=O)Nc1ccc(O)cc1,C15H15NO3,34,C7H8O
CNS(=O)(=O)Oc1ccc(NC(C)=O)cc1,CC(=O)Nc1ccc(O)cc1,C9H12N2O4S,28,CH5NO2S
CC(=O)Nc1ccc(O)c(C2C(C)C3C4C(N)C25CCC34C=COO5)c1,CC(=O)Nc1ccc(O)cc1,C20H24N2O4,50,C12H17NO2
O=C(CC12CC34C5CC6C7=CC13C7C54C62)Nc1ccc(O)cc1,CC(=O)Nc1ccc(O)cc1,C20H17NO2,40,C12H10
CC(=O)Nc1ccc(O)cc1C1C2C3N=C3C12Cl,CC(=O)Nc1ccc(O)cc1,C13H11ClN2O2,29,C5H4ClN
CC(=O)Nc1ccc(O)c(C23ONC(N)CCC2C3O)c1,CC(=O)Nc1ccc(O)cc1,C14H19N3O4,40,C6H12N2O2
CC(=O)Nc1ccc(O)c(C(CCN)C(C)(O)CC2CC2)c1,CC(=O)Nc1ccc(O)cc1,C17H26N2O3,48,C9H19NO
C=C1C2NC3C(N(C(C)=O)c4ccc(O)cc4)C2C1N3C,CC(=O)Nc1ccc(O)cc1,C16H19N3O2,40,C8H12N2
CCCN(C)OC(C1C=C1)N(C(C)=O)c1ccc(O)cc1,CC(=O)Nc1ccc(O)cc1,C16H22N2O3,43,C8H15NO
CC(=O)Nc1ccc(O)cc1C1C2OC1C1=C2OC=CO1,CC(=O)Nc1ccc(O)cc1,C15H13NO5,34,C7H6O3
O=C(CN1CC2COCC21)Nc1ccc(O)cc1,CC(=O)Nc1ccc(O)cc1,C13H16N2O3,34,C5H9NO
CC(=O)Nc1ccc(OC(CO)SO)cc1,CC(=O)Nc1ccc(O)cc1,C10H13NO4S,29,C2H6O2S
CC(=O)Nc1ccc(O)cc1N1C2C(O)CC3C(C2C)N2COC34CC214,CC(=O)Nc1ccc(O)cc1,C19H23N3O4,49,C11H16N2O2
O=C(CC12CN3CC(CCOC4N=N4)C1CC32)Nc1ccc(O)cc1,CC(=O)Nc1ccc(O)cc1,C18H22N4O3,47,C10H15N3O
COC(C=O)Oc1cc(NC(C)=O)ccc1O,CC(=O)Nc1ccc(O)cc1,C11H13NO5,30,C3H6O3
CC(=O)Nc1ccc(O)c(C2(C)C3C45C(O)N2CN2C6C34C625)c1,CC(=O)Nc1ccc(O)cc1,C17H17N3O3,40,C9H10N2O
CC(=O)Nc1ccc(O)c(SC2C34OC23N2NC24)c1,CC(=O)Nc1ccc(O)cc1,C12H11N3O3S,30,C4H4N2OS
CC(=O)Nc1ccc(O)c(C2C3=C(Cl)N4C3C(Cl)C24)c1,CC(=O)Nc1ccc(O)cc1,C14H12Cl2N2O2,32,C6H5Cl2N
CC(=O)Nc1ccc(OC23CC4=C2C42COC4(NCC4N2)O3)cc1,CC(=O)Nc1ccc(O)cc1,C17H17N3O4,41,C9H10N2O2
CC(=O)Nc1ccc(O)c(C23N4COC56C7C48N2CC35C786)c1,CC(=O)Nc1ccc(O)cc1,C16H13N3O3,35,C8H6N2O
O=C(COCC1C=CC2C=CC3NC1C23)Nc1ccc(O)cc1,CC(=O)Nc1ccc(O)cc1,C18H20N2O3,43,C10H13NO
CC(=O)Nc1ccc(O)c(C23C(=O)C4(Cl)CC2C43)c1,CC(=O)Nc1ccc(O)cc1,C14H12ClNO3,31,C6H5ClO
C=C1C2(Br)C=CC12Oc1ccc(NC(C)=O)cc1,CC(=O)Nc1ccc(O)cc1,C14H12BrNO2,30,C6H5Br
CC(=O)Nc1ccc(O)c(C2=C3C4C5(Br)CC2(O)C345)c1,CC(=O)Nc1ccc(O)cc1,C15H12BrNO3,32,C7H5BrO
CC(=O)Nc1ccc(OOCCCC(C)C)cc1,CC(=O)Nc1ccc(O)cc1,C14H21NO3,39,C6H14O
CC1CNNC(CC(=O)Nc2ccc(O)cc2)C1,CC(=O)Nc1ccc(O)cc1,C13H19N3O2,37,C5H12N2
CCCCCC(CC)CC(C)Cc1cc(O)ccc1NC(C)=O,CC(=O)Nc1ccc(O)cc1,C20H33NO2,56,C12H26
CC(=O)Nc1ccc(OC2C34CC35C3=C6OC65C24CO3)cc1,CC(=O)Nc1ccc(O)cc1,C17H13NO4,35,C9H6O2
O=C(CC1COC2=C3NC2C1O3)Nc1ccc(O)cc1,CC(=O)Nc1ccc(O)cc1,C14H14N2O4,34,C6H7NO2
NN1CC2OC3CC4C2CC3(CC(=O)Nc2ccc(O)cc2)NC2C4C21,CC(=O)Nc1ccc(O)cc1,C19H24N4O3,50,C11H17N3O
CC(=O)Nc1ccc(O)c(C2CC3CC4OC4=C(O)C32)c1,CC(=O)Nc1ccc(O)cc1,C16H17NO4,38,C8H10O2
CC(=O)N(c1ccc(O)cc1)N1C2=C3C1CCC14C3C1C24,CC(=O)Nc1ccc(O)cc1,C17H16N2O2,37,C9H9N
CC(=O)Nc1ccc(O)c(C23C=C(C2)C2=CC4OOC24CC3)c1,CC(=O)Nc1ccc(O)cc1,C18H17NO4,40,C10H10O2
CC(=O)Nc1ccc(OC2C3=CC45OC(Cl)C4C325)cc1,CC(=O)Nc1ccc(O)cc1,C15H12ClNO3,32,C7H5ClO
C=C1CC23COC2N(Oc2ccc(NC(C)=O)cc2)C1C1(C=C1)CC3O,CC(=O)Nc1ccc(O)cc1,C20H22N2O4,48,C12H15NO2
CCC1C2CC3C4NC2C4C3C1c1cc(O)ccc1NC(C)=O,CC(=O)Nc1ccc(O)cc1,C19H24N2O2,47,C11H17N
O=C(CC1CC2C3=C4C5C3N1C425)Nc1ccc(O)cc1,CC(=O)Nc1ccc(O)cc1,C16H14N2O2,34,C8H7N
CC(=O)N(c1ccc(O)cc1)C12C3C4COC5CC31CC51C2C12C(N)N42,CC(=O)Nc1ccc(O)cc1,C20H21N3O3,47,C12H14N2O
C=C=COC1CC2CCC(C2)N1OC(C)c1cc(NC(C)=O)ccc1O,CC(=O)Nc1ccc(O)cc1,C20H26N2O4,52,C12H19NO2
CC(=O)Nc1ccc(OC(F)C23OC2CC2C=C4NC423)cc1,CC(=O)Nc1ccc(O)cc1,C16H15FN2O3,37,C8H8FNO
CC(=O)N(c1ccc(O)cc1)C12CCC3OC(C)C4CC1C3N4OC2,CC(=O)Nc1ccc(O)cc1,C19H24N2O4,49,C11H17NO2
CCCC(C)CCCCC(=O)Nc1ccc(O)cc1,CC(=O)Nc1ccc(O)cc1,C16H25NO2,44,C8H18
CC(=O)Nc1ccc(O)cc1N1C2OCC34C2C(CNC13)C41ON2C=C21,CC(=O)Nc1ccc(O)cc1,C18H18N4O4,44,C10H11N3O2
CC(=O)N(c1ccc(O)cc1)C1(C(OCOO)C(C)O)CO1,CC(=O)Nc1ccc(O)cc1,C14H19NO7,41,C6H12O5
CC(=O)N(c1ccc(O)cc1)C1C2NC34C5C1C1C(C2OO)C13C54,CC(=O)Nc1ccc(O)cc1,C18H18N2O4,42,C10H11NO2
CC(=O)Nc1ccc(OC2(C)CC3C45C=C2C3(C4)O5)cc1,CC(=O)Nc1ccc(O)cc1,C17H17NO3,38,C9H10O
NC1CC2C34C5C3(CC(=O)Nc3ccc(O)cc3)S536=C5N1C4(O3)C526,CC(=O)Nc1ccc(O)cc1,C17H15N3O3S,39,C9H8N2OS
CC(=O)Nc1ccc(O)c(C23N=C4NC5C=C2C3N45)c1,CC(=O)Nc1ccc(O)cc1,C14H12N4O2,32,C6H5N3
CC(=O)Nc1ccc(O)c(NCC2NC34OC3C3C=C5CC5C23O4)c1,CC(=O)Nc1ccc(O)cc1,C18H19N3O4,44,C10H12N2O2
CC(=O)Nc1ccc(OC2CC34CC5C3OC43C2C53)cc1,CC(=O)Nc1ccc(O)cc1,C17H17NO3,38,C9H10O
CC(=O)Nc1ccc(O)cc1C12C3C(C)N4C1C31C2C41O,CC(=O)Nc1ccc(O)cc1,C16H16N2O3,37,C8H9NO
CC(=O)Nc1ccc(O)c(C23CON4C5C6=C2C52OC64C32)c1,CC(=O)Nc1ccc(O)cc1,C16H12N2O4,34,C8H5NO2
CC(=O)Nc1ccc(O)c(C23C4OC25C2C6=CC3(NN65)C24)c1,CC(=O)Nc1ccc(O)cc1,C16H13N3O3,35,C8H6N2O
CC(=O)Nc1ccc(O)c(C23CNCC(C)(C2)C3O)c1,CC(=O)Nc1ccc(O)cc1,C15H20N2O3,40,C7H13NO
CC(=O)Nc1ccc(O)cc1C12C3OC4C5C6OC41OCC52C63,CC(=O)Nc1ccc(O)cc1,C17H15NO5,38,C9H8O3
CC(=O)Nc1ccc(O)cc1C1(C)C=CC1C(C)C(C)C,CC(=O)Nc1ccc(O)cc1,C18H25NO2,46,C10H18
CC(=O)Nc1ccc(O)cc1C12CC13C1C3N1N2,CC(=O)Nc1ccc(O)cc1,C13H13N3O2,31,C5H6N2
O=C(CC12NC13C1COC4NC1OC2C43)Nc1ccc(O)cc1,CC(=O)Nc1ccc(O)cc1,C16H17N3O4,40,C8H10N2O2
CC(=O)Nc1ccc(O)c(C23CC45CC26C2N4N6C253)c1,CC(=O)Nc1ccc(O)cc1,C15H13N3O2,33,C7H6N2
CC(=O)Nc1ccc(O)c(C2(C)C(O)CC2C2COC3C2=CC2OC23)c1,CC(=O)Nc1ccc(O)cc1,C20H23NO5,49,C12H16O3
CCC(c1cc(NC(C)=O)ccc1O)C(C)C,CC(=O)Nc1ccc(O)cc1,C14H21NO2,38,C6H14
CC(=O)Nc1ccc(O)cc1OC1COC2=C3C=C2OC31,CC(=O)Nc1ccc(O)cc1,C15H13NO5,34,C7H6O3
CC(=O)Nc1ccc(O)c(C23C4N5C6(C)CCCC42C563)c1,CC(=O)Nc1ccc(O)cc1,C17H18N2O2,39,C9H11N
O=C(CC1CC2C3=C4C15OCC1C6C5C31C426)Nc1ccc(O)cc1,CC(=O)Nc1ccc(O)cc1,C20H17NO3,41,C12H10O
CCOC(=N)CN(C(C)=O)c1ccc(O)cc1,CC(=O)Nc1ccc(O)cc1,C12H16N2O3,33,C4H9NO
CC(=O)Nc1ccc(O)cc1C12C3C4=C5OOC6C3CC41C6C52O,CC(=O)Nc1ccc(O)cc1,C18H15NO5,39,C10H8O3
CC(=O)Nc1ccc(OC23C4(N)C5NC26COC63C2C(O5)C2C4C)cc1,CC(=O)Nc1ccc(O)cc1,C19H21N3O4,47,C11H14N2O2
CC(=O)Nc1ccc(O)cc1N=CN1N=C2CC3CCC2CC31,CC(=O)Nc1ccc(O)cc1,C17H20N4O2,43,C9H13N3
CC(=O)Nc1ccc(O)c(CCCC23NC45C6COC(C(C)O2)C64C35)c1,CC(=O)Nc1ccc(O)cc1,C20H24N2O4,50,C12H17NO2
CC(=O)N(CC(C)C1(C)OC2CC3=C2C31)c1ccc(O)cc1,CC(=O)Nc1ccc(O)cc1,C18H21NO3,43,C10H14O
C=C(NC=N)N1C2OC21c1cc(NC(C)=O)ccc1O,CC(=O)Nc1ccc(O)cc1,C13H14N4O3,34,C5H7N3O
CC(=O)N(c1ccc(O)cc1)C(O)C1(C)CO1,CC(=O)Nc1ccc(O)cc1,C12H15NO4,32,C4H8O2
CCCNN(C)COc1ccc(NC(C)=O)cc1,CC(=O)Nc1ccc(O)cc1,C13H21N3O2,39,C5H14N2
CC(=O)Nc1ccc(O)c(C2COCC3=CNC4=CC5C(C2)C5(C4)O3)c1,CC(=O)Nc1ccc(O)cc1,C20H22N2O4,48,C12H15NO2
CC(=O)Nc1ccc(O)cc1C1=CC2C3C=C4ON4C1(O)C32,CC(=O)Nc1ccc(O)cc1,C16H14N2O4,36,C8H7NO2
CC(=O)Nc1ccc(O)cc1C12C=C3C1C3(C)C2,CC(=O)Nc1ccc(O)cc1,C15H15NO2,33,C7H8
CC(=O)Nc1ccc(O)c(C2(S)C3C4=COC3(O)C42)c1,CC(=O)Nc1ccc(O)cc1,C14H13NO4S,33,C6H6O2S
C=C1CC=C=C(CC(=O)Nc2ccc(O)cc2)C1Cl,CC(=O)Nc1ccc(O)cc1,C15H14ClNO2,33,C7H7Cl
CC(=O)Nc1ccc(O)cc1C12OC34C5NC16C3CN6C1CC5N4C12,CC(=O)Nc1ccc(O)cc1,C18H18N4O3,43,C10H11N3O
CC(=O)Nc1ccc(O)c(CC2C(C)CC3=C4C(O)C4C32)c1,CC(=O)Nc1ccc(O)cc1,C18H21NO3,43,C10H14O
CC1N2C=C3C4=CC5OCC4(OCC31CC(=O)Nc1ccc(O)cc1)C52,CC(=O)Nc1ccc(O)cc1,C20H20N2O4,46,C12H13NO2
CC(=O)Nc1ccc(O)c(C23C4CC25C4C53)c1,CC(=O)Nc1ccc(O)cc1,C14H13NO2,30,C6H6
NC(CC(=O)Nc1ccc(O)cc1)C12NCC34C5(C=C6NC613)OC524,CC(=O)Nc1ccc(O)cc1,C17H16N4O3,40,C9H9N3O
CC(=O)Nc1ccc(O)c(C2C3C24C(C)N2C35C(O)C245)c1,CC(=O)Nc1ccc(O)cc1,C16H16N2O3,37,C8H9NO
CC(=O)Nc1ccc(O)c(N2NC3C4=C5NC36C4C6C52)c1,CC(=O)Nc1ccc(O)cc1,C15H14N4O2,35,C7H7N3
CCOCCCC1(c2cc(NC(C)=O)ccc2O)C=CO1,CC(=O)Nc1ccc(O)cc1,C16H21NO4,42,C8H14O2
CNC(C)(C)c1cc(O)ccc1NC(C)=O,CC(=O)Nc1ccc(O)cc1,C12H18N2O2,34,C4H11N
O=C(COCC1NC=C2COC(C2)C1O)Nc1ccc(O)cc1,CC(=O)Nc1ccc(O)cc1,C16H20N2O5,43,C8H13NO3
CC(=O)Nc1ccc(O)cc1C12C3C4C5C46C51[SH2]326,CC(=O)Nc1ccc(O)cc1,C14H13NO2S,31,C6H6S
CC(=O)N(c1ccc(O)cc1)c1nccs1,CC(=O)Nc1ccc(O)cc1,C11H10N2O2S,26,C3H3NS
CCC1C2C3=C(N(C(C)=O)c4ccc(O)cc4)CC1(OO)C2N3,CC(=O)Nc1ccc(O)cc1,C17H20N2O4,43,C9H13NO2
CC(=O)Nc1ccc(O)cc1OC1COCC1O,CC(=O)Nc1ccc(O)cc1,C12H15NO5,33,C4H8O3
CC(=O)N(CON1CC2CN3OC4(CC24)C13)c1ccc(O)cc1,CC(=O)Nc1ccc(O)cc1,C16H19N3O4,42,C8H12N2O2
O=C(CC12C3=NC4C(N3)C3C(CC15C4C35)C2O)Nc1ccc(O)cc1,CC(=O)Nc1ccc(O)cc1,C19H19N3O3,44,C11H12N2O
CCC(C)C1CCC1N(C(C)=O)c1ccc(O)cc1,CC(=O)Nc1ccc(O)cc1,C16H23NO2,42,C8H16
CC(=O)Nc1ccc(O)cc1C12C3C=C4C5CC1(O5)C3CC(O)C42,CC(=O)Nc1ccc(O)cc1,C19H19NO4,43,C11H12O2
CC(=O)Nc1ccc(O)c(C2C3CC45C6C78C(N4C(N3)OC27C)C658)c1,CC(=O)Nc1ccc(O)cc1,C19H19N3O3,44,C11H12N2O
CCCN1CCC1(OO)c1cc(O)ccc1NC(C)=O,CC(=O)Nc1ccc(O)cc1,C14H20N2O4,40,C6H13NO2
O=C(COC1=CC=C1)Nc1ccc(O)cc1,CC(=O)Nc1ccc(O)cc1,C12H11NO3,27,C4H4O
CC(=O)Nc1ccc(OC(F)(C(F)(F)F)C(F)(F)F)cc1,CC(=O)Nc1ccc(O)cc1,C11H8F7NO2,29,C3HF7
CC(=O)N(OOC1(CCO)C2=CC3C4C2C4C31)c1ccc(O)cc1,CC(=O)Nc1ccc(O)cc1,C18H19NO5,43,C10H12O3
CC(=O)Nc1ccc(O)c(C(CCCN)C(C)C23CC2O3)c1,CC(=O)Nc1ccc(O)cc1,C17H24N2O3,46,C9H17NO
CC(=O)Nc1ccc(O)c(C2CC3C4=NC2N2C4=C32)c1,CC(=O)Nc1ccc(O)cc1,C15H13N3O2,33,C7H6N2
CC(=O)Nc1ccc(OC2CN(C)C3CN4C5=CC3CC524)cc1,CC(=O)Nc1ccc(O)cc1,C18H21N3O2,44,C10H14N2
CC(=O)Nc1ccc(O)c(ONC23C=COCSC24CC34)c1,CC(=O)Nc1ccc(O)cc1,C15H16N2O4S,38,C7H9NO2S
CC(=O)Nc1ccc(O)cc1C1C2OC3C4=NC3C2OC(O)C41,CC(=O)Nc1ccc(O)cc1,C16H16N2O5,39,C8H9NO3
CC(=O)N(c1ccc(O)cc1)C12C3C4C1C2(Cl)C43Cl,CC(=O)Nc1ccc(O)cc1,C14H11Cl2NO2,30,C6H4Cl2
CC(=O)N(c1ccc(O)cc1)C12C3C4OC(OCN1O)SCC432,CC(=O)Nc1ccc(O)cc1,C15H16N2O5S,39,C7H9NO3S
O=C(CC1(O)C2C3C4CC5CC(=CC31O4)C52NO)Nc1ccc(O)cc1,CC(=O)Nc1ccc(O)cc1,C19H20N2O5,46,C11H13NO3
CC(=O)Nc1ccc(O)c(CC2(CN)CCC2)c1,CC(=O)Nc1ccc(O)cc1,C14H20N2O2,38,C6H13N
CC(=O)Nc1ccc(O)c(C23OC4C5C2N[SH2]42C54OC342)c1,CC(=O)Nc1ccc(O)cc1,C14H14N2O4S,35,C6H7NO2S
CC(=O)Nc1ccc(O)c(C2OC=CO2)c1,CC(=O)Nc1ccc(O)cc1,C11H11NO4,27,C3H4O2
O=C(CC12CC3C1=C1OC13C2(F)NF)Nc1ccc(O)cc1,CC(=O)Nc1ccc(O)cc1,C15H12F2N2O3,34,C7H5F2NO
O=C(CC1ON2C3NC2C24OC5=C6C2C3C61C54)Nc1ccc(O)cc1,CC(=O)Nc1ccc(O)cc1,C18H15N3O4,40,C10H8N2O2
NC1C=CC1C(O)C(O)OCC(=O)Nc1ccc(O)cc1,CC(=O)Nc1ccc(O)cc1,C14H18N2O5,39,C6H11NO3
CC(=O)Nc1ccc(OCC2(O)CN3C4=NC32S4)cc1,CC(=O)Nc1ccc(O)cc1,C13H13N3O3S,33,C5H6N2OS
CC(=O)Nc1ccc(O)cc1C1(N)C2COCCCN1C2,CC(=O)Nc1ccc(O)cc1,C15H21N3O3,42,C7H14N2O
CCC(O)COOc1ccc(NC(C)=O)cc1,CC(=O)Nc1ccc(O)cc1,C12H17NO4,34,C4H10O2
CC(=O)Nc1ccc(O)cc1N1C2NC34C2C2C15N3C245,CC(=O)Nc1ccc(O)cc1,C14H12N4O2,32,C6H5N3
CC(=O)Nc1ccc(O)c(C2(N)CCC3OC4=C5OC(C4)(O3)C52)c1,CC(=O)Nc1ccc(O)cc1,C17H18N2O5,42,C9H11NO3
CC(=O)Nc1ccc(O)c(C23C4CC5=C6C5C2C2C5C4OC52N63)c1,CC(=O)Nc1ccc(O)cc1,C19H16N2O3,40,C11H9NO
CC(=O)Nc1ccc(O)c(C23COC45C=C4C4=C2C5C3C=C4C)c1,CC(=O)Nc1ccc(O)cc1,C20H17NO3,41,C12H10O
CC(=O)Nc1ccc(O)cc1CC12CC(CN1)CC2C(C)O,CC(=O)Nc1ccc(O)cc1,C17H24N2O3,46,C9H17NO
NC1C(C(=CF)CC(=O)Nc2ccc(O)cc2)C2C3=CCC2N1C3,CC(=O)Nc1ccc(O)cc1,C18H20FN3O2,44,C10H13FN2
CC(=O)Nc1ccc(O)cc1C1=C2C3C(F)C2(C)C13,CC(=O)Nc1ccc(O)cc1,C15H14FNO2,33,C7H7F
CC(=O)N(c1ccc(O)cc1)N1CCC2(N)OCC3CC4C(=CC12)N34,CC(=O)Nc1ccc(O)cc1,C18H22N4O3,47,C10H15N3O
O=N[SH4]C=COCC(=O)Nc1ccc(O)cc1,CC(=O)Nc1ccc(O)cc1,C10H14N2O4S,31,C2H7NO2S
CC1C2CC3OCC24OC31C1=CC14CC(=O)Nc1ccc(O)cc1,CC(=O)Nc1ccc(O)cc1,C19H19NO4,43,C11H12O2
CC(=O)Nc1ccc(OC2=CC3(C=C(C)C3)CN2)cc1,CC(=O)Nc1ccc(O)cc1,C16H18N2O2,38,C8H11N
O=C(COC(O)C1COC(O)C1)Nc1ccc(O)cc1,CC(=O)Nc1ccc(O)cc1,C13H17NO6,37,C5H10O4
CC(=O)Nc1ccc(O)c(COOC2(O)C=C=C3C4CC5C2C345)c1,CC(=O)Nc1ccc(O)cc1,C18H17NO5,41,C10H10O3
O=C(CCC=CN1COC=N1)Nc1ccc(O)cc1,CC(=O)Nc1ccc(O)cc1,C13H15N3O3,34,C5H8N2O
CC(=O)N(c1ccc(O)cc1)N1CC23CC(OCl)C4C2=C1C4O3,CC(=O)Nc1ccc(O)cc1,C16H15ClN2O4,38,C8H8ClNO2
CC(=O)Nc1ccc(O)c(C2C=C3C4CC3C35CC23C4C52C=C2O)c1,CC(=O)Nc1ccc(O)cc1,C21H19NO3,44,C13H12O
CC(=O)Nc1ccc(OOC23CC4=C5CN2C4C3(C(C)SCO)O5)cc1,CC(=O)Nc1ccc(O)cc1,C18H20N2O5S,46,C10H13NO3S
CC(=O)Nc1ccc(O)c(C2C3CC45C=NC2C4C2NC2=C35)c1,CC(=O)Nc1ccc(O)cc1,C18H17N3O2,40,C10H10N2
CC(=O)Nc1ccc(O)c(C2=CNC3(C=COC3=O)OC2)c1,CC(=O)Nc1ccc(O)cc1,C15H14N2O5,36,C7H7NO3
O=C(CN1CC2C3CCC4C1=CN2CC43)Nc1ccc(O)cc1,CC(=O)Nc1ccc(O)cc1,C18H21N3O2,44,C10H14N2
CC(=O)Nc1ccc(O)c(C2N=C3C(C)CN32)c1,CC(=O)Nc1ccc(O)cc1,C13H15N3O2,33,C5H8N2
C=CC=NCCOOOc1cc(O)ccc1NC(C)=O,CC(=O)Nc1ccc(O)cc1,C13H16N2O5,36,C5H9NO3
CC(=O)Nc1ccc(OC2=C3NCC4(C)C=C2N3C(O)C4)cc1,CC(=O)Nc1ccc(O)cc1,C17H19N3O3,42,C9H12N2O
O=C(CC12C3C1(O)CC(O)SC1OC132)Nc1ccc(O)cc1,CC(=O)Nc1ccc(O)cc1,C15H15NO5S,37,C7H8O3S
NC1=C2C3C4CC(C1C4CC(=O)Nc1ccc(O)cc1)C23,CC(=O)Nc1ccc(O)cc1,C17H18N2O2,39,C9H11N
O=C(CC1=NCOCC1)Nc1ccc(O)cc1,CC(=O)Nc1ccc(O)cc1,C12H14N2O3,31,C4H7NO
CC(=O)Nc1ccc(OC2CC(O)OC3=C4C(=C3)OC3OC(C2)C43)cc1,CC(=O)Nc1ccc(O)cc1,C19H19NO6,45,C11H12O4
O=C(CC12CC34CNC5OC6=C(C(CC63)N1)C524)Nc1ccc(O)cc1,CC(=O)Nc1ccc(O)cc1,C19H19N3O3,44,C11H12N2O
CC(=O)N(c1ccc(O)cc1)C12CC3C45OC6C(N61)C34N25,CC(=O)Nc1ccc(O)cc1,C15H13N3O3,34,C7H6N2O
CCC1(CC)CCC1c1cc(O)ccc1NC(C)=O,CC(=O)Nc1ccc(O)cc1,C16H23NO2,42,C8H16
CC(=O)Nc1ccc(O)cc1C12C=C(NC1)N2O,CC(=O)Nc1ccc(O)cc1,C12H13N3O3,31,C4H6N2O
O=C(CC1NC23C4N=[SH]12C43)Nc1ccc(O)cc1,CC(=O)Nc1ccc(O)cc1,C12H13N3O2S,31,C4H6N2S
O=C(CC12C3=NCOC3=C3OC1C32O)Nc1ccc(O)cc1,CC(=O)Nc1ccc(O)cc1,C15H12N2O5,34,C7H5NO3
CC(=O)Nc1ccc(O)c(C2C3=C4C3C4(F)C2F)c1,CC(=O)Nc1ccc(O)cc1,C14H11F2NO2,30,C6H4F2
CCCC(C)(CN)CC(=O)Nc1ccc(O)cc1,CC(=O)Nc1ccc(O)cc1,C14H22N2O2,40,C6H15N
CC(=O)Nc1ccc(O)cc1C1(Cl)C=C2C3CCC1C23,CC(=O)Nc1ccc(O)cc1,C16H16ClNO2,36,C8H9Cl
NC1C2(O)C3C4CC15C1C6=C4C6(CC(=O)Nc4ccc(O)cc4)C31C25,CC(=O)Nc1ccc(O)cc1,C20H18N2O3,43,C12H11NO
CC(=O)Nc1ccc(OC23N4C5CC26N2CC4C23N56)cc1,CC(=O)Nc1ccc(O)cc1,C15H14N4O2,35,C7H7N3
CC(=O)Nc1ccc(O)c(C2OC3CC4CC5CC56C4OC26C3)c1,CC(=O)Nc1ccc(O)cc1,C19H21NO4,45,C11H14O2
O=C(CC12CC34COC35C(OC3OC315)C1C2N14)Nc1ccc(O)cc1,CC(=O)Nc1ccc(O)cc1,C18H16N2O5,41,C10H9NO3
CC(=O)Nc1ccc(O)c(C23C45C6C(OOO)N7C4C62C73C52CC2)c1,CC(=O)Nc1ccc(O)cc1,C18H16N2O5,41,C10H9NO3
CC(=O)Nc1ccc(O)cc1C1CC1(C)C(C)C(C)N,CC(=O)Nc1ccc(O)cc1,C16H24N2O2,44,C8H17N
CC(=O)Nc1ccc(O)c(NOC2CSCC3C4C5C26C3C456)c1,CC(=O)Nc1ccc(O)cc1,C17H18N2O3S,41,C9H11NOS
CCC(=N)OOc1ccc(NC(C)=O)cc1,CC(=O)Nc1ccc(O)cc1,C11H14N2O3,30,C3H7NO
CC(=O)Nc1ccc(OC2C3OC4C5CC3C5CC42C)cc1,CC(=O)Nc1ccc(O)cc1,C18H21NO3,43,C10H14O
CC(=O)Nc1ccc(OCC2C(O)C(C)(C)C(N)C3CN32)cc1,CC(=O)Nc1ccc(O)cc1,C17H25N3O3,48,C9H18N2O
O=C(CC1C2C34CC(C=CC15NC25O3)CO4)Nc1ccc(O)cc1,CC(=O)Nc1ccc(O)cc1,C18H18N2O4,42,C10H11NO2
CCCC(C)N(C(C)=O)c1ccc(O)cc1,CC(=O)Nc1ccc(O)cc1,C13H19NO2,35,C5H12
O=C(CCC12CCC3C=CNC4C(CC41)C3C2)Nc1ccc(O)cc1,CC(=O)Nc1ccc(O)cc1,C21H26N2O2,51,C13H19N
CC(=O)Nc1ccc(O)cc1N1C2C=CC34CC5C(O3)C1C2C54,CC(=O)Nc1ccc(O)cc1,C18H18N2O3,41,C10H11NO
CC(=O)Nc1ccc(O)c(N2C3CN4CC=NC3C42)c1,CC(=O)Nc1ccc(O)cc1,C14H16N4O2,36,C6H9N3
CC(=O)Nc1ccc(O)cc1CC1OC23C4C5C16C=CC54C21CC631,CC(=O)Nc1ccc(O)cc1,C20H17NO3,41,C12H10O
CC(=O)Nc1ccc(O)cc1C1OC2CC3C2C13,CC(=O)Nc1ccc(O)cc1,C14H15NO3,33,C6H8O
CC(=O)Nc1ccc(O)c(C(F)(C(F)(F)F)C(F)(F)F)c1,CC(=O)Nc1ccc(O)cc1,C11H8F7NO2,29,C3HF7
CCCCCC(C)CCCC(C)N(C(C)=O)c1ccc(O)cc1,CC(=O)Nc1ccc(O)cc1,C20H33NO2,56,C12H26
CC(=O)Nc1ccc(O)c(N2CC(C)[SH3]3OOC23)c1,CC(=O)Nc1ccc(O)cc1,C12H18N2O4S,37,C4H11NO2S
CC(=O)Nc1ccc(O)c(N2C3OC(SO)C(C)C45OC6C(C6C24)C35)c1,CC(=O)Nc1ccc(O)cc1,C18H20N2O5S,46,C10H13NO3S
CC(=O)N(c1ccc(O)cc1)C12CC3CN(OCC1CN3)O2,CC(=O)Nc1ccc(O)cc1,C15H19N3O4,41,C7H12N2O2
CC(=O)Nc1ccc(O)c(NC(C)C(C)C(C)C)c1,CC(=O)Nc1ccc(O)cc1,C15H24N2O2,43,C7H17N
CC(=O)Nc1ccc(O)cc1OC(O)C1OC23N=CC1C14C5C2C31C54,CC(=O)Nc1ccc(O)cc1,C18H16N2O5,41,C10H9NO3
CC(=O)Nc1ccc(O)c(NC2C3=CC4C3C24Br)c1,CC(=O)Nc1ccc(O)cc1,C14H13BrN2O2,32,C6H6BrN
CC(=O)N(c1ccc(O)cc1)C12C3C4C5CCN3C1(C)C542,CC(=O)Nc1ccc(O)cc1,C17H18N2O2,39,C9H11N
CC(=O)Nc1ccc(OC23C4=C5CC6(C4)C2C63C5OCCO)cc1,CC(=O)Nc1ccc(O)cc1,C19H19NO4,43,C11H12O2
CC(=O)Nc1ccc(O)cc1Cn1c2c3n1[SH]=2=3,CC(=O)Nc1ccc(O)cc1,C11H11N3O2S,28,C3H4N2S
CC(=O)N(c1ccc(O)cc1)C12OCCC3=CC4C(C41O)C21OC=NC31,CC(=O)Nc1ccc(O)cc1,C19H18N2O5,44,C11H11NO3
CC(=O)Nc1ccc(O)c(C23C4C5OC26CNCCCN(C56)C43)c1,CC(=O)Nc1ccc(O)cc1,C18H21N3O3,45,C10H14N2O
CC(=O)Nc1ccc(O)cc1C1CC2(C)C34CC3C24C1O,CC(=O)Nc1ccc(O)cc1,C17H19NO3,40,C9H12O
CC(=O)Nc1ccc(O)cc1C1=C2C3OC3C13CC23,CC(=O)Nc1ccc(O)cc1,C15H13NO3,32,C7H6O
C=NC1NCNC12C=C2N(C(C)=O)c1ccc(O)cc1,CC(=O)Nc1ccc(O)cc1,C14H16N4O2,36,C6H9N3
CC(=O)Nc1ccc(OC2=C3C4C5NC6CC3C63OC(OC43)N5C2)cc1,CC(=O)Nc1ccc(O)cc1,C19H19N3O4,45,C11H12N2O2
O=C(CCC=COC1=C(F)C=C1)Nc1ccc(O)cc1,CC(=O)Nc1ccc(O)cc1,C15H14FNO3,34,C7H7FO
CC(=O)Nc1ccc(O)cc1C1C(C)OCCN(C)C1O,CC(=O)Nc1ccc(O)cc1,C15H22N2O4,43,C7H15NO2
CC(=O)Nc1ccc(O)cc1-c1cncoscn1,CC(=O)Nc1ccc(O)cc1,C12H11N3O3S,30,C4H4N2OS
CC(=O)Nc1ccc(ON2NC3OC(C)C32C)cc1,CC(=O)Nc1ccc(O)cc1,C13H17N3O3,36,C5H10N2O
CC(=O)N(c1ccc(O)cc1)C12C=CC(=C1)OC(F)C2(F)F,CC(=O)Nc1ccc(O)cc1,C15H12F3NO3,34,C7H5F3O
CC(=O)Nc1ccc(O)cc1C1C23NC45CC14C5C(=C1CC12)OO3,CC(=O)Nc1ccc(O)cc1,C18H16N2O4,40,C10H9NO2
CC(=O)Nc1ccc(O)cc1C1CC2=CON3C(C1)C23C#N,CC(=O)Nc1ccc(O)cc1,C16H15N3O3,37,C8H8N2O
CC(=O)N(c1ccc(O)cc1)C12CC3C4(CC15OOC345)C2O,CC(=O)Nc1ccc(O)cc1,C16H15NO5,37,C8H8O3
CCC(C)Cc1cc(NC(C)=O)ccc1O,CC(=O)Nc1ccc(O)cc1,C13H19NO2,35,C5H12
CC(=O)N(c1ccc(O)cc1)C1OC2C=NC21,CC(=O)Nc1ccc(O)cc1,C12H12N2O3,29,C4H5NO
CC(=O)Nc1ccc(OC23C=C4NC5C6C2C2C4C63N52)cc1,CC(=O)Nc1ccc(O)cc1,C17H15N3O2,37,C9H8N2
COC1CC(N(C(C)=O)c2ccc(O)cc2)=N1,CC(=O)Nc1ccc(O)cc1,C12H14N2O3,31,C4H7NO
CC(=O)N(c1ccc(O)cc1)C(CCl)C1CC2=C=CC21,CC(=O)Nc1ccc(O)cc1,C16H16ClNO2,36,C8H9Cl
CC(=O)Nc1ccc(O)cc1C1C2C3N4C(Cl)C15C1=CC34C125,CC(=O)Nc1ccc(O)cc1,C17H13ClN2O2,35,C9H6ClN
CC(=O)Nc1ccc(O)c(C23C4NC56C7C8C2C2(O)C75C25C8C4CC365)c1,CC(=O)Nc1ccc(O)cc1,C21H18N2O3,44,C13H11NO
CNC(CO)C(N(C(C)=O)c1ccc(O)cc1)C1(N)CC=CC1O,CC(=O)Nc1ccc(O)cc1,C17H25N3O4,49,C9H18N2O2
CC(=O)Nc1ccc(O)c(C2C3C4C5C6C7C8C(N23)C67C458)c1,CC(=O)Nc1ccc(O)cc1,C18H16N2O2,38,C10H9N
CC(=O)Nc1ccc(O)c(N2C3=C4CCC32C4Br)c1,CC(=O)Nc1ccc(O)cc1,C14H13BrN2O2,32,C6H6BrN
CC(=O)N(c1ccc(O)cc1)C12CCN3CC1C=C=CCC3ON2,CC(=O)Nc1ccc(O)cc1,C18H21N3O3,45,C10H14N2O
CC(=O)N(c1ccc(O)cc1)C12CCN(F)C3OC1=C=CC32,CC(=O)Nc1ccc(O)cc1,C16H15FN2O3,37,C8H8FNO
CC(=O)Nc1ccc(O)c(C23NC45C6C=C(C6)C6C4OC5CNN2C63)c1,CC(=O)Nc1ccc(O)cc1,C19H20N4O3,46,C11H13N3O
CC(=O)Nc1ccc(O)cc1C=C1C=NC2CC12,CC(=O)Nc1ccc(O)cc1,C14H14N2O2,32,C6H7N
CC(=O)Nc1ccc(O)cc1C1C2CC13ON1C3N1CN2,CC(=O)Nc1ccc(O)cc1,C14H16N4O3,37,C6H9N3O
C=NC(CCC)CC(CC)c1cc(NC(C)=O)ccc1O,CC(=O)Nc1ccc(O)cc1,C17H26N2O2,47,C9H19N
CC(=O)Nc1ccc(O)c(C=COCO)c1,CC(=O)Nc1ccc(O)cc1,C11H13NO4,29,C3H6O2
CCCCCN=Cc1cc(NC(C)=O)ccc1O,CC(=O)Nc1ccc(O)cc1,C14H20N2O2,38,C6H13N
CC(=O)Nc1ccc(O)c(OC2(N)CCCN2C)c1,CC(=O)Nc1ccc(O)cc1,C13H19N3O3,38,C5H12N2O
CC(=O)Nc1ccc(OCSC23C#CN2CO3)cc1,CC(=O)Nc1ccc(O)cc1,C13H12N2O3S,31,C5H5NOS
CC(=O)N(c1ccc(O)cc1)C12CC3C1=CC(F)OC32,CC(=O)Nc1ccc(O)cc1,C15H14FNO3,34,C7H7FO
O=C(COC12C3=C1C21CCC31)Nc1ccc(O)cc1,CC(=O)Nc1ccc(O)cc1,C15H13NO3,32,C7H6O
CC(=O)Nc1ccc(OC2C3ONNC4=C(S3)C42)cc1,CC(=O)Nc1ccc(O)cc1,C13H13N3O3S,33,C5H6N2OS
O=C(CC1CN2NC=C3C1C31CCCC21)Nc1ccc(O)cc1,CC(=O)Nc1ccc(O)cc1,C18H21N3O2,44,C10H14N2
CCCCCCCCCc1cc(NC(C)=O)ccc1O,CC(=O)Nc1ccc(O)cc1,C17H27NO2,47,C9H20
CC(=O)N(c1ccc(O)cc1)C1(N)CC=COC1C,CC(=O)Nc1ccc(O)cc1,C14H18N2O3,37,C6H11NO
O=C(CNOC1C23CCC4NC25N2C36CCC45C126)Nc1ccc(O)cc1,CC(=O)Nc1ccc(O)cc1,C19H20N4O3,46,C11H13N3O
CC(=O)Nc1ccc(O)c(CCC2CCC2)c1,CC(=O)Nc1ccc(O)cc1,C14H19NO2,36,C6H12
CC(=O)N(C=NOC(C)C)c1ccc(O)cc1,CC(=O)Nc1ccc(O)cc1,C12H16N2O3,33,C4H9NO
CC(=O)Nc1ccc(O)cc1C12CC1C1(Cl)C=CC12,CC(=O)Nc1ccc(O)cc1,C15H14ClNO2,33,C7H7Cl
CC(=O)Nc1ccc(O)cc1C12C3CC14C1ONC1C342,CC(=O)Nc1ccc(O)cc1,C15H14N2O3,34,C7H7NO
CC(=O)Nc1ccc(O)cc1C1C2=COC13CC(C2)C3C,CC(=O)Nc1ccc(O)cc1,C17H19NO3,40,C9H12O
CC(=O)N(c1ccc(O)cc1)C(O)(O)C1C23CC4=CC(N2)(O3)C2C4C21O,CC(=O)Nc1ccc(O)cc1,C18H18N2O6,44,C10H11NO4
C=C1C=C(c2cc(NC(C)=O)ccc2O)C(ON)CC1,CC(=O)Nc1ccc(O)cc1,C15H18N2O3,38,C7H11NO
C=CC=COC(=C)N(C(C)=O)c1ccc(O)cc1,CC(=O)Nc1ccc(O)cc1,C14H15NO3,33,C6H8O
CCC1CCCC1C(C)NOc1ccc(NC(C)=O)cc1,CC(=O)Nc1ccc(O)cc1,C17H26N2O2,47,C9H19N
CC(=O)Nc1ccc(O)c(C2OC2(O)CCCO)c1,CC(=O)Nc1ccc(O)cc1,C13H17NO5,36,C5H10O3
CC(=O)Nc1ccc(OC2C3C=CC45CC(ON34)C25)cc1,CC(=O)Nc1ccc(O)cc1,C16H16N2O3,37,C8H9NO
CC(=O)Nc1ccc(O)cc1C12CC3CC4NOC31C42,CC(=O)Nc1ccc(O)cc1,C15H16N2O3,36,C7H9NO
CC(=O)Nc1ccc(O)c(C23CC4C2N4C3N)c1,CC(=O)Nc1ccc(O)cc1,C13H15N3O2,33,C5H8N2
CC(=O)Nc1ccc(O)c(C2C3C45CC6(O)C(CO4)NC35N26)c1,CC(=O)Nc1ccc(O)cc1,C16H17N3O4,40,C8H10N2O2
O=C(CC12CC=NOC3=C1C3O2)Nc1ccc(O)cc1,CC(=O)Nc1ccc(O)cc1,C14H12N2O4,32,C6H5NO2
CC(=O)N(c1ccc(O)cc1)C1C2C3CC4C2C1C4(O)C(N)O3,CC(=O)Nc1ccc(O)cc1,C17H20N2O4,43,C9H13NO2
CC=COC(C)Oc1ccc(NC(C)=O)cc1,CC(=O)Nc1ccc(O)cc1,C13H17NO3,34,C5H10O
NCC1N2CCC3C4C31C42CC(=O)Nc1ccc(O)cc1,CC(=O)Nc1ccc(O)cc1,C16H19N3O2,40,C8H12N2
CC(=O)Nc1ccc(O)cc1C(C)CC12CC1C2,CC(=O)Nc1ccc(O)cc1,C15H19NO2,37,C7H12
C=C1C2C34OCC5(C)C3C53C12C43c1cc(O)ccc1NC(C)=O,CC(=O)Nc1ccc(O)cc1,C19H17NO3,40,C11H10O
CC(=O)Nc1ccc(O)c(C23C4=C2C4C2OC3C3C4OC243)c1,CC(=O)Nc1ccc(O)cc1,C17H13NO4,35,C9H6O2
O=C(CC(Cl)C1NC23C4C2C143)Nc1ccc(O)cc1,CC(=O)Nc1ccc(O)cc1,C14H13ClN2O2,32,C6H6ClN
CC(=O)Nc1ccc(O)cc1OC1C2=COC1C=C2,CC(=O)Nc1ccc(O)cc1,C14H13NO4,32,C6H6O2
CC(=O)Nc1ccc(OC2(C)CC3C4CC3C4CC3OC32)cc1,CC(=O)Nc1ccc(O)cc1,C19H23NO3,46,C11H16O
O=COC=CCC(=O)Nc1ccc(O)cc1,CC(=O)Nc1ccc(O)cc1,C11H11NO4,27,C3H4O2
CC(=O)Nc1ccc(O)c(C23C4(O)C5(F)C(F)C42C53CF)c1,CC(=O)Nc1ccc(O)cc1,C15H12F3NO3,34,C7H5F3O
CC(=O)Nc1ccc(O)cc1C1OC2(O)CC34C(CO2)C3C14,CC(=O)Nc1ccc(O)cc1,C16H17NO5,39,C8H10O3
CC(=O)Nc1ccc(O)c(C23CC2=C2NC2C3Br)c1,CC(=O)Nc1ccc(O)cc1,C14H13BrN2O2,32,C6H6BrN
CC(=O)Nc1ccc(O)c(C2C3OC4C=CC3N2CC4)c1,CC(=O)Nc1ccc(O)cc1,C16H18N2O3,39,C8H11NO
CC(=O)Nc1ccc(O)c(C2=CC3CC4=C3C3C=C4C2=CC3)c1,CC(=O)Nc1ccc(O)cc1,C20H17NO2,40,C12H10
CC(=O)Nc1ccc(O)c(C2(CO)ON3C4=CC5C4C2C53)c1,CC(=O)Nc1ccc(O)cc1,C16H16N2O4,38,C8H9NO2
CCC(O)(OC1(N)C2CCNC1C2)c1cc(NC(C)=O)ccc1O,CC(=O)Nc1ccc(O)cc1,C17H25N3O4,49,C9H18N2O2
CC(=O)N(c1ccc(O)cc1)C12C(C)=C(Cl)C1=C2Cl,CC(=O)Nc1ccc(O)cc1,C14H11Cl2NO2,30,C6H4Cl2
CC(=O)Nc1ccc(O)c(C23COC4(O)C5=C(C2)C5C2C(C3)C24)c1,CC(=O)Nc1ccc(O)cc1,C19H19NO4,43,C11H12O2
CC(=O)Nc1ccc(O)c(N2C3C4C5CC67NC68CC56C4(C28)C76C3O)c1,CC(=O)Nc1ccc(O)cc1,C20H19N3O3,45,C12H12N2O
CC(=O)Nc1ccc(O)c(C2N=C(Cl)C3C4CC243)c1,CC(=O)Nc1ccc(O)cc1,C14H13ClN2O2,32,C6H6ClN
CC(=O)Nc1ccc(O)c(C2CCN2CCCN)c1,CC(=O)Nc1ccc(O)cc1,C14H21N3O2,40,C6H14N2
CC(=O)N(c1ccc(O)cc1)C12NC3(C)CC4N1C41OOC34C1=C24,CC(=O)Nc1ccc(O)cc1,C17H15N3O4,39,C9H8N2O2
CC(=O)Nc1ccc(O)c(C23C4COC2C25C=COC23NC45)c1,CC(=O)Nc1ccc(O)cc1,C17H16N2O4,39,C9H9NO2
CC(=O)Nc1ccc(O[SH2]2=CC2CCNOO)cc1,CC(=O)Nc1ccc(O)cc1,C12H18N2O4S,37,C4H11NO2S
CC(=O)Nc1ccc(O)cc1C1NCCOOCC2=C3SC(C)C231,CC(=O)Nc1ccc(O)cc1,C17H20N2O4S,44,C9H13NO2S
O=C(CC1NC2C13C1COC4=CCC5C3C52C41)Nc1ccc(O)cc1,CC(=O)Nc1ccc(O)cc1,C20H20N2O3,45,C12H13NO
CCCCCC(N)Cc1cc(NC(C)=O)ccc1O,CC(=O)Nc1ccc(O)cc1,C15H24N2O2,43,C7H17N
C=Cn1cc(Br)cc1CC(=O)Nc1ccc(O)cc1,CC(=O)Nc1ccc(O)cc1,C14H13BrN2O2,32,C6H6BrN
CC(=O)Nc1ccc(O)cc1C1(C)OC2(NCO2)O1,CC(=O)Nc1ccc(O)cc1,C12H14N2O5,33,C4H7NO3
CC(=O)Nc1ccc(O)c(C23N4C5CC6C78N9C7%10CC62[SH]943CC%108O5)c1,CC(=O)Nc1ccc(O)cc1,C18H17N3O3S,42,C10H10N2OS
CC(=O)N(c1ccc(O)cc1)C12CCC34OC5C6OC61C5C3NC42O,CC(=O)Nc1ccc(O)cc1,C18H18N2O5,43,C10H11NO3
CC(=O)Nc1ccc(O)cc1C1=CC=C2C1C1CN2C1,CC(=O)Nc1ccc(O)cc1,C16H16N2O2,36,C8H9N
CC(=O)Nc1ccc(O)cc1N1OC2C3=NC31C2C,CC(=O)Nc1ccc(O)cc1,C13H13N3O3,32,C5H6N2O
CC(=O)N(NC12C34CC15C31OC4C521)c1ccc(O)cc1,CC(=O)Nc1ccc(O)cc1,C15H12N2O3,32,C7H5NO
O=C(CC1CC2N=C3C(O2)C31)Nc1ccc(O)cc1,CC(=O)Nc1ccc(O)cc1,C14H14N2O3,33,C6H7NO
CC(=O)Nc1ccc(O)cc1OC1CCC2=C3C4OC(O2)C34C1,CC(=O)Nc1ccc(O)cc1,C17H17NO5,40,C9H10O3
CC(=O)N(c1ccc(O)cc1)C12C3=CNN4OC15C=C(C4O)C2C5C3,CC(=O)Nc1ccc(O)cc1,C18H17N3O4,42,C10H10N2O2
C=C1OC2C3C1=C(c1cc(NC(C)=O)ccc1O)C23,CC(=O)Nc1ccc(O)cc1,C15H13NO3,32,C7H6O
CC(=O)Nc1ccc(ON2N3C4CC23C4)cc1,CC(=O)Nc1ccc(O)cc1,C12H13N3O2,30,C4H6N2
CC(=O)Nc1ccc(O)cc1C1OCC2NC34C1CC31C(C)C4(O)C21C,CC(=O)Nc1ccc(O)cc1,C20H24N2O4,50,C12H17NO2
CC(=O)Nc1ccc(O)cc1C12CCC3(C1)C(O)C1C2C13,CC(=O)Nc1ccc(O)cc1,C17H19NO3,40,C9H12O
CC(=O)Nc1ccc(O)c(C2(F)NCC34C=CC5CC3(C2C)N54)c1,CC(=O)Nc1ccc(O)cc1,C18H20FN3O2,44,C10H13FN2
CC(=O)Nc1ccc(O)cc1CC1=NOCCN1CC(C)(C)O,CC(=O)Nc1ccc(O)cc1,C16H23N3O4,46,C8H16N2O2
CCCC12C=C(CC(=O)Nc3ccc(O)cc3)C3OC1CC3O2,CC(=O)Nc1ccc(O)cc1,C18H21NO4,44,C10H14O2
CCC(C)C1=CCCC1N(C(C)=O)c1ccc(O)cc1,CC(=O)Nc1ccc(O)cc1,C17H23NO2,43,C9H16
CC(=O)Nc1ccc(O)cc1C1C2CON3CNOC4OC2=C2C3C241,CC(=O)Nc1ccc(O)cc1,C17H17N3O5,42,C9H10N2O3
CC(=O)Nc1ccc(O)c(C23C4NC56C7NC89C(C(C5C46C)N82)C93O7)c1,CC(=O)Nc1ccc(O)cc1,C19H18N4O3,44,C11H11N3O
CCC1C2C1C1(CC(=O)Nc3ccc(O)cc3)ON21,CC(=O)Nc1ccc(O)cc1,C14H16N2O3,35,C6H9NO
COC1(Oc2ccc(NC(C)=O)cc2)CCCC1C,CC(=O)Nc1ccc(O)cc1,C15H21NO3,40,C7H14O
CC(=O)Nc1ccc(O)cc1C12C(C3CC3)COOC3=C4OC15N3C425,CC(=O)Nc1ccc(O)cc1,C18H16N2O5,41,C10H9NO3
CONCCC1CC2CC1CN2c1cc(NC(C)=O)ccc1O,CC(=O)Nc1ccc(O)cc1,C17H25N3O3,48,C9H18N2O
CC(=O)Nc1ccc(O)cc1C1NC2COC=C3C4NC2C4C31,CC(=O)Nc1ccc(O)cc1,C17H19N3O3,42,C9H12N2O
O=C(C[SH4]C12C3C1N3C2(O)OO)Nc1ccc(O)cc1,CC(=O)Nc1ccc(O)cc1,C12H16N2O5S,36,C4H9NO3S
NCC12C3=C1N(CC(=O)Nc1ccc(O)cc1)C2ON3,CC(=O)Nc1ccc(O)cc1,C13H14N4O3,34,C5H7N3O
CC(=O)Nc1ccc(Oc2ncc[nH]2)cc1,CC(=O)Nc1ccc(O)cc1,C11H11N3O2,27,C3H4N2
CC(=O)Nc1ccc(OC2C3C4C5=CC4CN2C(C)C53)cc1,CC(=O)Nc1ccc(O)cc1,C18H20N2O2,42,C10H13N
CC(=O)Nc1ccc(O)cc1OC12OCC3=C1C2C3,CC(=O)Nc1ccc(O)cc1,C14H13NO4,32,C6H6O2
C=CC1C23CC(C2O)C13CC(=O)Nc1ccc(O)cc1,CC(=O)Nc1ccc(O)cc1,C16H17NO3,37,C8H10O
CC(=O)Nc1ccc(O)cc1C12C3C4N5C(N)CC4(C1C5N)C32,CC(=O)Nc1ccc(O)cc1,C17H20N4O2,43,C9H13N3
CCOCOc1cc(O)ccc1NC(C)=O,CC(=O)Nc1ccc(O)cc1,C11H15NO4,31,C3H8O2
CC(=O)N(c1ccc(O)cc1)C(F)(F)C(F)(F)F,CC(=O)Nc1ccc(O)cc1,C10H8F5NO2,26,C2HF5
CC(=O)Nc1ccc(O)c(C23N4CC56C7=C(C)C2(C(ONO4)C5N)C763)c1,CC(=O)Nc1ccc(O)cc1,C18H18N4O4,44,C10H11N3O2
CC(=O)Nc1ccc(OC2=C3CSN32)cc1,CC(=O)Nc1ccc(O)cc1,C11H10N2O2S,26,C3H3NS
CC(=O)Nc1ccc(O)c(C23CC4C5N2C45C2=CC23)c1,CC(=O)Nc1ccc(O)cc1,C16H14N2O2,34,C8H7N
CC(=O)N(c1ccc(O)cc1)C1C2CC3C4C5C6C34C53C2C163,CC(=O)Nc1ccc(O)cc1,C19H17NO2,39,C11H10
CC(=O)Nc1ccc(O)cc1CCC(C)(CO)C1CCC1N,CC(=O)Nc1ccc(O)cc1,C17H26N2O3,48,C9H19NO
O=C(CC1C2C3OCC3C3=C4CC(O)(O3)C1C2O4)Nc1ccc(O)cc1,CC(=O)Nc1ccc(O)cc1,C19H19NO6,45,C11H12O4
O=C(CC=CC1=CCO1)Nc1ccc(O)cc1,CC(=O)Nc1ccc(O)cc1,C13H13NO3,30,C5H6O
CC(=O)N(CC12OCC3=CC1=C32)c1ccc(O)cc1,CC(=O)Nc1ccc(O)cc1,C15H13NO3,32,C7H6O
CC(=O)N(ONC1CC23CC(C2)C13)c1ccc(O)cc1,CC(=O)Nc1ccc(O)cc1,C15H18N2O3,38,C7H11NO
COC(C)(c1cc(NC(C)=O)ccc1O)C(C)C=O,CC(=O)Nc1ccc(O)cc1,C14H19NO4,38,C6H12O2
CC(=O)Nc1ccc(O)cc1C12C(O)=CC1=C2S,CC(=O)Nc1ccc(O)cc1,C13H11NO3S,29,C5H4OS
CC(=O)Nc1ccc(OC23OC45C2C2C4C54C(O)C24C3O)cc1,CC(=O)Nc1ccc(O)cc1,C17H15NO5,38,C9H8O3
CC(=O)Nc1ccc(O)cc1C1N2CC3C(C2)N31,CC(=O)Nc1ccc(O)cc1,C13H15N3O2,33,C5H8N2
C=COOC=CCC(=O)Nc1ccc(O)cc1,CC(=O)Nc1ccc(O)cc1,C12H13NO4,30,C4H6O2
C=NO[SH2]1(Oc2cc(O)ccc2NC(C)=O)C=CCC1,CC(=O)Nc1ccc(O)cc1,C13H18N2O4S,38,C5H11NO2S
CC(=O)Nc1ccc(O)cc1C12C(F)C3C=C3C1C1(N)OCC12,CC(=O)Nc1ccc(O)cc1,C17H17FN2O3,40,C9H10FNO
CCCC(CC(C)CC)c1cc(NC(C)=O)ccc1O,CC(=O)Nc1ccc(O)cc1,C17H27NO2,47,C9H20
CC(=O)Nc1ccc(O)cc1OC1CC23C=C4C1C42C3O,CC(=O)Nc1ccc(O)cc1,C16H15NO4,36,C8H8O2
CC(=O)Nc1ccc(O)c(C2NC34CC5C2C3=NC54CO)c1,CC(=O)Nc1ccc(O)cc1,C16H17N3O3,39,C8H10N2O
CC(=O)Nc1ccc(O)cc1C12C=C3CCCC1CNC32,CC(=O)Nc1ccc(O)cc1,C17H20N2O2,41,C9H13N
CC(=O)N(CC1OC23CCC2C2C4CCN1CC2C43)c1ccc(O)cc1,CC(=O)Nc1ccc(O)cc1,C21H26N2O3,52,C13H19NO
CC(=O)Nc1ccc(O)cc1C(C)C(C)C1CC1CCN,CC(=O)Nc1ccc(O)cc1,C17H26N2O2,47,C9H19N
CC(=O)Nc1ccc(O)c(C23C4C5C(O)C6COC5N2C42C6ON32)c1,CC(=O)Nc1ccc(O)cc1,C17H17N3O5,42,C9H10N2O3
CCCC1C(=Cc2cc(O)ccc2NC(C)=O)C1(C)N,CC(=O)Nc1ccc(O)cc1,C16H22N2O2,42,C8H15N
CC(=O)N(c1ccc(O)cc1)C12CC34ON1C21CC25NN6CC2(CC31)C645,CC(=O)Nc1ccc(O)cc1,C19H18N4O3,44,C11H11N3O
C=C1C2=C3CCC2(CC(=O)Nc2ccc(O)cc2)C2CC=C4C13C42O,CC(=O)Nc1ccc(O)cc1,C21H19NO3,44,C13H12O
O=C(CC1CC1C1C23OC4C2OCCC(O)C413)Nc1ccc(O)cc1,CC(=O)Nc1ccc(O)cc1,C19H21NO5,46,C11H14O3
CC(=O)Nc1ccc(O)c(C2C3N4C5C6N(C235)C64O)c1,CC(=O)Nc1ccc(O)cc1,C14H13N3O3,33,C6H6N2O
O=C(COCC(O)C1C2C=N[SH3]21)Nc1ccc(O)cc1,CC(=O)Nc1ccc(O)cc1,C13H18N2O4S,38,C5H11NO2S
CCC1(C(O)c2cc(NC(C)=O)ccc2O)CC(O)C2CC3C2=C31,CC(=O)Nc1ccc(O)cc1,C19H23NO4,47,C11H16O2
CC(=O)Nc1ccc(O)cc1C1CC2=CC3C2=C(N)C31,CC(=O)Nc1ccc(O)cc1,C16H16N2O2,36,C8H9N
C=NC1C2CC(Oc3ccc(NC(C)=O)cc3)CC23CC(O)C1(O)C3,CC(=O)Nc1ccc(O)cc1,C19H24N2O4,49,C11H17NO2
CC(=O)N(c1ccc(O)cc1)C1CCC2OC=C21,CC(=O)Nc1ccc(O)cc1,C14H15NO3,33,C6H8O
O=C(COCC12C3C4OC15C1N5CC45OC31C52)Nc1ccc(O)cc1,CC(=O)Nc1ccc(O)cc1,C18H16N2O5,41,C10H9NO3
O=C(CC12OCC3C=NC45N=C1N2C4C35)Nc1ccc(O)cc1,CC(=O)Nc1ccc(O)cc1,C16H14N4O3,37,C8H7N3O
CC(=O)Nc1ccc(ONC(Cl)C2(Cl)C34C5C3C524)cc1,CC(=O)Nc1ccc(O)cc1,C14H12Cl2N2O2,32,C6H5Cl2N
CC(=O)Nc1ccc(OC23OC45C6CC24C24OC2C54C63)cc1,CC(=O)Nc1ccc(O)cc1,C17H13NO4,35,C9H6O2
CC(=O)Nc1ccc(O)cc1C12N=CCC1C13OC14CC3N2C4,CC(=O)Nc1ccc(O)cc1,C17H17N3O3,40,C9H10N2O
CCC1(c2cc(O)ccc2NC(C)=O)CC23CC2C2=C(C3C)N21,CC(=O)Nc1ccc(O)cc1,C19H22N2O2,45,C11H15N
O=C(CCC1NNCC1O)Nc1ccc(O)cc1,CC(=O)Nc1ccc(O)cc1,C12H17N3O3,35,C4H10N2O
CC(=O)N(c1ccc(O)cc1)C1C2N=C3C4=CC5N2N5C41C3C,CC(=O)Nc1ccc(O)cc1,C17H16N4O2,39,C9H9N3
CC(=O)Nc1ccc(O)c(N2CC34C5=C=C3C54NN2)c1,CC(=O)Nc1ccc(O)cc1,C14H12N4O2,32,C6H5N3
CCOC(CO)C1CC1N(C(C)=O)c1ccc(O)cc1,CC(=O)Nc1ccc(O)cc1,C15H21NO4,41,C7H14O2
CC(=O)Nc1ccc(O)c(C2(C)Cn3cc4n3C2=C4)c1,CC(=O)Nc1ccc(O)cc1,C15H15N3O2,35,C7H8N2
CC(=O)Nc1ccc(O)cc1C12CC34NC(CN1)C32NO4,CC(=O)Nc1ccc(O)cc1,C14H16N4O3,37,C6H9N3O
CC(=O)Nc1ccc(O)c(C2OC3COC32)c1,CC(=O)Nc1ccc(O)cc1,C12H13NO4,30,C4H6O2
CC(=O)Nc1ccc(O)c(C2COCC3=NC32)c1,CC(=O)Nc1ccc(O)cc1,C13H14N2O3,32,C5H7NO
CC(=O)Nc1ccc(O)c(C23C4C5ON2C2C6OC(CC3(O5)C24)C6N)c1,CC(=O)Nc1ccc(O)cc1,C18H19N3O5,45,C10H12N2O3
O=COC=CCC(=O)Nc1ccc(O)cc1,CC(=O)Nc1ccc(O)cc1,C11H11NO4,27,C3H4O2
CCNCC(CC)Oc1ccc(NC(C)=O)cc1,CC(=O)Nc1ccc(O)cc1,C14H22N2O2,40,C6H15N
CC(=O)Nc1ccc(O)c(C2CCCCC2C)c1,CC(=O)Nc1ccc(O)cc1,C15H21NO2,39,C7H14
COCC1(C)ONCC1(C)Oc1ccc(NC(C)=O)cc1,CC(=O)Nc1ccc(O)cc1,C15H22N2O4,43,C7H15NO2
CC1C2C3CC4OC2C1(CC(=O)Nc1ccc(O)cc1)C43,CC(=O)Nc1ccc(O)cc1,C17H19NO3,40,C9H12O
CC(=O)Nc1ccc(O)cc1C1=CCC(NN)CC1=N,CC(=O)Nc1ccc(O)cc1,C14H18N4O2,38,C6H11N3
CC(=O)Nc1ccc(OC2CC34OCC5(CO5)OC5C3C2C54)cc1,CC(=O)Nc1ccc(O)cc1,C18H19NO5,43,C10H12O3
CONC(=Cc1cc(O)ccc1NC(C)=O)C1OC1C,CC(=O)Nc1ccc(O)cc1,C14H18N2O4,38,C6H11NO2
CC(=O)Nc1ccc(OC23OCCC4CN5N2OC53CS4)cc1,CC(=O)Nc1ccc(O)cc1,C15H17N3O4S,40,C7H10N2O2S
CCOC1CC(O)CC12CC2Oc1ccc(NC(C)=O)cc1,CC(=O)Nc1ccc(O)cc1,C17H23NO4,45,C9H16O2
CCC1(CC(=O)Nc2ccc(O)cc2)C2=C3CC2N=CC31,CC(=O)Nc1ccc(O)cc1,C17H18N2O2,39,C9H11N
O=C(CC12NC3C1C(S)C32)Nc1ccc(O)cc1,CC(=O)Nc1ccc(O)cc1,C13H14N2O2S,32,C5H7NS
O=C(CC1C2(O)OOC34CC5C6C3OC(C4)C61C52)Nc1ccc(O)cc1,CC(=O)Nc1ccc(O)cc1,C19H19NO6,45,C11H12O4
CC(=O)Nc1ccc(OC(N)SOO)cc1,CC(=O)Nc1ccc(O)cc1,C9H12N2O4S,28,CH5NO2S
O=C(CC12C3CC4=CC56CC31NC45N62)Nc1ccc(O)cc1,CC(=O)Nc1ccc(O)cc1,C17H15N3O2,37,C9H8N2
CC(=O)Nc1ccc(O)cc1C1C(CO)C23CC4C5C2C1C453,CC(=O)Nc1ccc(O)cc1,C18H19NO3,41,C10H12O
CC(=O)Nc1ccc(OC=CC2CC3OC4(OO)C5C6C2C4(O3)C65)cc1,CC(=O)Nc1ccc(O)cc1,C19H19NO6,45,C11H12O4
CC(=O)Nc1ccc(O)c(OC2CC3NC3C2)c1,CC(=O)Nc1ccc(O)cc1,C13H16N2O3,34,C5H9NO
NC12C3NC(CC(=O)Nc4ccc(O)cc4)NC4C(O)C5C(CC5C31)C42,CC(=O)Nc1ccc(O)cc1,C19H24N4O3,50,C11H17N3O
CC(=O)N(CC(O)CC1C2C3C4OC3C142)c1ccc(O)cc1,CC(=O)Nc1ccc(O)cc1,C17H19NO4,41,C9H12O2
CC(=O)Nc1ccc(O)cc1C1=COC1CO,CC(=O)Nc1ccc(O)cc1,C12H13NO4,30,C4H6O2
CC(=O)Nc1ccc(O)cc1OC12C3CN4C1NC1C5CC14C3C52,CC(=O)Nc1ccc(O)cc1,C18H19N3O3,43,C10H12N2O
CC1C2=C3C4(CC(=O)Nc5ccc(O)cc5)N5CC6NC1C5(N6)C234,CC(=O)Nc1ccc(O)cc1,C18H18N4O2,42,C10H11N3
CCC(N)OC(C)c1cc(NC(C)=O)ccc1O,CC(=O)Nc1ccc(O)cc1,C13H20N2O3,38,C5H13NO
CC(=O)Nc1ccc(O)c(SC23C4NOCC25C2C(C4(O)O)C253)c1,CC(=O)Nc1ccc(O)cc1,C16H16N2O5S,40,C8H9NO3S
CC(=O)Nc1ccc(O)c(C23OOOCC4C5CC6CC62C4(C)C53)c1,CC(=O)Nc1ccc(O)cc1,C19H21NO5,46,C11H14O3
CC(=O)Nc1ccc(O)cc1C12C3C4CC15CCC3(CC5)N42,CC(=O)Nc1ccc(O)cc1,C18H20N2O2,42,C10H13N
CC(=O)Nc1ccc(O)cc1C12SC13NC32,CC(=O)Nc1ccc(O)cc1,C11H10N2O2S,26,C3H3NS
CC(=O)Nc1ccc(O)c(C23C(F)C24C2C4C23Cl)c1,CC(=O)Nc1ccc(O)cc1,C14H11ClFNO2,30,C6H4ClF
CC(=O)Nc1ccc(O)c(C(F)(C(F)(F)F)C(F)(F)F)c1,CC(=O)Nc1ccc(O)cc1,C11H8F7NO2,29,C3HF7
CC(=O)N(CC(O)CCC1CC1)c1ccc(O)cc1,CC(=O)Nc1ccc(O)cc1,C15H21NO3,40,C7H14O
CC(=O)Nc1ccc(O)c(SC2COC3C4C5C2OC354)c1,CC(=O)Nc1ccc(O)cc1,C15H15NO4S,36,C7H8O2S
CC(=O)Nc1ccc(O)cc1C1NC23CC24NC25CC46C12C356,CC(=O)Nc1ccc(O)cc1,C17H15N3O2,37,C9H8N2
C=NC1C=CC(Oc2ccc(NC(C)=O)cc2)CO1,CC(=O)Nc1ccc(O)cc1,C14H16N2O3,35,C6H9NO
CC(=O)Nc1ccc(O)c(C23C=C4C5C6N(N2)OCC32N5C462)c1,CC(=O)Nc1ccc(O)cc1,C16H14N4O3,37,C8H7N3O
CC(=O)N(c1ccc(O)cc1)C12N=C3NC45C1CCC34N25,CC(=O)Nc1ccc(O)cc1,C15H14N4O2,35,C7H7N3
CC(=O)N(CC12CNN1C=CC2O)c1ccc(O)cc1,CC(=O)Nc1ccc(O)cc1,C14H17N3O3,37,C6H10N2O
CC12C3=CC45N1C4(N)CCC3C25CC(=O)Nc1ccc(O)cc1,CC(=O)Nc1ccc(O)cc1,C18H19N3O2,42,C10H12N2
CC(=O)N(c1ccc(O)cc1)C12CC=C3CN1C(NON)C=C32,CC(=O)Nc1ccc(O)cc1,C16H18N4O3,41,C8H11N3O
CC(=O)Nc1ccc(O)c(N2CC34CC3CCN24)c1,CC(=O)Nc1ccc(O)cc1,C14H17N3O2,36,C6H10N2
CC(=O)Nc1ccc(O)c(C2C3C4C5C36NC53CC23C46)c1,CC(=O)Nc1ccc(O)cc1,C17H16N2O2,37,C9H9N
CC(=O)Nc1ccc(O)cc1C12C3C4C5(CC=CON(O)O5)C1C432,CC(=O)Nc1ccc(O)cc1,C17H16N2O5,40,C9H9NO3
CC(=O)Nc1ccc(OC(CN)SCC(O)O)cc1,CC(=O)Nc1ccc(O)cc1,C12H18N2O4S,37,C4H11NO2S
CC(=O)N(c1ccc(O)cc1)N1C23CC12C12C=CC1C23,CC(=O)Nc1ccc(O)cc1,C16H14N2O2,34,C8H7N
CC(=O)Nc1ccc(O)c(C23CC4CC5C46C47CC4(C27)C536)c1,CC(=O)Nc1ccc(O)cc1,C19H17NO2,39,C11H10
CCCOCOc1ccc(NC(C)=O)cc1,CC(=O)Nc1ccc(O)cc1,C12H17NO3,33,C4H10O
CCC(c1cc(NC(C)=O)ccc1O)N(C)CC,CC(=O)Nc1ccc(O)cc1,C14H22N2O2,40,C6H15N
CC(=O)Nc1ccc(OC2=NC34C=CC3CC(CO4)C(O)C2N)cc1,CC(=O)Nc1ccc(O)cc1,C18H21N3O4,46,C10H14N2O2
CC(=O)Nc1ccc(OC23CC24C(=O)CC34F)cc1,CC(=O)Nc1ccc(O)cc1,C14H12FNO3,31,C6H5FO
C=CC(C)(C)Cc1cc(O)ccc1NC(C)=O,CC(=O)Nc1ccc(O)cc1,C14H19NO2,36,C6H12
C=COCN=Cc1cc(O)ccc1NC(C)=O,CC(=O)Nc1ccc(O)cc1,C12H14N2O3,31,C4H7NO
CC(=O)Nc1ccc(OC23CC4C5C6OCC7OC2C4(OO6)C753)cc1,CC(=O)Nc1ccc(O)cc1,C18H17NO6,42,C10H10O4
CC(=O)Nc1ccc(OC23CC4C56C7OC58N2N(C76)C48N3)cc1,CC(=O)Nc1ccc(O)cc1,C16H14N4O3,37,C8H7N3O
CC(=O)Nc1ccc(O)c(C2=C3NC45CC6OC6(COC2=O)C4C35)c1,CC(=O)Nc1ccc(O)cc1,C18H16N2O5,41,C10H9NO3
CC(=O)Nc1ccc(OC23CNCCC4(N)C5=CN(C2)C534)cc1,CC(=O)Nc1ccc(O)cc1,C17H20N4O2,43,C9H13N3
O=C(COCCC(O)CC1CC1)Nc1ccc(O)cc1,CC(=O)Nc1ccc(O)cc1,C15H21NO4,41,C7H14O2
CC(=O)Nc1ccc(O)cc1C1(Cl)C=C2C=CN21,CC(=O)Nc1ccc(O)cc1,C13H11ClN2O2,29,C5H4ClN
CC(=O)Nc1ccc(O)c(C(N)N2CN2)c1,CC(=O)Nc1ccc(O)cc1,C10H14N4O2,30,C2H7N3
CC(=O)Nc1ccc(O)cc1C12C(=S)C13C2C1C=CN13,CC(=O)Nc1ccc(O)cc1,C15H12N2O2S,32,C7H5NS
CC(=O)N(c1ccc(O)cc1)C1CCCCCC(N)C1,CC(=O)Nc1ccc(O)cc1,C16H24N2O2,44,C8H17N
CC(=O)Nc1ccc(OOCC23C=C4CC(O2)C4=C=CC3OO)cc1,CC(=O)Nc1ccc(O)cc1,C18H17NO6,42,C10H10O4
CC(=O)Nc1ccc(OC2=CCC(NCO)CC2)cc1,CC(=O)Nc1ccc(O)cc1,C15H20N2O3,40,C7H13NO
CC(=O)Nc1ccc(O)cc1C12CCC34CC5(OC(C5=C31)C(O)NN4)O2,CC(=O)Nc1ccc(O)cc1,C18H19N3O5,45,C10H12N2O3
CC(=O)Nc1ccc(O)c(C23CC4(CC4)C(=C=C2N)C2CNC3(C)O2)c1,CC(=O)Nc1ccc(O)cc1,C20H23N3O3,49,C12H16N2O
CC(=O)Nc1ccc(O)c(C2CCC3=C4CC(N)C(C2)C34)c1,CC(=O)Nc1ccc(O)cc1,C18H22N2O2,44,C10H15N
CC(=O)Nc1ccc(O)c(C23CC(OO)C4CC5(O2)C2C3C425)c1,CC(=O)Nc1ccc(O)cc1,C17H17NO5,40,C9H10O3
CC(=O)Nc1ccc(O)c(C23C#CC24COC4C3Cl)c1,CC(=O)Nc1ccc(O)cc1,C15H12ClNO3,32,C7H5ClO
CC(=O)Nc1ccc(O)cc1C1(C)NCC(N)N1,CC(=O)Nc1ccc(O)cc1,C12H18N4O2,36,C4H11N3
CC(=O)Nc1ccc(O)cc1CCC1(Cl)C2=CC1C=C2,CC(=O)Nc1ccc(O)cc1,C16H16ClNO2,36,C8H9Cl
CC(=O)N(c1ccc(O)cc1)C12C3C4(N)C5(C)C(C41OO)C352,CC(=O)Nc1ccc(O)cc1,C16H16N2O4,38,C8H9NO2
CC(=O)Nc1ccc(O)c(C2=CN=CCC2N)c1,CC(=O)Nc1ccc(O)cc1,C13H15N3O2,33,C5H8N2
CC(=O)N(c1ccc(O)cc1)C12OC34NC56C1=C1N5C3CCC12C46,CC(=O)Nc1ccc(O)cc1,C18H15N3O3,39,C10H8N2O
CC(=O)Nc1ccc(O)cc1C1(C)C2C3OC45N3C4(O)C1C51NC21,CC(=O)Nc1ccc(O)cc1,C17H17N3O4,41,C9H10N2O2
CC(=O)N(c1ccc(O)cc1)C1CCCNC1,CC(=O)Nc1ccc(O)cc1,C13H18N2O2,35,C5H11N
CC(=O)Nc1ccc(OC23C4NOC25C2C(Cl)C2C3C45)cc1,CC(=O)Nc1ccc(O)cc1,C16H15ClN2O3,37,C8H8ClNO
CC(=O)Nc1ccc(OC(C)CC2C=CC2)cc1,CC(=O)Nc1ccc(O)cc1,C15H19NO2,37,C7H12
CC(=O)N(c1ccc(O)cc1)C1(C)COCO1,CC(=O)Nc1ccc(O)cc1,C12H15NO4,32,C4H8O2
CC(=O)Nc1ccc(O)c(C2=COC2O)c1,CC(=O)Nc1ccc(O)cc1,C11H11NO4,27,C3H4O2
CC(=O)Nc1ccc(O)cc1ONC(CC12C3=C1C32)ONN,CC(=O)Nc1ccc(O)cc1,C14H16N4O4,38,C6H9N3O2
CC(=O)Nc1ccc(O)cc1OCC12C3CCCC14NC(CC1OC14)C32,CC(=O)Nc1ccc(O)cc1,C20H24N2O4,50,C12H17NO2
CC(=O)Nc1ccc(O)cc1C1=C2CCC13C1=C4C1C4C3C2,CC(=O)Nc1ccc(O)cc1,C19H17NO2,39,C11H10
C=C1C2C13OC21C3C1(Br)c1cc(O)ccc1NC(C)=O,CC(=O)Nc1ccc(O)cc1,C15H12BrNO3,32,C7H5BrO
CC(=O)Nc1ccc(O)cc1C1C(O)C2OC23C(O)C=CC13,CC(=O)Nc1ccc(O)cc1,C16H17NO5,39,C8H10O3
CC(=O)Nc1ccc(O)cc1C=CC1=COC1,CC(=O)Nc1ccc(O)cc1,C13H13NO3,30,C5H6O
CC(=O)Nc1ccc(O)c(C2(O)C(N)=CC2(N)CC2COC2)c1,CC(=O)Nc1ccc(O)cc1,C16H21N3O4,44,C8H14N2O2
CC(=O)N(C1=CC2=CC(N2)C12CN2)c1ccc(O)cc1,CC(=O)Nc1ccc(O)cc1,C15H15N3O2,35,C7H8N2
CN1CC2OC2(C)C(CO)(CC(=O)Nc2ccc(O)cc2)C1,CC(=O)Nc1ccc(O)cc1,C16H22N2O4,44,C8H15NO2
CC(=O)Nc1ccc(O)c(NC2CNC3CC3O2)c1,CC(=O)Nc1ccc(O)cc1,C13H17N3O3,36,C5H10N2O
CC(=O)Nc1ccc(O)c(CCOC2CC(C)O2)c1,CC(=O)Nc1ccc(O)cc1,C14H19NO4,38,C6H12O2
CC(=O)Nc1ccc(O)cc1C1COC12C(O)=C1C3=CC1CC32,CC(=O)Nc1ccc(O)cc1,C18H17NO4,40,C10H10O2
CC(=O)Nc1ccc(O)c(C23C=C4OC45ON(C2)C2(O)CC532)c1,CC(=O)Nc1ccc(O)cc1,C16H14N2O5,37,C8H7NO3
NC(CO)C1(CC(=O)Nc2ccc(O)cc2)C=COO1,CC(=O)Nc1ccc(O)cc1,C13H16N2O5,36,C5H9NO3
CC(=O)Nc1ccc(O)c(CC23C4C2C25CC4C23C5)c1,CC(=O)Nc1ccc(O)cc1,C17H17NO2,37,C9H10
CC(=O)Nc1ccc(O)c(C(O)C23CCON2O3)c1,CC(=O)Nc1ccc(O)cc1,C12H14N2O5,33,C4H7NO3
CC(=O)N(c1ccc(O)cc1)C1(N)C2CC3N4C2C341,CC(=O)Nc1ccc(O)cc1,C14H15N3O2,34,C6H8N2
CCCCCCC(CC)c1cc(NC(C)=O)ccc1O,CC(=O)Nc1ccc(O)cc1,C17H27NO2,47,C9H20
CCC1=C2C3C(C1)CC(N)(N(C(C)=O)c1ccc(O)cc1)C23,CC(=O)Nc1ccc(O)cc1,C18H22N2O2,44,C10H15N
O=C(CN1CC23CC4(C=CN2C4)CC12COC2O3)Nc1ccc(O)cc1,CC(=O)Nc1ccc(O)cc1,C19H21N3O4,47,C11H14N2O2
CC(=O)Nc1ccc(ONCC2NCO2)cc1,CC(=O)Nc1ccc(O)cc1,C11H15N3O3,32,C3H8N2O
CC(=O)Nc1ccc(O)cc1C=C1CC2CN(O)CN12,CC(=O)Nc1ccc(O)cc1,C14H17N3O3,37,C6H10N2O
CCCNCc1cc(NC(C)=O)ccc1O,CC(=O)Nc1ccc(O)cc1,C12H18N2O2,34,C4H11N
CC(=O)Nc1ccc(O)c(CC2(C)CC(O)C2C)c1,CC(=O)Nc1ccc(O)cc1,C15H21NO3,40,C7H14O
CC(=O)Nc1ccc(O)c(C23C4C5=CSC=CN2C543)c1,CC(=O)Nc1ccc(O)cc1,C15H12N2O2S,32,C7H5NS
CCC(C)C(C)c1cc(NC(C)=O)ccc1O,CC(=O)Nc1ccc(O)cc1,C14H21NO2,38,C6H14
CC(=O)Nc1ccc(O)cc1C12OC3CC1(C)C=C32,CC(=O)Nc1ccc(O)cc1,C15H15NO3,34,C7H8O
CC(=O)Nc1ccc(O)cc1C12OC(CCl)C34C5C3C51N42,CC(=O)Nc1ccc(O)cc1,C15H13ClN2O3,34,C7H6ClNO
CC(=O)Nc1ccc(O)cc1C12C3=CC4C5CC1(O)C(C2C5(C)O)N34,CC(=O)Nc1ccc(O)cc1,C19H20N2O4,45,C11H13NO2
C=C1C=CC(c2cc(O)ccc2NC(C)=O)=C1,CC(=O)Nc1ccc(O)cc1,C14H13NO2,30,C6H6
CCC1CC2N3C12C3(O)N(C(C)=O)c1ccc(O)cc1,CC(=O)Nc1ccc(O)cc1,C15H18N2O3,38,C7H11NO
CC(=O)N(CC(O)C1C2C3=C4C(C3)C13CC2(N)OC43)c1ccc(O)cc1,CC(=O)Nc1ccc(O)cc1,C20H22N2O4,48,C12H15NO2
C=NC(CC)N(C(C)=O)c1ccc(O)cc1,CC(=O)Nc1ccc(O)cc1,C12H16N2O2,32,C4H9N
CCCC1(Oc2ccc(NC(C)=O)cc2)C(C)C2CC21,CC(=O)Nc1ccc(O)cc1,C17H23NO2,43,C9H16
CC(=O)Nc1ccc(O)cc1C1CC2OC3(O)C4C2C25CC3(O2)C145,CC(=O)Nc1ccc(O)cc1,C18H17NO5,41,C10H10O3
CC(=O)Nc1ccc(O)c(C2(F)C3=C=C(CC2CF)N3F)c1,CC(=O)Nc1ccc(O)cc1,C15H13F3N2O2,35,C7H6F3N
CC(=O)Nc1ccc(O)cc1C1NC23C4=CC5N=CC6OC2C6N1C453,CC(=O)Nc1ccc(O)cc1,C18H16N4O3,41,C10H9N3O
CC(=O)Nc1ccc(OC23C4N(C)C(=N)C45C4CC2C35C(=N)O4)cc1,CC(=O)Nc1ccc(O)cc1,C18H18N4O3,43,C10H11N3O
CC(=O)Nc1ccc(O)c(C(F)(F)C(F)(F)C(F)(F)F)c1,CC(=O)Nc1ccc(O)cc1,C11H8F7NO2,29,C3HF7
CC(=O)Nc1ccc(O)cc1C(C)CC1OC2OC12,CC(=O)Nc1ccc(O)cc1,C14H17NO4,36,C6H10O2
O=C(CC1C=COCO1)Nc1ccc(O)cc1,CC(=O)Nc1ccc(O)cc1,C12H13NO4,30,C4H6O2
CCCCCN(C)C(C)Oc1ccc(NC(C)=O)cc1,CC(=O)Nc1ccc(O)cc1,C16H26N2O2,46,C8H19N
C=C1C=CC=CC=C1CC(=O)Nc1ccc(O)cc1,CC(=O)Nc1ccc(O)cc1,C16H15NO2,34,C8H8
CC(=O)Nc1ccc(O)c(C2(O)NOC3SC4CC25C4C35)c1,CC(=O)Nc1ccc(O)cc1,C15H16N2O4S,38,C7H9NO2S
CC(=O)Nc1ccc(O)c(C23C=C(C=CO2)CC3)c1,CC(=O)Nc1ccc(O)cc1,C15H15NO3,34,C7H8O
COC=NCCC(=O)Nc1ccc(O)cc1,CC(=O)Nc1ccc(O)cc1,C11H14N2O3,30,C3H7NO
CC(=O)N(c1ccc(O)cc1)C12N=C1C2C=CCl,CC(=O)Nc1ccc(O)cc1,C13H11ClN2O2,29,C5H4ClN
CC(=O)N(c1ccc(O)cc1)C1CC(O)(O)SC(C2C3=C2O3)N1,CC(=O)Nc1ccc(O)cc1,C15H16N2O5S,39,C7H9NO3S
O=C(CC1CC2(O)C(NO)OC12)Nc1ccc(O)cc1,CC(=O)Nc1ccc(O)cc1,C13H16N2O5,36,C5H9NO3
CC(=O)Nc1ccc(O)cc1C1(O)CC2CCC13CC1C(C2)OC13,CC(=O)Nc1ccc(O)cc1,C19H23NO4,47,C11H16O2
CNC1C2CCN(C2)C1(C)C(CO)CC(=O)Nc1ccc(O)cc1,CC(=O)Nc1ccc(O)cc1,C18H27N3O3,51,C10H20N2O
COC1(Oc2ccc(NC(C)=O)cc2)c2coc1c2,CC(=O)Nc1ccc(O)cc1,C14H13NO4,32,C6H6O2
CC(=O)Nc1ccc(O)cc1N1C23COC45CC14C2(F)C53,CC(=O)Nc1ccc(O)cc1,C15H13FN2O3,34,C7H6FNO
C=C1NC2(O)C=C3CC4CC2(Oc2cc(NC(C)=O)ccc2O)C4C13,CC(=O)Nc1ccc(O)cc1,C19H20N2O4,45,C11H13NO2
CC=CC(CC(C)CN)Nc1cc(NC(C)=O)ccc1O,CC(=O)Nc1ccc(O)cc1,C16H25N3O2,46,C8H18N2
CC(=O)N(c1ccc(O)cc1)C1NC2CC1CC1C34CCC21C3C4,CC(=O)Nc1ccc(O)cc1,C20H24N2O2,48,C12H17N
CC(=O)Nc1ccc(O)cc1C(=[SH2]=O)C1=C2C3C(OF)C123,CC(=O)Nc1ccc(O)cc1,C14H12FNO4S,33,C6H5FO2S
CC(=O)N(c1ccc(O)cc1)C1CC2=C=C2C1OF,CC(=O)Nc1ccc(O)cc1,C14H12FNO3,31,C6H5FO
CC(=O)Nc1ccc(O)cc1C1=C2CC3CC3C21Br,CC(=O)Nc1ccc(O)cc1,C15H14BrNO2,33,C7H7Br
CC(=O)Nc1ccc(O)c(C23CC(F)C2=C=C2C(F)C3ON2F)c1,CC(=O)Nc1ccc(O)cc1,C16H13F3N2O3,37,C8H6F3NO
CC(=O)Nc1ccc(OS234=CC5(C2)N3C42C(O)C(O)C52O)cc1,CC(=O)Nc1ccc(O)cc1,C15H16N2O5S,39,C7H9NO3S
C=C1OC(c2cc(NC(C)=O)ccc2O)O1,CC(=O)Nc1ccc(O)cc1,C11H11NO4,27,C3H4O2
CC(=O)Nc1ccc(O)cc1OCC(O)CS,CC(=O)Nc1ccc(O)cc1,C11H15NO4S,32,C3H8O2S
CC(=O)Nc1ccc(O)c(C2(O)C3CC45C6NN(C7NC3C7C24)C65)c1,CC(=O)Nc1ccc(O)cc1,C18H20N4O3,45,C10H13N3O
CC(CO)(CC(=O)Nc1ccc(O)cc1)N1CN1,CC(=O)Nc1ccc(O)cc1,C12H17N3O3,35,C4H10N2O
CC(=O)Nc1ccc(O)c(CCC(O)CO)c1,CC(=O)Nc1ccc(O)cc1,C12H17NO4,34,C4H10O2
CCCC(O)C12C(C3(c4cc(O)ccc4NC(C)=O)CCN31)C21CO1,CC(=O)Nc1ccc(O)cc1,C19H24N2O4,49,C11H17NO2
CC(=O)Nc1ccc(OCC=CCCCO)cc1,CC(=O)Nc1ccc(O)cc1,C14H19NO3,37,C6H12O
CC(=O)Nc1ccc(OC23CCC=C4CC2(C)C(O)CN4C3)cc1,CC(=O)Nc1ccc(O)cc1,C19H24N2O3,48,C11H17NO
CC(=O)Nc1ccc(O)cc1C1ONN2NC3C4C(C1C)C342,CC(=O)Nc1ccc(O)cc1,C15H18N4O3,40,C7H11N3O
CC(=O)Nc1ccc(O)c(C2CC3C4C56C37CCC23OC52C47C326)c1,CC(=O)Nc1ccc(O)cc1,C20H17NO3,41,C12H10O
CC(=O)Nc1ccc(O)cc1C1C2C(F)(F)C3=CC312,CC(=O)Nc1ccc(O)cc1,C14H11F2NO2,30,C6H4F2
CC(=O)Nc1ccc(O)cc1-c1cnc(OC=N)o1,CC(=O)Nc1ccc(O)cc1,C12H11N3O4,30,C4H4N2O2
CC(=O)Nc1ccc(O)cc1OC1C2C3C4C3C35NC23C1C45,CC(=O)Nc1ccc(O)cc1,C17H16N2O3,38,C9H9NO
CC(=O)Nc1ccc(O)c(C23CN4C(CO2)C43)c1,CC(=O)Nc1ccc(O)cc1,C13H14N2O3,32,C5H7NO
CC1CC2C3C1C1N(F)C24CN1C34CC(=O)Nc1ccc(O)cc1,CC(=O)Nc1ccc(O)cc1,C18H20FN3O2,44,C10H13FN2
CCC1(c2cc(NC(C)=O)ccc2O)CC2(O)C=CN2C1C1C2CC21,CC(=O)Nc1ccc(O)cc1,C20H24N2O3,49,C12H17NO
CC(=O)Nc1ccc(O)c(C(C)C2CCOO2)c1,CC(=O)Nc1ccc(O)cc1,C13H17NO4,35,C5H10O2
CC(=O)N(c1ccc(O)cc1)N1C2=CCN1OCC1(O)C=C21,CC(=O)Nc1ccc(O)cc1,C15H15N3O4,37,C7H8N2O2
CC(=O)Nc1ccc(O)cc1C12C3C45OC(CC16C1C32C146)O5,CC(=O)Nc1ccc(O)cc1,C17H13NO4,35,C9H6O2
CC(=O)Nc1ccc(O)c(C2N=CN=N2)c1,CC(=O)Nc1ccc(O)cc1,C10H10N4O2,26,C2H3N3
CC(=O)N(c1ccc(O)cc1)C1N=C2C3C4C1C1(N)NC5C1C3C254,CC(=O)Nc1ccc(O)cc1,C18H18N4O2,42,C10H11N3
CC(=O)N(C=NC1=C2C3=CC12C=C3C)c1ccc(O)cc1,CC(=O)Nc1ccc(O)cc1,C17H14N2O2,35,C9H7N
C=C1n2n3n2C1(c1cc(NC(C)=O)ccc1O)N=CN=C3,CC(=O)Nc1ccc(O)cc1,C13H12N6O2,33,C5H5N5
CC(=O)Nc1ccc(O)c(C23C=C2C2=C4C(=C2)C(C)C43)c1,CC(=O)Nc1ccc(O)cc1,C18H15NO2,36,C10H8
CC(=O)Nc1ccc(O)cc1C1OCCC1(C)CO,CC(=O)Nc1ccc(O)cc1,C14H19NO4,38,C6H12O2
CC(=O)N(c1ccc(O)cc1)C1C(C)C2=COC21,CC(=O)Nc1ccc(O)cc1,C14H15NO3,33,C6H8O
CC(=O)Nc1ccc(O)c(C23NC45C6=C2C4N(C6)C5O3)c1,CC(=O)Nc1ccc(O)cc1,C15H13N3O3,34,C7H6N2O
CC(=O)Nc1ccc(OC2C3CC4=C=CC56CC(O5)C2C62NC3C42)cc1,CC(=O)Nc1ccc(O)cc1,C21H20N2O3,46,C13H13NO
CCC1CCC(Oc2ccc(NC(C)=O)cc2)CC1,CC(=O)Nc1ccc(O)cc1,C16H23NO2,42,C8H16
CCC(C)(c1cc(O)ccc1NC(C)=O)C1C2CNC21,CC(=O)Nc1ccc(O)cc1,C16H22N2O2,42,C8H15N
C=C1C23CC4C15C(C2COOOc1ccc(NC(C)=O)cc1)C435,CC(=O)Nc1ccc(O)cc1,C18H17NO4,40,C10H10O2
CC(=O)N(c1ccc(O)cc1)C12CC34C5CC6C7N5C3C63C4(O)C1C723,CC(=O)Nc1ccc(O)cc1,C20H18N2O3,43,C12H11NO
CC(=O)Nc1ccc(O)cc1C1(O)C2=CC3OC4C(C2)CC(C34)N1C,CC(=O)Nc1ccc(O)cc1,C19H22N2O4,47,C11H15NO2
CC(=O)Nc1ccc(O)cc1C1OC=C2OC23C2OC(=N)C123,CC(=O)Nc1ccc(O)cc1,C15H12N2O5,34,C7H5NO3
CC(=O)Nc1ccc(O)cc1C12NC3(O)CC45C67C8CC81C6C74C25N3,CC(=O)Nc1ccc(O)cc1,C19H17N3O3,42,C11H10N2O
CCC12C(N(C(C)=O)c3ccc(O)cc3)C1C13OC12O3,CC(=O)Nc1ccc(O)cc1,C15H15NO4,35,C7H8O2
CC(=O)Nc1ccc(O)cc1C(C)=NC=C1C=C1,CC(=O)Nc1ccc(O)cc1,C14H14N2O2,32,C6H7N
CC(=O)Nc1ccc(O)c(C2(O)C3NCC4C5C6C(COO)(O3)C5C462)c1,CC(=O)Nc1ccc(O)cc1,C18H20N2O6,46,C10H13NO4
CC(=O)N(c1ccc(O)cc1)C1CC=CCC2(N1)C1CN3C1C(C)C32,CC(=O)Nc1ccc(O)cc1,C20H25N3O2,50,C12H18N2
CC(=O)Nc1ccc(O)c(CNCOC=N)c1,CC(=O)Nc1ccc(O)cc1,C11H15N3O3,32,C3H8N2O
CC(=O)Nc1ccc(O)c(C2(C)CCCC2OO)c1,CC(=O)Nc1ccc(O)cc1,C14H19NO4,38,C6H12O2
CC(=O)Nc1ccc(O)c(C23C4ON2C32C3CC2C4O3)c1,CC(=O)Nc1ccc(O)cc1,C15H14N2O4,35,C7H7NO2
CC(=O)N(c1ccc(O)cc1)C1C23C4CN5C6(N)C(CO4)C2C15C36,CC(=O)Nc1ccc(O)cc1,C18H19N3O3,43,C10H12N2O
CC(=O)Nc1ccc(O)c(C2(N=N)C3CCC4=CC2(C3)C(C)C4)c1,CC(=O)Nc1ccc(O)cc1,C19H23N3O2,47,C11H16N2
O=C(CC12C3C4C5C6=CC1(C65CO)C432)Nc1ccc(O)cc1,CC(=O)Nc1ccc(O)cc1,C18H15NO3,37,C10H8O
CC(=O)Nc1ccc(O)c(C23COC4N5C2C2(C3CCC2(O)O)C45O)c1,CC(=O)Nc1ccc(O)cc1,C18H20N2O6,46,C10H13NO4
CC(=O)N(c1ccc(O)cc1)C(C)(O)CCO,CC(=O)Nc1ccc(O)cc1,C12H17NO4,34,C4H10O2
CC(=O)Nc1ccc(O)cc1N1C2C=C3C1CC(O)(OC31CN1)C(S)O2,CC(=O)Nc1ccc(O)cc1,C17H19N3O5S,45,C9H12N2O3S
CC(=O)N(c1ccc(O)cc1)C1CC2CC34C5CC6C5OCN2C3C614,CC(=O)Nc1ccc(O)cc1,C20H22N2O3,47,C12H15NO
CC(=O)Nc1ccc(O)c(C2(F)C3CC4=C3C4C2(F)F)c1,CC(=O)Nc1ccc(O)cc1,C15H12F3NO2,33,C7H5F3
COC12CC34OC1C1C(OC5C2N53)C14CC(=O)Nc1ccc(O)cc1,CC(=O)Nc1ccc(O)cc1,C18H18N2O5,43,C10H11NO3
CC(=O)Nc1ccc(O)cc1C1OCOC1C,CC(=O)Nc1ccc(O)cc1,C12H15NO4,32,C4H8O2
CC(=O)Nc1ccc(O)cc1C12C#CC(Cl)C1(Cl)C2,CC(=O)Nc1ccc(O)cc1,C14H11Cl2NO2,30,C6H4Cl2
CC(=O)Nc1ccc(O)c(C23C4C5NC26ONC5C2C5OC23C4C56)c1,CC(=O)Nc1ccc(O)cc1,C18H17N3O4,42,C10H10N2O2
CC(=O)Nc1ccc(O)c(C2CCCC3CC3CCC2)c1,CC(=O)Nc1ccc(O)cc1,C18H25NO2,46,C10H18
CC(=O)Nc1ccc(OC2=C3OC4(Cl)CC5C3C2N54)cc1,CC(=O)Nc1ccc(O)cc1,C15H13ClN2O3,34,C7H6ClNO
O=C(CC12OOC3C4CC5C6OC53C(C41)C62)Nc1ccc(O)cc1,CC(=O)Nc1ccc(O)cc1,C18H17NO5,41,C10H10O3
CCC(OONc1cc(O)ccc1NC(C)=O)C12C=C1NC2,CC(=O)Nc1ccc(O)cc1,C15H19N3O4,41,C7H12N2O2
C=CC(CN(C(C)=O)c1ccc(O)cc1)NO,CC(=O)Nc1ccc(O)cc1,C12H16N2O3,33,C4H9NO
C=NC1(NO)CC2C=C2C(=Cc2cc(O)ccc2NC(C)=O)C(CC)C1,CC(=O)Nc1ccc(O)cc1,C20H25N3O3,51,C12H18N2O
CC(=O)Nc1ccc(O)c(C23C=CN4C(=COC42Cl)C3)c1,CC(=O)Nc1ccc(O)cc1,C15H13ClN2O3,34,C7H6ClNO
CC(=O)Nc1ccc(O)cc1N1C2C3C4N2C2CC5CC6(COC416)NC532,CC(=O)Nc1ccc(O)cc1,C19H20N4O3,46,C11H13N3O
CC(=O)N(c1ccc(O)cc1)N1C2OC(C)C3CC45OC6C4C(C5O2)C361,CC(=O)Nc1ccc(O)cc1,C19H20N2O5,46,C11H13NO3
CC(=O)Nc1ccc(O)cc1C12C3=C1C2C1CC(N)C3C1,CC(=O)Nc1ccc(O)cc1,C17H18N2O2,39,C9H11N
CC(=O)Nc1ccc(O)cc1C1=CC2NCN1CC1C=C(C)C12,CC(=O)Nc1ccc(O)cc1,C18H21N3O2,44,C10H14N2
CC(=O)Nc1ccc(O)cc1C(C)CNCCO,CC(=O)Nc1ccc(O)cc1,C13H20N2O3,38,C5H13NO
CSC(c1cc(O)ccc1NC(C)=O)C(O)O,CC(=O)Nc1ccc(O)cc1,C11H15NO4S,32,C3H8O2S
CC(=O)Nc1ccc(O)cc1C(C)NCN1CC1C,CC(=O)Nc1ccc(O)cc1,C14H21N3O2,40,C6H14N2
CC(=O)N(c1ccc(O)cc1)C1(O)CC(C)OC1O,CC(=O)Nc1ccc(O)cc1,C13H17NO5,36,C5H10O3
CC1NC(CC(=O)Nc2ccc(O)cc2)C(C)OCC1CO,CC(=O)Nc1ccc(O)cc1,C16H24N2O4,46,C8H17NO2
C=c1nc(F)oc1=CC(F)=CN(C(C)=O)c1ccc(O)cc1,CC(=O)Nc1ccc(O)cc1,C15H12F2N2O3,34,C7H5F2NO
CC(=O)N(C1=C=C(N)N1)c1ccc(O)cc1,CC(=O)Nc1ccc(O)cc1,C11H11N3O2,27,C3H4N2
CC(=O)Nc1ccc(O)c(N(O)C2CCCC2)c1,CC(=O)Nc1ccc(O)cc1,C13H18N2O3,36,C5H11NO
O=C(CC1=C2NC3CCC4NCCC13C24)Nc1ccc(O)cc1,CC(=O)Nc1ccc(O)cc1,C18H21N3O2,44,C10H14N2
O=C(COC12C3C4C5CC1C51CC2(N1)C43)Nc1ccc(O)cc1,CC(=O)Nc1ccc(O)cc1,C18H18N2O3,41,C10H11NO
CC(=O)Nc1ccc(O)c(C2C34NC5C6=C(O3)C37C5N(C6C23O)C47)c1,CC(=O)Nc1ccc(O)cc1,C18H15N3O4,40,C10H8N2O2
CC(=O)Nc1ccc(OC2C3CC(O)C45C=C(C3CC4)C25)cc1,CC(=O)Nc1ccc(O)cc1,C19H21NO3,44,C11H14O
CC(=O)Nc1ccc(O)cc1OON1C2C3C4CC1(C4)C1OC34C2C14,CC(=O)Nc1ccc(O)cc1,C18H18N2O5,43,C10H11NO3
CC(=O)Nc1ccc(O)cc1C1=C2C(=CC3=COC3)OC2=C1,CC(=O)Nc1ccc(O)cc1,C17H13NO4,35,C9H6O2
CC(=O)Nc1ccc(OC(C)CC(C)NN)cc1,CC(=O)Nc1ccc(O)cc1,C13H21N3O2,39,C5H14N2
C=C1CC=NC1Oc1cc(O)ccc1NC(C)=O,CC(=O)Nc1ccc(O)cc1,C13H14N2O3,32,C5H7NO
CC(=O)Nc1ccc(O)c(OC23C4=CC(CC42)C3C)c1,CC(=O)Nc1ccc(O)cc1,C16H17NO3,37,C8H10O
CC(=O)Nc1ccc(OC2(O)CNCC(N)CC=C2O)cc1,CC(=O)Nc1ccc(O)cc1,C15H21N3O4,43,C7H14N2O2
COC12CCC3=C(C3O1)C(c1cc(O)ccc1NC(C)=O)C2,CC(=O)Nc1ccc(O)cc1,C17H19NO4,41,C9H12O2
C=CN1C=CSC1N(C(C)=O)c1ccc(O)cc1,CC(=O)Nc1ccc(O)cc1,C13H14N2O2S,32,C5H7NS
CC(=O)Nc1ccc(O)c(C23CC=C(CC2)C2OC3O2)c1,CC(=O)Nc1ccc(O)cc1,C16H17NO4,38,C8H10O2
CC(=O)Nc1ccc(O)cc1C12CC3C1C21C2CC321,CC(=O)Nc1ccc(O)cc1,C16H15NO2,34,C8H8
CC(=O)Nc1ccc(OC23OC4=C5CC5C25NOCC4N35)cc1,CC(=O)Nc1ccc(O)cc1,C16H15N3O4,38,C8H8N2O2
CC(=O)Nc1ccc(O[SH]234C=C5C(N2C3)N54)cc1,CC(=O)Nc1ccc(O)cc1,C12H13N3O2S,31,C4H6N2S
O=C(CC1C23C4CN5C2C26C5(Cl)C12C436)Nc1ccc(O)cc1,CC(=O)Nc1ccc(O)cc1,C17H13ClN2O2,35,C9H6ClN
CC(=O)N(c1ccc(O)cc1)C12CC3C45CC6C7OC4=C7C4C3(C61)C452,CC(=O)Nc1ccc(O)cc1,C21H17NO3,42,C13H10O
CC(=O)Nc1ccc(O)c(C23CCOC2=NC=N3)c1,CC(=O)Nc1ccc(O)cc1,C13H13N3O3,32,C5H6N2O
O=C(CC1CC23COC4OCC2C42C(N1)C32O)Nc1ccc(O)cc1,CC(=O)Nc1ccc(O)cc1,C18H20N2O5,45,C10H13NO3
CC(=O)Nc1ccc(O)c(N2NCCC2CO)c1,CC(=O)Nc1ccc(O)cc1,C12H17N3O3,35,C4H10N2O
CC(=O)Nc1ccc(O)cc1C12OC13C1COC=CC23CC1C,CC(=O)Nc1ccc(O)cc1,C18H19NO4,42,C10H12O2
CC(=O)N(c1ccc(O)cc1)C1(C)C2CC(C)C1O2,CC(=O)Nc1ccc(O)cc1,C15H19NO3,38,C7H12O
CC(=O)Nc1ccc(O)c(C2C3(O)C4CC25C3C42C5C2(N)Cl)c1,CC(=O)Nc1ccc(O)cc1,C17H17ClN2O3,40,C9H10ClNO
CC(=O)Nc1ccc(O)cc1C12CC(CO1)O2,CC(=O)Nc1ccc(O)cc1,C12H13NO4,30,C4H6O2
CC1NCC2CC3=C2C2NC3(CC(=O)Nc3ccc(O)cc3)C12,CC(=O)Nc1ccc(O)cc1,C18H21N3O2,44,C10H14N2
CC(=O)Nc1ccc(O)c(C2CC3CC(C)OC2CNN3)c1,CC(=O)Nc1ccc(O)cc1,C16H23N3O3,45,C8H16N2O
CC(=O)N(c1ccc(O)cc1)N1CC2(C)CC34CC3C2C14,CC(=O)Nc1ccc(O)cc1,C17H20N2O2,41,C9H13N
CC(=O)Nc1ccc(O)c(C23CC4(NC=C42)C(O)C3(O)S)c1,CC(=O)Nc1ccc(O)cc1,C15H16N2O4S,38,C7H9NO2S
CC(=O)Nc1ccc(O)cc1N1CCC23C4=C5C42NC513,CC(=O)Nc1ccc(O)cc1,C15H13N3O2,33,C7H6N2
CC(=O)Nc1ccc(O)c(OCCC2CC3C4C56C(N2)OC5C346)c1,CC(=O)Nc1ccc(O)cc1,C18H20N2O4,44,C10H13NO2
CC(=O)Nc1ccc(O[SH]23=C=C=C2C3)cc1,CC(=O)Nc1ccc(O)cc1,C12H11NO2S,27,C4H4S
CC(=O)Nc1ccc(O)c(C23CC4C(=CC2C)C43Cl)c1,CC(=O)Nc1ccc(O)cc1,C16H16ClNO2,36,C8H9Cl
COC1(c2cc(NC(C)=O)ccc2O)NC2CC1C(O)NC2C,CC(=O)Nc1ccc(O)cc1,C16H23N3O4,46,C8H16N2O2
CC(=O)Nc1ccc(O)c(C2CC34SC56C78NC2(C3O)C5(N7)C486)c1,CC(=O)Nc1ccc(O)cc1,C17H15N3O3S,39,C9H8N2OS
CC(=O)Nc1ccc(O)cc1C1C2CC3C4C5=C4N4C(O)OC2C31C54,CC(=O)Nc1ccc(O)cc1,C19H18N2O4,43,C11H11NO2
O=C(CC1=C2C3CC13C2(F)F)Nc1ccc(O)cc1,CC(=O)Nc1ccc(O)cc1,C14H11F2NO2,30,C6H4F2
CC(=O)Nc1ccc(OCCC2C3(CN)C4=C5C3C542)cc1,CC(=O)Nc1ccc(O)cc1,C17H18N2O2,39,C9H11N
CC(=O)N(c1ccc(O)cc1)C12CCSC3OC4OC41C32,CC(=O)Nc1ccc(O)cc1,C15H15NO4S,36,C7H8O2S
CCC12OC(NC1(O)O)C2c1cc(O)ccc1NC(C)=O,CC(=O)Nc1ccc(O)cc1,C14H18N2O5,39,C6H11NO3
CC(=O)Nc1ccc(O)cc1OC1(N)C2C(C)C3C4C5C4C1C5C32,CC(=O)Nc1ccc(O)cc1,C19H22N2O3,46,C11H15NO
CNN(O)OCC1C=CC1Cc1cc(NC(C)=O)ccc1O,CC(=O)Nc1ccc(O)cc1,C15H21N3O4,43,C7H14N2O2
CC(=O)Nc1ccc(O)c(C23CC45C6C(O2)C3C2OC64C25)c1,CC(=O)Nc1ccc(O)cc1,C17H15NO4,37,C9H8O2
CC(CC(=O)Nc1ccc(O)cc1)C1(O)CN1,CC(=O)Nc1ccc(O)cc1,C12H16N2O3,33,C4H9NO
CC(=O)Nc1ccc(O)c(C2NC3C4=C5C=C(C4)C3C5C(CO)O2)c1,CC(=O)Nc1ccc(O)cc1,C19H20N2O4,45,C11H13NO2
C=NC=NC=COCc1cc(NC(C)=O)ccc1O,CC(=O)Nc1ccc(O)cc1,C13H15N3O3,34,C5H8N2O
CC(=O)Nc1ccc(O)c(C2=C=CC2(Br)C2CC2)c1,CC(=O)Nc1ccc(O)cc1,C15H14BrNO2,33,C7H7Br
CC(=O)N(c1ccc(O)cc1)C(OC=O)C(C)S,CC(=O)Nc1ccc(O)cc1,C12H15NO4S,33,C4H8O2S
CC(=O)Nc1ccc(O)c(C2=C3C4CN5OC2C4C35Cl)c1,CC(=O)Nc1ccc(O)cc1,C15H13ClN2O3,34,C7H6ClNO
O=C(CN1C2=CCC3CCC4=[SH]25C4OC315)Nc1ccc(O)cc1,CC(=O)Nc1ccc(O)cc1,C17H18N2O3S,41,C9H11NOS
CC(=O)Nc1ccc(OOO[PH](=O)O)cc1,CC(=O)Nc1ccc(O)cc1,C8H10NO6P,26,H3O4P
CC(=O)Nc1ccc(O)cc1C1(F)C2=C3C(CF)C(F)C321,CC(=O)Nc1ccc(O)cc1,C15H12F3NO2,33,C7H5F3
CC(=O)Nc1ccc(OCC(N)(O)CC2C(C)C2O)cc1,CC(=O)Nc1ccc(O)cc1,C15H22N2O4,43,C7H15NO2
O=C(CC12C3=C4C5CC6C3C4C6C1C52)Nc1ccc(O)cc1,CC(=O)Nc1ccc(O)cc1,C19H17NO2,39,C11H10
CC(=O)Nc1ccc(O)c(C23C4=C5COCOC(C52)C(N)(C=C4)C3C)c1,CC(=O)Nc1ccc(O)cc1,C20H22N2O4,48,C12H15NO2
C=CNCCCC(N)CC(=O)Nc1ccc(O)cc1,CC(=O)Nc1ccc(O)cc1,C14H21N3O2,40,C6H14N2
CC1CCOCC(CC(=O)Nc2ccc(O)cc2)C1,CC(=O)Nc1ccc(O)cc1,C15H21NO3,40,C7H14O
C=CC1=NC(=C)C(=Nc2cc(O)ccc2NC(C)=O)O1,CC(=O)Nc1ccc(O)cc1,C14H13N3O3,33,C6H6N2O
O=C(CC1NC2CC3CC4=COC1(Cl)C432)Nc1ccc(O)cc1,CC(=O)Nc1ccc(O)cc1,C17H17ClN2O3,40,C9H10ClNO
C=C1CC1CN(O)CCCCc1cc(O)ccc1NC(C)=O,CC(=O)Nc1ccc(O)cc1,C17H24N2O3,46,C9H17NO
CC(=O)Nc1ccc(O)cc1SNC(O)CO,CC(=O)Nc1ccc(O)cc1,C10H14N2O4S,31,C2H7NO2S
CC(=O)Nc1ccc(O)c(C23C4C5CC6(O)C(O)(C(O)OC56C42)C3N)c1,CC(=O)Nc1ccc(O)cc1,C18H20N2O6,46,C10H13NO4
CC(=O)Nc1ccc(O)c(C2OCCC(C)NC2=N)c1,CC(=O)Nc1ccc(O)cc1,C14H19N3O3,39,C6H12N2O
CC(=O)N(CC(C)C1CC1)c1ccc(O)cc1,CC(=O)Nc1ccc(O)cc1,C14H19NO2,36,C6H12
CC(=O)Nc1ccc(OC2C3=NC2C(C)(C)C24C(CC2N4C)O3)cc1,CC(=O)Nc1ccc(O)cc1,C19H23N3O3,48,C11H16N2O
CC(=O)Nc1ccc(O)cc1C1C2C3C4=CC45C3C3=CCCC15C32,CC(=O)Nc1ccc(O)cc1,C21H19NO2,43,C13H12
CC(=O)Nc1ccc(O)c(-c2cccc(F)c2)c1,CC(=O)Nc1ccc(O)cc1,C14H12FNO2,30,C6H5F
CC(=O)Nc1ccc(O)cc1C12CCNC34OC5C(C31)C1C5C142,CC(=O)Nc1ccc(O)cc1,C18H18N2O3,41,C10H11NO
CC(=O)Nc1ccc(O)c(C(F)(F)CF)c1,CC(=O)Nc1ccc(O)cc1,C10H10F3NO2,26,C2H3F3
C=CC1(C)CCC(C)C1CCC(=O)Nc1ccc(O)cc1,CC(=O)Nc1ccc(O)cc1,C18H25NO2,46,C10H18
CC(=O)Nc1ccc(O)cc1N1C2=C(N)C3=CC1C(C3C)C2N,CC(=O)Nc1ccc(O)cc1,C17H20N4O2,43,C9H13N3
CC(=O)Nc1ccc(OC2N=CC(C=O)CC2C)cc1,CC(=O)Nc1ccc(O)cc1,C15H18N2O3,38,C7H11NO
CC(=O)N(c1ccc(O)cc1)C12CC34CC(O1)C1=C5CC13C54C2,CC(=O)Nc1ccc(O)cc1,C19H17NO3,40,C11H10O
CC(=O)Nc1ccc(O)cc1C1ONC=CC12CC2,CC(=O)Nc1ccc(O)cc1,C14H16N2O3,35,C6H9NO
CC(=O)Nc1ccc(O)c(OC23COC2C2CC3C3(C2)NCS3)c1,CC(=O)Nc1ccc(O)cc1,C17H20N2O4S,44,C9H13NO2S
COC1=C2C34CC12C1(OCC31c1cc(NC(C)=O)ccc1O)O4,CC(=O)Nc1ccc(O)cc1,C17H15NO5,38,C9H8O3
CC(=O)Nc1ccc(O)c(C23CC45CCC6CC(OC(=C2C63)O4)O5)c1,CC(=O)Nc1ccc(O)cc1,C19H19NO5,44,C11H12O3
CC(=O)Nc1ccc(O)cc1C1(O)CCC(CCO)C1,CC(=O)Nc1ccc(O)cc1,C15H21NO4,41,C7H14O2
CC(=O)Nc1ccc(O)c(CC2OC2N(CS)OO)c1,CC(=O)Nc1ccc(O)cc1,C12H16N2O5S,36,C4H9NO3S
CC(=O)Nc1ccc(OOCC2(CO)N(O)N3C45C6C37C64C257)cc1,CC(=O)Nc1ccc(O)cc1,C16H15N3O5,39,C8H8N2O3
CC(=O)Nc1ccc(O)c(C2C3C4=C(Cl)C(Cl)C432)c1,CC(=O)Nc1ccc(O)cc1,C14H11Cl2NO2,30,C6H4Cl2
CC(=O)Nc1ccc(O)cc1C1N=CC2OC21,CC(=O)Nc1ccc(O)cc1,C12H12N2O3,29,C4H5NO
CC(=O)Nc1ccc(O)cc1CC(C)CCO,CC(=O)Nc1ccc(O)cc1,C13H19NO3,36,C5H12O
CC(=O)N(c1ccc(O)cc1)C12SC(NOO)C3=C4C(NC3C41)C2O,CC(=O)Nc1ccc(O)cc1,C16H17N3O5S,42,C8H10N2O3S
CC(=O)Nc1ccc(O)cc1CC(=O)CN,CC(=O)Nc1ccc(O)cc1,C11H14N2O3,30,C3H7NO
CC(=O)Nc1ccc(O)c(C2C3CC45C6c7on(c7C4(N3)C65)N2CO)c1,CC(=O)Nc1ccc(O)cc1,C18H18N4O4,44,C10H11N3O2
CCC(CC)CC(C)CCCC(=O)Nc1ccc(O)cc1,CC(=O)Nc1ccc(O)cc1,C18H29NO2,50,C10H22
CC(=O)Nc1ccc(OC2C3C#CC2(C)C(C(O)O)C3)cc1,CC(=O)Nc1ccc(O)cc1,C17H19NO4,41,C9H12O2
CC(=O)Nc1ccc(O)c(C23C4CNC45C2C53)c1,CC(=O)Nc1ccc(O)cc1,C14H14N2O2,32,C6H7N
CC(=O)Nc1ccc(O)cc1C12C3CC4OCC1C1(C)C4C2C31,CC(=O)Nc1ccc(O)cc1,C19H21NO3,44,C11H14O
C=C1C23C(N(C(C)=O)c4ccc(O)cc4)N4C2C25ON(C)C12C4C(O)C35,CC(=O)Nc1ccc(O)cc1,C19H19N3O4,45,C11H12N2O2
CC(=O)Nc1ccc(O)cc1C12C3CC14N=C1C2N2C3NC124,CC(=O)Nc1ccc(O)cc1,C16H14N4O2,36,C8H7N3
O=C(COO[PH](=O)O)Nc1ccc(O)cc1,CC(=O)Nc1ccc(O)cc1,C8H10NO6P,26,H3O4P
CC(=O)Nc1ccc(O)c(C23C4C5=CC5CC25C2CC53C24)c1,CC(=O)Nc1ccc(O)cc1,C19H17NO2,39,C11H10
CCCC(C)C(O)N(C(C)=O)c1ccc(O)cc1,CC(=O)Nc1ccc(O)cc1,C14H21NO3,39,C6H14O
C=CC(CC)C(CCO)OOc1ccc(NC(C)=O)cc1,CC(=O)Nc1ccc(O)cc1,C16H23NO4,44,C8H16O2
CC(=O)Nc1ccc(OC23OCC2O3)cc1,CC(=O)Nc1ccc(O)cc1,C11H11NO4,27,C3H4O2
C=CN=c1oc(-c2cc(O)ccc2NC(C)=O)cs1,CC(=O)Nc1ccc(O)cc1,C13H12N2O3S,31,C5H5NOS
CC(=O)N(c1ccc(O)cc1)C12C3C4CCC(=N)C45C1C352,CC(=O)Nc1ccc(O)cc1,C17H16N2O2,37,C9H9N
CC(N)C1C2CC3(CC(=O)Nc4ccc(O)cc4)N2N13,CC(=O)Nc1ccc(O)cc1,C14H18N4O2,38,C6H11N3
CC(=O)Nc1ccc(O)cc1C12CC13C2=CC31OC1Cl,CC(=O)Nc1ccc(O)cc1,C15H12ClNO3,32,C7H5ClO
CC(=O)Nc1ccc(O)cc1C1(C)C2C3CC4C2(N)C34C1C,CC(=O)Nc1ccc(O)cc1,C18H22N2O2,44,C10H15N
CCNC(C)N1CC(c2cc(O)ccc2NC(C)=O)C2CC2O1,CC(=O)Nc1ccc(O)cc1,C17H25N3O3,48,C9H18N2O
CC(=O)Nc1ccc(OC2(O)N3C(SOO)C4CC5=CC2(N)C53C4)cc1,CC(=O)Nc1ccc(O)cc1,C17H19N3O5S,45,C9H12N2O3S
O=C(CC1N2C3NC4(NC5C=C=C53)C2N14)Nc1ccc(O)cc1,CC(=O)Nc1ccc(O)cc1,C16H15N5O2,38,C8H8N4
O=C(CC1NC23C4OC15C41CC1C1C4CC12C435)Nc1ccc(O)cc1,CC(=O)Nc1ccc(O)cc1,C20H18N2O3,43,C12H11NO
CC(=O)Nc1ccc(O)cc1OC(C)(O)CC12C3C4CC5C3C51N42,CC(=O)Nc1ccc(O)cc1,C18H20N2O4,44,C10H13NO2
CC(=O)N(c1ccc(O)cc1)C(F)(F)C(F)(F)C(F)(F)F,CC(=O)Nc1ccc(O)cc1,C11H8F7NO2,29,C3HF7
CC(=O)Nc1ccc(O)c(C23C4CNN2C3N4)c1,CC(=O)Nc1ccc(O)cc1,C12H14N4O2,32,C4H7N3
CC(=O)N(NCC12C3C45CC31C42O5)c1ccc(O)cc1,CC(=O)Nc1ccc(O)cc1,C15H14N2O3,34,C7H7NO
C=C(CCC)c1cc(NC(C)=O)ccc1O,CC(=O)Nc1ccc(O)cc1,C13H17NO2,33,C5H10
COC1CN1OOc1ccc(NC(C)=O)cc1,CC(=O)Nc1ccc(O)cc1,C11H14N2O4,31,C3H7NO2
CC(=O)Nc1ccc(O)cc1C12CC34C(=O)C5OC(=C13)CN4C52,CC(=O)Nc1ccc(O)cc1,C17H14N2O4,37,C9H7NO2
CC(=O)Nc1ccc(O)cc1C12OC34C1C(=CCOO)C1C3(C)NC124,CC(=O)Nc1ccc(O)cc1,C18H18N2O5,43,C10H11NO3
CC(=O)Nc1ccc(O)c(C23CCC4CC(O)N5CC2C32C3(C5)CC432)c1,CC(=O)Nc1ccc(O)cc1,C21H24N2O3,50,C13H17NO
CC(=O)Nc1ccc(O)cc1C1CC12CO2,CC(=O)Nc1ccc(O)cc1,C12H13NO3,29,C4H6O
CC(=O)N(c1ccc(O)cc1)C1CCOC12CNC2,CC(=O)Nc1ccc(O)cc1,C14H18N2O3,37,C6H11NO
CC(=O)Nc1ccc(O)cc1C1(Cl)SC23OC2C=CC1O3,CC(=O)Nc1ccc(O)cc1,C14H12ClNO4S,33,C6H5ClO2S
CC(=O)Nc1ccc(O)cc1C12C3OC4OC5C6C7NC48C3(N56)C18C72,CC(=O)Nc1ccc(O)cc1,C18H15N3O4,40,C10H8N2O2
CC(=O)N(C1=CC2=C=CC13N1CC23N1O)c1ccc(O)cc1,CC(=O)Nc1ccc(O)cc1,C16H13N3O3,35,C8H6N2O
CC(=O)Nc1ccc(OC=CC2=CCO2)cc1,CC(=O)Nc1ccc(O)cc1,C13H13NO3,30,C5H6O
CC(=O)Nc1ccc(O)c(N2CC3CCC24COC34)c1,CC(=O)Nc1ccc(O)cc1,C15H18N2O3,38,C7H11NO
CC(=O)Nc1ccc(O)c(C2C3NOC4=CC5C6=CC32C45C6)c1,CC(=O)Nc1ccc(O)cc1,C18H16N2O3,39,C10H9NO
C=COC1(O)OCN1c1cc(O)ccc1NC(C)=O,CC(=O)Nc1ccc(O)cc1,C12H14N2O5,33,C4H7NO3
CC(=O)Nc1ccc(O)cc1C1=C2OC2C1,CC(=O)Nc1ccc(O)cc1,C12H11NO3,27,C4H4O
C=C(ONO)c1cc(NC(C)=O)ccc1O,CC(=O)Nc1ccc(O)cc1,C10H12N2O4,28,C2H5NO2
O=C(CC1C=C=CN2NOC1O2)Nc1ccc(O)cc1,CC(=O)Nc1ccc(O)cc1,C13H13N3O4,33,C5H6N2O2
CC(=O)Nc1ccc(O)c(C23C4=C5C4C2C52C4CC3N2O4)c1,CC(=O)Nc1ccc(O)cc1,C17H14N2O3,36,C9H7NO
CCC1C(COO)=CCC23CC2(CC(=O)Nc2ccc(O)cc2)C13,CC(=O)Nc1ccc(O)cc1,C19H23NO4,47,C11H16O2
CC(=O)Nc1ccc(OC2=C(C)C=C3N=CC2O3)cc1,CC(=O)Nc1ccc(O)cc1,C15H14N2O3,34,C7H7NO
CC(=O)Nc1ccc(O)c(C23C4C=CC56CC7C5C72OC42CC23C6)c1,CC(=O)Nc1ccc(O)cc1,C21H19NO3,44,C13H12O
CC(=O)N(OC1OC2C3=CC4=C(C)C4(C2CN)N3O1)c1ccc(O)cc1,CC(=O)Nc1ccc(O)cc1,C18H19N3O5,45,C10H12N2O3
CC(=O)Nc1ccc(OOC2(S)C3=C4C3C(O)CC42)cc1,CC(=O)Nc1ccc(O)cc1,C15H15NO4S,36,C7H8O2S
CC(=O)N(c1ccc(O)cc1)N1C2OC34CC13C4S2,CC(=O)Nc1ccc(O)cc1,C13H12N2O3S,31,C5H5NOS
CC(=O)Nc1ccc(O)c(C2(O)C3CC45OC4N5N32)c1,CC(=O)Nc1ccc(O)cc1,C13H13N3O4,33,C5H6N2O2
CNCCCCC(=O)Nc1ccc(O)cc1,CC(=O)Nc1ccc(O)cc1,C12H18N2O2,34,C4H11N
CC(=O)Nc1ccc(O)cc1C1=CC2=CC2C(Cl)O1,CC(=O)Nc1ccc(O)cc1,C14H12ClNO3,31,C6H5ClO
CC(=O)N(c1ccc(O)cc1)C12CC1C1C34C5OC2C2C53C124,CC(=O)Nc1ccc(O)cc1,C18H15NO3,37,C10H8O
CC(=O)Nc1ccc(O)c(C(F)(C(F)(F)F)C(F)(F)C(F)(F)F)c1,CC(=O)Nc1ccc(O)cc1,C12H8F9NO2,32,C4HF9
CNC1C2OC3=CC2(c2cc(NC(C)=O)ccc2O)C2C4C5=CC31C5C42,CC(=O)Nc1ccc(O)cc1,C21H20N2O3,46,C13H13NO
CCC(N)OOC(S)c1cc(NC(C)=O)ccc1O,CC(=O)Nc1ccc(O)cc1,C12H18N2O4S,37,C4H11NO2S
CC(=O)Nc1ccc(O)c(C2=C(F)C3(F)OC4CC3(F)C2=CN4)c1,CC(=O)Nc1ccc(O)cc1,C16H13F3N2O3,37,C8H6F3NO
CC(=O)Nc1ccc(O)cc1OC1OCC2(CO)C1=CC1CC2C1,CC(=O)Nc1ccc(O)cc1,C18H21NO5,45,C10H14O3
CC(=O)Nc1ccc(O)cc1C12C(Cl)C3C4(Cl)CC31N42,CC(=O)Nc1ccc(O)cc1,C14H12Cl2N2O2,32,C6H5Cl2N
CC(=O)Nc1ccc(O)c(C23CC4(F)C5C4C52C3)c1,CC(=O)Nc1ccc(O)cc1,C15H14FNO2,33,C7H7F
CC1C2=C3C(C)C(CC(=O)Nc4ccc(O)cc4)(C3CC2)C1O,CC(=O)Nc1ccc(O)cc1,C19H23NO3,46,C11H16O
O=C(Cn1cnnn1)Nc1ccc(O)cc1,CC(=O)Nc1ccc(O)cc1,C9H9N5O2,25,CH2N4
CC(=O)Nc1ccc(O)cc1C1C2=C3C4CNC(C4O)C321,CC(=O)Nc1ccc(O)cc1,C16H16N2O3,37,C8H9NO
CC(=O)Nc1ccc(O)c(C23N4C5C6=CC7NNC62C3(N7)C54)c1,CC(=O)Nc1ccc(O)cc1,C16H15N5O2,38,C8H8N4
CC(=O)Nc1ccc(O)cc1C1=C2C3C=CCOCC4OC1C2C43,CC(=O)Nc1ccc(O)cc1,C19H19NO4,43,C11H12O2
CC(=O)Nc1ccc(O)c(C2CCCCC2(C)C)c1,CC(=O)Nc1ccc(O)cc1,C16H23NO2,42,C8H16
O=C(CC12C3CNOC4OC15C2NC435)Nc1ccc(O)cc1,CC(=O)Nc1ccc(O)cc1,C15H15N3O4,37,C7H8N2O2
O=C(CC12C3CCC4OC(C(=CCO3)C41)C1NC12)Nc1ccc(O)cc1,CC(=O)Nc1ccc(O)cc1,C20H22N2O4,48,C12H15NO2
CSC1=C2N=C1OC2c1cc(O)ccc1NC(C)=O,CC(=O)Nc1ccc(O)cc1,C13H12N2O3S,31,C5H5NOS
CC(=O)Nc1ccc(O)c(N(C#N)N=N)c1,CC(=O)Nc1ccc(O)cc1,C9H9N5O2,25,CH2N4
CC(=O)Nc1ccc(O)c(C2=CC3ON4C5CC36C=C=C5C2C46)c1,CC(=O)Nc1ccc(O)cc1,C19H16N2O3,40,C11H9NO
CC(=O)Nc1ccc(O)cc1CN(CO)CC(C)C1CC#CC1C=O,CC(=O)Nc1ccc(O)cc1,C19H24N2O4,49,C11H17NO2
CC(=O)Nc1ccc(OC23C4C5C6C54C2C63O)cc1,CC(=O)Nc1ccc(O)cc1,C15H13NO3,32,C7H6O
CC(=O)Nc1ccc(O)c(C23C4=C(C42)N3C(C)F)c1,CC(=O)Nc1ccc(O)cc1,C14H13FN2O2,32,C6H6FN
CC(=O)Nc1ccc(O)cc1C1C2C3C4N5C12C1OCC2C41C325,CC(=O)Nc1ccc(O)cc1,C18H16N2O3,39,C10H9NO
CC(=O)N(c1ccc(O)cc1)C1OC2OC3C(O)C4C5C2C3NOCC451,CC(=O)Nc1ccc(O)cc1,C18H20N2O6,46,C10H13NO4
CC(=O)Nc1ccc(O)cc1C1=C(C(F)CF)C(F)N2C=C12,CC(=O)Nc1ccc(O)cc1,C15H13F3N2O2,35,C7H6F3N
CC(=O)Nc1ccc(O)c(N2CC34N5CC36COC43CC(C)(C26)C53)c1,CC(=O)Nc1ccc(O)cc1,C19H21N3O3,46,C11H14N2O
C=CC1(N(C(C)=O)c2ccc(O)cc2)NC(=C)O1,CC(=O)Nc1ccc(O)cc1,C13H14N2O3,32,C5H7NO
CN1CC2CC3OC4(CC(=O)Nc5ccc(O)cc5)C23C2ONCC214,CC(=O)Nc1ccc(O)cc1,C18H21N3O4,46,C10H14N2O2
CC(=O)N(c1ccc(O)cc1)C12CC3C(C1)C31C2CON1C,CC(=O)Nc1ccc(O)cc1,C17H20N2O3,42,C9H13NO
C=C(c1cc(NC(C)=O)ccc1O)C(C)CCOO,CC(=O)Nc1ccc(O)cc1,C14H19NO4,38,C6H12O2
CC(=O)N(c1ccc(O)cc1)C12CC1(F)C1C3C4N3OC41C2C,CC(=O)Nc1ccc(O)cc1,C17H17FN2O3,40,C9H10FNO
C=CCC1COCCNCC1c1cc(NC(C)=O)ccc1O,CC(=O)Nc1ccc(O)cc1,C17H24N2O3,46,C9H17NO
CC(=O)Nc1ccc(O)c(C2CNCNCN2)c1,CC(=O)Nc1ccc(O)cc1,C12H18N4O2,36,C4H11N3
CC(=O)Nc1ccc(O)c(C(C=CO)C2(CCN)CC2)c1,CC(=O)Nc1ccc(O)cc1,C16H22N2O3,43,C8H15NO
CC(=O)Nc1ccc(O)c(C2(C=C3OC4=C3C4)CCO2)c1,CC(=O)Nc1ccc(O)cc1,C16H15NO4,36,C8H8O2
CC(=O)Nc1ccc(OCC=C2N=CC(=S)O2)cc1,CC(=O)Nc1ccc(O)cc1,C13H12N2O3S,31,C5H5NOS
CC(=O)Nc1ccc(O)c(C23C4CC25C3CC(C2OC3C=C2O3)CN45)c1,CC(=O)Nc1ccc(O)cc1,C20H20N2O4,46,C12H13NO2
CNC1(CCc2cc(NC(C)=O)ccc2O)CC=C=C=C(C)C1,CC(=O)Nc1ccc(O)cc1,C19H24N2O2,47,C11H17N
CC(=O)Nc1ccc(O)c(C2=CC3C(=C(F)Cl)C23)c1,CC(=O)Nc1ccc(O)cc1,C14H11ClFNO2,30,C6H4ClF
CC(=O)Nc1ccc(O)c(C2C3C4NC56OC78C3C(SCN47)C5C268)c1,CC(=O)Nc1ccc(O)cc1,C18H17N3O3S,42,C10H10N2OS
CNOCC1CCC1Oc1ccc(NC(C)=O)cc1,CC(=O)Nc1ccc(O)cc1,C14H20N2O3,39,C6H13NO
CC(=O)Nc1ccc(OC2CC3C4=CC43C2)cc1,CC(=O)Nc1ccc(O)cc1,C15H15NO2,33,C7H8
CC(=O)Nc1ccc(O)c(C23SC45CN2C4C3CCOOO5)c1,CC(=O)Nc1ccc(O)cc1,C15H16N2O5S,39,C7H9NO3S
O=C(COC12C3=CC(C3)CC3C1C32O)Nc1ccc(O)cc1,CC(=O)Nc1ccc(O)cc1,C17H17NO4,39,C9H10O2
O=C(CC12CC3C4=C5C(O1)N5C432)Nc1ccc(O)cc1,CC(=O)Nc1ccc(O)cc1,C15H12N2O3,32,C7H5NO
CC(=O)Nc1ccc(O)c(N(O)C23C4C5=C6C7(CC47)C2CC563)c1,CC(=O)Nc1ccc(O)cc1,C18H16N2O3,39,C10H9NO
CC(=O)N(C=C1COC(O)C1)c1ccc(O)cc1,CC(=O)Nc1ccc(O)cc1,C13H15NO4,33,C5H8O2
CC(=O)Nc1ccc(On2[nH]n2C2=CC=NC23C=N3)cc1,CC(=O)Nc1ccc(O)cc1,C13H12N6O2,33,C5H5N5
CC(=O)N(C1=CCC(C)C1OO)c1ccc(O)cc1,CC(=O)Nc1ccc(O)cc1,C14H17NO4,36,C6H10O2
CC(=O)Nc1ccc(OC2C=CC3C45CC(O4)C23O5)cc1,CC(=O)Nc1ccc(O)cc1,C16H15NO4,36,C8H8O2
CC(=O)Nc1ccc(OC23CC45COC2C4C3C5)cc1,CC(=O)Nc1ccc(O)cc1,C16H17NO3,37,C8H10O
CC(=O)N(c1ccc(O)cc1)C1CC(O)COC2C3C1=C3C2(C)O,CC(=O)Nc1ccc(O)cc1,C18H21NO5,45,C10H14O3
O=C(CC12CC3CN1NC1CC3=C3OCC(C1)C32)Nc1ccc(O)cc1,CC(=O)Nc1ccc(O)cc1,C20H23N3O3,49,C12H16N2O
CC(=O)Nc1ccc(O)c(C23C=C4CN(C2)C2=C(O2)C4ONC3O)c1,CC(=O)Nc1ccc(O)cc1,C17H17N3O5,42,C9H10N2O3
CC(=O)Nc1ccc(O)c(NC23CC45C6(O)C27C4(C3)C657)c1,CC(=O)Nc1ccc(O)cc1,C16H14N2O3,35,C8H7NO
CC(=O)N(c1ccc(O)cc1)C1C2C3NC(C)C24C25OOC14C2=C35,CC(=O)Nc1ccc(O)cc1,C18H16N2O4,40,C10H9NO2
CC(=O)Nc1ccc(O)cc1C1C2=C3C4(N)C5C(CN4C31O)OC25,CC(=O)Nc1ccc(O)cc1,C17H17N3O4,41,C9H10N2O2
CC(=O)Nc1ccc(OC2=C3C4SNCCC3N2C4OO)cc1,CC(=O)Nc1ccc(O)cc1,C15H17N3O4S,40,C7H10N2O2S
CC(=O)N(COC1COCC(C)N1)c1ccc(O)cc1,CC(=O)Nc1ccc(O)cc1,C14H20N2O4,40,C6H13NO2
CCOCOc1cc(NC(C)=O)ccc1O,CC(=O)Nc1ccc(O)cc1,C11H15NO4,31,C3H8O2
CC(=O)Nc1ccc(O)cc1C12OC1C1OC2C2=CN21,CC(=O)Nc1ccc(O)cc1,C14H12N2O4,32,C6H5NO2
CC(=O)Nc1ccc(O)c(C2=C(N)C3=C4N3C3C5OC(C)C24C3O5)c1,CC(=O)Nc1ccc(O)cc1,C18H17N3O4,42,C10H10N2O2
CC(=O)Nc1ccc(OC2=CCC=CS2)cc1,CC(=O)Nc1ccc(O)cc1,C13H13NO2S,30,C5H6S
CC(=O)Nc1ccc(O)cc1C12CCCNC34CC3C1CCN4N=CO2,CC(=O)Nc1ccc(O)cc1,C19H24N4O3,50,C11H17N3O
CCC1CC2CC1(c1cc(O)ccc1NC(C)=O)C2,CC(=O)Nc1ccc(O)cc1,C16H21NO2,40,C8H14
CC(=O)Nc1ccc(O)c(C23CC24OC2(CCl)C(=N3)C24)c1,CC(=O)Nc1ccc(O)cc1,C15H13ClN2O3,34,C7H6ClNO
CC(=O)Nc1ccc(ONC2C3C4N3C3C5C6OC4(C26)C53)cc1,CC(=O)Nc1ccc(O)cc1,C17H17N3O3,40,C9H10N2O
C=C1CC(CC)CN1OOc1cc(NC(C)=O)ccc1O,CC(=O)Nc1ccc(O)cc1,C15H20N2O4,41,C7H13NO2
CC(=O)N(c1ccc(O)cc1)C(F)(F)C(F)(F)C(F)(F)F,CC(=O)Nc1ccc(O)cc1,C11H8F7NO2,29,C3HF7
CCC1CCCNC1NCc1cc(O)ccc1NC(C)=O,CC(=O)Nc1ccc(O)cc1,C16H25N3O2,46,C8H18N2
CC(=O)Nc1ccc(O)c(C23NC(O)CN4CC56CC2(O5)C463)c1,CC(=O)Nc1ccc(O)cc1,C16H17N3O4,40,C8H10N2O2
CC(=O)Nc1ccc(O)c(N(C)COC2CCCC2)c1,CC(=O)Nc1ccc(O)cc1,C15H22N2O3,42,C7H15NO
CC(=O)Nc1ccc(OC23C4=C2C(CF)(C(F)F)C43)cc1,CC(=O)Nc1ccc(O)cc1,C15H12F3NO2,33,C7H5F3
CC(=O)Nc1ccc(O)c(C2N=COC=N2)c1,CC(=O)Nc1ccc(O)cc1,C11H11N3O3,28,C3H4N2O
CC(=O)Nc1ccc(O)cc1C1C2OC34NC3C2C42ON12,CC(=O)Nc1ccc(O)cc1,C14H13N3O4,34,C6H6N2O2
O=C(CC(O)=NCO)Nc1ccc(O)cc1,CC(=O)Nc1ccc(O)cc1,C10H12N2O4,28,C2H5NO2
O=C(CC1=COC2CC1C1CCCC21O)Nc1ccc(O)cc1,CC(=O)Nc1ccc(O)cc1,C18H21NO4,44,C10H14O2
CC(=O)Nc1ccc(O[SH]234C=C2C2N3N24)cc1,CC(=O)Nc1ccc(O)cc1,C11H11N3O2S,28,C3H4N2S
CC(=O)N(c1ccc(O)cc1)C1OC2(C)C(F)=C1C1=CN12,CC(=O)Nc1ccc(O)cc1,C15H13FN2O3,34,C7H6FNO
CC(=O)Nc1ccc(O)c(C23C4C5C=C6CC62C26C5C4C2C36)c1,CC(=O)Nc1ccc(O)cc1,C20H17NO2,40,C12H10
CC(=O)Nc1ccc(O)c(C2(C)COC3=COC2NC3(C)O)c1,CC(=O)Nc1ccc(O)cc1,C16H20N2O5,43,C8H13NO3
CC(=O)Nc1ccc(O)c(C2C(OO)[SH2]34C5NC6C7OC38NC8C65C724)c1,CC(=O)Nc1ccc(O)cc1,C17H19N3O5S,45,C9H12N2O3S
CCN1N=COOCC1C(C)CCOc1ccc(NC(C)=O)cc1,CC(=O)Nc1ccc(O)cc1,C17H25N3O4,49,C9H18N2O2
CC(=O)Nc1ccc(O)cc1C1(C23CNC45CN2C4(C5)C3)CN1,CC(=O)Nc1ccc(O)cc1,C17H20N4O2,43,C9H13N3
CC(=O)Nc1ccc(OC23CCC(CC2O)C3)cc1,CC(=O)Nc1ccc(O)cc1,C15H19NO3,38,C7H12O
CC(=O)Nc1ccc(O)cc1N1OC2C3C24C2CNC5C(C21)C534,CC(=O)Nc1ccc(O)cc1,C17H17N3O3,40,C9H10N2O
CC(=O)Nc1ccc(O)cc1OCC1(O)C2C3C45OCC24C315,CC(=O)Nc1ccc(O)cc1,C16H15NO5,37,C8H8O3
CC(=O)Nc1ccc(OC2CC3CC(C3)ON2)cc1,CC(=O)Nc1ccc(O)cc1,C14H18N2O3,37,C6H11NO
CC(=O)N(c1ccc(O)cc1)C12OC13C=C1C2N2CC4NCC1(N2)C43O,CC(=O)Nc1ccc(O)cc1,C18H18N4O4,44,C10H11N3O2
O=C(CC12N3C4CC1(Cl)C1CC42ON13)Nc1ccc(O)cc1,CC(=O)Nc1ccc(O)cc1,C15H14ClN3O3,36,C7H7ClN2O
CC(=O)Nc1ccc(O)cc1CC12C3C4=C(C)C1(O)CNC(O)(C43)C2O,CC(=O)Nc1ccc(O)cc1,C19H22N2O5,48,C11H15NO3
CC(=O)N(OC1C(O)OC2=CC3C4C2C314)c1ccc(O)cc1,CC(=O)Nc1ccc(O)cc1,C16H15NO5,37,C8H8O3
C=C[SH3](OC1=NCO1)Oc1ccc(NC(C)=O)cc1,CC(=O)Nc1ccc(O)cc1,C12H16N2O4S,35,C4H9NO2S
CCCC1C(C)CCC1CC(=O)Nc1ccc(O)cc1,CC(=O)Nc1ccc(O)cc1,C17H25NO2,45,C9H18
CNCC1(c2cc(O)ccc2NC(C)=O)CNC2OC=CC21O,CC(=O)Nc1ccc(O)cc1,C16H21N3O4,44,C8H14N2O2
CC(=O)Nc1ccc(O)cc1C12NC3CC1C1CC(C)C(C1)C32,CC(=O)Nc1ccc(O)cc1,C19H24N2O2,47,C11H17N
CC(=O)Nc1ccc(O)cc1C1(C)C2OCCC3C1N32,CC(=O)Nc1ccc(O)cc1,C15H18N2O3,38,C7H11NO
CC(=O)Nc1ccc(O)cc1N(ON)C12SCC3C4C5C6=C1C35CC642,CC(=O)Nc1ccc(O)cc1,C18H17N3O3S,42,C10H10N2OS
COC1(CC(=O)Nc2ccc(O)cc2)CC(C)CC=CC1O,CC(=O)Nc1ccc(O)cc1,C17H23NO4,45,C9H16O2
CC(=O)Nc1ccc(OC23C4CC5C2C53N4Cl)cc1,CC(=O)Nc1ccc(O)cc1,C14H13ClN2O2,32,C6H6ClN
CC(=O)Nc1ccc(O[SH]23(Cl)C4=C5C6(OCC52C63)O4)cc1,CC(=O)Nc1ccc(O)cc1,C14H12ClNO4S,33,C6H5ClO2S
CCC(CC)C(C)Oc1ccc(NC(C)=O)cc1,CC(=O)Nc1ccc(O)cc1,C15H23NO2,41,C7H16
CCCCCOc1ccc(NC(C)=O)cc1,CC(=O)Nc1ccc(O)cc1,C13H19NO2,35,C5H12
CC(N)CCCCC(=O)Nc1ccc(O)cc1,CC(=O)Nc1ccc(O)cc1,C13H20N2O2,37,C5H13N
CC(=O)Nc1ccc(O)cc1C1C2CC1C13C(N)=C4C2C1C43,CC(=O)Nc1ccc(O)cc1,C18H18N2O2,40,C10H11N
CC(=O)Nc1ccc(O)cc1C12CC13CC21CCCC2OOC2(CC1)O3,CC(=O)Nc1ccc(O)cc1,C20H23NO5,49,C12H16O3
CC(=O)Nc1ccc(O)c(C23NNC24NC43)c1,CC(=O)Nc1ccc(O)cc1,C11H12N4O2,29,C3H5N3
CC(=O)Nc1ccc(O)cc1C12CC3C=C4NC1(O)C31C3C1(N)C432,CC(=O)Nc1ccc(O)cc1,C18H17N3O3,41,C10H10N2O
O=C(CC1CC23C(Cl)C4C2(Cl)C143)Nc1ccc(O)cc1,CC(=O)Nc1ccc(O)cc1,C15H13Cl2NO2,33,C7H6Cl2
CCCC=CN(C(C)=O)c1ccc(O)cc1,CC(=O)Nc1ccc(O)cc1,C13H17NO2,33,C5H10
CC(=O)Nc1ccc(O)c(C(OC23C=C2O3)C2C=N2)c1,CC(=O)Nc1ccc(O)cc1,C14H12N2O4,32,C6H5NO2
CC(=O)Nc1ccc(O)cc1C(F)(F)C(F)(F)C(F)(F)C(F)(F)F,CC(=O)Nc1ccc(O)cc1,C12H8F9NO2,32,C4HF9
CC(=O)Nc1ccc(O)c(C23C4=C5C4C2N2C4=CC(C)C3C52O4)c1,CC(=O)Nc1ccc(O)cc1,C19H16N2O3,40,C11H9NO
CC(=O)Nc1ccc(O)cc1C1CC(O)C(O)COO1,CC(=O)Nc1ccc(O)cc1,C13H17NO6,37,C5H10O4
CC(=O)Nc1ccc(O)cc1C12NC3C(Cl)C4C3C1C42,CC(=O)Nc1ccc(O)cc1,C15H15ClN2O2,35,C7H8ClN
CONCC1(N(C(C)=O)c2ccc(O)cc2)CCC2OC21,CC(=O)Nc1ccc(O)cc1,C15H20N2O4,41,C7H13NO2
CC(=O)Nc1ccc(O)cc1C1=C2CC13CCNCOC2OC3,CC(=O)Nc1ccc(O)cc1,C17H20N2O4,43,C9H13NO2
CSC(OO)N(C(C)=O)c1ccc(O)cc1,CC(=O)Nc1ccc(O)cc1,C10H13NO4S,29,C2H6O2S
CSOCOc1cc(O)ccc1NC(C)=O,CC(=O)Nc1ccc(O)cc1,C10H13NO4S,29,C2H6O2S
C=CC1=C(Br)C=NC1c1cc(NC(C)=O)ccc1O,CC(=O)Nc1ccc(O)cc1,C14H13BrN2O2,32,C6H6BrN
CC(=O)Nc1ccc(O)c(C23NC4C56C7=C8C5C4(CN26)C87C3O)c1,CC(=O)Nc1ccc(O)cc1,C18H15N3O3,39,C10H8N2O
CCC(CO)Oc1cc(NC(C)=O)ccc1O,CC(=O)Nc1ccc(O)cc1,C12H17NO4,34,C4H10O2
CC(=O)Nc1ccc(ON2Cc3cn2o3)cc1,CC(=O)Nc1ccc(O)cc1,C11H11N3O3,28,C3H4N2O
CC(=O)N(c1ccc(O)cc1)N1C2(C(F)F)C3=C4C(O)C12C43,CC(=O)Nc1ccc(O)cc1,C15H12F2N2O3,34,C7H5F2NO
CC(=O)Nc1ccc(OC(O)CC(C)N)cc1,CC(=O)Nc1ccc(O)cc1,C12H18N2O3,35,C4H11NO
CC(=O)Nc1ccc(O)cc1OCC12CC1O2,CC(=O)Nc1ccc(O)cc1,C12H13NO4,30,C4H6O2
C=NC1C=C1COc1cc(O)ccc1NC(C)=O,CC(=O)Nc1ccc(O)cc1,C13H14N2O3,32,C5H7NO
CC(=O)N(c1ccc(O)cc1)C12C3=C1C3(CCl)CC2Cl,CC(=O)Nc1ccc(O)cc1,C15H13Cl2NO2,33,C7H6Cl2
CC(=O)Nc1ccc(O)c(C2CCCOCOC(C)CC2)c1,CC(=O)Nc1ccc(O)cc1,C17H25NO4,47,C9H18O2
CC12CCC34CC1(CC(=O)Nc1ccc(O)cc1)C1CC3NC4C1N2,CC(=O)Nc1ccc(O)cc1,C20H25N3O2,50,C12H18N2
CC(=O)Nc1ccc(O)cc1C1(C)OC2C3CC4C(O)C1C(CO)=C3C42,CC(=O)Nc1ccc(O)cc1,C20H23NO5,49,C12H16O3
CCC12C3C4(c5cc(O)ccc5NC(C)=O)CC31C1=CN2C14,CC(=O)Nc1ccc(O)cc1,C18H18N2O2,40,C10H11N
CC(=O)Nc1ccc(O)cc1C1(C)C2NC3C4=CC3C2C2C(=N4)C21,CC(=O)Nc1ccc(O)cc1,C19H19N3O2,43,C11H12N2
CC(=O)Nc1ccc(O)c(SC(N)OO)c1,CC(=O)Nc1ccc(O)cc1,C9H12N2O4S,28,CH5NO2S
CC(=O)Nc1ccc(OC(CO)C(O)C=O)cc1,CC(=O)Nc1ccc(O)cc1,C12H15NO5,33,C4H8O3
O=C(CCOC=Cc1cnco1)Nc1ccc(O)cc1,CC(=O)Nc1ccc(O)cc1,C14H14N2O4,34,C6H7NO2
CC(=O)N(c1ccc(O)cc1)C1CCCCC(C)C1,CC(=O)Nc1ccc(O)cc1,C16H23NO2,42,C8H16
CC(=O)Nc1ccc(O)cc1C1=CC12C1=C3CC12N3,CC(=O)Nc1ccc(O)cc1,C15H12N2O2,31,C7H5N
CC(=O)N(c1ccc(O)cc1)C(N)C1CON2C3=CC45C6=CC24C35N61,CC(=O)Nc1ccc(O)cc1,C18H16N4O3,41,C10H9N3O
CC(=O)Nc1ccc(O)cc1C1(F)CCC2C3=C2C31,CC(=O)Nc1ccc(O)cc1,C15H14FNO2,33,C7H7F
CC(=O)Nc1ccc(OC2C=C3CC2O3)cc1,CC(=O)Nc1ccc(O)cc1,C13H13NO3,30,C5H6O
CC(=O)Nc1ccc(O)cc1C12C3C4C35OC41C(O)N(O)C52,CC(=O)Nc1ccc(O)cc1,C15H14N2O5,36,C7H7NO3
CC(=O)Nc1ccc(O)c(C2CNc3c4on3C(O)C42C)c1,CC(=O)Nc1ccc(O)cc1,C15H17N3O4,39,C7H10N2O2
C=C1C2C(CC3OCC3N(C(C)=O)c3ccc(O)cc3)C12,CC(=O)Nc1ccc(O)cc1,C17H19NO3,40,C9H12O
O=C(CC1OCC(CCOO)O1)Nc1ccc(O)cc1,CC(=O)Nc1ccc(O)cc1,C13H17NO6,37,C5H10O4
CC(=O)Nc1ccc(OCC2(CF)C=C3OC32C#N)cc1,CC(=O)Nc1ccc(O)cc1,C15H13FN2O3,34,C7H6FNO
CC(=O)Nc1ccc(O)cc1C1CC2CN(O)C1C2C,CC(=O)Nc1ccc(O)cc1,C15H20N2O3,40,C7H13NO
CNOC1C2=C3C4=CC5(C41)C1C2(c2cc(NC(C)=O)ccc2O)CC315,CC(=O)Nc1ccc(O)cc1,C20H18N2O3,43,C12H11NO
CC(CC(O)OO)C(CC(=O)Nc1ccc(O)cc1)N1C=CC1,CC(=O)Nc1ccc(O)cc1,C16H22N2O5,45,C8H15NO3
CC(=O)Nc1ccc(O)cc1C12C3C4C(O)CC15C4C5C32,CC(=O)Nc1ccc(O)cc1,C17H17NO3,38,C9H10O
CC(=O)Nc1ccc(O)c(NC2CC(C=O)C2)c1,CC(=O)Nc1ccc(O)cc1,C13H16N2O3,34,C5H9NO
CCC12C(O)N3C4C5CC3C1(CC(=O)Nc1ccc(O)cc1)C1N4C512,CC(=O)Nc1ccc(O)cc1,C19H21N3O3,46,C11H14N2O
CC(=O)Nc1ccc(O)c(C2(C)CCNC(N)C2)c1,CC(=O)Nc1ccc(O)cc1,C14H21N3O2,40,C6H14N2
CC(=O)Nc1ccc(O)c(CC23C4CC2(C)C32OC3C(O4)C3C2O)c1,CC(=O)Nc1ccc(O)cc1,C19H21NO5,46,C11H14O3
CC(=O)Nc1ccc(O)cc1OC1C=CC2C=CCC(C1)N2C,CC(=O)Nc1ccc(O)cc1,C18H22N2O3,45,C10H15NO
C=CC1(c2cc(O)ccc2NC(C)=O)COC(O)N1C,CC(=O)Nc1ccc(O)cc1,C14H18N2O4,38,C6H11NO2
CC(=O)Nc1ccc(O)cc1C12CC34NC=C1C(O3)C2O4,CC(=O)Nc1ccc(O)cc1,C15H14N2O4,35,C7H7NO2
CC(=O)N(c1ccc(O)cc1)C(N)(O)C1CC(O)=C=CC12OC1=CC2O1,CC(=O)Nc1ccc(O)cc1,C18H18N2O6,44,C10H11NO4
CC(=O)Nc1ccc(O)c(N=c2[nH]cco2)c1,CC(=O)Nc1ccc(O)cc1,C11H11N3O3,28,C3H4N2O
C=C1CCCC1(C)C(CC)CC(=O)Nc1ccc(O)cc1,CC(=O)Nc1ccc(O)cc1,C18H25NO2,46,C10H18
CC(=O)Nc1ccc(OC2CC34CSC3N24)cc1,CC(=O)Nc1ccc(O)cc1,C13H14N2O2S,32,C5H7NS
CC(=O)Nc1ccc(O)cc1C12COC3=CC4C15CCN2C45C3(C)C,CC(=O)Nc1ccc(O)cc1,C20H22N2O3,47,C12H15NO
O=C(CNC1C(O)C2CC3C4=CCC15ON3C4C25)Nc1ccc(O)cc1,CC(=O)Nc1ccc(O)cc1,C19H21N3O4,47,C11H14N2O2
CC(=O)Nc1ccc(O)c(C2CC(C3C(=N)CC4CC43)=CO2)c1,CC(=O)Nc1ccc(O)cc1,C18H20N2O3,43,C10H13NO
CC(=O)Nc1ccc(O)cc1C12N3C4C5SC16C3C62C54N,CC(=O)Nc1ccc(O)cc1,C15H13N3O2S,34,C7H6N2S
CC(=O)N(c1ccc(O)cc1)C12C3C4N5C6C7NC51NC74C6N32,CC(=O)Nc1ccc(O)cc1,C16H15N5O2,38,C8H8N4
CC(=O)Nc1ccc(O)c(C23CC2ON2C4C5N3C452)c1,CC(=O)Nc1ccc(O)cc1,C14H13N3O3,33,C6H6N2O
CCC12NC3N(c4cc(NC(C)=O)ccc4O)CCC14OC324,CC(=O)Nc1ccc(O)cc1,C16H19N3O3,41,C8H12N2O
CCN1C2CNC3=CC3=CC(N2)C1Oc1cc(NC(C)=O)ccc1O,CC(=O)Nc1ccc(O)cc1,C18H22N4O3,47,C10H15N3O
CC(=O)Nc1ccc(O)cc1C1=C2CC3C4N3C14OOCC2SO,CC(=O)Nc1ccc(O)cc1,C16H16N2O5S,40,C8H9NO3S
CC(=O)Nc1ccc(O)c(C2C3=CCC4NCC5C(=CC45)OC2C3)c1,CC(=O)Nc1ccc(O)cc1,C20H22N2O3,47,C12H15NO
C=C1C2=NOC3C(C1c1cc(O)ccc1NC(C)=O)C23F,CC(=O)Nc1ccc(O)cc1,C15H13FN2O3,34,C7H6FNO
CCCCCCC(=O)Nc1ccc(O)cc1,CC(=O)Nc1ccc(O)cc1,C13H19NO2,35,C5H12
CC(=O)Nc1ccc(O)c(C23C=C4C(N2)C4C24NC32CO4)c1,CC(=O)Nc1ccc(O)cc1,C16H15N3O3,37,C8H8N2O
CC(=O)Nc1ccc(O)c(C23C4C(O)C(C)C5C2C4C53O)c1,CC(=O)Nc1ccc(O)cc1,C17H19NO4,41,C9H12O2
COOC(C)N(C(C)=O)c1ccc(O)cc1,CC(=O)Nc1ccc(O)cc1,C11H15NO4,31,C3H8O2
CC1CCCC=C(CC(=O)Nc2ccc(O)cc2)C2OONC3C=C2C13,CC(=O)Nc1ccc(O)cc1,C20H24N2O4,50,C12H17NO2
CC(=O)Nc1ccc(OC23N4CC5C6CN7C28C6ONC4C73C58)cc1,CC(=O)Nc1ccc(O)cc1,C18H18N4O3,43,C10H11N3O
O=C(CC1CC2(CO)C3COC4N5C2C3C145)Nc1ccc(O)cc1,CC(=O)Nc1ccc(O)cc1,C18H20N2O4,44,C10H13NO2
CCC1CC2(N(C(C)=O)c3ccc(O)cc3)CNC12,CC(=O)Nc1ccc(O)cc1,C15H20N2O2,39,C7H13N
CC(=O)N(c1ccc(O)cc1)C1OCC1C1(C)OO1,CC(=O)Nc1ccc(O)cc1,C13H15NO5,34,C5H8O3
CC(=O)Nc1ccc(OC2CC34N=C3C3(C=C43)O2)cc1,CC(=O)Nc1ccc(O)cc1,C15H12N2O3,32,C7H5NO
N=C(CC(=O)Nc1ccc(O)cc1)N1C#CCC#CC1,CC(=O)Nc1ccc(O)cc1,C15H13N3O2,33,C7H6N2
CC(=O)Nc1ccc(O)c(C2C3CC4(CC2(O)OO)C2CC324)c1,CC(=O)Nc1ccc(O)cc1,C17H19NO5,42,C9H12O3
C=C1N2C3CC1(c1cc(NC(C)=O)ccc1O)N32,CC(=O)Nc1ccc(O)cc1,C13H13N3O2,31,C5H6N2
CCCC(C)CN(C(C)=O)c1ccc(O)cc1,CC(=O)Nc1ccc(O)cc1,C14H21NO2,38,C6H14
O=C(CC1OC2C34NC23C1CO4)Nc1ccc(O)cc1,CC(=O)Nc1ccc(O)cc1,C14H14N2O4,34,C6H7NO2
CC(=O)Nc1ccc(O)c(NC2CNC=COOC2C)c1,CC(=O)Nc1ccc(O)cc1,C14H19N3O4,40,C6H12N2O2
CC(=O)Nc1ccc(OCC=C2NCO2)cc1,CC(=O)Nc1ccc(O)cc1,C12H14N2O3,31,C4H7NO
C=COOC(=CO)Oc1ccc(NC(C)=O)cc1,CC(=O)Nc1ccc(O)cc1,C12H13NO5,31,C4H6O3
CC(=O)Nc1ccc(O)cc1C12C3C4CC56CN(C31)C(O5)C62C4,CC(=O)Nc1ccc(O)cc1,C18H18N2O3,41,C10H11NO
CC(=O)Nc1ccc(O)c(OCCCC(C)C)c1,CC(=O)Nc1ccc(O)cc1,C14H21NO3,39,C6H14O
CC(=O)Nc1ccc(O)cc1N1CNC2C3CC321,CC(=O)Nc1ccc(O)cc1,C13H15N3O2,33,C5H8N2
CC(=O)N(c1ccc(O)cc1)C1CC23CCC45C=C2C3(N4)N15,CC(=O)Nc1ccc(O)cc1,C17H17N3O2,39,C9H10N2
CC(=O)Nc1ccc(O)cc1C12C3OCCONC14C1C2C314,CC(=O)Nc1ccc(O)cc1,C16H16N2O4,38,C8H9NO2
CC(=O)N(c1ccc(O)cc1)c1cc2ccc1nc2,CC(=O)Nc1ccc(O)cc1,C15H12N2O2,31,C7H5N
CC(=O)Nc1ccc(O)cc1CNCC1CC(C)C1,CC(=O)Nc1ccc(O)cc1,C15H22N2O2,41,C7H15N
COC1CC1(C)c1cc(O)ccc1NC(C)=O,CC(=O)Nc1ccc(O)cc1,C13H17NO3,34,C5H10O
C=C(OCc1cc(O)ccc1NC(C)=O)C1C(O)CC2C3CC3(N)C21,CC(=O)Nc1ccc(O)cc1,C19H24N2O4,49,C11H17NO2
CC(=O)Nc1ccc(O)cc1C1(C)OC23CCNC1OC=C2C1(CC1)N3,CC(=O)Nc1ccc(O)cc1,C19H23N3O4,49,C11H16N2O2
O=C(COCC12C=C(O)C1NC=CC2)Nc1ccc(O)cc1,CC(=O)Nc1ccc(O)cc1,C16H18N2O4,40,C8H11NO2
CC(=O)Nc1ccc(O)cc1C1OCOO1,CC(=O)Nc1ccc(O)cc1,C10H11NO5,27,C2H4O3
CC(=O)Nc1ccc(OC23CC4NC(C)(O)C2C43)cc1,CC(=O)Nc1ccc(O)cc1,C15H18N2O3,38,C7H11NO
CC(=O)Nc1ccc(O)c(N2C(NC(N)O)C23C=C=C3)c1,CC(=O)Nc1ccc(O)cc1,C14H16N4O3,37,C6H9N3O
CC(=O)Nc1ccc(O)cc1C1CC23C=NC12C3,CC(=O)Nc1ccc(O)cc1,C14H14N2O2,32,C6H7N
CC(=O)N(c1ccc(O)cc1)C12C(O)=C3CC4C(C1O)C3(O)N42,CC(=O)Nc1ccc(O)cc1,C16H16N2O5,39,C8H9NO3
O=C(CC1CC2C3CN2OC13)Nc1ccc(O)cc1,CC(=O)Nc1ccc(O)cc1,C14H16N2O3,35,C6H9NO
O=C(CN1C=CC2NC(C1)C2O)Nc1ccc(O)cc1,CC(=O)Nc1ccc(O)cc1,C14H17N3O3,37,C6H10N2O
NCC1(CC(=O)Nc2ccc(O)cc2)C2C3C45C6=C7C32C7(CC64)C12OC52,CC(=O)Nc1ccc(O)cc1,C21H18N2O3,44,C13H11NO
O=C(CC12C3=[SH3]C45CC(NOC341)OC52)Nc1ccc(O)cc1,CC(=O)Nc1ccc(O)cc1,C15H16N2O4S,38,C7H9NO2S
CC(=O)Nc1ccc(O)c(C23OC4C=C5C(OC42)C53O)c1,CC(=O)Nc1ccc(O)cc1,C15H13NO5,34,C7H6O3
CNOC1(c2cc(O)ccc2NC(C)=O)NC2=C3C2CCC31O,CC(=O)Nc1ccc(O)cc1,C16H19N3O4,42,C8H12N2O2
COC1=C=C(C2CC2c2cc(NC(C)=O)ccc2O)CC=N1,CC(=O)Nc1ccc(O)cc1,C17H18N2O3,40,C9H11NO
CC(=O)Nc1ccc(O)cc1COC=C1Cc2cn1o2,CC(=O)Nc1ccc(O)cc1,C14H14N2O4,34,C6H7NO2
C=CC(CCC)c1cc(O)ccc1NC(C)=O,CC(=O)Nc1ccc(O)cc1,C14H19NO2,36,C6H12
CC(=O)Nc1ccc(O)cc1COC1CC23NC4SC2(O1)N43,CC(=O)Nc1ccc(O)cc1,C14H15N3O4S,37,C6H8N2O2S
CCC1C2N[SH]3(O)(c4cc(O)ccc4NC(C)=O)CC12O3,CC(=O)Nc1ccc(O)cc1,C14H20N2O4S,41,C6H13NO2S
CC(=O)Nc1ccc(O)c(C(CO)CCN)c1,CC(=O)Nc1ccc(O)cc1,C12H18N2O3,35,C4H11NO
O=C(CC12CC3CC4C5=C(N6C5=C1C36)C42O)Nc1ccc(O)cc1,CC(=O)Nc1ccc(O)cc1,C19H16N2O3,40,C11H9NO
CC(=O)Nc1ccc(OC2C3OCC(C(O)C(C)O)N32)cc1,CC(=O)Nc1ccc(O)cc1,C15H20N2O5,42,C7H13NO3
CCC(CO)C(=N)c1cc(NC(C)=O)ccc1O,CC(=O)Nc1ccc(O)cc1,C13H18N2O3,36,C5H11NO
CCC12OC34CC5CC1(CO)C32C5(N(C(C)=O)c1ccc(O)cc1)C4,CC(=O)Nc1ccc(O)cc1,C20H23NO4,48,C12H16O2
C=CC(COOON(C(C)=O)c1ccc(O)cc1)C12C=C1C2,CC(=O)Nc1ccc(O)cc1,C16H17NO5,39,C8H10O3
CC(=O)N(c1ccc(O)cc1)C12CC3C4C3C(F)(N1)C42,CC(=O)Nc1ccc(O)cc1,C15H15FN2O2,35,C7H8FN
CC(=O)Nc1ccc(OC23C#CON(Cl)C4CC2C43)cc1,CC(=O)Nc1ccc(O)cc1,C15H13ClN2O3,34,C7H6ClNO
NC1C2CC3(C1N)C2N3CC(=O)Nc1ccc(O)cc1,CC(=O)Nc1ccc(O)cc1,C14H18N4O2,38,C6H11N3
CC(=O)Nc1ccc(OOOO[PH2]=O)cc1,CC(=O)Nc1ccc(O)cc1,C8H10NO6P,26,H3O4P
CC(=O)Nc1ccc(O)c(C23C4C5C2C4(OO)C2=C=CC253)c1,CC(=O)Nc1ccc(O)cc1,C17H13NO4,35,C9H6O2
CC(=O)Nc1ccc(OC2CC(C)NOO2)cc1,CC(=O)Nc1ccc(O)cc1,C12H16N2O4,34,C4H9NO2
CC(=O)Nc1ccc(O)c(NC(O)C=O)c1,CC(=O)Nc1ccc(O)cc1,C10H12N2O4,28,C2H5NO2
C=CNCCCC(C)N(C(C)=O)c1ccc(O)cc1,CC(=O)Nc1ccc(O)cc1,C15H22N2O2,41,C7H15N
CC(=O)Nc1ccc(O)c(C23CCC[SH]45=C2C26ON4C3C2C65)c1,CC(=O)Nc1ccc(O)cc1,C17H18N2O3S,41,C9H11NOS
CC(=O)N(c1ccc(O)cc1)C1C2CC3CC4(NO3)C3N4NC213,CC(=O)Nc1ccc(O)cc1,C16H18N4O3,41,C8H11N3O
CC(=O)Nc1ccc(O)cc1C12ON3C45CN1C1C6C4(CN12)C635,CC(=O)Nc1ccc(O)cc1,C16H14N4O3,37,C8H7N3O
CCC(O)CNCC=CN(C(C)=O)c1ccc(O)cc1,CC(=O)Nc1ccc(O)cc1,C15H22N2O3,42,C7H15NO
CNC1CCCC(CC(=O)Nc2ccc(O)cc2)CC1,CC(=O)Nc1ccc(O)cc1,C16H24N2O2,44,C8H17N
CC(=O)Nc1ccc(OC23C4CC2(O)C43)cc1,CC(=O)Nc1ccc(O)cc1,C13H13NO3,30,C5H6O
CC(=O)Nc1ccc(O)cc1C1OC23CC1=CC21N2CC231,CC(=O)Nc1ccc(O)cc1,C16H14N2O3,35,C8H7NO
CC(=O)Nc1ccc(O)c(OC2C3=C4C(OC3)C42)c1,CC(=O)Nc1ccc(O)cc1,C14H13NO4,32,C6H6O2
CC(=O)Nc1ccc(O)cc1CC12C3N=C(F)C1C32,CC(=O)Nc1ccc(O)cc1,C14H13FN2O2,32,C6H6FN
CCC12CC(c3cc(NC(C)=O)ccc3O)C1N=CN2,CC(=O)Nc1ccc(O)cc1,C15H19N3O2,39,C7H12N2
CC(=O)N(c1ccc(O)cc1)C1C2C=C3N1C32Cl,CC(=O)Nc1ccc(O)cc1,C13H11ClN2O2,29,C5H4ClN
CC(=O)Nc1ccc(OC23CC4C56C(=N)C45N2C(C)C36)cc1,CC(=O)Nc1ccc(O)cc1,C17H17N3O2,39,C9H10N2
CCCC12CC3(Oc4ccc(NC(C)=O)cc4)C4CC3C1C42,CC(=O)Nc1ccc(O)cc1,C19H23NO2,45,C11H16
C=C(O)CCCC(=O)Nc1ccc(O)cc1,CC(=O)Nc1ccc(O)cc1,C12H15NO3,31,C4H8O
CC(=O)Nc1ccc(O)cc1C1(NO)C2CC3C4C5C(C3C51O)N42,CC(=O)Nc1ccc(O)cc1,C17H19N3O4,43,C9H12N2O2
C=NNC(C)(CO)c1cc(NC(C)=O)ccc1O,CC(=O)Nc1ccc(O)cc1,C12H17N3O3,35,C4H10N2O
CC(=O)N(c1ccc(O)cc1)C1CCOC2(O)C3C14CSC324,CC(=O)Nc1ccc(O)cc1,C16H17NO4S,39,C8H10O2S
CC(=O)N(c1ccc(O)cc1)C12CC(C=O)OC13CC32,CC(=O)Nc1ccc(O)cc1,C15H15NO4,35,C7H8O2
CCC(OCO)c1cc(NC(C)=O)ccc1O,CC(=O)Nc1ccc(O)cc1,C12H17NO4,34,C4H10O2
CC(=O)Nc1ccc(O)cc1C12C(N)C3=C4N5CC56CC61C342,CC(=O)Nc1ccc(O)cc1,C17H15N3O2,37,C9H8N2
CC(=O)Nc1ccc(O)cc1C1C2=C(F)C13CC3C(F)C2F,CC(=O)Nc1ccc(O)cc1,C16H14F3NO2,36,C8H7F3
CC(=O)Nc1ccc(O)c(OC23C(=N)C4C5C6C47CC(O)C2C56C37N)c1,CC(=O)Nc1ccc(O)cc1,C19H19N3O4,45,C11H12N2O2
CC(=O)Nc1ccc(O)c(C23C4C(C42)N3C2OC=C3CC3O2)c1,CC(=O)Nc1ccc(O)cc1,C17H16N2O4,39,C9H9NO2
CC(OCC(=O)Nc1ccc(O)cc1)C1C#CC=C2CN1O2,CC(=O)Nc1ccc(O)cc1,C16H16N2O4,38,C8H9NO2
CC(=O)Nc1ccc(O)cc1C12C3OC(C(C)O)NC14C1CC15C3(O)C542,CC(=O)Nc1ccc(O)cc1,C19H20N2O5,46,C11H13NO3
CCC1(OC)C(Oc2ccc(NC(C)=O)cc2)OC2CC1C1C=C21,CC(=O)Nc1ccc(O)cc1,C19H23NO4,47,C11H16O2
CC(=O)N(c1ccc(O)cc1)C12OC(N=CS1)C2=N,CC(=O)Nc1ccc(O)cc1,C12H11N3O3S,30,C4H4N2OS
NN(O)CC1CC23C(CC(=O)Nc4ccc(O)cc4)CC4C5C2(C1)C453,CC(=O)Nc1ccc(O)cc1,C19H23N3O3,48,C11H16N2O
CC(=O)Nc1ccc(O)cc1C12C3C4CC15N=NC51N3C4N21,CC(=O)Nc1ccc(O)cc1,C15H13N5O2,35,C7H6N4
CC(=O)Nc1ccc(O)c(C23OC4=C5OC(CNN52)C43)c1,CC(=O)Nc1ccc(O)cc1,C14H13N3O4,34,C6H6N2O2
CC(=O)N(CC(C)CCCN)c1ccc(O)cc1,CC(=O)Nc1ccc(O)cc1,C14H22N2O2,40,C6H15N
C#CC12CCCC(C(N=C)NCC(=O)Nc3ccc(O)cc3)(C1)C2,CC(=O)Nc1ccc(O)cc1,C19H23N3O2,47,C11H16N2
CC(=O)Nc1ccc(O)c(C2(O)C=CO2)c1,CC(=O)Nc1ccc(O)cc1,C11H11NO4,27,C3H4O2
CCC1CON2C3(c4cc(NC(C)=O)ccc4O)OC14C3C1=CC24N1,CC(=O)Nc1ccc(O)cc1,C18H19N3O4,44,C10H12N2O2
CC(=O)Nc1ccc(OOC2C3=C4C3C3N5CCC23OC2C4N25)cc1,CC(=O)Nc1ccc(O)cc1,C18H17N3O4,42,C10H10N2O2
CC(=O)Nc1ccc(OC23C4C5C6NC47C6N4C(N72)C543)cc1,CC(=O)Nc1ccc(O)cc1,C16H14N4O2,36,C8H7N3
COc1oc(Oc2ccc(NC(C)=O)cc2)c2c1C=C2,CC(=O)Nc1ccc(O)cc1,C15H13NO4,33,C7H6O2
CC(=O)Nc1ccc(O)c(OCN2OCCC34CC25C2C6CC3N2C645)c1,CC(=O)Nc1ccc(O)cc1,C19H21N3O4,47,C11H14N2O2
COC12C3OC4(C5OC=CC1(O5)C34)C2N(C(C)=O)c1ccc(O)cc1,CC(=O)Nc1ccc(O)cc1,C18H17NO6,42,C10H10O4
CC(=O)Nc1ccc(OC2OC3C2OC32C3=CC2C3)cc1,CC(=O)Nc1ccc(O)cc1,C16H15NO4,36,C8H8O2
CC(=O)Nc1ccc(O)c(C2CC(C)C(C)NCN2)c1,CC(=O)Nc1ccc(O)cc1,C15H23N3O2,43,C7H16N2
CC(=O)N(c1ccc(O)cc1)C12C=CC3C4=C1C21CNC3NN41,CC(=O)Nc1ccc(O)cc1,C17H16N4O2,39,C9H9N3
CC(=O)Nc1ccc(O)cc1C12CC3OC1C1C(N)C(O)C4=CC43C1N2,CC(=O)Nc1ccc(O)cc1,C19H21N3O4,47,C11H14N2O2
CCCC(C)(C(C)C)C(C)C(C)c1cc(NC(C)=O)ccc1O,CC(=O)Nc1ccc(O)cc1,C20H33NO2,56,C12H26
CC(=O)Nc1ccc(OC2=C3C4C5CC67NOC(NC26)C5C34O7)cc1,CC(=O)Nc1ccc(O)cc1,C18H17N3O4,42,C10H10N2O2
CC(=O)Nc1ccc(O)cc1OC(O)CS,CC(=O)Nc1ccc(O)cc1,C10H13NO4S,29,C2H6O2S
O=C(COC1=NC2C=CC1=C2)Nc1ccc(O)cc1,CC(=O)Nc1ccc(O)cc1,C14H12N2O3,31,C6H5NO
CC(=O)N(CCC1CN1)c1ccc(O)cc1,CC(=O)Nc1ccc(O)cc1,C12H16N2O2,32,C4H9N
CC(=O)Nc1ccc(O)c(OC(F)(F)F)c1,CC(=O)Nc1ccc(O)cc1,C9H8F3NO3,24,CHF3O
CC(=O)Nc1ccc(O)c(C23C4C5=C6C4C6N2C3OC5)c1,CC(=O)Nc1ccc(O)cc1,C16H14N2O3,35,C8H7NO
CC(=O)Nc1ccc(O)c(C=NC2C=CN2)c1,CC(=O)Nc1ccc(O)cc1,C12H13N3O2,30,C4H6N2
CC1(N)CC(CC(=O)Nc2ccc(O)cc2)CN1O,CC(=O)Nc1ccc(O)cc1,C13H19N3O3,38,C5H12N2O
CC(=O)N(c1ccc(O)cc1)C1CN2OCOC2O1,CC(=O)Nc1ccc(O)cc1,C12H14N2O5,33,C4H7NO3
CC(=O)Nc1ccc(OCCC23CC4CC5(CC45N2)OCCO3)cc1,CC(=O)Nc1ccc(O)cc1,C19H24N2O4,49,C11H17NO2
CC(=O)Nc1ccc(O)c(C2C3=C(O)OC3CC(C)OC3CC32)c1,CC(=O)Nc1ccc(O)cc1,C18H21NO5,45,C10H14O3
CC(=O)N(c1ccc(O)cc1)C1COCOC1S,CC(=O)Nc1ccc(O)cc1,C12H15NO4S,33,C4H8O2S
C=CCC1=CC1NC(N)c1cc(O)ccc1NC(C)=O,CC(=O)Nc1ccc(O)cc1,C15H19N3O2,39,C7H12N2
CCC1(Oc2ccc(NC(C)=O)cc2)CC2NC34C(C1)NC31CC24C1,CC(=O)Nc1ccc(O)cc1,C20H25N3O2,50,C12H18N2
CCC1(c2cc(O)ccc2NC(C)=O)N=C(C)O1,CC(=O)Nc1ccc(O)cc1,C13H16N2O3,34,C5H9NO
CC(=O)Nc1ccc(OC2C#CC=CC2NCC(C)CO)cc1,CC(=O)Nc1ccc(O)cc1,C18H22N2O3,45,C10H15NO
CC(=O)Nc1ccc(O)cc1C1C2CC3=COC(C)C1OCC32,CC(=O)Nc1ccc(O)cc1,C18H21NO4,44,C10H14O2
CC(=O)Nc1ccc(O)cc1C12CN3C1N32,CC(=O)Nc1ccc(O)cc1,C11H11N3O2,27,C3H4N2
CC(=O)Nc1ccc(O)c(C2(O)OCC3=[SH3]CNC32)c1,CC(=O)Nc1ccc(O)cc1,C13H18N2O4S,38,C5H11NO2S
CC(=O)Nc1ccc(O)cc1C1NC2C13C=[SH2](C3)C13C4COC41OC23O,CC(=O)Nc1ccc(O)cc1,C18H20N2O5S,46,C10H13NO3S
CC(=O)Nc1ccc(OC23C=C4C2C43C(F)F)cc1,CC(=O)Nc1ccc(O)cc1,C14H11F2NO2,30,C6H4F2
CC(=O)Nc1ccc(OC23C(=N)C2(C)C24C5OOC3(C)N(O)C2C54)cc1,CC(=O)Nc1ccc(O)cc1,C18H19N3O5,45,C10H12N2O3
CC(=O)Nc1ccc(O)cc1C12C3OC14CC1N(C5C=CC3N5C=N)C142,CC(=O)Nc1ccc(O)cc1,C19H18N4O3,44,C11H11N3O
CC(=O)Nc1ccc(O)cc1C1CCCCCC1,CC(=O)Nc1ccc(O)cc1,C15H21NO2,39,C7H14
CC(=O)Nc1ccc(O)cc1C1CC2C=CC3=C(C#CC1C3)O2,CC(=O)Nc1ccc(O)cc1,C19H17NO3,40,C11H10O
CC(=O)Nc1ccc(O)cc1OC1C(=N)N2C3=CC1C2COC3,CC(=O)Nc1ccc(O)cc1,C16H17N3O4,40,C8H10N2O2
CN(Cl)C1OC2=CC3C(=C2)OC31CC(=O)Nc1ccc(O)cc1,CC(=O)Nc1ccc(O)cc1,C16H15ClN2O4,38,C8H8ClNO2
N=COCOCCCC(=O)Nc1ccc(O)cc1,CC(=O)Nc1ccc(O)cc1,C12H16N2O4,34,C4H9NO2
CC(=O)Nc1ccc(O)c(C(F)(F)C(F)(F)C(F)(F)F)c1,CC(=O)Nc1ccc(O)cc1,C11H8F7NO2,29,C3HF7
CC(=O)N(c1ccc(O)cc1)N(F)C1C2CC3=C2C31,CC(=O)Nc1ccc(O)cc1,C14H13FN2O2,32,C6H6FN
CC(CCC(=O)Nc1ccc(O)cc1)C1OC(C)(O)C2=CNC1C1=CN12,CC(=O)Nc1ccc(O)cc1,C19H23N3O4,49,C11H16N2O2
CC(=O)Nc1ccc(O)cc1OC1CCCCC1,CC(=O)Nc1ccc(O)cc1,C14H19NO3,37,C6H12O
CC(=O)Nc1ccc(O)cc1N1NC2C3OC=C1OC2C1C=C3C1,CC(=O)Nc1ccc(O)cc1,C17H17N3O4,41,C9H10N2O2
CC(=O)Nc1ccc(O)c(C23CNC4(CC5N6C2C564)NCCCO3)c1,CC(=O)Nc1ccc(O)cc1,C18H22N4O3,47,C10H15N3O
CC(=O)Nc1ccc(O)c(C2C3C4C2C42C4CN3N42)c1,CC(=O)Nc1ccc(O)cc1,C15H15N3O2,35,C7H8N2
CC(=O)Nc1ccc(O)cc1OC1N=CC2C3C=C1C23,CC(=O)Nc1ccc(O)cc1,C15H14N2O3,34,C7H7NO
CC(=O)N(c1ccc(O)cc1)C1(O)C2NC3C4(OC56CC4C(N5)O6)C321,CC(=O)Nc1ccc(O)cc1,C17H17N3O5,42,C9H10N2O3
CC(=O)Nc1ccc(O)cc1C1=C2C3C(C)C2(O)C13,CC(=O)Nc1ccc(O)cc1,C15H15NO3,34,C7H8O
CC(=O)Nc1ccc(O)c(CC2CCC2OC(C)CCO)c1,CC(=O)Nc1ccc(O)cc1,C17H25NO4,47,C9H18O2
C=C1C=CC1OCC(=O)Nc1ccc(O)cc1,CC(=O)Nc1ccc(O)cc1,C13H13NO3,30,C5H6O
CC(=O)Nc1ccc(O)cc1C1CNC23ON2C2C4CC3(O1)C42,CC(=O)Nc1ccc(O)cc1,C16H17N3O4,40,C8H10N2O2
COC(c1cc(NC(C)=O)ccc1O)C(C)C(O)OC1C=N1,CC(=O)Nc1ccc(O)cc1,C15H20N2O5,42,C7H13NO3
C=CC1(CC(=O)Nc2ccc(O)cc2)CC(C)(CN)CO1,CC(=O)Nc1ccc(O)cc1,C16H22N2O3,43,C8H15NO
CC(=O)Nc1ccc(O)cc1NC1(O)NC23C45CC1OC1C42C153,CC(=O)Nc1ccc(O)cc1,C16H15N3O4,38,C8H8N2O2
O=C(CC(=O)C12C3CC4CC41C2OCC1CCN13)Nc1ccc(O)cc1,CC(=O)Nc1ccc(O)cc1,C20H22N2O4,48,C12H15NO2
CC(=O)N(CC1CC2=CC23OC13)c1ccc(O)cc1,CC(=O)Nc1ccc(O)cc1,C15H15NO3,34,C7H8O
CC(=O)Nc1ccc(O)c(C(CN)C2CO2)c1,CC(=O)Nc1ccc(O)cc1,C12H16N2O3,33,C4H9NO
CC(=O)Nc1ccc(O[SH3]2C3ON2O3)cc1,CC(=O)Nc1ccc(O)cc1,C9H12N2O4S,28,CH5NO2S
CC(=O)Nc1ccc(O)cc1OC12C=CC(C=C1)C(C)O2,CC(=O)Nc1ccc(O)cc1,C16H17NO4,38,C8H10O2
CC(=O)Nc1ccc(OC2CC3=C4C=C3C(O4)O2)cc1,CC(=O)Nc1ccc(O)cc1,C15H13NO4,33,C7H6O2
CC(=O)Nc1ccc(O)c(C23C45CC26C(OCC63C4=O)C5O)c1,CC(=O)Nc1ccc(O)cc1,C17H15NO5,38,C9H8O3
CC(=O)N(c1ccc(O)cc1)C12C3C4C5OCC1C1(OC(O)C5C31O)C42,CC(=O)Nc1ccc(O)cc1,C19H19NO6,45,C11H12O4
CC(=O)Nc1ccc(O)c(C23CN4C=C5C(OC(C)C=O)C42C53)c1,CC(=O)Nc1ccc(O)cc1,C18H18N2O4,42,C10H11NO2
CC(=O)N(c1ccc(O)cc1)C1C2C=C3C4C(N)CC31CCCC24,CC(=O)Nc1ccc(O)cc1,C20H24N2O2,48,C12H17N
CC(=O)Nc1ccc(O)cc1C12CCN3CC4C5(C3)C(C1)C45N2,CC(=O)Nc1ccc(O)cc1,C18H21N3O2,44,C10H14N2
CC(=O)Nc1ccc(O)cc1C1CCC2(C)CNC23C2=CC3C(C1)N2,CC(=O)Nc1ccc(O)cc1,C20H25N3O2,50,C12H18N2
CNC=CCCC(=O)Nc1ccc(O)cc1,CC(=O)Nc1ccc(O)cc1,C12H16N2O2,32,C4H9N
CC(=O)Nc1ccc(O)c(C23CC(F)CC4=C2C4N3)c1,CC(=O)Nc1ccc(O)cc1,C15H15FN2O2,35,C7H8FN
CC(=O)Nc1ccc(O)cc1N(C)OCCC1C(C)C2NC12,CC(=O)Nc1ccc(O)cc1,C16H23N3O3,45,C8H16N2O
CC(=O)Nc1ccc(O)c(N2CCCC(C)C2)c1,CC(=O)Nc1ccc(O)cc1,C14H20N2O2,38,C6H13N
CC1CC1CCC(=O)Nc1ccc(O)cc1,CC(=O)Nc1ccc(O)cc1,C13H17NO2,33,C5H10
CCC(C)C1CCN1c1cc(NC(C)=O)ccc1O,CC(=O)Nc1ccc(O)cc1,C15H22N2O2,41,C7H15N
CC(=O)Nc1ccc(O)c(C2=C3CCC4C=C4CC32)c1,CC(=O)Nc1ccc(O)cc1,C17H17NO2,37,C9H10
CCC1(Cc2cc(O)ccc2NC(C)=O)C2C=CC1CC2,CC(=O)Nc1ccc(O)cc1,C18H23NO2,44,C10H16
CC(=O)N(COC1(OCS)C=C=C=C1)c1ccc(O)cc1,CC(=O)Nc1ccc(O)cc1,C15H15NO4S,36,C7H8O2S
CC(=O)Nc1ccc(O)cc1N1C2OCOCC34OC(=C23)C14,CC(=O)Nc1ccc(O)cc1,C15H14N2O5,36,C7H7NO3
CC(=O)N(c1ccc(O)cc1)N1CCC=COC1,CC(=O)Nc1ccc(O)cc1,C13H16N2O3,34,C5H9NO
NC12NC34C1C3C13C5(CC(=O)Nc6ccc(O)cc6)NC41C253,CC(=O)Nc1ccc(O)cc1,C16H14N4O2,36,C8H7N3
CC(=O)N(c1ccc(O)cc1)C12OC3C4C35C1C45C2C,CC(=O)Nc1ccc(O)cc1,C16H15NO3,35,C8H8O
CC(=O)Nc1ccc(O)cc1C12C=C1C(C)C1CCC1CN2,CC(=O)Nc1ccc(O)cc1,C18H22N2O2,44,C10H15N
CC(CNOCC(=O)Nc1ccc(O)cc1)CC1CC1,CC(=O)Nc1ccc(O)cc1,C15H22N2O3,42,C7H15NO
CCCC(C)CCN(C(C)=O)c1ccc(O)cc1,CC(=O)Nc1ccc(O)cc1,C15H23NO2,41,C7H16
CC(=O)Nc1ccc(O)cc1C(O)C12C(C)CCCC1C2O,CC(=O)Nc1ccc(O)cc1,C17H23NO4,45,C9H16O2
O=C(CC12OCC3=CC4OC3C1C1CC2C41)Nc1ccc(O)cc1,CC(=O)Nc1ccc(O)cc1,C19H19NO4,43,C11H12O2
CCCNCCC(C)Cc1cc(O)ccc1NC(C)=O,CC(=O)Nc1ccc(O)cc1,C16H26N2O2,46,C8H19N
CC(=O)Nc1ccc(O)c(C23C4C25C2(Cl)C3(OCCl)C425)c1,CC(=O)Nc1ccc(O)cc1,C15H11Cl2NO3,32,C7H4Cl2O
O=C(CC1=COC2=CN3C(Cl)C23C1)Nc1ccc(O)cc1,CC(=O)Nc1ccc(O)cc1,C15H13ClN2O3,34,C7H6ClNO
CC(=O)Nc1ccc(On2ccc3c2C3Cl)cc1,CC(=O)Nc1ccc(O)cc1,C13H11ClN2O2,29,C5H4ClN
CC(=O)N(c1ccc(O)cc1)C(O)CCO,CC(=O)Nc1ccc(O)cc1,C11H15NO4,31,C3H8O2
CC(=O)Nc1ccc(OC23C4N5OC(N2O)C26CC4(C2O5)C63)cc1,CC(=O)Nc1ccc(O)cc1,C16H15N3O5,39,C8H8N2O3
CC(=O)Nc1ccc(OC23C4COCC4C2C2C3N2N)cc1,CC(=O)Nc1ccc(O)cc1,C16H19N3O3,41,C8H12N2O
CC(=O)Nc1ccc(O)cc1C12CCC3=C(Cl)C(O1)N1C3C12,CC(=O)Nc1ccc(O)cc1,C16H15ClN2O3,37,C8H8ClNO
O=C(CC12NCC3C4CC1CC4COC32)Nc1ccc(O)cc1,CC(=O)Nc1ccc(O)cc1,C18H22N2O3,45,C10H15NO
CC(=O)Nc1ccc(OC23CC2N3C=O)cc1,CC(=O)Nc1ccc(O)cc1,C12H12N2O3,29,C4H5NO
COC1(CON(C(C)=O)c2ccc(O)cc2)CC=C1C,CC(=O)Nc1ccc(O)cc1,C15H19NO4,39,C7H12O2
CC(=O)Nc1ccc(O)cc1OC(O)C(C)C1C2CC(C)C1(N)C2,CC(=O)Nc1ccc(O)cc1,C18H26N2O4,50,C10H19NO2
CCCCC(C)CCc1cc(NC(C)=O)ccc1O,CC(=O)Nc1ccc(O)cc1,C16H25NO2,44,C8H18
CC(=O)Nc1ccc(O)c(C2CN3C=CC3=C2F)c1,CC(=O)Nc1ccc(O)cc1,C14H13FN2O2,32,C6H6FN
CC12CCCC3OONC34C1C24CC(=O)Nc1ccc(O)cc1,CC(=O)Nc1ccc(O)cc1,C17H20N2O4,43,C9H13NO2
CC(=O)Nc1ccc(O)cc1C12C3C4C5(O)OCC46C31CC562,CC(=O)Nc1ccc(O)cc1,C17H15NO4,37,C9H8O2
O=C(CC1(Cl)C2C3C4C56CC37N2C75C416)Nc1ccc(O)cc1,CC(=O)Nc1ccc(O)cc1,C17H13ClN2O2,35,C9H6ClN
C=CC(C)C(O)(CNCC)Cc1cc(O)ccc1NC(C)=O,CC(=O)Nc1ccc(O)cc1,C17H26N2O3,48,C9H19NO
CC(=O)Nc1ccc(O)c(N2C3CC4NC45OCC25C3)c1,CC(=O)Nc1ccc(O)cc1,C15H17N3O3,38,C7H10N2O
CC(=O)N(c1ccc(O)cc1)C12C(C)C3C=CC1(C)C2C3,CC(=O)Nc1ccc(O)cc1,C18H21NO2,42,C10H14
CC(=O)Nc1ccc(O)cc1C1(N)CC2=NCC1(C)N2,CC(=O)Nc1ccc(O)cc1,C14H18N4O2,38,C6H11N3
CC(=O)Nc1ccc(O)cc1C1(CN)COCCC1C,CC(=O)Nc1ccc(O)cc1,C15H22N2O3,42,C7H15NO
CC(=O)Nc1ccc(O)c(C(N)C23C4OCC25CC3C2(C)C(C4C)C25)c1,CC(=O)Nc1ccc(O)cc1,C21H26N2O3,52,C13H19NO
CC(=O)Nc1ccc(O)c(OC2OC2C23CCC45C(CC42)C53)c1,CC(=O)Nc1ccc(O)cc1,C18H19NO4,42,C10H12O2
CC(=O)Nc1ccc(O)c(C2=CCC(C)(ON)OC3(C=C3)C2C)c1,CC(=O)Nc1ccc(O)cc1,C18H22N2O4,46,C10H15NO2
CCSC1OC(Oc2ccc(NC(C)=O)cc2)O1,CC(=O)Nc1ccc(O)cc1,C12H15NO4S,33,C4H8O2S
C=C1C2C(CC(=O)Nc3ccc(O)cc3)C3CC4C2C14O3,CC(=O)Nc1ccc(O)cc1,C17H17NO3,38,C9H10O
CC(=O)Nc1ccc(O)cc1C1CCOCN1,CC(=O)Nc1ccc(O)cc1,C12H16N2O3,33,C4H9NO
CC(=O)N(CC1(O)CCNCCCC1O)c1ccc(O)cc1,CC(=O)Nc1ccc(O)cc1,C16H24N2O4,46,C8H17NO2
CC(=O)Nc1ccc(O)cc1OC1CC2COC3C=C2C31,CC(=O)Nc1ccc(O)cc1,C16H17NO4,38,C8H10O2
CC(=O)Nc1ccc(O)c(C2C3C4CC56CN3OC42C5ON6)c1,CC(=O)Nc1ccc(O)cc1,C16H17N3O4,40,C8H10N2O2
CC(=O)N(C=C1C2C=C(N2)C2CN12)c1ccc(O)cc1,CC(=O)Nc1ccc(O)cc1,C15H15N3O2,35,C7H8N2
C=NCCC(N)(CCCC)N(C(C)=O)c1ccc(O)cc1,CC(=O)Nc1ccc(O)cc1,C16H25N3O2,46,C8H18N2
CC(=O)N(c1ccc(O)cc1)C1(CC(O)O)CO1,CC(=O)Nc1ccc(O)cc1,C12H15NO5,33,C4H8O3
C=NC1=CC(CCF)=C1c1cc(NC(C)=O)ccc1O,CC(=O)Nc1ccc(O)cc1,C15H15FN2O2,35,C7H8FN
CN1C23C4=CC5(CC(=O)Nc6ccc(O)cc6)OC6(C2CC5C36)C41N,CC(=O)Nc1ccc(O)cc1,C19H19N3O3,44,C11H12N2O
CC(=O)Nc1ccc(O)c(C23CC4(F)OC5(C=C5N2)C43F)c1,CC(=O)Nc1ccc(O)cc1,C15H12F2N2O3,34,C7H5F2NO
CC(=O)Nc1ccc(O)c(C23OCC45CC24C2N(C3CO)C25N)c1,CC(=O)Nc1ccc(O)cc1,C17H19N3O4,43,C9H12N2O2
CC(=O)Nc1ccc(OC2C3C4CCN2N43)cc1,CC(=O)Nc1ccc(O)cc1,C13H15N3O2,33,C5H8N2
CC(=O)Nc1ccc(OC2=NC3C=CC2CCO3)cc1,CC(=O)Nc1ccc(O)cc1,C15H16N2O3,36,C7H9NO
CC(=O)Nc1ccc(O)c(C2(F)CC3=C=CC32)c1,CC(=O)Nc1ccc(O)cc1,C14H12FNO2,30,C6H5F
C=C1C2C(N(C(C)=O)c3ccc(O)cc3)C(C)CC3OOC4(O)C1C3C24,CC(=O)Nc1ccc(O)cc1,C20H23NO5,49,C12H16O3
O=C(CCOC1=CN=C1)Nc1ccc(O)cc1,CC(=O)Nc1ccc(O)cc1,C12H12N2O3,29,C4H5NO
CCC(c1cc(NC(C)=O)ccc1O)C1(S)COOCN1,CC(=O)Nc1ccc(O)cc1,C14H20N2O4S,41,C6H13NO2S
CC(=O)Nc1ccc(OC23CN4C56CC57C4(N=C2OS3)C67C)cc1,CC(=O)Nc1ccc(O)cc1,C17H15N3O3S,39,C9H8N2OS
CC(=O)Nc1ccc(O)cc1C12C(O)CC3(O)CC31C1CC12O,CC(=O)Nc1ccc(O)cc1,C17H19NO5,42,C9H12O3
CC(=O)Nc1ccc(OC2C3C4CCC56ON2CC35N6CO4)cc1,CC(=O)Nc1ccc(O)cc1,C17H19N3O4,43,C9H12N2O2
COOCC12CCC1CC2(N)c1cc(O)ccc1NC(C)=O,CC(=O)Nc1ccc(O)cc1,C16H22N2O4,44,C8H15NO2
COC1OCC2C3NC1C2(c1cc(O)ccc1NC(C)=O)C3N,CC(=O)Nc1ccc(O)cc1,C16H21N3O4,44,C8H14N2O2
CCCC(CC)(NC)c1cc(O)ccc1NC(C)=O,CC(=O)Nc1ccc(O)cc1,C15H24N2O2,43,C7H17N
CC(=O)Nc1ccc(O)c(-c2cc3occn3c2)c1,CC(=O)Nc1ccc(O)cc1,C14H12N2O3,31,C6H5NO
CC(=O)Nc1ccc(OC2(O)CC34C56CC7C(N2)OC53C764)cc1,CC(=O)Nc1ccc(O)cc1,C17H16N2O4,39,C9H9NO2
CC(=O)Nc1ccc(OCC(C)NCCCC=O)cc1,CC(=O)Nc1ccc(O)cc1,C15H22N2O3,42,C7H15NO
COC(CN)CCNC=Cc1cc(O)ccc1NC(C)=O,CC(=O)Nc1ccc(O)cc1,C15H23N3O3,44,C7H16N2O
CC(=O)Nc1ccc(O)c(N2OC3C4CC5(N=CC45CO)C32)c1,CC(=O)Nc1ccc(O)cc1,C16H17N3O4,40,C8H10N2O2
NC1C2C(OCC(=O)Nc3ccc(O)cc3)C3C4N5C36OC12OC456,CC(=O)Nc1ccc(O)cc1,C16H15N3O5,39,C8H8N2O3
C=NC12C=C1N2CC(=O)Nc1ccc(O)cc1,CC(=O)Nc1ccc(O)cc1,C12H11N3O2,28,C4H4N2
O=C(CC1CC2NC3C4COC14C23)Nc1ccc(O)cc1,CC(=O)Nc1ccc(O)cc1,C16H18N2O3,39,C8H11NO
CC(=O)Nc1ccc(OC23C4=CC2C3C4(F)C(F)CF)cc1,CC(=O)Nc1ccc(O)cc1,C16H14F3NO2,36,C8H7F3
CC(=O)Nc1ccc(O)cc1C12C3=CC1(CCCl)C32,CC(=O)Nc1ccc(O)cc1,C15H14ClNO2,33,C7H7Cl
CC(=O)Nc1ccc(O)cc1C1(C)OC2N=CC1C2N1C#C1,CC(=O)Nc1ccc(O)cc1,C16H15N3O3,37,C8H8N2O
C=C1N=C[SH](C)(O)(Oc2ccc(NC(C)=O)cc2)O1,CC(=O)Nc1ccc(O)cc1,C12H16N2O4S,35,C4H9NO2S
O=C(CN1CC2C3NC45C6=CC(C2C(CO3)C14)C65)Nc1ccc(O)cc1,CC(=O)Nc1ccc(O)cc1,C20H21N3O3,47,C12H14N2O
COC1(C)C#CC2=CC1N2c1cc(NC(C)=O)ccc1O,CC(=O)Nc1ccc(O)cc1,C16H16N2O3,37,C8H9NO
CC(=O)Nc1ccc(O)c(C23NCC4C2C42CCC3C2C)c1,CC(=O)Nc1ccc(O)cc1,C18H22N2O2,44,C10H15N
CC(=O)N(c1ccc(O)cc1)C1C2COC3C4C=C5C6C5(ON31)C26O4,CC(=O)Nc1ccc(O)cc1,C18H16N2O5,41,C10H9NO3
CCCN(C)CCCc1cc(O)ccc1NC(C)=O,CC(=O)Nc1ccc(O)cc1,C15H24N2O2,43,C7H17N
CC(=O)Nc1ccc(O)c(CC2CC3CCC2C3)c1,CC(=O)Nc1ccc(O)cc1,C16H21NO2,40,C8H14
CC12OC1OOCC1(C)C3N4C(CC(=O)Nc5ccc(O)cc5)OC2C341,CC(=O)Nc1ccc(O)cc1,C18H20N2O6,46,C10H13NO4
CC(=O)Nc1ccc(O)cc1OC1=CC=CC1=CCl,CC(=O)Nc1ccc(O)cc1,C14H12ClNO3,31,C6H5ClO
CC(=O)Nc1ccc(O)c(C2C3CC2N2CN3N2)c1,CC(=O)Nc1ccc(O)cc1,C13H16N4O2,35,C5H9N3
CC(=O)Nc1ccc(O)cc1C1=CN2CC2S1,CC(=O)Nc1ccc(O)cc1,C12H12N2O2S,29,C4H5NS
CC(=O)Nc1ccc(O)cc1C1=CC2=C1NC(Br)C2,CC(=O)Nc1ccc(O)cc1,C14H13BrN2O2,32,C6H6BrN
CC(=O)Nc1ccc(O)c(ON(C)C=O)c1,CC(=O)Nc1ccc(O)cc1,C10H12N2O4,28,C2H5NO2
CC(=O)Nc1ccc(O)cc1N1OOC23OC4C2C2CC5C1N2C543,CC(=O)Nc1ccc(O)cc1,C16H15N3O5,39,C8H8N2O3
CCCC(CC(C)CC)Oc1ccc(NC(C)=O)cc1,CC(=O)Nc1ccc(O)cc1,C17H27NO2,47,C9H20
CC(=O)Nc1ccc(O)cc1C12C3CC45N6C7C1(Cl)C74C2C365,CC(=O)Nc1ccc(O)cc1,C17H13ClN2O2,35,C9H6ClN
O=C(CC12C3C14CC(C4)C14OC31COC24)Nc1ccc(O)cc1,CC(=O)Nc1ccc(O)cc1,C18H17NO4,40,C10H10O2
CC(=O)Nc1ccc(O)c(C23CC4C=C(C=C2O4)O3)c1,CC(=O)Nc1ccc(O)cc1,C15H13NO4,33,C7H6O2
C=C=CON(N)CCC(O)N(C(C)=O)c1ccc(O)cc1,CC(=O)Nc1ccc(O)cc1,C14H19N3O4,40,C6H12N2O2
CC(=O)Nc1ccc(O)cc1C12NC3C4=CC1N1C3C4C12,CC(=O)Nc1ccc(O)cc1,C16H15N3O2,36,C8H8N2
O=C(CC(O)C1C=C2C3OC2C1C3O)Nc1ccc(O)cc1,CC(=O)Nc1ccc(O)cc1,C16H17NO5,39,C8H10O3
CC(=O)Nc1ccc(O)c(C23CC24C2C3C24)c1,CC(=O)Nc1ccc(O)cc1,C14H13NO2,30,C6H6
CC(=O)N(c1ccc(O)cc1)C(O)C12C3=CC1N3C13CC1C23,CC(=O)Nc1ccc(O)cc1,C17H16N2O3,38,C9H9NO
COCC1CNCC1=Cc1cc(NC(C)=O)ccc1O,CC(=O)Nc1ccc(O)cc1,C15H20N2O3,40,C7H13NO
O=C(CNN1C2CN3C4N5C6C47C1C37C265)Nc1ccc(O)cc1,CC(=O)Nc1ccc(O)cc1,C16H15N5O2,38,C8H8N4
CC(=O)Nc1ccc(O)c(C2C3=C4CC56OC5C2CC436)c1,CC(=O)Nc1ccc(O)cc1,C17H15NO3,36,C9H8O
CCNC1(N(C)C)C2OC2C1c1cc(O)ccc1NC(C)=O,CC(=O)Nc1ccc(O)cc1,C16H23N3O3,45,C8H16N2O
CC(=O)Nc1ccc(O)c(CC2=C3C4C5CC(C5C34)N(CO)CC2)c1,CC(=O)Nc1ccc(O)cc1,C20H24N2O3,49,C12H17NO
CC(=O)Nc1ccc(OC2(CO)NSC3=CC24C2CC3C24)cc1,CC(=O)Nc1ccc(O)cc1,C17H18N2O3S,41,C9H11NOS
CC(=O)Nc1ccc(O)c(C23OC4C(C)(C)OC25OC45S3)c1,CC(=O)Nc1ccc(O)cc1,C15H15NO5S,37,C7H8O3S
CC(=O)Nc1ccc(O)cc1C12NNOC3(C=C31)N2C,CC(=O)Nc1ccc(O)cc1,C13H14N4O3,34,C5H7N3O
C=NC12CC(CC1=C)OC2CC(=O)Nc1ccc(O)cc1,CC(=O)Nc1ccc(O)cc1,C16H18N2O3,39,C8H11NO
CC(=O)Nc1ccc(O)cc1C1=CN2C=C(COC2)O1,CC(=O)Nc1ccc(O)cc1,C14H14N2O4,34,C6H7NO2
CC(=O)N(c1ccc(O)cc1)C(C)(CN)CN,CC(=O)Nc1ccc(O)cc1,C12H19N3O2,36,C4H12N2
CCOC(C1=NC=C1)=C(C)c1cc(NC(C)=O)ccc1O,CC(=O)Nc1ccc(O)cc1,C16H18N2O3,39,C8H11NO
CC(=O)Nc1ccc(O)c(CC2CCN(C)OCN2)c1,CC(=O)Nc1ccc(O)cc1,C14H21N3O3,41,C6H14N2O
C=[SH]1(c2cc(O)ccc2NC(C)=O)OCO1,CC(=O)Nc1ccc(O)cc1,C10H13NO4S,29,C2H6O2S
CCC1CN(c2cc(NC(C)=O)ccc2O)C2=NC21,CC(=O)Nc1ccc(O)cc1,C14H17N3O2,36,C6H10N2
CC(=O)Nc1ccc(O)cc1C1C2OCC34CC3N3CC(NCC13)NC24,CC(=O)Nc1ccc(O)cc1,C19H24N4O3,50,C11H17N3O
CC(=O)Nc1ccc(O)cc1C12CCOC1C2=N,CC(=O)Nc1ccc(O)cc1,C13H14N2O3,32,C5H7NO
CC(=O)Nc1ccc(O)cc1C12C3C(O)CC14CCN2C1(C4)OON3S1,CC(=O)Nc1ccc(O)cc1,C17H19N3O5S,45,C9H12N2O3S
CN(C)C1(CC(=O)Nc2ccc(O)cc2)NCO1,CC(=O)Nc1ccc(O)cc1,C12H17N3O3,35,C4H10N2O
CC(=O)Nc1ccc(O)c(C23NCOC4(C(Cl)Cl)C5=C2C534)c1,CC(=O)Nc1ccc(O)cc1,C15H12Cl2N2O3,34,C7H5Cl2NO
CCN1NNC1CCC(=O)Nc1ccc(O)cc1,CC(=O)Nc1ccc(O)cc1,C12H18N4O2,36,C4H11N3
CC(=O)Nc1ccc(O)cc1OC1(C2C3=C=C3N2C)C=CCCC1O,CC(=O)Nc1ccc(O)cc1,C19H20N2O4,45,C11H13NO2
CC(=O)Nc1ccc(O)cc1C1OC2=C3CN=CC4CC(N)C2C32C4C12,CC(=O)Nc1ccc(O)cc1,C20H21N3O3,47,C12H14N2O
CC(=O)Nc1ccc(O)c(C2=C3OC4N5C2C(=O)CC(NO)C5C34C)c1,CC(=O)Nc1ccc(O)cc1,C18H19N3O5,45,C10H12N2O3
CC(=O)Nc1ccc(O)cc1NCCCC(N)CC1CC1,CC(=O)Nc1ccc(O)cc1,C16H25N3O2,46,C8H18N2
CC(=O)Nc1ccc(O)cc1C1CC(F)C12C#CC2,CC(=O)Nc1ccc(O)cc1,C15H14FNO2,33,C7H7F
COC1CC2C(c3cc(O)ccc3NC(C)=O)C3C4C5COC2C43N1C5,CC(=O)Nc1ccc(O)cc1,C20H24N2O4,50,C12H17NO2
CC(=O)Nc1ccc(O)c(OC2C=C3C45OC6C(O4)C35C26C)c1,CC(=O)Nc1ccc(O)cc1,C17H15NO5,38,C9H8O3
CCC(CC(=O)Nc1ccc(O)cc1)C(C)C1CC1,CC(=O)Nc1ccc(O)cc1,C16H23NO2,42,C8H16
C=CCCC(CCC(=O)Nc1ccc(O)cc1)C(N)CO,CC(=O)Nc1ccc(O)cc1,C16H24N2O3,45,C8H17NO
CC(=O)Nc1ccc(O)c(C2COCC3(O)C4C5C4C253)c1,CC(=O)Nc1ccc(O)cc1,C16H17NO4,38,C8H10O2
CC(=O)Nc1ccc(O)cc1C1COC1O,CC(=O)Nc1ccc(O)cc1,C11H13NO4,29,C3H6O2
CC(=O)N(c1ccc(O)cc1)C12C3=C4CC1(C3)CC42,CC(=O)Nc1ccc(O)cc1,C16H15NO2,34,C8H8
CCOSOCc1cc(O)ccc1NC(C)=O,CC(=O)Nc1ccc(O)cc1,C11H15NO4S,32,C3H8O2S
CC(=O)Nc1ccc(OC2NC23OC=NC3=O)cc1,CC(=O)Nc1ccc(O)cc1,C12H11N3O4,30,C4H4N2O2
CC(=O)Nc1ccc(O)c(N2CC(C(C)N)CO2)c1,CC(=O)Nc1ccc(O)cc1,C13H19N3O3,38,C5H12N2O
CC(=O)Nc1ccc(O)c(C23CC45ONC2C2C4N4C2C453)c1,CC(=O)Nc1ccc(O)cc1,C16H15N3O3,37,C8H8N2O
CC(=O)Nc1ccc(O)cc1C(C)OC=N,CC(=O)Nc1ccc(O)cc1,C11H14N2O3,30,C3H7NO
CC(=O)N(c1ccc(O)cc1)C12C3CNC1C21CC1C3,CC(=O)Nc1ccc(O)cc1,C16H18N2O2,38,C8H11N
CC(=O)Nc1ccc(O)c(C23C4CC4=CC4NC5=C4C2NC53)c1,CC(=O)Nc1ccc(O)cc1,C18H17N3O2,40,C10H10N2
CC(=O)Nc1ccc(O)c(C(F)(F)C(F)(F)C(F)(F)F)c1,CC(=O)Nc1ccc(O)cc1,C11H8F7NO2,29,C3HF7
C=NCC(N=COc1ccc(NC(C)=O)cc1)OC,CC(=O)Nc1ccc(O)cc1,C13H17N3O3,36,C5H10N2O
CC(=O)Nc1ccc(O)c(OC2CC34OC35C(S4)C25Cl)c1,CC(=O)Nc1ccc(O)cc1,C14H12ClNO4S,33,C6H5ClO2S
CC(=O)Nc1ccc(O)c(C2C3OC45C6C7C8CC39C4C87C5(C2C)N69)c1,CC(=O)Nc1ccc(O)cc1,C21H20N2O3,46,C13H13NO
CC(=O)Nc1ccc(OC23CCC(C2)C(C)C3)cc1,CC(=O)Nc1ccc(O)cc1,C16H21NO2,40,C8H14
O=C(CC1=CC=COC=C1)Nc1ccc(O)cc1,CC(=O)Nc1ccc(O)cc1,C14H13NO3,31,C6H6O
CC(=O)Nc1ccc(O)c(C23C=C4OC5(O)C=C(C(=NN5)C42)C3C)c1,CC(=O)Nc1ccc(O)cc1,C18H17N3O4,42,C10H10N2O2
CC(=O)Nc1ccc(O)cc1C1C(N)C23CC2C2C45C3N4CC3(O)N5C123,CC(=O)Nc1ccc(O)cc1,C19H20N4O3,46,C11H13N3O
CC(=O)Nc1ccc(O)c(C23C4CCC(C)(N)C25C4C35)c1,CC(=O)Nc1ccc(O)cc1,C17H20N2O2,41,C9H13N
O=C(CC1CC2=C(OS)C2=CN1)Nc1ccc(O)cc1,CC(=O)Nc1ccc(O)cc1,C14H14N2O3S,34,C6H7NOS
O=C(CN1C2C3C24NC2N5CC56C1N4C236)Nc1ccc(O)cc1,CC(=O)Nc1ccc(O)cc1,C16H15N5O2,38,C8H8N4
CC(=O)N(c1ccc(O)cc1)C1CC23CN(O2)C3C2=NC21,CC(=O)Nc1ccc(O)cc1,C15H15N3O3,36,C7H8N2O
CC(=O)Nc1ccc(O)cc1C1C2CC3CC1(C1C=C1)C2C3O,CC(=O)Nc1ccc(O)cc1,C19H21NO3,44,C11H14O
CN=CCCOc1ccc(NC(C)=O)cc1,CC(=O)Nc1ccc(O)cc1,C12H16N2O2,32,C4H9N
CC(=O)Nc1ccc(O)c(N2C3N=C4C=[SH2](O)C35OC3CC(O3)C425)c1,CC(=O)Nc1ccc(O)cc1,C16H17N3O5S,42,C8H10N2O3S
CC(=O)Nc1ccc(O)cc1C12CN(O)C3CC45CC(C4C51)C32,CC(=O)Nc1ccc(O)cc1,C18H20N2O3,43,C10H13NO
CC(=O)Nc1ccc(O)c(C2CCCCCOC2)c1,CC(=O)Nc1ccc(O)cc1,C15H21NO3,40,C7H14O
CC(=O)N(c1ccc(O)cc1)N(CO)NCNC1C23C4=CC2C413,CC(=O)Nc1ccc(O)cc1,C16H18N4O3,41,C8H11N3O
CC(=O)N(c1ccc(O)cc1)S123=CC4C5OCCC45C1(O)C(C2)N3,CC(=O)Nc1ccc(O)cc1,C17H20N2O4S,44,C9H13NO2S
CC(=O)Nc1ccc(O)cc1C12N3CC4C5=CN1C52C43,CC(=O)Nc1ccc(O)cc1,C15H13N3O2,33,C7H6N2
CCC1(Cc2cc(O)ccc2NC(C)=O)C(C)C1O,CC(=O)Nc1ccc(O)cc1,C15H21NO3,40,C7H14O
CC(=O)Nc1ccc(O)c(C23CC4OCC5(O4)OC4CCC5(CC42)C3)c1,CC(=O)Nc1ccc(O)cc1,C20H23NO5,49,C12H16O3
C=C(CCC(CN)NCC)c1cc(NC(C)=O)ccc1O,CC(=O)Nc1ccc(O)cc1,C16H25N3O2,46,C8H18N2
CC(=O)Nc1ccc(ONCNC=N)cc1,CC(=O)Nc1ccc(O)cc1,C10H14N4O2,30,C2H7N3
O=C(CCc1c2ccnc1O2)Nc1ccc(O)cc1,CC(=O)Nc1ccc(O)cc1,C14H12N2O3,31,C6H5NO
CC(=O)Nc1ccc(O)cc1N1C23ON4CC2C41O3,CC(=O)Nc1ccc(O)cc1,C12H11N3O4,30,C4H4N2O2
CC(=O)Nc1ccc(O)c(CC23C4CC5COC26N2C(C5O4)N6C23)c1,CC(=O)Nc1ccc(O)cc1,C18H19N3O4,44,C10H12N2O2
CC(=O)Nc1ccc(O)cc1C12C3C4CC1(Cl)N4C32,CC(=O)Nc1ccc(O)cc1,C14H13ClN2O2,32,C6H6ClN
O=C(CC12C3=CC4CC31CC1=NC12O4)Nc1ccc(O)cc1,CC(=O)Nc1ccc(O)cc1,C17H14N2O3,36,C9H7NO
CC(=O)Nc1ccc(O)cc1C12NC(O)C1C1NC3C2N13,CC(=O)Nc1ccc(O)cc1,C14H16N4O3,37,C6H9N3O
CC(=O)Nc1ccc(O)c(C2=CC(C)C(CCO)CNC2(C)N)c1,CC(=O)Nc1ccc(O)cc1,C18H27N3O3,51,C10H20N2O
CC(=O)Nc1ccc(OC23CNC2OC24C5=C2C543)cc1,CC(=O)Nc1ccc(O)cc1,C15H12N2O3,32,C7H5NO
CCC(C)CC1CCNC1c1cc(NC(C)=O)ccc1O,CC(=O)Nc1ccc(O)cc1,C17H26N2O2,47,C9H19N
CC(=O)Nc1ccc(OC23CCC=C4C2C43)cc1,CC(=O)Nc1ccc(O)cc1,C15H15NO2,33,C7H8
CCC1NCC1(O)C(CC)c1cc(O)ccc1NC(C)=O,CC(=O)Nc1ccc(O)cc1,C16H24N2O3,45,C8H17NO
CC(=O)Nc1ccc(O)c(C23OOC45C2=C2C6C([SH4]OC23)C4N65)c1,CC(=O)Nc1ccc(O)cc1,C16H16N2O5S,40,C8H9NO3S
C=NCCC(C)C(C)(CC)c1cc(O)ccc1NC(C)=O,CC(=O)Nc1ccc(O)cc1,C17H26N2O2,47,C9H19N
CCCCCC(C)(CC)c1cc(O)ccc1NC(C)=O,CC(=O)Nc1ccc(O)cc1,C17H27NO2,47,C9H20
O=C(CC12NC3C4C1NC1C5C4C35C12)Nc1ccc(O)cc1,CC(=O)Nc1ccc(O)cc1,C17H17N3O2,39,C9H10N2
CNC1=COC(C=O)=C2OC12c1cc(O)ccc1NC(C)=O,CC(=O)Nc1ccc(O)cc1,C15H14N2O5,36,C7H7NO3
CC(=O)Nc1ccc(O)c(C(C)CC(C)CCC2C=C2)c1,CC(=O)Nc1ccc(O)cc1,C18H25NO2,46,C10H18
CC(=O)N(c1ccc(O)cc1)C1OC2C3C4(Cl)C2(Cl)C134,CC(=O)Nc1ccc(O)cc1,C14H11Cl2NO3,31,C6H4Cl2O
CC(=O)Nc1ccc(O)c(C23C4=CNC4C45C2C42NNCC325)c1,CC(=O)Nc1ccc(O)cc1,C17H16N4O2,39,C9H9N3
CC(=O)Nc1ccc(O)c(C2CCC(C)O2)c1,CC(=O)Nc1ccc(O)cc1,C13H17NO3,34,C5H10O
CC(=O)Nc1ccc(O)cc1C1(O)COOC2C3NC4CC2(O)C=C4C31,CC(=O)Nc1ccc(O)cc1,C18H20N2O6,46,C10H13NO4
CC(=O)Nc1ccc(O)c(C23C4C56OCCC2(OC2OCCN3C245)O6)c1,CC(=O)Nc1ccc(O)cc1,C18H18N2O6,44,C10H11NO4
CC(=O)Nc1ccc(O)c(C2(OO)C(N)C3N4C5C6C54CC362)c1,CC(=O)Nc1ccc(O)cc1,C16H17N3O4,40,C8H10N2O2
CC(=O)N(c1ccc(O)cc1)C1C23ONCC4CCC5C2C41C53,CC(=O)Nc1ccc(O)cc1,C18H20N2O3,43,C10H13NO
CC(=O)Nc1ccc(O)c(C23N4C5C26C2CC24C563)c1,CC(=O)Nc1ccc(O)cc1,C15H12N2O2,31,C7H5N
C=C1C2C1N1C2N1Oc1ccc(NC(C)=O)cc1,CC(=O)Nc1ccc(O)cc1,C13H13N3O2,31,C5H6N2
C=CCCC(CC)C(=C)COc1ccc(NC(C)=O)cc1,CC(=O)Nc1ccc(O)cc1,C18H25NO2,46,C10H18
COC1(CC(C)Oc2ccc(NC(C)=O)cc2)OC2CNCC21,CC(=O)Nc1ccc(O)cc1,C17H24N2O4,47,C9H17NO2
CCC12C3OC(O)(c4cc(O)ccc4NC(C)=O)C14C1OC32C14,CC(=O)Nc1ccc(O)cc1,C17H17NO5,40,C9H10O3
CC(=O)Nc1ccc(O)cc1N1OC23CC4(CO2)C2C3(C)C214,CC(=O)Nc1ccc(O)cc1,C16H16N2O4,38,C8H9NO2
CCCOC(O)c1cc(NC(C)=O)ccc1O,CC(=O)Nc1ccc(O)cc1,C12H17NO4,34,C4H10O2
CC(=O)N(c1ccc(O)cc1)C1OC2=C1C2C=N,CC(=O)Nc1ccc(O)cc1,C13H12N2O3,30,C5H5NO
CC(=O)Nc1ccc(OC2(CCl)C(=CCl)C23C=C3)cc1,CC(=O)Nc1ccc(O)cc1,C15H13Cl2NO2,33,C7H6Cl2
CC(=O)Nc1ccc(OC2NN3C(N)=C(CC4C5CC453)O2)cc1,CC(=O)Nc1ccc(O)cc1,C16H18N4O3,41,C8H11N3O
CCCNC(CC)Oc1ccc(NC(C)=O)cc1,CC(=O)Nc1ccc(O)cc1,C14H22N2O2,40,C6H15N
CC(=O)Nc1ccc(O)c(C23C4CC25C2(CC2C)C435)c1,CC(=O)Nc1ccc(O)cc1,C17H17NO2,37,C9H10
CC(=O)Nc1ccc(OC23C4OC56C7=C(OC75)N(C42)C63)cc1,CC(=O)Nc1ccc(O)cc1,C16H12N2O4,34,C8H5NO2
CC(=O)N(c1ccc(O)cc1)C(CO)C(C)C1(C)CC1O,CC(=O)Nc1ccc(O)cc1,C16H23NO4,44,C8H16O2
C=CC(=CO)c1cc(O)ccc1NC(C)=O,CC(=O)Nc1ccc(O)cc1,C12H13NO3,29,C4H6O
CC(=O)Nc1ccc(O)c(CC23CC2C2C4C2C43)c1,CC(=O)Nc1ccc(O)cc1,C16H17NO2,36,C8H10
CC(=O)N(c1ccc(O)cc1)C12CC3(CS3)C3OC1N32,CC(=O)Nc1ccc(O)cc1,C14H14N2O3S,34,C6H7NOS
CC(=O)Nc1ccc(O)cc1C1(O)C2CSC=CC3C1N3OO2,CC(=O)Nc1ccc(O)cc1,C15H16N2O5S,39,C7H9NO3S
CC(=O)Nc1ccc(O)c(C2(CN)CNCO2)c1,CC(=O)Nc1ccc(O)cc1,C12H17N3O3,35,C4H10N2O
CC(=O)Nc1ccc(O)c(C2C3C45C6OC78NC6CN(C274)C385)c1,CC(=O)Nc1ccc(O)cc1,C17H15N3O3,38,C9H8N2O
CC(=O)Nc1ccc(O)c(C2=CC34C=C(O3)N4C=C2)c1,CC(=O)Nc1ccc(O)cc1,C15H12N2O3,32,C7H5NO
CC(=O)Nc1ccc(O)c(N2CC3(N)OCC4N5C3C425)c1,CC(=O)Nc1ccc(O)cc1,C14H16N4O3,37,C6H9N3O
CC(=O)Nc1ccc(O)cc1NC12COCCC(N1)C1=NC12,CC(=O)Nc1ccc(O)cc1,C15H18N4O3,40,C7H11N3O
CC(=O)N(c1ccc(O)cc1)C(N)(O)CC=N,CC(=O)Nc1ccc(O)cc1,C11H15N3O3,32,C3H8N2O
CC(=O)Nc1ccc(OC23CC=C(N2)N2CC3OSO2)cc1,CC(=O)Nc1ccc(O)cc1,C14H15N3O4S,37,C6H8N2O2S
CC(=O)Nc1ccc(OS2345CC6NC27CC3=CC(CC4C65)OO7)cc1,CC(=O)Nc1ccc(O)cc1,C18H20N2O4S,45,C10H13NO2S
CC(=O)N(OCC1(C)C2CC3NC45CC1(C)C4=C5C32)c1ccc(O)cc1,CC(=O)Nc1ccc(O)cc1,C21H24N2O3,50,C13H17NO
CC(=O)Nc1ccc(O)c(C2(N)C34C=C5C6CNCC27C56C37N4)c1,CC(=O)Nc1ccc(O)cc1,C18H18N4O2,42,C10H11N3
CC(=O)Nc1ccc(OC2NC2c2coc(C)n2)cc1,CC(=O)Nc1ccc(O)cc1,C14H15N3O3,35,C6H8N2O
CCC1(c2cc(O)ccc2NC(C)=O)OCCC1C,CC(=O)Nc1ccc(O)cc1,C15H21NO3,40,C7H14O
CC(=O)N(c1ccc(O)cc1)C12OCC13C1C45CC=CCC42C135,CC(=O)Nc1ccc(O)cc1,C19H17NO3,40,C11H10O
CC(=O)Nc1ccc(O)cc1C12C3CC45CC(C)C6NNC3OC41C6C52,CC(=O)Nc1ccc(O)cc1,C20H23N3O3,49,C12H16N2O
CCC(C)(C)c1cc(NC(C)=O)ccc1O,CC(=O)Nc1ccc(O)cc1,C13H19NO2,35,C5H12
O=C(COCOC1CC2C(=O)C1C13OC14C2C34)Nc1ccc(O)cc1,CC(=O)Nc1ccc(O)cc1,C18H17NO6,42,C10H10O4
CC(=O)Nc1ccc(O)cc1C12CC1C1C#CC2C1COCC(C)CN,CC(=O)Nc1ccc(O)cc1,C21H26N2O3,52,C13H19NO
CC(=O)N(c1ccc(O)cc1)C1(C)CC2C3CC4C(NC5C2C451)C3O,CC(=O)Nc1ccc(O)cc1,C20H24N2O3,49,C12H17NO
CCC(O)C1C2C3CCC31C21OC1N(C(C)=O)c1ccc(O)cc1,CC(=O)Nc1ccc(O)cc1,C19H23NO4,47,C11H16O2
CC(=O)Nc1ccc(O)c(C23ON2CC3CCCC(C)O)c1,CC(=O)Nc1ccc(O)cc1,C16H22N2O4,44,C8H15NO2
C=COC=C1OC2=CCC(CC(=O)Nc3ccc(O)cc3)C2O1,CC(=O)Nc1ccc(O)cc1,C17H17NO5,40,C9H10O3
CC(=O)Nc1ccc(O)cc1N1C2CC2C=C2CC2C2ON21,CC(=O)Nc1ccc(O)cc1,C16H17N3O3,39,C8H10N2O
CC(=O)Nc1ccc(O)c(C2C3COC4CC5(C#CCN5CCN3)C42)c1,CC(=O)Nc1ccc(O)cc1,C20H23N3O3,49,C12H16N2O
CC(=O)Nc1ccc(O)c(C2=C3C4C35OC2C45CCl)c1,CC(=O)Nc1ccc(O)cc1,C15H12ClNO3,32,C7H5ClO
CC(=O)N(c1ccc(O)cc1)C1C2NC1C(C)(N)CC2O,CC(=O)Nc1ccc(O)cc1,C15H21N3O3,42,C7H14N2O
CC(=O)Nc1ccc(O)c(C23C4CC5(C)C2(F)C453)c1,CC(=O)Nc1ccc(O)cc1,C15H14FNO2,33,C7H7F
O=C(CC1C2COC1C1CC3(OC3N1)SC2)Nc1ccc(O)cc1,CC(=O)Nc1ccc(O)cc1,C17H20N2O4S,44,C9H13NO2S
CC(=O)N(c1ccc(O)cc1)C(N)C1C2=C3N4C1C34C2,CC(=O)Nc1ccc(O)cc1,C15H15N3O2,35,C7H8N2
CC(=O)N(c1ccc(O)cc1)C(O)C1SC2CC3=CC2OC3C1N,CC(=O)Nc1ccc(O)cc1,C17H20N2O4S,44,C9H13NO2S
CC(=O)Nc1ccc(O)c(C23CC45CC42C5=C2C=CC3O2)c1,CC(=O)Nc1ccc(O)cc1,C18H15NO3,37,C10H8O
CC(=O)Nc1ccc(OC23CC4C(ON)C5C(N2)C2C4C54C2C34)cc1,CC(=O)Nc1ccc(O)cc1,C19H21N3O3,46,C11H14N2O
CC(=O)Nc1ccc(O)cc1C1C2CC2C(O)CN1O,CC(=O)Nc1ccc(O)cc1,C14H18N2O4,38,C6H11NO2
CC(=O)Nc1ccc(O)c(C23C4N2CC43S)c1,CC(=O)Nc1ccc(O)cc1,C12H12N2O2S,29,C4H5NS
CC(=O)Nc1ccc(ON2C3=NC4C(O)CN3C2C4C)cc1,CC(=O)Nc1ccc(O)cc1,C15H18N4O3,40,C7H11N3O
CCCNC1C2=NC3(Oc4ccc(NC(C)=O)cc4)C2C13,CC(=O)Nc1ccc(O)cc1,C16H19N3O2,40,C8H12N2
COCOCCC1(CC(=O)Nc2ccc(O)cc2)C=CC1,CC(=O)Nc1ccc(O)cc1,C16H21NO4,42,C8H14O2
CC(=O)N(CNC1CNCN1)c1ccc(O)cc1,CC(=O)Nc1ccc(O)cc1,C12H18N4O2,36,C4H11N3
O=C(Cc1ccc(F)cc1F)Nc1ccc(O)cc1,CC(=O)Nc1ccc(O)cc1,C14H11F2NO2,30,C6H4F2
CC(=O)Nc1ccc(O)c(C23C4C56CC57C5NOC(O)C42C57N63)c1,CC(=O)Nc1ccc(O)cc1,C17H15N3O4,39,C9H8N2O2
CC(=O)N(CCC(C)C(C)C)c1ccc(O)cc1,CC(=O)Nc1ccc(O)cc1,C15H23NO2,41,C7H16
O=C(CC12C3C4C5OC(C31)C13C6C4C6C2C1C53)Nc1ccc(O)cc1,CC(=O)Nc1ccc(O)cc1,C21H19NO3,44,C13H12O
O=C(CC1CC23CC(=C12)N3)Nc1ccc(O)cc1,CC(=O)Nc1ccc(O)cc1,C14H14N2O2,32,C6H7N
CC(=O)Nc1ccc(ON2C=C3CC2SC=NC(O)O3)cc1,CC(=O)Nc1ccc(O)cc1,C14H15N3O4S,37,C6H8N2O2S
CC(OCO)C1CC(CC(=O)Nc2ccc(O)cc2)C1,CC(=O)Nc1ccc(O)cc1,C15H21NO4,41,C7H14O2
CC(=O)Nc1ccc(O)cc1C1C2CC34OCC15C(OCC1(O3)C5N41)O2,CC(=O)Nc1ccc(O)cc1,C18H18N2O6,44,C10H11NO4
CC(=O)Nc1ccc(O)c(C23OC4C5=CC2(CC43)OCCO5)c1,CC(=O)Nc1ccc(O)cc1,C17H17NO5,40,C9H10O3
CC(=O)Nc1ccc(O)c(C2CC34C5C6(O)C7C(N3C)C25C764)c1,CC(=O)Nc1ccc(O)cc1,C18H18N2O3,41,C10H11NO
CC(=O)Nc1ccc(O)c(C(F)(C(F)(F)F)C(F)(F)C(F)(F)F)c1,CC(=O)Nc1ccc(O)cc1,C12H8F9NO2,32,C4HF9
O=C(CC1C2C=C3CC(CC2)C32NC12)Nc1ccc(O)cc1,CC(=O)Nc1ccc(O)cc1,C18H20N2O2,42,C10H13N
CC(=O)Nc1ccc(O)c(C23OCC(ON4C5CCC6C5(C)C64O2)O3)c1,CC(=O)Nc1ccc(O)cc1,C18H20N2O6,46,C10H13NO4
C=C1CC2(O)C3CC(N)(Oc4ccc(NC(C)=O)cc4)C4CC1C2(C4)O3,CC(=O)Nc1ccc(O)cc1,C20H24N2O4,50,C12H17NO2
CC(=O)Nc1ccc(OC2C(N)N(C)C2(C)O)cc1,CC(=O)Nc1ccc(O)cc1,C13H19N3O3,38,C5H12N2O
CC(=O)Nc1ccc(O)cc1-c1nccs1,CC(=O)Nc1ccc(O)cc1,C11H10N2O2S,26,C3H3NS
COCC(ON(C(C)=O)c1ccc(O)cc1)C1=CN1,CC(=O)Nc1ccc(O)cc1,C13H16N2O4,35,C5H9NO2
CC(=O)Nc1ccc(OC2C3C4(O)NCC35COC53C2CCOC43)cc1,CC(=O)Nc1ccc(O)cc1,C19H22N2O5,48,C11H15NO3
CC(=O)Nc1ccc(O)c(C23CC4C5C6N2C62N=C(N)N4C532)c1,CC(=O)Nc1ccc(O)cc1,C16H15N5O2,38,C8H8N4
CC(=O)N(c1ccc(O)cc1)C12CN3C1N1CCC132,CC(=O)Nc1ccc(O)cc1,C14H15N3O2,34,C6H8N2
CC(=O)Nc1ccc(O)cc1C1C2C13CCC(F)C1CC24C(N1)N34,CC(=O)Nc1ccc(O)cc1,C18H20FN3O2,44,C10H13FN2
CC(=O)Nc1ccc(O)cc1NC1OCC23CC24N(C1O)N34,CC(=O)Nc1ccc(O)cc1,C14H16N4O4,38,C6H9N3O2
CC(=O)Nc1ccc(O)cc1NC1CC23CC24C2=C(C23)C14,CC(=O)Nc1ccc(O)cc1,C17H16N2O2,37,C9H9N
CC(=O)Nc1ccc(OCC2NOC(O)=C2CO)cc1,CC(=O)Nc1ccc(O)cc1,C13H16N2O5,36,C5H9NO3
COC(=O)OCC(=O)Nc1ccc(O)cc1,CC(=O)Nc1ccc(O)cc1,C10H11NO5,27,C2H4O3
CC(=O)Nc1ccc(O)cc1C1(N)CC2NC3C4(C1)C1(O)CC2C314,CC(=O)Nc1ccc(O)cc1,C18H21N3O3,45,C10H14N2O
O=C(CC1C2C34C5CC5NC3C124)Nc1ccc(O)cc1,CC(=O)Nc1ccc(O)cc1,C16H16N2O2,36,C8H9N
CC(=O)N(c1ccc(O)cc1)C(C)CC1CCCC1C,CC(=O)Nc1ccc(O)cc1,C17H25NO2,45,C9H18
O=C(CC12C(NO)C3C4C1C1C5CC42C513)Nc1ccc(O)cc1,CC(=O)Nc1ccc(O)cc1,C18H18N2O3,41,C10H11NO
C=NCCCOCC(=O)Nc1ccc(O)cc1,CC(=O)Nc1ccc(O)cc1,C12H16N2O3,33,C4H9NO
CC(=O)Nc1ccc(On2n3c(=N)n23)cc1,CC(=O)Nc1ccc(O)cc1,C9H9N5O2,25,CH2N4
CC(=O)Nc1ccc(OC(F)(F)C(F)(F)F)cc1,CC(=O)Nc1ccc(O)cc1,C10H8F5NO2,26,C2HF5
CC(=O)Nc1ccc(OC23C4C56C7NC(C8C5C872)C463)cc1,CC(=O)Nc1ccc(O)cc1,C17H14N2O2,35,C9H7N
CC(=O)N(c1ccc(O)cc1)C(O)C(O)CC1C=CC(N)C1O,CC(=O)Nc1ccc(O)cc1,C16H22N2O5,45,C8H15NO3
C=C(N(C(C)=O)c1ccc(O)cc1)C12OCC3=C=C(CC1O)C32,CC(=O)Nc1ccc(O)cc1,C18H17NO4,40,C10H10O2
O=C(CC12CC34C1C23C4(Cl)OCl)Nc1ccc(O)cc1,CC(=O)Nc1ccc(O)cc1,C14H11Cl2NO3,31,C6H4Cl2O
O=C(CC1(CO)CCCON1)Nc1ccc(O)cc1,CC(=O)Nc1ccc(O)cc1,C13H18N2O4,37,C5H11NO2
CC(=O)Nc1ccc(O)c(C23C4=C2C3C(NCl)C4Cl)c1,CC(=O)Nc1ccc(O)cc1,C14H12Cl2N2O2,32,C6H5Cl2N
CC(=O)Nc1ccc(O)c(OC2C3=C4OC5C4CC2(CC=N)C5NO3)c1,CC(=O)Nc1ccc(O)cc1,C18H19N3O5,45,C10H12N2O3
CC(=O)Nc1ccc(O[SH3]2CCOC(=O)OC=N2)cc1,CC(=O)Nc1ccc(O)cc1,C12H16N2O5S,36,C4H9NO3S
C=CC1=NCC2N3CCC23OC1(N)CN(C(C)=O)c1ccc(O)cc1,CC(=O)Nc1ccc(O)cc1,C18H22N4O3,47,C10H15N3O
CC(=O)Nc1ccc(OC2CCCC2(C)CNO)cc1,CC(=O)Nc1ccc(O)cc1,C15H22N2O3,42,C7H15NO
CC(=O)Nc1ccc(O)cc1C1=C2NNC2O1,CC(=O)Nc1ccc(O)cc1,C11H11N3O3,28,C3H4N2O
CCCC(O)C(C)CC(=O)Nc1ccc(O)cc1,CC(=O)Nc1ccc(O)cc1,C14H21NO3,39,C6H14O
CC(=O)Nc1ccc(O)c(C23N4OC5C6N=CC27C5C73C64)c1,CC(=O)Nc1ccc(O)cc1,C16H13N3O3,35,C8H6N2O
CC(=O)Nc1ccc(O)cc1C1(C2CC=CN2C(C)C)C2CC21,CC(=O)Nc1ccc(O)cc1,C19H24N2O2,47,C11H17N
O=C(CC12CC3=CC(C=N1)(O3)O2)Nc1ccc(O)cc1,CC(=O)Nc1ccc(O)cc1,C14H12N2O4,32,C6H5NO2
CC(=O)Nc1ccc(O)c(C2=C3C4OC5=C6N2CC36C4(ON)C5)c1,CC(=O)Nc1ccc(O)cc1,C17H15N3O4,39,C9H8N2O2
CC(=O)N(OCC1C2CC3(C(C)O2)C2CC1N3C2C)c1ccc(O)cc1,CC(=O)Nc1ccc(O)cc1,C20H26N2O4,52,C12H19NO2
CC(=O)Nc1ccc(O)c(C23C4CC5NOC6=COON(C4)C52C63)c1,CC(=O)Nc1ccc(O)cc1,C17H17N3O5,42,C9H10N2O3
CC(=O)N(c1ccc(O)cc1)C12C3=C4NC15C4C35C2S,CC(=O)Nc1ccc(O)cc1,C15H12N2O2S,32,C7H5NS
CC(=O)Nc1ccc(O)cc1C1COC2=C3C4CC4(C1)N3OO2,CC(=O)Nc1ccc(O)cc1,C16H16N2O5,39,C8H9NO3
CC(=O)Nc1ccc(O)c(C23C(O)C4N=C=CC5C2OO[SH2]543)c1,CC(=O)Nc1ccc(O)cc1,C15H16N2O5S,39,C7H9NO3S
CC(=O)Nc1ccc(O)c(C2OC3=C=[SH2]4CC2OC=CN34)c1,CC(=O)Nc1ccc(O)cc1,C15H16N2O4S,38,C7H9NO2S
CC(=O)Nc1ccc(O)cc1C(C)(N)C=O,CC(=O)Nc1ccc(O)cc1,C11H14N2O3,30,C3H7NO
CC(=O)Nc1ccc(O)cc1CCC12C3NC14C2CC4(OO)C3C,CC(=O)Nc1ccc(O)cc1,C18H22N2O4,46,C10H15NO2
CC(=O)Nc1ccc(O)c(C2NC34CC2CN2C3C2(O)N4)c1,CC(=O)Nc1ccc(O)cc1,C15H18N4O3,40,C7H11N3O
CC(=O)Nc1ccc(O)cc1C1OC23CC14C1CC2C4C13,CC(=O)Nc1ccc(O)cc1,C17H17NO3,38,C9H10O
CC(=O)Nc1ccc(OC2N3C45CC24C35C(F)C(F)F)cc1,CC(=O)Nc1ccc(O)cc1,C15H13F3N2O2,35,C7H6F3N
CC(=O)Nc1ccc(O)c(C23NC4(C(C)C5C6C57C4CC627)C3O)c1,CC(=O)Nc1ccc(O)cc1,C19H20N2O3,44,C11H13NO
CCCC1NC1COc1cc(NC(C)=O)ccc1O,CC(=O)Nc1ccc(O)cc1,C14H20N2O3,39,C6H13NO
O=C(CCC12OCC34C5CN(CC51)C31C3(O)N2C431)Nc1ccc(O)cc1,CC(=O)Nc1ccc(O)cc1,C19H19N3O4,45,C11H12N2O2
CC(=O)Nc1ccc(OC23C4C5C6C7CC2C28C6C2C78C5C43)cc1,CC(=O)Nc1ccc(O)cc1,C21H19NO2,43,C13H12
CC(=O)Nc1ccc(O)cc1C12C3CC1C(F)C2C=N3,CC(=O)Nc1ccc(O)cc1,C15H15FN2O2,35,C7H8FN
CC(=O)Nc1ccc(OC2(F)CC3CN3C3=C2C3)cc1,CC(=O)Nc1ccc(O)cc1,C15H15FN2O2,35,C7H8FN
CC(=O)Nc1ccc(O)c(C23CC2C(N)(CO)CN3)c1,CC(=O)Nc1ccc(O)cc1,C14H19N3O3,39,C6H12N2O
CC(=O)Nc1ccc(O)c(C23COC4OC25C2CC67ON5C4C6C273)c1,CC(=O)Nc1ccc(O)cc1,C18H16N2O5,41,C10H9NO3
CC(=O)Nc1ccc(O)cc1C1CCC2(OO)C1OC1C=C3NC312,CC(=O)Nc1ccc(O)cc1,C17H18N2O5,42,C9H11NO3
CC(=O)Nc1ccc(O)cc1C12N3C4C5N6C(OCC41C62O)C53O,CC(=O)Nc1ccc(O)cc1,C16H15N3O5,39,C8H8N2O3
CCNCOc1cc(NC(C)=O)ccc1O,CC(=O)Nc1ccc(O)cc1,C11H16N2O3,32,C3H9NO
CC(=O)N(c1ccc(O)cc1)C1C2C(O)C(CNO)C3=CC31C1CC21,CC(=O)Nc1ccc(O)cc1,C19H22N2O4,47,C11H15NO2
C=C1C=C2C1C(CC)CC2N(C(C)=O)c1ccc(O)cc1,CC(=O)Nc1ccc(O)cc1,C18H21NO2,42,C10H14
CC(=O)Nc1ccc(O)cc1C1C2=CN(S)C21,CC(=O)Nc1ccc(O)cc1,C12H12N2O2S,29,C4H5NS
CC(N)CCNCC(=O)Nc1ccc(O)cc1,CC(=O)Nc1ccc(O)cc1,C12H19N3O2,36,C4H12N2
CC(=O)Nc1ccc(O)c(C23C4C5CC4N2C32CC52)c1,CC(=O)Nc1ccc(O)cc1,C16H16N2O2,36,C8H9N
NC12CCC3C(=C1CC(=O)Nc1ccc(O)cc1)CC32,CC(=O)Nc1ccc(O)cc1,C16H18N2O2,38,C8H11N
CC(=O)Nc1ccc(O)c(C23NCC4C(C2O)N2NC3C43C=C=C2C3)c1,CC(=O)Nc1ccc(O)cc1,C19H20N4O3,46,C11H13N3O
CC(=O)Nc1ccc(OC2C(F)C3N4C=CC234)cc1,CC(=O)Nc1ccc(O)cc1,C14H13FN2O2,32,C6H6FN
CC(=O)Nc1ccc(O)cc1CC(C)ON1C(=O)OC1C,CC(=O)Nc1ccc(O)cc1,C14H18N2O5,39,C6H11NO3
CC(=O)N(c1ccc(O)cc1)C1CC(C)(OCN)C1C,CC(=O)Nc1ccc(O)cc1,C15H22N2O3,42,C7H15NO
CC(=O)Nc1ccc(O)cc1C12CN3C45C(F)OC1(F)C34C25,CC(=O)Nc1ccc(O)cc1,C15H12F2N2O3,34,C7H5F2NO
CC(=O)Nc1ccc(O)cc1C12CC13C1CC(C(O)OO)C123,CC(=O)Nc1ccc(O)cc1,C16H17NO5,39,C8H10O3
CC(=O)N(c1ccc(O)cc1)C1NCC2=CC(O)CCON21,CC(=O)Nc1ccc(O)cc1,C15H19N3O4,41,C7H12N2O2
O=C(CC1C2C3CC4=NC25OC=C5C41ON3)Nc1ccc(O)cc1,CC(=O)Nc1ccc(O)cc1,C17H15N3O4,39,C9H8N2O2
CC(=O)Nc1ccc(O)cc1OCC1C2C3C4N1C2N34,CC(=O)Nc1ccc(O)cc1,C14H15N3O3,35,C6H8N2O
CC(=O)Nc1ccc(O)cc1C1C#[SH]2C3CC14C3C24C,CC(=O)Nc1ccc(O)cc1,C16H17NO2S,37,C8H10S
CC(=O)Nc1ccc(O)cc1C1CC23C4=NC5(C#CC2C1C5C)C43,CC(=O)Nc1ccc(O)cc1,C20H18N2O2,42,C12H11N
CC1CC2CC1CCC2CC(=O)Nc1ccc(O)cc1,CC(=O)Nc1ccc(O)cc1,C17H23NO2,43,C9H16
CC(=O)Nc1ccc(O)c(OC(C)C(O)C(N)S)c1,CC(=O)Nc1ccc(O)cc1,C12H18N2O4S,37,C4H11NO2S
CC(=O)Nc1ccc(OC23C4C56CC7C5CC5OC42C56C73)cc1,CC(=O)Nc1ccc(O)cc1,C19H17NO3,40,C11H10O
CC(=O)Nc1ccc(O)cc1OCCC1CCCCCO1,CC(=O)Nc1ccc(O)cc1,C16H23NO4,44,C8H16O2
CC(=O)Nc1ccc(O)c(CC23C=NC45OC(C2)N4C35)c1,CC(=O)Nc1ccc(O)cc1,C15H15N3O3,36,C7H8N2O
CC(=O)N(C1=C=C2CN2C(OCCO)CC2OC1O2)c1ccc(O)cc1,CC(=O)Nc1ccc(O)cc1,C18H20N2O6,46,C10H13NO4
CC(=O)Nc1ccc(O)cc1C12CC34C(CCl)=CC5=C(N31)C542,CC(=O)Nc1ccc(O)cc1,C17H13ClN2O2,35,C9H6ClN
C=C1ON2CC1(Cl)CC13CC1C23c1cc(O)ccc1NC(C)=O,CC(=O)Nc1ccc(O)cc1,C17H17ClN2O3,40,C9H10ClNO
C=NOC(CCC(=O)Nc1ccc(O)cc1)COCC,CC(=O)Nc1ccc(O)cc1,C14H20N2O4,40,C6H13NO2
CC(=O)Nc1ccc(O)c(C(C)(O)C2C3=C4C5C4C35N2F)c1,CC(=O)Nc1ccc(O)cc1,C16H15FN2O3,37,C8H8FNO
CC(=O)Nc1ccc(O)c(C2CC3CC4C=C(OOC=CO3)OC42)c1,CC(=O)Nc1ccc(O)cc1,C18H19NO6,44,C10H12O4
CC(=O)N(C1=CC23OC2=CC32N=CN1CN2)c1ccc(O)cc1,CC(=O)Nc1ccc(O)cc1,C16H14N4O3,37,C8H7N3O
CC(=O)Nc1ccc(O)c(C2CC3NNC3C3C4C5CC(C5)C243)c1,CC(=O)Nc1ccc(O)cc1,C19H23N3O2,47,C11H16N2
CC(=O)Nc1ccc(O)cc1OC1C2C3C(N)C24CCC134,CC(=O)Nc1ccc(O)cc1,C16H18N2O3,39,C8H11NO
CC(=O)Nc1ccc(O)c(C=NC2=NC=CC2)c1,CC(=O)Nc1ccc(O)cc1,C13H13N3O2,31,C5H6N2
CC(=O)Nc1ccc(OC23C4CC25CN3C45Cl)cc1,CC(=O)Nc1ccc(O)cc1,C14H13ClN2O2,32,C6H6ClN
CSC(C)(O)C(=O)c1cc(O)ccc1NC(C)=O,CC(=O)Nc1ccc(O)cc1,C12H15NO4S,33,C4H8O2S
O=C(CC12C3CCC4OC41OC21C=C1C3)Nc1ccc(O)cc1,CC(=O)Nc1ccc(O)cc1,C18H17NO4,40,C10H10O2
CC(=O)Nc1ccc(O)c(C23CC45N6NCC67C6N8C2OC84C65C37)c1,CC(=O)Nc1ccc(O)cc1,C18H16N4O3,41,C10H9N3O
CCC1(C)CNCC1c1cc(NC(C)=O)ccc1O,CC(=O)Nc1ccc(O)cc1,C15H22N2O2,41,C7H15N
CC(=O)Nc1ccc(O)c(C23COC4OC56C7C2C75CC36OC4N)c1,CC(=O)Nc1ccc(O)cc1,C18H18N2O5,43,C10H11NO3
CC(=O)Nc1ccc(O)cc1OC1CC23C4=CCN1C42C3O,CC(=O)Nc1ccc(O)cc1,C16H16N2O4,38,C8H9NO2
CC(=O)Nc1ccc(O)c(CC2CC=CC(O)(O)C2N)c1,CC(=O)Nc1ccc(O)cc1,C15H20N2O4,41,C7H13NO2
CC(=O)Nc1ccc(O)c(C2C=C3N=NOC3S2)c1,CC(=O)Nc1ccc(O)cc1,C12H11N3O3S,30,C4H4N2OS
CC(=O)Nc1ccc(ON2N3COC24SC=CC34)cc1,CC(=O)Nc1ccc(O)cc1,C13H13N3O3S,33,C5H6N2OS
CC(=O)Nc1ccc(OC2CC3=C4OC3C4O2)cc1,CC(=O)Nc1ccc(O)cc1,C14H13NO4,32,C6H6O2
CC(=O)Nc1ccc(O)c(C23OCC4NCC5CN2C2(CC52)C43C)c1,CC(=O)Nc1ccc(O)cc1,C19H23N3O3,48,C11H16N2O
CC(=O)Nc1ccc(O)cc1C(=O)N1C2=CC2C23CNC4C1C42NC3,CC(=O)Nc1ccc(O)cc1,C18H18N4O3,43,C10H11N3O
CC(=O)Nc1ccc(O)cc1N1C2CC3CC14C1CC(CC3C24)N1,CC(=O)Nc1ccc(O)cc1,C19H23N3O2,47,C11H16N2
CC(=O)N(c1ccc(O)cc1)C(F)C(F)F,CC(=O)Nc1ccc(O)cc1,C10H10F3NO2,26,C2H3F3
C=C1CC23C=C1CC2(c1cc(NC(C)=O)ccc1O)C(Cl)N3O,CC(=O)Nc1ccc(O)cc1,C17H17ClN2O3,40,C9H10ClNO
CC(=O)Nc1ccc(OC2=C3C(F)C4C5NOC(F)(F)C34C25)cc1,CC(=O)Nc1ccc(O)cc1,C16H13F3N2O3,37,C8H6F3NO
CC(=O)Nc1ccc(OC2=C3C4C5=CN6NC(C2)C4C536)cc1,CC(=O)Nc1ccc(O)cc1,C17H15N3O2,37,C9H8N2
C=C1CCCC1C(C)c1cc(NC(C)=O)ccc1O,CC(=O)Nc1ccc(O)cc1,C16H21NO2,40,C8H14
CNCC12CC34C5C(CC13C5Cc1cc(O)ccc1NC(C)=O)C24,CC(=O)Nc1ccc(O)cc1,C20H24N2O2,48,C12H17N
CC(CO)C(CC(=O)Nc1ccc(O)cc1)C(=O)O,CC(=O)Nc1ccc(O)cc1,C13H17NO5,36,C5H10O3
CC(=O)Nc1ccc(O)c(C(O)CC(C)C)c1,CC(=O)Nc1ccc(O)cc1,C13H19NO3,36,C5H12O
CC(=O)Nc1ccc(O)cc1C12C3CC14C=C(O)N1CC(O)C2(N4)C31,CC(=O)Nc1ccc(O)cc1,C18H19N3O4,44,C10H12N2O2
CCC1(CC(=O)Nc2ccc(O)cc2)COOC(C)C1,CC(=O)Nc1ccc(O)cc1,C15H21NO4,41,C7H14O2
C=CC(CCCC)CC(=O)Nc1ccc(O)cc1,CC(=O)Nc1ccc(O)cc1,C15H21NO2,39,C7H14
CC(=O)N(c1ccc(O)cc1)C12CC3NC1C1C3CC(C)C12,CC(=O)Nc1ccc(O)cc1,C18H22N2O2,44,C10H15N
C=CC(O)CCCCCc1cc(NC(C)=O)ccc1O,CC(=O)Nc1ccc(O)cc1,C16H23NO3,43,C8H16O
CC(=O)Nc1ccc(O)c(C(C)C2CCCC(C)C2)c1,CC(=O)Nc1ccc(O)cc1,C17H25NO2,45,C9H18
CC(=O)N(c1ccc(O)cc1)C1CC1CCCCCN,CC(=O)Nc1ccc(O)cc1,C16H24N2O2,44,C8H17N
CNC1(COC)C=CC1(O)N(C(C)=O)c1ccc(O)cc1,CC(=O)Nc1ccc(O)cc1,C15H20N2O4,41,C7H13NO2
CC(=O)Nc1ccc(O)cc1NC12CN1C1C=C12,CC(=O)Nc1ccc(O)cc1,C13H13N3O2,31,C5H6N2
CC(=O)Nc1ccc(O)c(C2CCC2O)c1,CC(=O)Nc1ccc(O)cc1,C12H15NO3,31,C4H8O
CCC(CC)CCC(C)CCCc1cc(O)ccc1NC(C)=O,CC(=O)Nc1ccc(O)cc1,C20H33NO2,56,C12H26
CC(=O)Nc1ccc(O)c(CC(C)C2CC3CC3C2)c1,CC(=O)Nc1ccc(O)cc1,C17H23NO2,43,C9H16
CC(=O)Nc1ccc(O)c(ON(F)C2C3C4=C3C3C4C32)c1,CC(=O)Nc1ccc(O)cc1,C15H13FN2O3,34,C7H6FNO
CC(=O)Nc1ccc(O)cc1C12C3=C4C5OC6OC61C(N)C45CN32,CC(=O)Nc1ccc(O)cc1,C17H15N3O4,39,C9H8N2O2
CC(=O)Nc1ccc(O)cc1NC1C(O)C2=C3NC1N32,CC(=O)Nc1ccc(O)cc1,C13H14N4O3,34,C5H7N3O
CC(=O)Nc1ccc(O)cc1C(NO)(C(C)C)C1CCC1,CC(=O)Nc1ccc(O)cc1,C16H24N2O3,45,C8H17NO
CC(=O)Nc1ccc(O)cc1C12C=C3C1C1N(C2O)C24C3C2C14O,CC(=O)Nc1ccc(O)cc1,C18H16N2O4,40,C10H9NO2
CC(=O)N(c1ccc(O)cc1)C1(Cl)N2C=C3C4C(C2O)C341,CC(=O)Nc1ccc(O)cc1,C15H13ClN2O3,34,C7H6ClNO
O=C(CC12OC3COC4C35C3NC5(O1)C342)Nc1ccc(O)cc1,CC(=O)Nc1ccc(O)cc1,C16H14N2O5,37,C8H7NO3
CC(=O)N(c1ccc(O)cc1)C1C2OCC3=C4OC1(O4)C2=N3,CC(=O)Nc1ccc(O)cc1,C15H12N2O5,34,C7H5NO3
O=C(CN1C23C4C25O[SH2]42N3C152)Nc1ccc(O)cc1,CC(=O)Nc1ccc(O)cc1,C12H11N3O3S,30,C4H4N2OS
O=C(CC1C2C3OC4C2C3C42NC3C4=C2C431)Nc1ccc(O)cc1,CC(=O)Nc1ccc(O)cc1,C19H16N2O3,40,C11H9NO
CC(=O)Nc1ccc(On2n3c(=N)n23)cc1,CC(=O)Nc1ccc(O)cc1,C9H9N5O2,25,CH2N4
CC(=O)N(c1ccc(O)cc1)C1C=C2C3CC(OOC1O)N2S3,CC(=O)Nc1ccc(O)cc1,C15H16N2O5S,39,C7H9NO3S
CC(=O)Nc1ccc(OC2C3CC2C(C)(C)C3C)cc1,CC(=O)Nc1ccc(O)cc1,C17H23NO2,43,C9H16
C=C(CC(=O)Nc1ccc(O)cc1)C1=NC=C(F)OC1=C,CC(=O)Nc1ccc(O)cc1,C15H13FN2O3,34,C7H6FNO
C=CC(C)(CCCC)N(C(C)=O)c1ccc(O)cc1,CC(=O)Nc1ccc(O)cc1,C16H23NO2,42,C8H16
CC(=O)Nc1ccc(O)cc1N1C2C=C3C45CCC1C3(O)C4C2CN5,CC(=O)Nc1ccc(O)cc1,C19H21N3O3,46,C11H14N2O
CC(=O)Nc1ccc(OCC2C3C4(C)OC4C4=C5C6CC27C4C63N57)cc1,CC(=O)Nc1ccc(O)cc1,C21H20N2O3,46,C13H13NO
CC(=O)Nc1ccc(OOC(O)Cc2o[nH]c2C)cc1,CC(=O)Nc1ccc(O)cc1,C13H16N2O5,36,C5H9NO3
NCC1C2NC2(CC(=O)Nc2ccc(O)cc2)OC2C3C45COC24C135,CC(=O)Nc1ccc(O)cc1,C18H19N3O4,44,C10H12N2O2
CC(=O)Nc1ccc(O)cc1C12CC13C=CC(O)(F)C32,CC(=O)Nc1ccc(O)cc1,C15H14FNO3,34,C7H7FO
CC(=O)Nc1ccc(O)cc1ON1CC2CC3N=C2C=C1O3,CC(=O)Nc1ccc(O)cc1,C15H15N3O4,37,C7H8N2O2
CC(=O)N(C1=C2OC(C=C2SCCl)O1)c1ccc(O)cc1,CC(=O)Nc1ccc(O)cc1,C14H12ClNO4S,33,C6H5ClO2S
CC(=O)Nc1ccc(O)cc1C12C=CC34C5C6C3C61C54C2,CC(=O)Nc1ccc(O)cc1,C18H15NO2,36,C10H8
CCC(CC)N(C(C)=O)c1ccc(O)cc1,CC(=O)Nc1ccc(O)cc1,C13H19NO2,35,C5H12
CC(=O)Nc1ccc(OC(O)OCNS)cc1,CC(=O)Nc1ccc(O)cc1,C10H14N2O4S,31,C2H7NO2S
CC(=O)Nc1ccc(O)c(C2NC34CC56CC23OC42CC5(OO)CC62)c1,CC(=O)Nc1ccc(O)cc1,C19H20N2O5,46,C11H13NO3
CC(=O)N(c1ccc(O)cc1)C12NC3N4C5N1N1C4C31N52,CC(=O)Nc1ccc(O)cc1,C13H12N6O2,33,C5H5N5
C=C1CCC(C(CC)c2cc(NC(C)=O)ccc2O)C1,CC(=O)Nc1ccc(O)cc1,C17H23NO2,43,C9H16
COC12CC3C4CC45C3(Oc3ccc(NC(C)=O)cc3)C3C1C=NC325,CC(=O)Nc1ccc(O)cc1,C20H20N2O3,45,C12H13NO
CC(=O)Nc1ccc(OC23C4CC25C42CCC35O2)cc1,CC(=O)Nc1ccc(O)cc1,C16H15NO3,35,C8H8O
CC1C2CC(C)(C2)C1(CC(=O)Nc1ccc(O)cc1)OO,CC(=O)Nc1ccc(O)cc1,C16H21NO4,42,C8H14O2
C=C1C2OC3CC45OC(NC6(CC(=O)Nc7ccc(O)cc7)NC3C64)C125,CC(=O)Nc1ccc(O)cc1,C19H19N3O4,45,C11H12N2O2
CC(=O)Nc1ccc(O)cc1C12C3C1N1C(N)N4C5=NC1C54C32,CC(=O)Nc1ccc(O)cc1,C16H15N5O2,38,C8H8N4
CC=CC1CNC(N(C(C)=O)c2ccc(O)cc2)O1,CC(=O)Nc1ccc(O)cc1,C14H18N2O3,37,C6H11NO
CC(=O)Nc1ccc(O)c(C2OC3CCC3NC34OC56C(C=C3C45)C26)c1,CC(=O)Nc1ccc(O)cc1,C20H20N2O4,46,C12H13NO2
O=C(CC1C2=CC(=CCl)OC1N=C2)Nc1ccc(O)cc1,CC(=O)Nc1ccc(O)cc1,C15H13ClN2O3,34,C7H6ClNO
CC(=O)Nc1ccc(O)c(C2(O)C3C4C=C(O)C5(C4)C3C(N)C52)c1,CC(=O)Nc1ccc(O)cc1,C18H20N2O4,44,C10H13NO2
CC(=O)Nc1ccc(O)c(OC2COC=NCCCOC2)c1,CC(=O)Nc1ccc(O)cc1,C15H20N2O5,42,C7H13NO3
CC(=O)Nc1ccc(O)c(C2CC3CC45OOC67C3OOC46C2C57)c1,CC(=O)Nc1ccc(O)cc1,C18H17NO6,42,C10H10O4
O=C(CC12CC34C(OOC13O)C1=CCC124)Nc1ccc(O)cc1,CC(=O)Nc1ccc(O)cc1,C17H15NO5,38,C9H8O3
CCCCC(CCC)C(C)Oc1ccc(NC(C)=O)cc1,CC(=O)Nc1ccc(O)cc1,C18H29NO2,50,C10H22
CC(=O)Nc1ccc(O)c(C23C4CN5C(O)NC26C2C(C5C)C2C463)c1,CC(=O)Nc1ccc(O)cc1,C19H21N3O3,46,C11H14N2O
CC(=O)Nc1ccc(OC2=C3C4CCC25CC4C35)cc1,CC(=O)Nc1ccc(O)cc1,C17H17NO2,37,C9H10
CC(=O)Nc1ccc(O)c(C23C4C5=CC4SC24NC543)c1,CC(=O)Nc1ccc(O)cc1,C15H12N2O2S,32,C7H5NS
CC1CCCC1(C)CC(=O)Nc1ccc(O)cc1,CC(=O)Nc1ccc(O)cc1,C15H21NO2,39,C7H14
CC(=O)Nc1ccc(O)cc1C(F)(F)C(F)(F)F,CC(=O)Nc1ccc(O)cc1,C10H8F5NO2,26,C2HF5
CCCC(O)COc1ccc(NC(C)=O)cc1,CC(=O)Nc1ccc(O)cc1,C13H19NO3,36,C5H12O
CC(=O)Nc1ccc(OC2(C)C3CC45OC(C34)C5(O)C2O)cc1,CC(=O)Nc1ccc(O)cc1,C17H19NO5,42,C9H12O3
COC12C(O)CC34OC1C3C2C4c1cc(NC(C)=O)ccc1O,CC(=O)Nc1ccc(O)cc1,C17H19NO5,42,C9H12O3
CCC1N(c2cc(O)ccc2NC(C)=O)C23C4=C5C26C2OC(C4)(C26)C513,CC(=O)Nc1ccc(O)cc1,C20H18N2O3,43,C12H11NO
CC(=O)Nc1ccc(O)cc1C12OC3(Cl)C1=C1C3COCCN12,CC(=O)Nc1ccc(O)cc1,C16H15ClN2O4,38,C8H8ClNO2
COC12CCC=C3C(C1)OC32c1cc(NC(C)=O)ccc1O,CC(=O)Nc1ccc(O)cc1,C17H19NO4,41,C9H12O2
CC(=O)Nc1ccc(OC23C4=C5C6C7CC5C25CC3C65CC47)cc1,CC(=O)Nc1ccc(O)cc1,C21H19NO2,43,C13H12
CC(=O)Nc1ccc(O)cc1C12OC3CSC4N1C4(C3)O2,CC(=O)Nc1ccc(O)cc1,C14H14N2O4S,35,C6H7NO2S
C=C(c1cc(O)ccc1NC(C)=O)N(C)CO,CC(=O)Nc1ccc(O)cc1,C12H16N2O3,33,C4H9NO
O=C(CC1C2C3=C4C5OC6C(O)N4C3NC16C52)Nc1ccc(O)cc1,CC(=O)Nc1ccc(O)cc1,C18H17N3O4,42,C10H10N2O2
CC12C=CC13SC23CC(=O)Nc1ccc(O)cc1,CC(=O)Nc1ccc(O)cc1,C14H13NO2S,31,C6H6S
CC(=O)N(c1ccc(O)cc1)C(O)C(C)(C)O,CC(=O)Nc1ccc(O)cc1,C12H17NO4,34,C4H10O2
O=C(Cc1ccco1)Nc1ccc(O)cc1,CC(=O)Nc1ccc(O)cc1,C12H11NO3,27,C4H4O
CC(=O)Nc1ccc(O)c(C2C=C3C45CC4C(Cl)C32ON5)c1,CC(=O)Nc1ccc(O)cc1,C16H15ClN2O3,37,C8H8ClNO
CC(=O)Nc1ccc(OC2=CCC3CC3O2)cc1,CC(=O)Nc1ccc(O)cc1,C14H15NO3,33,C6H8O
CC(=O)Nc1ccc(OC2C3C4NC(C)OOCC4C23O)cc1,CC(=O)Nc1ccc(O)cc1,C16H20N2O5,43,C8H13NO3
C=C(C=NC=N)CC(=O)Nc1ccc(O)cc1,CC(=O)Nc1ccc(O)cc1,C12H13N3O2,30,C4H6N2
CC(=O)Nc1ccc(O)cc1C12CC34C(C=N1)CC1C3C124,CC(=O)Nc1ccc(O)cc1,C17H16N2O2,37,C9H9N
CCC1C2CC(CCOc3ccc(NC(C)=O)cc3)C1C2,CC(=O)Nc1ccc(O)cc1,C18H25NO2,46,C10H18
NC(O)C12CC34C5(CC(=O)Nc6ccc(O)cc6)C13C254,CC(=O)Nc1ccc(O)cc1,C15H14N2O3,34,C7H7NO
CC(=O)N(c1ccc(O)cc1)N1C=NN=CN1,CC(=O)Nc1ccc(O)cc1,C10H11N5O2,28,C2H4N4
CC(=O)N(c1ccc(O)cc1)C12C3OC4C5C3C36C4CC4C7C51C43C762,CC(=O)Nc1ccc(O)cc1,C21H17NO3,42,C13H10O
CC(=O)Nc1ccc(O)c(C2=c3oc(s3)=CC2)c1,CC(=O)Nc1ccc(O)cc1,C13H11NO3S,29,C5H4OS
CC(=O)Nc1ccc(O)c(C2(O)CC3=C4C5C=C3C4C52)c1,CC(=O)Nc1ccc(O)cc1,C17H15NO3,36,C9H8O
C=NNCN(C)Oc1ccc(NC(C)=O)cc1,CC(=O)Nc1ccc(O)cc1,C11H16N4O2,33,C3H9N3
CC(=O)N(c1ccc(O)cc1)C1C2CC3C4CC5=NC(C24)C1N53,CC(=O)Nc1ccc(O)cc1,C18H19N3O2,42,C10H12N2
CCC(C)(c1cc(O)ccc1NC(C)=O)C(C)O,CC(=O)Nc1ccc(O)cc1,C14H21NO3,39,C6H14O
COC1C2N3OC3C3(c4cc(NC(C)=O)ccc4O)C4=CC5C1N3C5N42,CC(=O)Nc1ccc(O)cc1,C18H18N4O4,44,C10H11N3O2
CC(=O)Nc1ccc(O)cc1C1=NC2(O)C3C4C3C142,CC(=O)Nc1ccc(O)cc1,C14H12N2O3,31,C6H5NO
CC(=O)Nc1ccc(OOC23C=C4CC5N2C3C45Cl)cc1,CC(=O)Nc1ccc(O)cc1,C15H13ClN2O3,34,C7H6ClNO
CC(=O)Nc1ccc(O)c(CCCC23C4CC5C4C2C53)c1,CC(=O)Nc1ccc(O)cc1,C18H21NO2,42,C10H14
CCC(O)C1(c2cc(O)ccc2NC(C)=O)CNC1,CC(=O)Nc1ccc(O)cc1,C14H20N2O3,39,C6H13NO
CC(=O)Nc1ccc(O)cc1C12C=C3C(F)C1(Cl)C32,CC(=O)Nc1ccc(O)cc1,C14H11ClFNO2,30,C6H4ClF
CCC1C=C1CNC(C)c1cc(O)ccc1NC(C)=O,CC(=O)Nc1ccc(O)cc1,C16H22N2O2,42,C8H15N
CC(=O)N(c1ccc(O)cc1)C12CN(COO)C3C4=C1C4C32,CC(=O)Nc1ccc(O)cc1,C16H16N2O4,38,C8H9NO2
CC(=O)Nc1ccc(O)c(C2CN3C4=C3C2CC4)c1,CC(=O)Nc1ccc(O)cc1,C15H16N2O2,35,C7H9N
CC(=O)Nc1ccc(O)c(C2=CN3C=C4C25CC45C3N)c1,CC(=O)Nc1ccc(O)cc1,C16H15N3O2,36,C8H8N2
O=C(COC1CC2=NCC23C2C4OC14C23)Nc1ccc(O)cc1,CC(=O)Nc1ccc(O)cc1,C17H16N2O4,39,C9H9NO2
C=C(c1cc(O)ccc1NC(C)=O)C1CC#CC(Cl)C1,CC(=O)Nc1ccc(O)cc1,C16H16ClNO2,36,C8H9Cl
CC(=O)Nc1ccc(O)cc1C12CC(C)CNC34C5=C6C(N63)C41N52,CC(=O)Nc1ccc(O)cc1,C18H18N4O2,42,C10H11N3
CC(=O)Nc1ccc(O)c(NC23N4C5=CC6NC7(CC7C562)N43)c1,CC(=O)Nc1ccc(O)cc1,C16H15N5O2,38,C8H8N4
CC(=O)Nc1ccc(OC2C(N)C34C5N6C7(N)C3C53C27C643)cc1,CC(=O)Nc1ccc(O)cc1,C17H16N4O2,39,C9H9N3
O=C(CCCC1(CO)C=CC1)Nc1ccc(O)cc1,CC(=O)Nc1ccc(O)cc1,C15H19NO3,38,C7H12O
CC(=O)N(c1ccc(O)cc1)C12C3CCNC4C(CCC45CC5)C1C32,CC(=O)Nc1ccc(O)cc1,C21H26N2O2,51,C13H19N
CC(=O)N(c1ccc(O)cc1)C(CN)CCO,CC(=O)Nc1ccc(O)cc1,C12H18N2O3,35,C4H11NO
CNC1(c2cc(NC(C)=O)ccc2O)NCN1,CC(=O)Nc1ccc(O)cc1,C11H16N4O2,33,C3H9N3
CC(=O)N(c1ccc(O)cc1)C12C3C4C3C35C6OC3N1C52C46,CC(=O)Nc1ccc(O)cc1,C17H14N2O3,36,C9H7NO
CC(=O)Nc1ccc(OON2CC34C5C6=CC(C53)C624)cc1,CC(=O)Nc1ccc(O)cc1,C16H14N2O3,35,C8H7NO
CC(=O)Nc1ccc(OC2C3C4OC5(C)N6C(C)C(C)C45C3C26)cc1,CC(=O)Nc1ccc(O)cc1,C20H24N2O3,49,C12H17NO
CC(=O)Nc1ccc(O)cc1C12OC34C(=C5CC31N5)C42,CC(=O)Nc1ccc(O)cc1,C15H12N2O3,32,C7H5NO
C=C(CCCc1cc(NC(C)=O)ccc1O)C(C)O,CC(=O)Nc1ccc(O)cc1,C15H21NO3,40,C7H14O
CCOCC(Oc1cc(NC(C)=O)ccc1O)C1CC1,CC(=O)Nc1ccc(O)cc1,C15H21NO4,41,C7H14O2
CNCCCCc1cc(O)ccc1NC(C)=O,CC(=O)Nc1ccc(O)cc1,C13H20N2O2,37,C5H13N
CC(=O)Nc1ccc(O)cc1C1C2=C3CC4CC4(C3)ONN1C2,CC(=O)Nc1ccc(O)cc1,C17H19N3O3,42,C9H12N2O
CC(=O)Nc1ccc(O)cc1C(F)(F)C(F)(F)F,CC(=O)Nc1ccc(O)cc1,C10H8F5NO2,26,C2HF5
CC(=O)Nc1ccc(OC23OC2CC3CO)cc1,CC(=O)Nc1ccc(O)cc1,C13H15NO4,33,C5H8O2
CC(=O)Nc1ccc(O)cc1C1C2C(F)C3=C4OC42C3N1F,CC(=O)Nc1ccc(O)cc1,C15H12F2N2O3,34,C7H5F2NO
CC(=O)N(C=CCNC(C)CCN)c1ccc(O)cc1,CC(=O)Nc1ccc(O)cc1,C15H23N3O2,43,C7H16N2
O=C(CC12CC3(CC4OC41)OOC1=C2C(C1)O3)Nc1ccc(O)cc1,CC(=O)Nc1ccc(O)cc1,C18H17NO6,42,C10H10O4
CCCC(C=N)CC(=O)Nc1ccc(O)cc1,CC(=O)Nc1ccc(O)cc1,C13H18N2O2,35,C5H11N
CC(=O)Nc1ccc(O)cc1C1C2NN3OC213,CC(=O)Nc1ccc(O)cc1,C11H11N3O3,28,C3H4N2O
CC(=O)Nc1ccc(O)c(C2C3=C(Br)C4CC3C42)c1,CC(=O)Nc1ccc(O)cc1,C15H14BrNO2,33,C7H7Br
CC(=O)Nc1ccc(ON2NCC2N)cc1,CC(=O)Nc1ccc(O)cc1,C10H14N4O2,30,C2H7N3
CC(=O)Nc1ccc(O)c(C23C(N)C45C2C=CC4(C=N)OCC35)c1,CC(=O)Nc1ccc(O)cc1,C18H19N3O3,43,C10H12N2O
CC(=O)Nc1ccc(O)cc1C1n2n3n1n23,CC(=O)Nc1ccc(O)cc1,C9H9N5O2,25,CH2N4
CC(=O)Nc1ccc(O)cc1OCOC1CO1,CC(=O)Nc1ccc(O)cc1,C11H13NO5,30,C3H6O3
O=C(CC1(F)OC2(F)C3=CC(C1F)C32)Nc1ccc(O)cc1,CC(=O)Nc1ccc(O)cc1,C15H12F3NO3,34,C7H5F3O
CC(=O)Nc1ccc(O)c(C23CC=C2C24NC5C6C2ONC34C56)c1,CC(=O)Nc1ccc(O)cc1,C18H17N3O3,41,C10H10N2O
CC(=O)Nc1ccc(OC(CON)C2OCC3(CC3)C2O)cc1,CC(=O)Nc1ccc(O)cc1,C16H22N2O5,45,C8H15NO3
C=CN1CC2(c3cc(O)ccc3NC(C)=O)C(N)CN12,CC(=O)Nc1ccc(O)cc1,C14H18N4O2,38,C6H11N3
CC(=O)Nc1ccc(OC2SN3OC3N3C4C2C43)cc1,CC(=O)Nc1ccc(O)cc1,C13H13N3O3S,33,C5H6N2OS
CC(=O)Nc1ccc(OC2(F)C(F)C=C=C3OCC32F)cc1,CC(=O)Nc1ccc(O)cc1,C15H12F3NO3,34,C7H5F3O
CC(=O)Nc1ccc(O)c(C2=C3C4CN5C2OC(C34)C5(C)Cl)c1,CC(=O)Nc1ccc(O)cc1,C17H17ClN2O3,40,C9H10ClNO
CCCCC(C)COc1ccc(NC(C)=O)cc1,CC(=O)Nc1ccc(O)cc1,C15H23NO2,41,C7H16
CCC(CN)C1CC1N(C(C)=O)c1ccc(O)cc1,CC(=O)Nc1ccc(O)cc1,C15H22N2O2,41,C7H15N
CC(=O)Nc1ccc(O)cc1C(C)CNC1(CN)CC1,CC(=O)Nc1ccc(O)cc1,C15H23N3O2,43,C7H16N2
CC(=O)Nc1ccc(O)cc1C1=C2COC21C1CC1,CC(=O)Nc1ccc(O)cc1,C15H15NO3,34,C7H8O
CC(=O)Nc1ccc(O)c(C23C=CC2(C)CO3)c1,CC(=O)Nc1ccc(O)cc1,C14H15NO3,33,C6H8O
CC(=O)Nc1ccc(ON2C3C4C5C46C3(O)C526)cc1,CC(=O)Nc1ccc(O)cc1,C14H12N2O3,31,C6H5NO
O=C(CC1C=C2C3(Cl)C4C25C2C(N13)C245)Nc1ccc(O)cc1,CC(=O)Nc1ccc(O)cc1,C17H13ClN2O2,35,C9H6ClN
CC(=O)Nc1ccc(O)cc1C12SC(=N)C3=C=CC1C32,CC(=O)Nc1ccc(O)cc1,C15H12N2O2S,32,C7H5NS
CC(=O)Nc1ccc(O)cc1C12CC34N=C(C)C1C31CC1=C24,CC(=O)Nc1ccc(O)cc1,C18H16N2O2,38,C10H9N
CC(=O)Nc1ccc(OCn2cncn2)cc1,CC(=O)Nc1ccc(O)cc1,C11H12N4O2,29,C3H5N3
CC(=O)Nc1ccc(O)cc1N1COC2=CC3(CN23)O1,CC(=O)Nc1ccc(O)cc1,C13H13N3O4,33,C5H6N2O2
CC(=O)Nc1ccc(O)cc1C12C(O)C(=O)C3C=CC4C5(NC41O5)C32,CC(=O)Nc1ccc(O)cc1,C18H16N2O5,41,C10H9NO3
O=C(CC1C2=C3C4CC5=CC3(C52)C14)Nc1ccc(O)cc1,CC(=O)Nc1ccc(O)cc1,C18H15NO2,36,C10H8
CCC1CC(C)(C)C1c1cc(NC(C)=O)ccc1O,CC(=O)Nc1ccc(O)cc1,C16H23NO2,42,C8H16
CC(=O)Nc1ccc(O)cc1C1CCN(N)C1C,CC(=O)Nc1ccc(O)cc1,C13H19N3O2,37,C5H12N2
CC(=O)Nc1ccc(O)cc1C1OC23C4=CC2CC41N3C,CC(=O)Nc1ccc(O)cc1,C16H16N2O3,37,C8H9NO
CC(=O)Nc1ccc(OC(=O)C2CC34CNC5CC3(O2)C5C(C)C4)cc1,CC(=O)Nc1ccc(O)cc1,C20H24N2O4,50,C12H17NO2
CC(=O)Nc1ccc(O)cc1C12CC=C(C1)C1CC1C2,CC(=O)Nc1ccc(O)cc1,C17H19NO2,39,C9H12
O=C(COC12CC=C3CC(CCC1C3)C2)Nc1ccc(O)cc1,CC(=O)Nc1ccc(O)cc1,C19H23NO3,46,C11H16O
CC(=O)N(c1ccc(O)cc1)C12OC(O1)C21C=CN=C1,CC(=O)Nc1ccc(O)cc1,C14H12N2O4,32,C6H5NO2
CC(=O)Nc1ccc(O)c(C23COC(C2)C24CC(C)C5C2N(O3)C54)c1,CC(=O)Nc1ccc(O)cc1,C19H22N2O4,47,C11H15NO2
CC(=O)Nc1ccc(O)cc1C12C3(O)CC(C)C3C13ONC32C,CC(=O)Nc1ccc(O)cc1,C17H20N2O4,43,C9H13NO2
C=C(NO)NC1=C(c2cc(NC(C)=O)ccc2O)C1,CC(=O)Nc1ccc(O)cc1,C13H15N3O3,34,C5H8N2O
CC(=O)Nc1ccc(O)cc1C12CC34C5=C=C6C(C(O5)N1C3C)C2C64,CC(=O)Nc1ccc(O)cc1,C20H18N2O3,43,C12H11NO
CC(=O)Nc1ccc(O)cc1C1CNC(O)CC(C)C1,CC(=O)Nc1ccc(O)cc1,C15H22N2O3,42,C7H15NO
O=C(CN1C2OC34C5=CC2C2CC3C1(C2)OC54)Nc1ccc(O)cc1,CC(=O)Nc1ccc(O)cc1,C19H18N2O4,43,C11H11NO2
CC(=O)Nc1ccc(O)cc1C12OC34C5OC(OC5C13)C24,CC(=O)Nc1ccc(O)cc1,C15H13NO5,34,C7H6O3
CC(=O)Nc1ccc(O)c(C2=C3C(CO)C(O)C34CC24)c1,CC(=O)Nc1ccc(O)cc1,C16H17NO4,38,C8H10O2
CC(=O)Nc1ccc(O)cc1SC1COC2C3=C2C(N3)OC1O,CC(=O)Nc1ccc(O)cc1,C15H16N2O5S,39,C7H9NO3S
CC(=O)Nc1ccc(O)cc1C12C3=C4OC5CCCC1(OOC2O5)C43,CC(=O)Nc1ccc(O)cc1,C18H17NO6,42,C10H10O4
CC(=O)Nc1ccc(O)cc1C1C2OCOOC21,CC(=O)Nc1ccc(O)cc1,C12H13NO5,31,C4H6O3
CC(=O)Nc1ccc(Oc2nccs2)cc1,CC(=O)Nc1ccc(O)cc1,C11H10N2O2S,26,C3H3NS
CC(=O)Nc1ccc(O)c(C23OC4C5=C6NCNC62CC2=C5C243)c1,CC(=O)Nc1ccc(O)cc1,C18H15N3O3,39,C10H8N2O
CC(=O)Nc1ccc(O)c(C2CCC(OC(C)N)CC2)c1,CC(=O)Nc1ccc(O)cc1,C16H24N2O3,45,C8H17NO
CC(=O)N(c1ccc(O)cc1)C1SC23C4CCOC2C1N3O4,CC(=O)Nc1ccc(O)cc1,C15H16N2O4S,38,C7H9NO2S
CC(=O)Nc1ccc(O)c(C2CC3OOC3(C)C2)c1,CC(=O)Nc1ccc(O)cc1,C14H17NO4,36,C6H10O2
CC(=O)N(c1ccc(O)cc1)C1C23CCC4=C5C16C2CC31C4C561,CC(=O)Nc1ccc(O)cc1,C20H17NO2,40,C12H10
CC(=O)Nc1ccc(ON2CC3C=CC2C2C4CC342)cc1,CC(=O)Nc1ccc(O)cc1,C17H18N2O2,39,C9H11N
CC(=O)N(c1ccc(O)cc1)C1n2n3n1n23,CC(=O)Nc1ccc(O)cc1,C9H9N5O2,25,CH2N4
CC(=O)Nc1ccc(OC2(C)C3C(O)C4N5OCC3C452)cc1,CC(=O)Nc1ccc(O)cc1,C16H18N2O4,40,C8H11NO2
C=CC12C3C(F)C1C32c1cc(O)ccc1NC(C)=O,CC(=O)Nc1ccc(O)cc1,C15H14FNO2,33,C7H7F
CC(=O)Nc1ccc(O)c(C2C3C4(F)C5C4C235)c1,CC(=O)Nc1ccc(O)cc1,C14H12FNO2,30,C6H5F
CC1(CC(=O)Nc2ccc(O)cc2)C2C3(O)CC45N6C7C(OC264)C71N5N3,CC(=O)Nc1ccc(O)cc1,C18H18N4O4,44,C10H11N3O2
O=C(CC1C2=C3C1NC1NC34OC3C4C23N1)Nc1ccc(O)cc1,CC(=O)Nc1ccc(O)cc1,C17H16N4O3,40,C9H9N3O
CC(=O)Nc1ccc(O)cc1N1C2CC34OC5=C=C3OC13CC2C3C54,CC(=O)Nc1ccc(O)cc1,C19H16N2O4,41,C11H9NO2
CCCCN(C)CC(C)c1cc(O)ccc1NC(C)=O,CC(=O)Nc1ccc(O)cc1,C16H26N2O2,46,C8H19N
CC(=O)Nc1ccc(O)cc1C1C2C3C4OC35C2N4C15Cl,CC(=O)Nc1ccc(O)cc1,C15H13ClN2O3,34,C7H6ClNO
CC(=O)N(c1ccc(O)cc1)C1OC2NCCC1C13C4=C1C43N2,CC(=O)Nc1ccc(O)cc1,C17H17N3O3,40,C9H10N2O
C=CC1=C(c2cc(NC(C)=O)ccc2O)SC1,CC(=O)Nc1ccc(O)cc1,C13H13NO2S,30,C5H6S
CC(=O)Nc1ccc(O)c(C(F)(F)C(F)(F)C(F)(F)C(F)(F)F)c1,CC(=O)Nc1ccc(O)cc1,C12H8F9NO2,32,C4HF9
O=C(CCC1C23CC14C1C2NC134)Nc1ccc(O)cc1,CC(=O)Nc1ccc(O)cc1,C16H16N2O2,36,C8H9N
CC(=O)N(C1=C(O)CCC23CC4CC5ON(C1C42)C53)c1ccc(O)cc1,CC(=O)Nc1ccc(O)cc1,C20H22N2O4,48,C12H15NO2
CC(=O)Nc1ccc(O)c(C2OC3C4=C3C2C4F)c1,CC(=O)Nc1ccc(O)cc1,C14H12FNO3,31,C6H5FO
CCC1COC(N(C(C)=O)c2ccc(O)cc2)O1,CC(=O)Nc1ccc(O)cc1,C13H17NO4,35,C5H10O2
CC(=O)Nc1ccc(O)cc1C12CC1=CO2,CC(=O)Nc1ccc(O)cc1,C12H11NO3,27,C4H4O
CC(=O)Nc1ccc(O)cc1N1C2=C3C4C5=CC34C2C1C5Cl,CC(=O)Nc1ccc(O)cc1,C17H13ClN2O2,35,C9H6ClN
CC(=O)Nc1ccc(O)cc1CN1N2C3=C4C5CC1(OC3(C)C)N2C45,CC(=O)Nc1ccc(O)cc1,C18H20N4O3,45,C10H13N3O
CC(=O)N(c1ccc(O)cc1)C12CN=C3SON1C32,CC(=O)Nc1ccc(O)cc1,C12H11N3O3S,30,C4H4N2OS
CC(=O)Nc1ccc(O)c(C(Cl)CC23CC4=C(N2)C43)c1,CC(=O)Nc1ccc(O)cc1,C15H15ClN2O2,35,C7H8ClN
C=CCOC(OO)c1cc(O)ccc1NC(C)=O,CC(=O)Nc1ccc(O)cc1,C12H15NO5,33,C4H8O3
CC(=O)Nc1ccc(O)cc1C12CN3CC1N1C=C2C31,CC(=O)Nc1ccc(O)cc1,C15H15N3O2,35,C7H8N2
CC(=O)Nc1ccc(OC2CC=C2CNCO)cc1,CC(=O)Nc1ccc(O)cc1,C14H18N2O3,37,C6H11NO
CCC1CCCC(CC(=O)Nc2ccc(O)cc2)O1,CC(=O)Nc1ccc(O)cc1,C15H21NO3,40,C7H14O
CC(=O)Nc1ccc(O)c(C23CC45C26CC42C(=CO6)C25O3)c1,CC(=O)Nc1ccc(O)cc1,C17H13NO4,35,C9H6O2
CC(=O)Nc1ccc(O)c(OC2(C)COC3NC32)c1,CC(=O)Nc1ccc(O)cc1,C13H16N2O4,35,C5H9NO2
CC(=O)Nc1ccc(OC2(C)N(O)C3C4N5CC26CC5C43C6)cc1,CC(=O)Nc1ccc(O)cc1,C18H21N3O3,45,C10H14N2O
CC(=O)Nc1ccc(OC2OC34OC5c6cc3c2n6C54)cc1,CC(=O)Nc1ccc(O)cc1,C16H12N2O4,34,C8H5NO2
CC(=O)Nc1ccc(O)c(C23OC24C2(N)CC5CON2C534)c1,CC(=O)Nc1ccc(O)cc1,C15H15N3O4,37,C7H8N2O2
CC(=O)Nc1ccc(O)cc1C1C23OC45C6OC(N6C42O)C153,CC(=O)Nc1ccc(O)cc1,C15H12N2O5,34,C7H5NO3
CC(=O)N(c1ccc(O)cc1)C1(SO)C2CC34CNC5(CC351)C24,CC(=O)Nc1ccc(O)cc1,C17H18N2O3S,41,C9H11NOS
CCCONCC(C)C#COc1ccc(NC(C)=O)cc1,CC(=O)Nc1ccc(O)cc1,C16H22N2O3,43,C8H15NO
CC(=O)Nc1ccc(O)c(OC2=C3OC45CC26CCON3C4=C5C6)c1,CC(=O)Nc1ccc(O)cc1,C18H16N2O5,41,C10H9NO3
CC1OC2ON3C1(CC(=O)Nc1ccc(O)cc1)CC1C2CC2CC13N2,CC(=O)Nc1ccc(O)cc1,C19H23N3O4,49,C11H16N2O2
CC(=O)Nc1ccc(O)c(N2CC=C=C3C4C5C2C345)c1,CC(=O)Nc1ccc(O)cc1,C16H14N2O2,34,C8H7N
CC(=O)N(c1ccc(O)cc1)C12OC3C=C1SCOC32,CC(=O)Nc1ccc(O)cc1,C14H13NO4S,33,C6H6O2S
CC(=O)Nc1ccc(O)c(C2(C)CC3CC4CNC5OC2C2C46C5C326)c1,CC(=O)Nc1ccc(O)cc1,C21H24N2O3,50,C13H17NO
CC(=O)Nc1ccc(OC23C45NOCOC67CC48C6C82C753)cc1,CC(=O)Nc1ccc(O)cc1,C17H14N2O4,37,C9H7NO2
CC(=O)Nc1ccc(O)cc1CCC1C(O)C23CC2C2(C)C(O3)C12,CC(=O)Nc1ccc(O)cc1,C19H23NO4,47,C11H16O2
CC(=O)Nc1ccc(O)c(OC(F)(F)F)c1,CC(=O)Nc1ccc(O)cc1,C9H8F3NO3,24,CHF3O
CC(=O)Nc1ccc(OC2C3OC45C3C4N3C5C23O)cc1,CC(=O)Nc1ccc(O)cc1,C15H14N2O4,35,C7H7NO2
CC(=O)N(c1ccc(O)cc1)C1(N)C2CCN3C4C(C)C45C1C35C2,CC(=O)Nc1ccc(O)cc1,C19H23N3O2,47,C11H16N2
CC(=O)Nc1ccc(O)c(C2C3C4(CCNN4)C23N)c1,CC(=O)Nc1ccc(O)cc1,C14H18N4O2,38,C6H11N3
CC(=O)Nc1ccc(O)cc1[SH]12=C3C4C1C342,CC(=O)Nc1ccc(O)cc1,C12H11NO2S,27,C4H4S
O=C(CC(F)(F)C(F)(F)F)Nc1ccc(O)cc1,CC(=O)Nc1ccc(O)cc1,C10H8F5NO2,26,C2HF5
CC1ONC2(N)C34OCC3C24C1CC(=O)Nc1ccc(O)cc1,CC(=O)Nc1ccc(O)cc1,C16H19N3O4,42,C8H12N2O2
C=C(CCCCCC)c1cc(NC(C)=O)ccc1O,CC(=O)Nc1ccc(O)cc1,C16H23NO2,42,C8H16
CC(=O)Nc1ccc(O)c(SC23C=C(O)N2C2OC2(C)CO3)c1,CC(=O)Nc1ccc(O)cc1,C15H16N2O5S,39,C7H9NO3S
CC(=O)Nc1ccc(OC23CCCC2CC=CC3C)cc1,CC(=O)Nc1ccc(O)cc1,C18H23NO2,44,C10H16
CC(=O)Nc1ccc(O)cc1C=CC1CC(O)n2nc(o2)N1,CC(=O)Nc1ccc(O)cc1,C14H16N4O4,38,C6H9N3O2
CC(=O)Nc1ccc(O)c(C2CC34CCC5=C6OC7C3C53C(C62)C743)c1,CC(=O)Nc1ccc(O)cc1,C21H19NO3,44,C13H12O
C=NC1(Oc2ccc(NC(C)=O)cc2)COC=N1,CC(=O)Nc1ccc(O)cc1,C12H13N3O3,31,C4H6N2O
CC(=O)Nc1ccc(O)c(C23CC4CC5CC2C(N5)C2OC4CC2N3)c1,CC(=O)Nc1ccc(O)cc1,C20H25N3O3,51,C12H18N2O
CC12OC1N1ONC(CC(=O)Nc3ccc(O)cc3)=CCN12,CC(=O)Nc1ccc(O)cc1,C14H16N4O4,38,C6H9N3O2
CC(=O)Nc1ccc(OCCC2CCCCNC2)cc1,CC(=O)Nc1ccc(O)cc1,C16H24N2O2,44,C8H17N
CC(=O)N(CCOC1CCCCCON1)c1ccc(O)cc1,CC(=O)Nc1ccc(O)cc1,C16H24N2O4,46,C8H17NO2
CC(=O)Nc1ccc(OC=CN(N)C(C)C)cc1,CC(=O)Nc1ccc(O)cc1,C13H19N3O2,37,C5H12N2
CC(=O)Nc1ccc(O)cc1C12CC3C4C1C342,CC(=O)Nc1ccc(O)cc1,C14H13NO2,30,C6H6
C=NC12CCNC3(C)C(c4cc(O)ccc4NC(C)=O)OC1CC1C2C13,CC(=O)Nc1ccc(O)cc1,C20H25N3O3,51,C12H18N2O
CC(=O)N(c1ccc(O)cc1)C12C=C3C(C)C45ONC6C47C1=CC3C62C57,CC(=O)Nc1ccc(O)cc1,C21H18N2O3,44,C13H11NO
CC(=O)Nc1ccc(OC(C=O)C(N)CN)cc1,CC(=O)Nc1ccc(O)cc1,C12H17N3O3,35,C4H10N2O
CC(=O)Nc1ccc(O)cc1C1(F)C2C3=C(F)C1(C)C32,CC(=O)Nc1ccc(O)cc1,C15H13F2NO2,33,C7H6F2
CC(=O)Nc1ccc(OC23OC=CC45C(O)C6C=C(N4C2C6)C35C)cc1,CC(=O)Nc1ccc(O)cc1,C20H20N2O4,46,C12H13NO2
CC(=O)N(c1ccc(O)cc1)C12OCC3CC14NC1CN1C42N3,CC(=O)Nc1ccc(O)cc1,C16H18N4O3,41,C8H11N3O
O=C(CN1C2C3=C4CC(CN4)(C4=NC43)C13OC23)Nc1ccc(O)cc1,CC(=O)Nc1ccc(O)cc1,C18H16N4O3,41,C10H9N3O
COC1NC2OC2C1Oc1cc(O)ccc1NC(C)=O,CC(=O)Nc1ccc(O)cc1,C13H16N2O5,36,C5H9NO3
CC(=O)Nc1ccc(O)cc1C1(O)C2C3NOC4C3C35CC6C2C3C65C41,CC(=O)Nc1ccc(O)cc1,C20H20N2O4,46,C12H13NO2
C=CCOC(N)c1cc(O)ccc1NC(C)=O,CC(=O)Nc1ccc(O)cc1,C12H16N2O3,33,C4H9NO
CC(=O)Nc1ccc(OC23CCC45C6C4(C=CC625)O3)cc1,CC(=O)Nc1ccc(O)cc1,C17H15NO3,36,C9H8O
CC(=O)Nc1ccc(O)c(C2(C)CCN(O)C2O)c1,CC(=O)Nc1ccc(O)cc1,C13H18N2O4,37,C5H11NO2
C=CC(O)C(CO)CC(=O)Nc1ccc(O)cc1,CC(=O)Nc1ccc(O)cc1,C13H17NO4,35,C5H10O2
CC(=O)Nc1ccc(O)cc1S1(C)(O)=CO1,CC(=O)Nc1ccc(O)cc1,C10H13NO4S,29,C2H6O2S
CC(=O)N(c1ccc(O)cc1)C1N2C3C4C5C46C4C2C34C156,CC(=O)Nc1ccc(O)cc1,C17H14N2O2,35,C9H7N
CC(=O)Nc1ccc(O)cc1C1C2=C3C4=[SH]56OC37C4C1(NN75)C6C2,CC(=O)Nc1ccc(O)cc1,C17H15N3O3S,39,C9H8N2OS
CC(=O)Nc1ccc(O)cc1C1CCCC(C=O)C(N)CC1,CC(=O)Nc1ccc(O)cc1,C17H24N2O3,46,C9H17NO
CC(=O)Nc1ccc(OS2345C6C7C2C32C(=CN74)C625)cc1,CC(=O)Nc1ccc(O)cc1,C15H12N2O2S,32,C7H5NS
O=C(CC1CC2CCONC1=N2)Nc1ccc(O)cc1,CC(=O)Nc1ccc(O)cc1,C14H17N3O3,37,C6H10N2O
C=NC1C2C3C(N)C2C13Oc1ccc(NC(C)=O)cc1,CC(=O)Nc1ccc(O)cc1,C15H17N3O2,37,C7H10N2
CC(=O)N(c1ccc(O)cc1)N1C=C2C3CCC1C23Cl,CC(=O)Nc1ccc(O)cc1,C15H15ClN2O2,35,C7H8ClN
CC12C3C4ON4CC4(CC(=O)Nc5ccc(O)cc5)C(C41)N32,CC(=O)Nc1ccc(O)cc1,C16H17N3O3,39,C8H10N2O
CC(=O)Nc1ccc(O)c(C2(C3C#CO3)NCS2)c1,CC(=O)Nc1ccc(O)cc1,C13H12N2O3S,31,C5H5NOS
CC(=O)N(c1ccc(O)cc1)C1C2N=CCN1N2,CC(=O)Nc1ccc(O)cc1,C12H14N4O2,32,C4H7N3
CC(=O)Nc1ccc(O)c(C23CC4COC5(CCN6C4C65)C2C3)c1,CC(=O)Nc1ccc(O)cc1,C19H22N2O3,46,C11H15NO
C=C1CC2C3=C(O)C4(Oc5ccc(NC(C)=O)cc5)CCC13C2O4,CC(=O)Nc1ccc(O)cc1,C19H19NO4,43,C11H12O2
CC(=O)Nc1ccc(O)cc1C12CC3C(=COC4C=NC31OC4)O2,CC(=O)Nc1ccc(O)cc1,C17H16N2O5,40,C9H9NO3
CC(=O)N(NC1COCC1C)c1ccc(O)cc1,CC(=O)Nc1ccc(O)cc1,C13H18N2O3,36,C5H11NO
CC(=O)Nc1ccc(OC2ON3OC4C3C3N4C4=C(O)CC423)cc1,CC(=O)Nc1ccc(O)cc1,C16H15N3O5,39,C8H8N2O3
CC=CCCC(CO)c1cc(O)ccc1NC(C)=O,CC(=O)Nc1ccc(O)cc1,C15H21NO3,40,C7H14O
CC(=O)Nc1ccc(O)cc1CC1C2=C1C13C4C(C)N(N2)C1C43,CC(=O)Nc1ccc(O)cc1,C18H19N3O2,42,C10H12N2
CC(=O)N(c1ccc(O)cc1)C12C3C=CC4C5N1N3C452,CC(=O)Nc1ccc(O)cc1,C15H13N3O2,33,C7H6N2
CC(=O)Nc1ccc(OC2OC34N2CC32NC(C)C43C2=C2CCC23)cc1,CC(=O)Nc1ccc(O)cc1,C20H21N3O3,47,C12H14N2O
CC(=O)Nc1ccc(O)cc1C12NC3C1CC21C2CCCCC3(C)C21,CC(=O)Nc1ccc(O)cc1,C21H26N2O2,51,C13H19N
CC(=O)N(c1ccc(O)cc1)C1(CO)CCOC2C(C)C2CCN1,CC(=O)Nc1ccc(O)cc1,C18H26N2O4,50,C10H19NO2
CCC(CC)CCc1cc(O)ccc1NC(C)=O,CC(=O)Nc1ccc(O)cc1,C15H23NO2,41,C7H16
O=C(CC1CCC(CCC(O)O)C1)Nc1ccc(O)cc1,CC(=O)Nc1ccc(O)cc1,C16H23NO4,44,C8H16O2
CC(=O)Nc1ccc(O)c(C2OC3CC=CN32)c1,CC(=O)Nc1ccc(O)cc1,C13H14N2O3,32,C5H7NO
CSC(O)ONC12C3C4C(N1c1cc(NC(C)=O)ccc1O)C432,CC(=O)Nc1ccc(O)cc1,C15H17N3O4S,40,C7H10N2O2S
O=C(CC(O)=NCc1ccsc1)Nc1ccc(O)cc1,CC(=O)Nc1ccc(O)cc1,C14H14N2O3S,34,C6H7NOS
CC(=O)Nc1ccc(OC23NC4(N)C=C5C2C42NC34OC542)cc1,CC(=O)Nc1ccc(O)cc1,C16H14N4O3,37,C8H7N3O
C=C1C2OC=C(CC(=O)Nc3ccc(O)cc3)N=C3C=C2N13,CC(=O)Nc1ccc(O)cc1,C16H13N3O3,35,C8H6N2O
CC(=O)Nc1ccc(O)c(-c2cc3oc2n3C2(CCl)CCO2)c1,CC(=O)Nc1ccc(O)cc1,C16H15ClN2O4,38,C8H8ClNO2
NN1CC2OSC3C2(CC(=O)Nc2ccc(O)cc2)C32OC12,CC(=O)Nc1ccc(O)cc1,C14H15N3O4S,37,C6H8N2O2S
CC(=O)Nc1ccc(O)c(-c2cn3ccccc3n2)c1,CC(=O)Nc1ccc(O)cc1,C15H13N3O2,33,C7H6N2
CC(=O)N(c1ccc(O)cc1)C12C=C1C21CCCC1C,CC(=O)Nc1ccc(O)cc1,C17H19NO2,39,C9H12
CC(=O)Nc1ccc(O)c(C23C4C5N6NNN7C=CC4(C62)C573)c1,CC(=O)Nc1ccc(O)cc1,C16H15N5O2,38,C8H8N4
CC(=O)Nc1ccc(O)cc1CCOC(C)C,CC(=O)Nc1ccc(O)cc1,C13H19NO3,36,C5H12O
O=C(COC1OC2=CC(=C2)C(F)S1)Nc1ccc(O)cc1,CC(=O)Nc1ccc(O)cc1,C14H12FNO4S,33,C6H5FO2S
CC(=O)Nc1ccc(OC2(CCO)C3=CCCC(C#C3)CC2O)cc1,CC(=O)Nc1ccc(O)cc1,C20H23NO4,48,C12H16O2
C=NC(Oc1cc(O)ccc1NC(C)=O)C(O)C(O)S,CC(=O)Nc1ccc(O)cc1,C12H16N2O5S,36,C4H9NO3S
O=C(CN1C(F)(CO)C23C4C5CC42C513)Nc1ccc(O)cc1,CC(=O)Nc1ccc(O)cc1,C16H15FN2O3,37,C8H8FNO
CC(=O)Nc1ccc(O)c(N2C3C4C5CC=C6OC42C(CC65)N3O)c1,CC(=O)Nc1ccc(O)cc1,C18H19N3O4,44,C10H12N2O2
CC(=O)Nc1ccc(O)c(C2=C3C2C2NC3(C)C(C(N)O)O2)c1,CC(=O)Nc1ccc(O)cc1,C16H19N3O4,42,C8H12N2O2
CC(=O)Nc1ccc(ON2C3C4C5OC46OC26C53)cc1,CC(=O)Nc1ccc(O)cc1,C14H12N2O4,32,C6H5NO2
CC(=O)Nc1ccc(O)cc1C1C2NC34CCC23N1C4,CC(=O)Nc1ccc(O)cc1,C15H17N3O2,37,C7H10N2
CC(=O)Nc1ccc(O)c(C23CC4C5C6(C2)C3CC2ON4C56NC2O)c1,CC(=O)Nc1ccc(O)cc1,C19H21N3O4,47,C11H14N2O2
CCC1C2CC1C2Oc1ccc(NC(C)=O)cc1,CC(=O)Nc1ccc(O)cc1,C15H19NO2,37,C7H12
CC(=O)Nc1ccc(O)c(C23CC24OC2C3N24)c1,CC(=O)Nc1ccc(O)cc1,C13H12N2O3,30,C5H5NO
CC(=O)Nc1ccc(O)cc1C12OCC3C14C1=[SH]34N12,CC(=O)Nc1ccc(O)cc1,C13H12N2O3S,31,C5H5NOS
O=C(CN1OCCCC(S)CCO1)Nc1ccc(O)cc1,CC(=O)Nc1ccc(O)cc1,C14H20N2O4S,41,C6H13NO2S
CC(=O)Nc1ccc(O)cc1C(=O)C=CO,CC(=O)Nc1ccc(O)cc1,C11H11NO4,27,C3H4O2
CC(=O)Nc1ccc(O)cc1C12NC3C4C(Br)C31C42,CC(=O)Nc1ccc(O)cc1,C14H13BrN2O2,32,C6H6BrN
CC(=O)N(c1ccc(O)cc1)C1CC2C=C(NOC2CN)C1O,CC(=O)Nc1ccc(O)cc1,C16H21N3O4,44,C8H14N2O2
CC(=O)N(c1ccc(O)cc1)C12C=CN1C=C2,CC(=O)Nc1ccc(O)cc1,C13H12N2O2,29,C5H5N
COC(Oc1ccc(NC(C)=O)cc1)C1CC2C3=CC32OCO1,CC(=O)Nc1ccc(O)cc1,C17H19NO5,42,C9H12O3
C=COC(C)Oc1cc(NC(C)=O)ccc1O,CC(=O)Nc1ccc(O)cc1,C12H15NO4,32,C4H8O2
CC(=O)Nc1ccc(O[SH3]2OC3ON32)cc1,CC(=O)Nc1ccc(O)cc1,C9H12N2O4S,28,CH5NO2S
CC(=O)N(c1ccc(O)cc1)C12CC3C=CC1N3C(C(C)C)C2,CC(=O)Nc1ccc(O)cc1,C19H24N2O2,47,C11H17N
CCCCC=COc1ccc(NC(C)=O)cc1,CC(=O)Nc1ccc(O)cc1,C14H19NO2,36,C6H12
O=C(CC12CCNN3NC1CC32)Nc1ccc(O)cc1,CC(=O)Nc1ccc(O)cc1,C14H18N4O2,38,C6H11N3
CC(=O)Nc1ccc(O)cc1C12CCC3C4COCC(C31)C42,CC(=O)Nc1ccc(O)cc1,C18H21NO3,43,C10H14O
CC(=O)N(c1ccc(O)cc1)C12CC34C=CC5(C=C1C3C5)C2O4,CC(=O)Nc1ccc(O)cc1,C19H17NO3,40,C11H10O
CC(=O)Nc1ccc(O)c(C23C4C5C67CC8(O)C(O)OC48C62NC573)c1,CC(=O)Nc1ccc(O)cc1,C18H16N2O5,41,C10H9NO3
CCOC(NCNN(C(C)=O)c1ccc(O)cc1)C1CC1,CC(=O)Nc1ccc(O)cc1,C15H23N3O3,44,C7H16N2O
CC(=O)Nc1ccc(OC23OOC4C5C2C42C4N2C5C43O)cc1,CC(=O)Nc1ccc(O)cc1,C16H14N2O5,37,C8H7NO3
CC(=O)Nc1ccc(O)c(C23OC=C2C=CS3)c1,CC(=O)Nc1ccc(O)cc1,C13H11NO3S,29,C5H4OS
CC(=O)N(c1ccc(O)cc1)C12CC3=C4CC31C4C2,CC(=O)Nc1ccc(O)cc1,C16H15NO2,34,C8H8
CC(=O)Nc1ccc(O)c(C2(C)C3OC24C2NC(O2)C34)c1,CC(=O)Nc1ccc(O)cc1,C15H16N2O4,37,C7H9NO2
CCC(OSN=CO)N(C(C)=O)c1ccc(O)cc1,CC(=O)Nc1ccc(O)cc1,C12H16N2O4S,35,C4H9NO2S
CC(=O)N(c1ccc(O)cc1)C12OCCN3C1=C1C4C(C3N)C142,CC(=O)Nc1ccc(O)cc1,C17H17N3O3,40,C9H10N2O
CC(=O)Nc1ccc(O)c(COCC2CC3=CC4(C=NC4C3)CN2)c1,CC(=O)Nc1ccc(O)cc1,C19H23N3O3,48,C11H16N2O
O=C(CN1C=COC=C1)Nc1ccc(O)cc1,CC(=O)Nc1ccc(O)cc1,C12H12N2O3,29,C4H5NO
O=C(COC12CN3C(N1)C1=C4C1C2OCOC43)Nc1ccc(O)cc1,CC(=O)Nc1ccc(O)cc1,C17H17N3O5,42,C9H10N2O3
O=C(CC1C2C3CC24OC3C14)Nc1ccc(O)cc1,CC(=O)Nc1ccc(O)cc1,C15H15NO3,34,C7H8O
CC(=O)Nc1ccc(OC23CONC4CC5OC52C3CN4)cc1,CC(=O)Nc1ccc(O)cc1,C16H19N3O4,42,C8H12N2O2
CC(=O)N(COC1OC2C3=C4CC1CC4C2CC3)c1ccc(O)cc1,CC(=O)Nc1ccc(O)cc1,C20H23NO4,48,C12H16O2
CCN(C)C1(c2cc(O)ccc2NC(C)=O)CC1,CC(=O)Nc1ccc(O)cc1,C14H20N2O2,38,C6H13N
CC(=O)N(c1ccc(O)cc1)C1C2CC3C2C1(C)C31CC1,CC(=O)Nc1ccc(O)cc1,C18H21NO2,42,C10H14
O=C(COC1COCO1)Nc1ccc(O)cc1,CC(=O)Nc1ccc(O)cc1,C11H13NO5,30,C3H6O3
C=C1OC=CC1N(C(C)=O)c1ccc(O)cc1,CC(=O)Nc1ccc(O)cc1,C13H13NO3,30,C5H6O
CC(=O)Nc1ccc(O)cc1C1NCN(C)C2C3C2N3C2=C1C2,CC(=O)Nc1ccc(O)cc1,C17H20N4O2,43,C9H13N3
CC(=O)Nc1ccc(O)cc1C12C=C(CO1)C2,CC(=O)Nc1ccc(O)cc1,C13H13NO3,30,C5H6O
CC(=O)Nc1ccc(O)c(C23CN4C5=C2COC5CC2C4=C23)c1,CC(=O)Nc1ccc(O)cc1,C18H16N2O3,39,C10H9NO
C=CC12CCCC(N(C(C)=O)c3ccc(O)cc3)=C1ON2,CC(=O)Nc1ccc(O)cc1,C16H18N2O3,39,C8H11NO
CC(=O)Nc1ccc(O)c(N2C(C)C34C5C(C)C5C23C4CO)c1,CC(=O)Nc1ccc(O)cc1,C18H22N2O3,45,C10H15NO
CC(=O)Nc1ccc(O)cc1C1C2C3OC4C2C41C1=C3C1,CC(=O)Nc1ccc(O)cc1,C17H15NO3,36,C9H8O
CC(=O)N(CN1CC(C)C2(CO)CCC1N2)c1ccc(O)cc1,CC(=O)Nc1ccc(O)cc1,C17H25N3O3,48,C9H18N2O
CC(=O)Nc1ccc(OOC2C(C)C3C4=NNC35CC=C4NC25)cc1,CC(=O)Nc1ccc(O)cc1,C18H20N4O3,45,C10H13N3O
CC(=O)Nc1ccc(O)cc1C1CC2C3C(N)C1(O)C23,CC(=O)Nc1ccc(O)cc1,C15H18N2O3,38,C7H11NO
C=C1CC2CC3NC(C12)C(C)C3(CO)Oc1cc(NC(C)=O)ccc1O,CC(=O)Nc1ccc(O)cc1,C20H26N2O4,52,C12H19NO2
CC(=O)Nc1ccc(O)cc1C12C3(C)C4CC15C3C21C2C4C251,CC(=O)Nc1ccc(O)cc1,C19H17NO2,39,C11H10
CC(=O)N(c1ccc(O)cc1)C12C3C4CC5CC6C1C51C(C3C23OC13)N46,CC(=O)Nc1ccc(O)cc1,C21H20N2O3,46,C13H13NO
CC(=O)Nc1ccc(O)c(C2C3CC4(O)C5C36C2C2(O)CC6C524)c1,CC(=O)Nc1ccc(O)cc1,C19H19NO4,43,C11H12O2
CC(=O)Nc1ccc(OC23CC4(C)C2=NOC43O)cc1,CC(=O)Nc1ccc(O)cc1,C14H14N2O4,34,C6H7NO2
O=C(CC=CC1=NCO1)Nc1ccc(O)cc1,CC(=O)Nc1ccc(O)cc1,C12H12N2O3,29,C4H5NO
CC(=O)Nc1ccc(O)c(CC23CC#CC(C2)S3)c1,CC(=O)Nc1ccc(O)cc1,C15H15NO2S,34,C7H8S
CC(=O)Nc1ccc(OC23CNOC4C5=C(O2)C43OC5)cc1,CC(=O)Nc1ccc(O)cc1,C15H14N2O5,36,C7H7NO3
CC(=O)N(c1ccc(O)cc1)C1NOC2C=[SH]1(C)O2,CC(=O)Nc1ccc(O)cc1,C12H16N2O4S,35,C4H9NO2S
CC(=O)N(c1ccc(O)cc1)C12N3CO[SH]145CC21C3C14O5,CC(=O)Nc1ccc(O)cc1,C14H14N2O4S,35,C6H7NO2S
CC(=O)Nc1ccc(O)c(C23C4C5CN4C4COC6C2(O)C63N5C4)c1,CC(=O)Nc1ccc(O)cc1,C18H19N3O4,44,C10H12N2O2
CC(=O)Nc1ccc(O)c(N(CO)OS)c1,CC(=O)Nc1ccc(O)cc1,C9H12N2O4S,28,CH5NO2S
O=C(CC1C2(CO)C3CC4C3C412)Nc1ccc(O)cc1,CC(=O)Nc1ccc(O)cc1,C16H17NO3,37,C8H10O
CCC(O)CCCc1cc(O)ccc1NC(C)=O,CC(=O)Nc1ccc(O)cc1,C14H21NO3,39,C6H14O
CC(=O)Nc1ccc(O)c(C=CC2CC(C)C3CC=C23)c1,CC(=O)Nc1ccc(O)cc1,C18H21NO2,42,C10H14
CC(=O)Nc1ccc(O)cc1C1C2C=NC2C1CN,CC(=O)Nc1ccc(O)cc1,C14H17N3O2,36,C6H10N2
CC(=O)Nc1ccc(O)cc1OC1(F)C2=C3C1CC(F)=CC(F)N32,CC(=O)Nc1ccc(O)cc1,C16H13F3N2O3,37,C8H6F3NO
CC(=O)N(c1ccc(O)cc1)C1NCOO1,CC(=O)Nc1ccc(O)cc1,C10H12N2O4,28,C2H5NO2
CC(=O)Nc1ccc(OC2(CCCCN)CC2)cc1,CC(=O)Nc1ccc(O)cc1,C15H22N2O2,41,C7H15N
CC(=O)Nc1ccc(O)c(C2C3CCC(CCNOCCO)C32)c1,CC(=O)Nc1ccc(O)cc1,C18H26N2O4,50,C10H19NO2
CC(=O)Nc1ccc(OC23NC45C=C2C42C5N4NN2C43)cc1,CC(=O)Nc1ccc(O)cc1,C15H13N5O2,35,C7H6N4
CC(=O)Nc1ccc(O)cc1C1OC23C=CC45ON2N4CC53O1,CC(=O)Nc1ccc(O)cc1,C15H13N3O5,36,C7H6N2O3
CC(=O)Nc1ccc(O)cc1C1C2(C)OC3C4C5CC2C2OC54C31O2,CC(=O)Nc1ccc(O)cc1,C19H19NO5,44,C11H12O3
CC(=O)Nc1ccc(O)cc1OC1(O)C2C3C4C1(O)OCC31C=CC421,CC(=O)Nc1ccc(O)cc1,C18H17NO6,42,C10H10O4
CCCC(C)(C)C(c1cc(O)ccc1NC(C)=O)C(C)C,CC(=O)Nc1ccc(O)cc1,C18H29NO2,50,C10H22
CC(=O)N(c1ccc(O)cc1)C12C=CC3(CC4CNC4(C3)C1)C2,CC(=O)Nc1ccc(O)cc1,C19H22N2O2,45,C11H15N
CC(=O)Nc1ccc(O)cc1C12CC13C1C4CC2N2OC5C41C1C3C512,CC(=O)Nc1ccc(O)cc1,C20H18N2O3,43,C12H11NO
CC(=O)N(c1ccc(O)cc1)C1CC(CCC(C)N)C1,CC(=O)Nc1ccc(O)cc1,C16H24N2O2,44,C8H17N
CC(=O)Nc1ccc(O)cc1CC1COC2C3C4OOC23C14,CC(=O)Nc1ccc(O)cc1,C16H17NO5,39,C8H10O3
CCC=NC(C)c1cc(O)ccc1NC(C)=O,CC(=O)Nc1ccc(O)cc1,C13H18N2O2,35,C5H11N
CCC1C=C(N(C(C)=O)c2ccc(O)cc2)CCO1,CC(=O)Nc1ccc(O)cc1,C15H19NO3,38,C7H12O
O=C(CC12C3=C4C5C(C1NO[SH2]52O)N43)Nc1ccc(O)cc1,CC(=O)Nc1ccc(O)cc1,C14H15N3O4S,37,C6H8N2O2S
CC(=O)Nc1ccc(ON2C3C4C5C67NC8N4C52C36N87)cc1,CC(=O)Nc1ccc(O)cc1,C15H13N5O2,35,C7H6N4
CCCCNOOc1ccc(NC(C)=O)cc1,CC(=O)Nc1ccc(O)cc1,C12H18N2O3,35,C4H11NO
CC(=O)Nc1ccc(O)c(C2CCC23CCC3)c1,CC(=O)Nc1ccc(O)cc1,C15H19NO2,37,C7H12
CC(=O)Nc1ccc(O)cc1C1=C2C13C1C4=CC1(C(C)O)C423,CC(=O)Nc1ccc(O)cc1,C18H15NO3,37,C10H8O
CC(=O)Nc1ccc(OC23COC45CN2C=C2N6C4C3C265)cc1,CC(=O)Nc1ccc(O)cc1,C17H15N3O3,38,C9H8N2O
CC(=O)Nc1ccc(OC23CNOC4C2N43)cc1,CC(=O)Nc1ccc(O)cc1,C12H13N3O3,31,C4H6N2O
CC(=O)Nc1ccc(O)cc1C1C2C3C4N2COC(C)(C3O)N14,CC(=O)Nc1ccc(O)cc1,C16H19N3O4,42,C8H12N2O2
CC(=O)Nc1ccc(O)c(CC2OCC(C)O2)c1,CC(=O)Nc1ccc(O)cc1,C13H17NO4,35,C5H10O2
CC(=O)Nc1ccc(OCCOC=O)cc1,CC(=O)Nc1ccc(O)cc1,C11H13NO4,29,C3H6O2
CC(=O)Nc1ccc(O)c(C23C4CC56C2C2C37C(OC45CNO)C267)c1,CC(=O)Nc1ccc(O)cc1,C19H18N2O4,43,C11H11NO2
CC(=O)Nc1ccc(O)cc1C(F)(C(F)(F)F)C(F)(F)F,CC(=O)Nc1ccc(O)cc1,C11H8F7NO2,29,C3HF7
CC(=O)N(OCON1C=COC1)c1ccc(O)cc1,CC(=O)Nc1ccc(O)cc1,C12H14N2O5,33,C4H7NO3
CC(=O)Nc1ccc(O)c(C2C=C3CC24CCNC3C4)c1,CC(=O)Nc1ccc(O)cc1,C17H20N2O2,41,C9H13N
O=C(CCC(O)N1CCCC2CN21)Nc1ccc(O)cc1,CC(=O)Nc1ccc(O)cc1,C15H21N3O3,42,C7H14N2O
CC(=O)Nc1ccc(ONN2OC3C2C2C4C5=C6C5OC3C642)cc1,CC(=O)Nc1ccc(O)cc1,C17H15N3O4,39,C9H8N2O2
CC(=O)Nc1ccc(O)cc1CC1C2=CCC34CC1C(N)(N)C2C3C4O,CC(=O)Nc1ccc(O)cc1,C20H25N3O3,51,C12H18N2O
CC(=O)Nc1ccc(OS23(=C=C2)C=N3)cc1,CC(=O)Nc1ccc(O)cc1,C11H10N2O2S,26,C3H3NS
CC(=O)Nc1ccc(O)c(C23OC4C5C2C2N(C)C6CC5C46N23)c1,CC(=O)Nc1ccc(O)cc1,C18H19N3O3,43,C10H12N2O
O=C(CC12CC34C=C5C(O3)C43C(O)C51C23O)Nc1ccc(O)cc1,CC(=O)Nc1ccc(O)cc1,C18H15NO5,39,C10H8O3
CC(=O)Nc1ccc(O)c(C2CC3N4CC5ON3C2=C54)c1,CC(=O)Nc1ccc(O)cc1,C15H15N3O3,36,C7H8N2O
CC(=O)Nc1ccc(O)c(C2C3C4=CC5C6COC78C5C3(C46)C27C8N)c1,CC(=O)Nc1ccc(O)cc1,C21H20N2O3,46,C13H13NO
CC(=O)Nc1ccc(OC2(C)CCC2)cc1,CC(=O)Nc1ccc(O)cc1,C13H17NO2,33,C5H10
CC(=O)Nc1ccc(O)c(C2c3cn4n3C24)c1,CC(=O)Nc1ccc(O)cc1,C12H11N3O2,28,C4H4N2
CC(=O)Nc1ccc(O)c(C23CC24CC2N3C23CC4O3)c1,CC(=O)Nc1ccc(O)cc1,C16H16N2O3,37,C8H9NO
CC(=O)Nc1ccc(O)cc1C12CC34CC(CC31C4)N1OC12,CC(=O)Nc1ccc(O)cc1,C17H18N2O3,40,C9H11NO
CC(=O)Nc1ccc(OC2CCC34OC3C24)cc1,CC(=O)Nc1ccc(O)cc1,C14H15NO3,33,C6H8O
CC(=O)Nc1ccc(OCC2(C(C)=CO)CN2)cc1,CC(=O)Nc1ccc(O)cc1,C14H18N2O3,37,C6H11NO
CC(=O)Nc1ccc(O)cc1C1(NN)C2C34CC2(O3)N41,CC(=O)Nc1ccc(O)cc1,C13H14N4O3,34,C5H7N3O
C=NC(=C)OC(O)(O)c1cc(O)ccc1NC(C)=O,CC(=O)Nc1ccc(O)cc1,C12H14N2O5,33,C4H7NO3
CC(=O)Nc1ccc(O)cc1C1(C)CCC1N(C)ON,CC(=O)Nc1ccc(O)cc1,C14H21N3O3,41,C6H14N2O
CC(=O)Nc1ccc(OCC2NCC2C=O)cc1,CC(=O)Nc1ccc(O)cc1,C13H16N2O3,34,C5H9NO
CC(=O)Nc1ccc(Oc2cccc(Br)c2)cc1,CC(=O)Nc1ccc(O)cc1,C14H12BrNO2,30,C6H5Br
CC(=O)Nc1ccc(O)cc1C1=C2CC3OCC(C)N2C2CC1C32,CC(=O)Nc1ccc(O)cc1,C19H22N2O3,46,C11H15NO
CCCCCc1cc(O)ccc1NC(C)=O,CC(=O)Nc1ccc(O)cc1,C13H19NO2,35,C5H12
CC(=O)Nc1ccc(OC2(C)OC3OC2O3)cc1,CC(=O)Nc1ccc(O)cc1,C12H13NO5,31,C4H6O3
CC(=O)N(c1ccc(O)cc1)C12CN3C(F)C4C5C(OC5C31)C42,CC(=O)Nc1ccc(O)cc1,C17H17FN2O3,40,C9H10FNO
CC(=O)N(c1ccc(O)cc1)C1n2n3n1n23,CC(=O)Nc1ccc(O)cc1,C9H9N5O2,25,CH2N4
COC1COC(=CCC(=O)Nc2ccc(O)cc2)O1,CC(=O)Nc1ccc(O)cc1,C13H15NO5,34,C5H8O3
CCC(COC1CO1)c1cc(NC(C)=O)ccc1O,CC(=O)Nc1ccc(O)cc1,C14H19NO4,38,C6H12O2
C=C1CC(CC(N)O)N1c1cc(O)ccc1NC(C)=O,CC(=O)Nc1ccc(O)cc1,C14H19N3O3,39,C6H12N2O
CC(=O)Nc1ccc(O)cc1C1C2C3NOC45C6CC3C2C42C(C52)C16O,CC(=O)Nc1ccc(O)cc1,C20H20N2O4,46,C12H13NO2
CC(=O)Nc1ccc(O)cc1C1C23OC4=CC1(O2)C1(O)CC3C41,CC(=O)Nc1ccc(O)cc1,C17H15NO5,38,C9H8O3
CC(=O)Nc1ccc(OC23CC(CC2ON)O3)cc1,CC(=O)Nc1ccc(O)cc1,C13H16N2O4,35,C5H9NO2
O=C(CC1C2C3C(C4(CO)C=NOO4)NC14C3C24)Nc1ccc(O)cc1,CC(=O)Nc1ccc(O)cc1,C18H19N3O5,45,C10H12N2O3
CC(=O)Nc1ccc(O)cc1C12N=CCCC(N1)O2,CC(=O)Nc1ccc(O)cc1,C13H15N3O3,34,C5H8N2O
O=C(CC1(F)C23C=C2C13CF)Nc1ccc(O)cc1,CC(=O)Nc1ccc(O)cc1,C14H11F2NO2,30,C6H4F2
CC(=O)Nc1ccc(O)c(OC(C)CO)c1,CC(=O)Nc1ccc(O)cc1,C11H15NO4,31,C3H8O2
CCCC(N)CON(C(C)=O)c1ccc(O)cc1,CC(=O)Nc1ccc(O)cc1,C13H20N2O3,38,C5H13NO
CC(=O)Nc1ccc(O[SH]234C=CC5=C2N=CN3C5=C4)cc1,CC(=O)Nc1ccc(O)cc1,C15H13N3O2S,34,C7H6N2S
CC(=O)N(c1ccc(O)cc1)C12CCOC34OC3(C14)N2C,CC(=O)Nc1ccc(O)cc1,C15H16N2O4,37,C7H9NO2
CC(=O)N(CC1C2OC13C#CC23F)c1ccc(O)cc1,CC(=O)Nc1ccc(O)cc1,C15H12FNO3,32,C7H5FO
C=C1CCN2N(O)C2(c2cc(O)ccc2NC(C)=O)C1,CC(=O)Nc1ccc(O)cc1,C14H17N3O3,37,C6H10N2O
CC(=O)Nc1ccc(OC23CC45NN4C4C6CC7=C2OC65C743)cc1,CC(=O)Nc1ccc(O)cc1,C18H15N3O3,39,C10H8N2O
CC(=O)N(c1ccc(O)cc1)C12C(F)=C3C(C1C)C32,CC(=O)Nc1ccc(O)cc1,C15H14FNO2,33,C7H7F
CC(=O)Nc1ccc(O)c(C2C3C4CC5CN6C3C5C26CON4)c1,CC(=O)Nc1ccc(O)cc1,C18H21N3O3,45,C10H14N2O
CC(=O)Nc1ccc(O)cc1CCNC12CC34CC5C1C2C53N4,CC(=O)Nc1ccc(O)cc1,C18H21N3O2,44,C10H14N2
CC(=O)Nc1ccc(O)c(C2(Cl)C3C4C(N)=CC432)c1,CC(=O)Nc1ccc(O)cc1,C14H13ClN2O2,32,C6H6ClN
CC(=O)N(c1ccc(O)cc1)C1(F)C(F)C2C3(F)C4C1C243,CC(=O)Nc1ccc(O)cc1,C15H12F3NO2,33,C7H5F3
CC(=O)Nc1ccc(OC2C3OCOC2O3)cc1,CC(=O)Nc1ccc(O)cc1,C12H13NO5,31,C4H6O3
CCC1C2NCC1C1(N(C(C)=O)c3ccc(O)cc3)C=C21,CC(=O)Nc1ccc(O)cc1,C17H20N2O2,41,C9H13N
CC(=O)Nc1ccc(O)c(OCOC2CO2)c1,CC(=O)Nc1ccc(O)cc1,C11H13NO5,30,C3H6O3
CC(=O)N(c1ccc(O)cc1)C12NC3(O)C4CC5NC16C5C36C42,CC(=O)Nc1ccc(O)cc1,C17H17N3O3,40,C9H10N2O
CC(=O)N(c1ccc(O)cc1)C1C2CNC3CC34C3CC(C)C23C14,CC(=O)Nc1ccc(O)cc1,C20H24N2O2,48,C12H17N
C=C1SC=CC1Oc1ccc(NC(C)=O)cc1,CC(=O)Nc1ccc(O)cc1,C13H13NO2S,30,C5H6S
CC(=O)Nc1ccc(O)cc1C1C=CC=C=C1C,CC(=O)Nc1ccc(O)cc1,C15H15NO2,33,C7H8
CC12CNC3(C)C1C1C4C2C4(CC(=O)Nc2ccc(O)cc2)C13,CC(=O)Nc1ccc(O)cc1,C19H22N2O2,45,C11H15N
CC(=O)Nc1ccc(O)cc1C1(O)C2CC3C4CC2CC25C(N42)C315,CC(=O)Nc1ccc(O)cc1,C19H20N2O3,44,C11H13NO
CCC12NC(O)C(c3cc(NC(C)=O)ccc3O)C3C(=C4CC43O1)CO2,CC(=O)Nc1ccc(O)cc1,C19H22N2O5,48,C11H15NO3
CC(=O)Nc1ccc(O)cc1C(C)C1CC23C4=C1ONC2C43O,CC(=O)Nc1ccc(O)cc1,C17H18N2O4,41,C9H11NO2
O=C(CC1CC2=C3CC23C1Br)Nc1ccc(O)cc1,CC(=O)Nc1ccc(O)cc1,C15H14BrNO2,33,C7H7Br
O=C(CC12OC3C4NC56NC1C31C5OC6=C4C21)Nc1ccc(O)cc1,CC(=O)Nc1ccc(O)cc1,C18H15N3O4,40,C10H8N2O2
CC(=O)Nc1ccc(OCCCCC2(CO)CNC2)cc1,CC(=O)Nc1ccc(O)cc1,C16H24N2O3,45,C8H17NO
O=C(CC12CN=C(C1)N1C3=NC14C2N34)Nc1ccc(O)cc1,CC(=O)Nc1ccc(O)cc1,C15H13N5O2,35,C7H6N4
CC(=O)Nc1ccc(O)cc1C1(F)C2=C3CC2C31Cl,CC(=O)Nc1ccc(O)cc1,C14H11ClFNO2,30,C6H4ClF
CC(=O)Nc1ccc(O)c(C23C4=C5C6CC(C5NCO4)C2C63)c1,CC(=O)Nc1ccc(O)cc1,C18H18N2O3,41,C10H11NO
CC(=O)Nc1ccc(OC2C3=C4NC5C6CC7=C6C4CC73C25)cc1,CC(=O)Nc1ccc(O)cc1,C20H18N2O2,42,C12H11N
CC(=O)Nc1ccc(OC23SC4C=C2OCOC43)cc1,CC(=O)Nc1ccc(O)cc1,C14H13NO4S,33,C6H6O2S
C=CCC(C)NCCOOc1cc(O)ccc1NC(C)=O,CC(=O)Nc1ccc(O)cc1,C15H22N2O4,43,C7H15NO2
CC(=O)N(c1ccc(O)cc1)C1OCCCC2C3N1CC1CC34C3C1C234,CC(=O)Nc1ccc(O)cc1,C21H24N2O3,50,C13H17NO
CC(=O)Nc1ccc(O)cc1C12CC3(O)CC45C=C1C(O3)N4C(C5)O2,CC(=O)Nc1ccc(O)cc1,C18H18N2O5,43,C10H11NO3
CC(=O)Nc1ccc(O)cc1C12NC3C4C5(O1)C2C345,CC(=O)Nc1ccc(O)cc1,C14H12N2O3,31,C6H5NO
COC1C2=C3COCC14C(CCC24c1cc(NC(C)=O)ccc1O)O3,CC(=O)Nc1ccc(O)cc1,C19H21NO5,46,C11H14O3
CC(=O)N(c1ccc(O)cc1)C(C)(C)CCCC(C)C,CC(=O)Nc1ccc(O)cc1,C17H27NO2,47,C9H20
COC(C)C(O)CC(=O)Nc1ccc(O)cc1,CC(=O)Nc1ccc(O)cc1,C12H17NO4,34,C4H10O2
CC(CCC1C2NC12)N(CO)CC(=O)Nc1ccc(O)cc1,CC(=O)Nc1ccc(O)cc1,C16H23N3O3,45,C8H16N2O
CC(=O)N(CC1CCCCC1CN)c1ccc(O)cc1,CC(=O)Nc1ccc(O)cc1,C16H24N2O2,44,C8H17N
CC(=O)Nc1ccc(O)cc1C1=C2C3=CC2(Cl)C(N3)C(Cl)O1,CC(=O)Nc1ccc(O)cc1,C15H12Cl2N2O3,34,C7H5Cl2NO
O=C(COC12OC=C1N1NC12)Nc1ccc(O)cc1,CC(=O)Nc1ccc(O)cc1,C12H11N3O4,30,C4H4N2O2
C#CC1OC2(N(C(C)=O)c3ccc(O)cc3)C=COC12,CC(=O)Nc1ccc(O)cc1,C15H13NO4,33,C7H6O2
CC(=O)Nc1ccc(O)c(C23C4=C2C(C)CCCC3C4)c1,CC(=O)Nc1ccc(O)cc1,C18H21NO2,42,C10H14
O=C(COCOC1C2=C3C4C2C(=O)C1C34)Nc1ccc(O)cc1,CC(=O)Nc1ccc(O)cc1,C17H15NO5,38,C9H8O3
CC(=O)Nc1ccc(O)cc1C1=CN2C(=COC2Cl)C(Cl)=C1,CC(=O)Nc1ccc(O)cc1,C15H12Cl2N2O3,34,C7H5Cl2NO
C=NOOC1OCC1Oc1ccc(NC(C)=O)cc1,CC(=O)Nc1ccc(O)cc1,C12H14N2O5,33,C4H7NO3
CC(=O)Nc1ccc(O)cc1C12CC13C1OOC2C13,CC(=O)Nc1ccc(O)cc1,C14H13NO4,32,C6H6O2
CC(=O)Nc1ccc(O)cc1C1C2CN(O)C34C5C6C25C2C13C624,CC(=O)Nc1ccc(O)cc1,C18H16N2O3,39,C10H9NO
CC(=O)Nc1ccc(O)c(C2=CC34NN5C6C7=C(O)C5(O7)N3C6CC24)c1,CC(=O)Nc1ccc(O)cc1,C18H16N4O4,42,C10H9N3O2
CC(=O)Nc1ccc(OC2(F)CC3=C4C5N4OC52CC3(F)F)cc1,CC(=O)Nc1ccc(O)cc1,C16H13F3N2O3,37,C8H6F3NO
O=C(CC1(O)COCOC=N1)Nc1ccc(O)cc1,CC(=O)Nc1ccc(O)cc1,C12H14N2O5,33,C4H7NO3
C=C1CNCC(OCO)C1c1cc(O)ccc1NC(C)=O,CC(=O)Nc1ccc(O)cc1,C15H20N2O4,41,C7H13NO2
CC(=O)Nc1ccc(O)cc1C=CC1=NOCN1,CC(=O)Nc1ccc(O)cc1,C12H13N3O3,31,C4H6N2O
CC(OC(CSO)CC(=O)Nc1ccc(O)cc1)N1CC1,CC(=O)Nc1ccc(O)cc1,C14H20N2O4S,41,C6H13NO2S
C=CN1CC2CC3C(c4cc(O)ccc4NC(C)=O)C14C(C)C234,CC(=O)Nc1ccc(O)cc1,C19H22N2O2,45,C11H15N
CC(=O)Nc1ccc(O)c(C=NOC(C)O)c1,CC(=O)Nc1ccc(O)cc1,C11H14N2O4,31,C3H7NO2
CC(=O)Nc1ccc(OC2C3C4=C5C(CCC3O4)C52O)cc1,CC(=O)Nc1ccc(O)cc1,C17H17NO4,39,C9H10O2
CC(=O)Nc1ccc(O)cc1C12C3C4C(N31)[SH3]1OOC3C4C312,CC(=O)Nc1ccc(O)cc1,C15H16N2O4S,38,C7H9NO2S
C=C1C2OC2(C2=CC2Br)N1c1cc(O)ccc1NC(C)=O,CC(=O)Nc1ccc(O)cc1,C15H13BrN2O3,34,C7H6BrNO
CC(=O)Nc1ccc(O)cc1CCC1CC23C4CN1COC1(O4)C2C13,CC(=O)Nc1ccc(O)cc1,C19H22N2O4,47,C11H15NO2
CC(=O)Nc1ccc(OC2C3=C4C5C2N2OC5C3(C=O)C42)cc1,CC(=O)Nc1ccc(O)cc1,C17H14N2O4,37,C9H7NO2
CC(=O)Nc1ccc(O)c(C23CC4(N)OC5C6=C2C42C6NC2C53)c1,CC(=O)Nc1ccc(O)cc1,C18H17N3O3,41,C10H10N2O
CC(=O)N(CC1C(O)C2(CC2)C1CO)c1ccc(O)cc1,CC(=O)Nc1ccc(O)cc1,C16H21NO4,42,C8H14O2
CC(=O)N(c1ccc(O)cc1)C1(NCN)C2CC3(NO)C24C2C1C234,CC(=O)Nc1ccc(O)cc1,C17H20N4O3,44,C9H13N3O
CC(=O)Nc1ccc(O)c(C23OC(OC4CC(CNC2O)O4)C2=CC23)c1,CC(=O)Nc1ccc(O)cc1,C18H20N2O6,46,C10H13NO4
CC(=O)Nc1ccc(OC2C=CC34C2C32n3n4n32)cc1,CC(=O)Nc1ccc(O)cc1,C14H12N4O2,32,C6H5N3
C=CC(Cc1cc(NC(C)=O)ccc1O)OC(C)CCCN,CC(=O)Nc1ccc(O)cc1,C17H26N2O3,48,C9H19NO
O=C(CC12N=C3C45C=CC1C2OC34C5)Nc1ccc(O)cc1,CC(=O)Nc1ccc(O)cc1,C17H14N2O3,36,C9H7NO
CCN(CC12CN1C2O)Oc1cc(NC(C)=O)ccc1O,CC(=O)Nc1ccc(O)cc1,C14H19N3O4,40,C6H12N2O2
CC(=O)Nc1ccc(O)c(N2CC34C5C6C(O)NC3(CC62)N54)c1,CC(=O)Nc1ccc(O)cc1,C16H18N4O3,41,C8H11N3O
CC(=O)N(c1ccc(O)cc1)C(Cl)C12C3=C1C2C3,CC(=O)Nc1ccc(O)cc1,C14H12ClNO2,30,C6H5Cl
O=C(CC1NC2C3=C4C5C6N7ON(CC2C456)C317)Nc1ccc(O)cc1,CC(=O)Nc1ccc(O)cc1,C18H16N4O3,41,C10H9N3O
C=CCCCOc1ccc(NC(C)=O)cc1,CC(=O)Nc1ccc(O)cc1,C13H17NO2,33,C5H10
CC(=O)N(c1ccc(O)cc1)C12C3=C4C5C4(C3)C51C1C3CC3C12O,CC(=O)Nc1ccc(O)cc1,C20H17NO3,41,C12H10O
CC(=O)Nc1ccc(O)c(C2OOC34CC3C4CC(O)C2N)c1,CC(=O)Nc1ccc(O)cc1,C16H20N2O5,43,C8H13NO3
CC(=O)Nc1ccc(OCNC(S)OO)cc1,CC(=O)Nc1ccc(O)cc1,C10H14N2O4S,31,C2H7NO2S
CCC1OC2CC3=CC2C(c2cc(NC(C)=O)ccc2O)(N3)C1O,CC(=O)Nc1ccc(O)cc1,C18H22N2O4,46,C10H15NO2
CC(=O)Nc1ccc(ON2C3CN4C3C4(O)C2C)cc1,CC(=O)Nc1ccc(O)cc1,C14H17N3O3,37,C6H10N2O
CC(=O)Nc1ccc(O)c(C2CCC34C=CC23O4)c1,CC(=O)Nc1ccc(O)cc1,C15H15NO3,34,C7H8O
CC(=O)Nc1ccc(O)c(OC2CSCC3=C4OC2CC34)c1,CC(=O)Nc1ccc(O)cc1,C16H17NO4S,39,C8H10O2S
NOC1C2CN1C2(CC(=O)Nc1ccc(O)cc1)CC1CO1,CC(=O)Nc1ccc(O)cc1,C15H19N3O4,41,C7H12N2O2
CC(=O)Nc1ccc(O)cc1C1C2CC34CC5OC(C13)C41C5OC21,CC(=O)Nc1ccc(O)cc1,C19H19NO4,43,C11H12O2
CCCCC(C)ON(C(C)=O)c1ccc(O)cc1,CC(=O)Nc1ccc(O)cc1,C14H21NO3,39,C6H14O
CC(=O)Nc1ccc(O)c(C23CC24C2NC5SC52C34C(C)O)c1,CC(=O)Nc1ccc(O)cc1,C17H18N2O3S,41,C9H11NOS
CC(=O)Nc1ccc(O)cc1C1=C2CSC21,CC(=O)Nc1ccc(O)cc1,C12H11NO2S,27,C4H4S
CC(=O)N(c1ccc(O)cc1)C(O)OCS,CC(=O)Nc1ccc(O)cc1,C10H13NO4S,29,C2H6O2S
CC(=O)Nc1ccc(O)c(C(OC(C)O)C2C3=CC4C3C=COC42)c1,CC(=O)Nc1ccc(O)cc1,C19H21NO5,46,C11H14O3
CC(=O)Nc1ccc(O)c(N2CC3C4CC5(C)C4C4CC2ON5C34)c1,CC(=O)Nc1ccc(O)cc1,C19H23N3O3,48,C11H16N2O
CC(=O)Nc1ccc(OC=Cn2cccc2)cc1,CC(=O)Nc1ccc(O)cc1,C14H14N2O2,32,C6H7N
CCC(O)(OC)N(C(C)=O)c1ccc(O)cc1,CC(=O)Nc1ccc(O)cc1,C12H17NO4,34,C4H10O2
C#CC(CCCCC)c1cc(NC(C)=O)ccc1O,CC(=O)Nc1ccc(O)cc1,C16H21NO2,40,C8H14
CC(=O)Nc1ccc(O)c(C2=C=C3C2N3C(O)S)c1,CC(=O)Nc1ccc(O)cc1,C13H12N2O3S,31,C5H5NOS
O=C(CC12CC=COC13NCC23)Nc1ccc(O)cc1,CC(=O)Nc1ccc(O)cc1,C15H16N2O3,36,C7H9NO
CC(=O)Nc1ccc(O)c(C23CCC4C2OC43)c1,CC(=O)Nc1ccc(O)cc1,C14H15NO3,33,C6H8O
CC(=O)Nc1ccc(O)cc1C1CC2=C3C4CC(CC(C)CC2)C34N1,CC(=O)Nc1ccc(O)cc1,C21H26N2O2,51,C13H19N
C=C1CC2(NC1ON)N1C3C1C32CC(=O)Nc1ccc(O)cc1,CC(=O)Nc1ccc(O)cc1,C16H18N4O3,41,C8H11N3O
CC(=O)Nc1ccc(OC23C4C5C(C52C)C32OC42)cc1,CC(=O)Nc1ccc(O)cc1,C16H15NO3,35,C8H8O
CC(=O)Nc1ccc(O)c(C23C4N5C46C4C7CN4C7(N62)C53N)c1,CC(=O)Nc1ccc(O)cc1,C16H15N5O2,38,C8H8N4
CC(=O)Nc1ccc(O)c(C23OCC45NC2C4(N)NC5O3)c1,CC(=O)Nc1ccc(O)cc1,C14H16N4O4,38,C6H9N3O2
O=C(CC1(C23CC4C2N43)C=CO1)Nc1ccc(O)cc1,CC(=O)Nc1ccc(O)cc1,C15H14N2O3,34,C7H7NO
CC(=O)Nc1ccc(O)c(C2(F)CC3C4NC5C(=C5C32)C4O)c1,CC(=O)Nc1ccc(O)cc1,C17H17FN2O3,40,C9H10FNO
CC(=O)N(c1ccc(O)cc1)C12C3CC14C=C(C)C3C42,CC(=O)Nc1ccc(O)cc1,C17H17NO2,37,C9H10
CC(=O)Nc1ccc(O)c(C23C4CCC2C2C4C23)c1,CC(=O)Nc1ccc(O)cc1,C16H17NO2,36,C8H10
CC(=O)Nc1ccc(O)c(C23C=C(C2)S3)c1,CC(=O)Nc1ccc(O)cc1,C12H11NO2S,27,C4H4S
CC(=O)Nc1ccc2c(c1)C(NC(C)O)OC=[SH3]O2,CC(=O)Nc1ccc(O)cc1,C12H18N2O4S,37,C4H11NO2S
CC(=O)Nc1ccc(O)cc1C1CC23C(C1C)C14OOC15C2C345,CC(=O)Nc1ccc(O)cc1,C18H17NO4,40,C10H10O2
CC(=O)Nc1ccc(O)cc1C(O)CC(C)O,CC(=O)Nc1ccc(O)cc1,C12H17NO4,34,C4H10O2
CC(=O)Nc1ccc(O)cc1N1CC2CC2C=N1,CC(=O)Nc1ccc(O)cc1,C13H15N3O2,33,C5H8N2
COC1C2=C3C2C(O)(N(C(C)=O)c2ccc(O)cc2)N31,CC(=O)Nc1ccc(O)cc1,C14H14N2O4,34,C6H7NO2
CC1C2C3C4CC5COC(ON(C5)C423)N1CC(=O)Nc1ccc(O)cc1,CC(=O)Nc1ccc(O)cc1,C19H23N3O4,49,C11H16N2O2
O=C(CC(F)(F)C(F)(F)F)Nc1ccc(O)cc1,CC(=O)Nc1ccc(O)cc1,C10H8F5NO2,26,C2HF5
CC(=O)Nc1ccc(OC2=C=NNN2)cc1,CC(=O)Nc1ccc(O)cc1,C10H10N4O2,26,C2H3N3
C=NC1C2C=CN2C1CC(=O)Nc1ccc(O)cc1,CC(=O)Nc1ccc(O)cc1,C14H15N3O2,34,C6H8N2
CNC12CC1(C(OO)c1cc(O)ccc1NC(C)=O)COC21C2C=CC21,CC(=O)Nc1ccc(O)cc1,C19H22N2O5,48,C11H15NO3
CC(=O)Nc1ccc(O)cc1C(F)(F)C(F)(F)F,CC(=O)Nc1ccc(O)cc1,C10H8F5NO2,26,C2HF5
O=C(CNC1CNN1)Nc1ccc(O)cc1,CC(=O)Nc1ccc(O)cc1,C10H14N4O2,30,C2H7N3
CC(=O)N(c1ccc(O)cc1)C1OC(C)C(CO)C2CC21,CC(=O)Nc1ccc(O)cc1,C16H21NO4,42,C8H14O2
CC(=O)Nc1ccc(OC2C3=C4OC3C(Cl)C42)cc1,CC(=O)Nc1ccc(O)cc1,C14H12ClNO3,31,C6H5ClO
CC(=O)Nc1ccc(O)cc1C12C3C4OCC15N3C425,CC(=O)Nc1ccc(O)cc1,C14H12N2O3,31,C6H5NO
O=C(CC12CNC3C4NC5OC53C13C2C43CO)Nc1ccc(O)cc1,CC(=O)Nc1ccc(O)cc1,C18H19N3O4,44,C10H12N2O2
CC=C1C2=CC3=C(C2)C(c2cc(O)ccc2NC(C)=O)=C13,CC(=O)Nc1ccc(O)cc1,C18H15NO2,36,C10H8
CCNC1C(C)CC1CCC(=O)Nc1ccc(O)cc1,CC(=O)Nc1ccc(O)cc1,C16H24N2O2,44,C8H17N
CC(=O)Nc1ccc(O)c(C23C=COC2=CO3)c1,CC(=O)Nc1ccc(O)cc1,C13H11NO4,29,C5H4O2
CCC1C(O)C1c1cc(O)ccc1NC(C)=O,CC(=O)Nc1ccc(O)cc1,C13H17NO3,34,C5H10O
COCON=Cc1cc(O)ccc1NC(C)=O,CC(=O)Nc1ccc(O)cc1,C11H14N2O4,31,C3H7NO2
CC(=O)Nc1ccc(OOCNC2CCOC2)cc1,CC(=O)Nc1ccc(O)cc1,C13H18N2O4,37,C5H11NO2
C=C(O)C(C)(CCC)c1cc(O)ccc1NC(C)=O,CC(=O)Nc1ccc(O)cc1,C15H21NO3,40,C7H14O
C=CC1(Nc2cc(O)ccc2NC(C)=O)COC2=C(O)C3C(CC23)O1,CC(=O)Nc1ccc(O)cc1,C18H20N2O5,45,C10H13NO3
COC(N=C1OCO1)N(C(C)=O)c1ccc(O)cc1,CC(=O)Nc1ccc(O)cc1,C12H14N2O5,33,C4H7NO3
CNC12C#S1=CN2c1cc(NC(C)=O)ccc1O,CC(=O)Nc1ccc(O)cc1,C12H13N3O2S,31,C4H6N2S
CCC(CCCCNC)N(C(C)=O)c1ccc(O)cc1,CC(=O)Nc1ccc(O)cc1,C16H26N2O2,46,C8H19N
CC(=O)Nc1ccc(OC2=CC34C(CC5=C6CC63C5O)N24)cc1,CC(=O)Nc1ccc(O)cc1,C18H16N2O3,39,C10H9NO
CC(=O)Nc1ccc(O)c(C23NNC4C5C(O2)C52C4C32)c1,CC(=O)Nc1ccc(O)cc1,C15H15N3O3,36,C7H8N2O
CCCC(C)C(c1cc(O)ccc1NC(C)=O)C(C)C,CC(=O)Nc1ccc(O)cc1,C17H27NO2,47,C9H20
CCCCC(C)(Cc1cc(NC(C)=O)ccc1O)C(C)CCC,CC(=O)Nc1ccc(O)cc1,C20H33NO2,56,C12H26
CC(=O)Nc1ccc(O)cc1C(C)CC1CC1,CC(=O)Nc1ccc(O)cc1,C14H19NO2,36,C6H12
CC(=O)N(c1ccc(O)cc1)C1(C)NOC=CCC1CCO,CC(=O)Nc1ccc(O)cc1,C16H22N2O4,44,C8H15NO2
O=C(CC1C=CC1=O)Nc1ccc(O)cc1,CC(=O)Nc1ccc(O)cc1,C12H11NO3,27,C4H4O
CC(=O)Nc1ccc(O)cc1C1(O)OC23CC45C1=COC24NN35,CC(=O)Nc1ccc(O)cc1,C15H13N3O5,36,C7H6N2O3
CC(=O)Nc1ccc(O)c(C2(O)CC3=CCC(N)C24CCC3O4)c1,CC(=O)Nc1ccc(O)cc1,C18H22N2O4,46,C10H15NO2
CC(=O)Nc1ccc(O)c(C2C3C4C5C6C3C56CC24CNN)c1,CC(=O)Nc1ccc(O)cc1,C18H21N3O2,44,C10H14N2
CC(=O)Nc1ccc(O)c(C23OC4C(=C42)C(=N)C3C(Cl)Cl)c1,CC(=O)Nc1ccc(O)cc1,C15H12Cl2N2O3,34,C7H5Cl2NO
CC(=O)Nc1ccc(O)cc1C12C3C45NOC6(C)C(O)C41ON6C352,CC(=O)Nc1ccc(O)cc1,C16H15N3O5,39,C8H8N2O3
CNCC(C)(C)c1cc(NC(C)=O)ccc1O,CC(=O)Nc1ccc(O)cc1,C13H20N2O2,37,C5H13N
CC(=O)Nc1ccc(O)cc1C1C2C3SC312,CC(=O)Nc1ccc(O)cc1,C12H11NO2S,27,C4H4S
O=C(CC12C(N(S)C3CCO3)OC1C21CC1)Nc1ccc(O)cc1,CC(=O)Nc1ccc(O)cc1,C17H20N2O4S,44,C9H13NO2S
CC(=O)Nc1ccc(O)cc1N(Cl)C12CC3=C1C3C2Cl,CC(=O)Nc1ccc(O)cc1,C14H12Cl2N2O2,32,C6H5Cl2N
CC(=O)Nc1ccc(O[SH2]23C4C5C2N4C2=NC53O2)cc1,CC(=O)Nc1ccc(O)cc1,C13H13N3O3S,33,C5H6N2OS
CC(=O)Nc1ccc(O)cc1C12C3=C4C(OCC1N)C2N1C2CC(C42)C31,CC(=O)Nc1ccc(O)cc1,C20H21N3O3,47,C12H14N2O
CC(=O)Nc1ccc(O)c(C23C4C56CCC5CC42C2NC263)c1,CC(=O)Nc1ccc(O)cc1,C18H18N2O2,40,C10H11N
CC(=O)Nc1ccc(OC23NC4(O)OC56C(CC7C2(C)NC745)C36)cc1,CC(=O)Nc1ccc(O)cc1,C18H19N3O4,44,C10H12N2O2
CC(=O)Nc1ccc(O)c(C23C4C25CC(N)C2CC5C243)c1,CC(=O)Nc1ccc(O)cc1,C17H18N2O2,39,C9H11N
CCOC1NC1N(C(C)=O)c1ccc(O)cc1,CC(=O)Nc1ccc(O)cc1,C12H16N2O3,33,C4H9NO
CC(=O)N(c1ccc(O)cc1)C(CC=CO)COO,CC(=O)Nc1ccc(O)cc1,C13H17NO5,36,C5H10O3
CC(=O)Nc1ccc(O)cc1N1C2C3C=C4C(CO)C2C1N4O3,CC(=O)Nc1ccc(O)cc1,C16H17N3O4,40,C8H10N2O2
CC(=O)Nc1ccc(O)cc1CC1(CN)NCN1,CC(=O)Nc1ccc(O)cc1,C12H18N4O2,36,C4H11N3
CC(=O)Nc1ccc(O)c(OC2C3C4CCC423)c1,CC(=O)Nc1ccc(O)cc1,C14H15NO3,33,C6H8O
C=C1C(c2cc(NC(C)=O)ccc2O)C2C13C=C1C4C3C142,CC(=O)Nc1ccc(O)cc1,C18H15NO2,36,C10H8
CC(=O)Nc1ccc(ONC2C3=C4C5C36CC63CC2C453)cc1,CC(=O)Nc1ccc(O)cc1,C18H16N2O2,38,C10H9N
CC(=O)Nc1ccc(OC23NCCC4C(O2)C43)cc1,CC(=O)Nc1ccc(O)cc1,C14H16N2O3,35,C6H9NO
CC(=O)Nc1ccc(O)c(C23OC2C3CO)c1,CC(=O)Nc1ccc(O)cc1,C12H13NO4,30,C4H6O2
CCCC(C)c1cc(O)ccc1NC(C)=O,CC(=O)Nc1ccc(O)cc1,C13H19NO2,35,C5H12
CC(=O)Nc1ccc(O)c(C2=CCC34CC23O4)c1,CC(=O)Nc1ccc(O)cc1,C14H13NO3,31,C6H6O
CC(=O)Nc1ccc(O)c(C23CC(=C4C5CCC2C45)N3)c1,CC(=O)Nc1ccc(O)cc1,C17H18N2O2,39,C9H11N
CC(=O)Nc1ccc(O)c(OCC23C4CCC(C4)C24C2C3NN24)c1,CC(=O)Nc1ccc(O)cc1,C18H21N3O3,45,C10H14N2O
CC(=O)Nc1ccc(O)c(C2OC3(C)C(S)OC45C2C4C35)c1,CC(=O)Nc1ccc(O)cc1,C16H17NO4S,39,C8H10O2S
CC(=O)Nc1ccc(O)c(OC2CC3(C4=C2O4)C2NN23)c1,CC(=O)Nc1ccc(O)cc1,C14H13N3O4,34,C6H6N2O2
CC(=O)Nc1ccc(O)cc1C12C=C(C=CS1)C2(O)OF,CC(=O)Nc1ccc(O)cc1,C14H12FNO4S,33,C6H5FO2S
CC(=O)N(c1ccc(O)cc1)C12CON3CC1C1C4C(=CO2)C3C41,CC(=O)Nc1ccc(O)cc1,C18H18N2O4,42,C10H11NO2
CC(=O)Nc1ccc(O)c(C2C3=C=CC3(CCl)C2Cl)c1,CC(=O)Nc1ccc(O)cc1,C15H13Cl2NO2,33,C7H6Cl2
NC12NCC1C1C3SC1(CC(=O)Nc1ccc(O)cc1)C3OO2,CC(=O)Nc1ccc(O)cc1,C15H17N3O4S,40,C7H10N2O2S
CCN1CC2C(O)C(c3cc(O)ccc3NC(C)=O)=C3OC1C32,CC(=O)Nc1ccc(O)cc1,C17H20N2O4,43,C9H13NO2
C=CCN(c1cc(O)ccc1NC(C)=O)C(C)NC(C)C,CC(=O)Nc1ccc(O)cc1,C16H25N3O2,46,C8H18N2
CC(=O)Nc1ccc(O)cc1C12C3OC4C5(Cl)C1C42C35Cl,CC(=O)Nc1ccc(O)cc1,C15H11Cl2NO3,32,C7H4Cl2O
CC(=O)Nc1ccc(O)cc1C1(F)C(F)=C2C(F)C3CC2C31,CC(=O)Nc1ccc(O)cc1,C16H14F3NO2,36,C8H7F3
CC(=O)N(NN(N)C12C3CC1C32)c1ccc(O)cc1,CC(=O)Nc1ccc(O)cc1,C13H16N4O2,35,C5H9N3
CC(=O)Nc1ccc(O)c(C23C4=C5C67CC6(CCC72)C543)c1,CC(=O)Nc1ccc(O)cc1,C18H15NO2,36,C10H8
CC(=O)Nc1ccc(ON2C3CC2(CCO)C2=C(N2)N3)cc1,CC(=O)Nc1ccc(O)cc1,C15H18N4O3,40,C7H11N3O
CC(=O)Nc1ccc(O)c(C23NC4=CC(OC5OC5S2)C4ON3C)c1,CC(=O)Nc1ccc(O)cc1,C16H17N3O5S,42,C8H10N2O3S
CC(=O)Nc1ccc(O)cc1C=CNOO,CC(=O)Nc1ccc(O)cc1,C10H12N2O4,28,C2H5NO2
CCCC(=O)Oc1ccc(NC(C)=O)cc1,CC(=O)Nc1ccc(O)cc1,C12H15NO3,31,C4H8O
CC(=O)Nc1ccc(O)cc1C(N)CC=CN,CC(=O)Nc1ccc(O)cc1,C12H17N3O2,34,C4H10N2
CC(=O)Nc1ccc(O)cc1C1C2=CC3C(C)OC213,CC(=O)Nc1ccc(O)cc1,C15H15NO3,34,C7H8O
CC(=O)Nc1ccc(O)c(C2=C3C(=C3CBr)C=CO2)c1,CC(=O)Nc1ccc(O)cc1,C15H12BrNO3,32,C7H5BrO
O=C(CC1=CN2CC3=C(C2)C2C1C3C2C(O)O)Nc1ccc(O)cc1,CC(=O)Nc1ccc(O)cc1,C19H20N2O4,45,C11H13NO2
C=CC1CC2(Oc3ccc(NC(C)=O)cc3)C3CCN1OC32,CC(=O)Nc1ccc(O)cc1,C17H20N2O3,42,C9H13NO
C=CC(=C)Oc1cc(O)ccc1NC(C)=O,CC(=O)Nc1ccc(O)cc1,C12H13NO3,29,C4H6O
CCC(C)(C)C(C)(Oc1ccc(NC(C)=O)cc1)C(C)C,CC(=O)Nc1ccc(O)cc1,C18H29NO2,50,C10H22
CC(=O)N(NC1CN2C3CC(O)C(O3)C12)c1ccc(O)cc1,CC(=O)Nc1ccc(O)cc1,C15H19N3O4,41,C7H12N2O2
CC(=O)N(c1ccc(O)cc1)C12NNOC3CC14C1=CC3C2NC2OC124,CC(=O)Nc1ccc(O)cc1,C18H18N4O4,44,C10H11N3O2
O=C(CC(F)(F)OF)Nc1ccc(O)cc1,CC(=O)Nc1ccc(O)cc1,C9H8F3NO3,24,CHF3O
CC(=O)Nc1ccc(O)cc1C1OCC2=C=C3C2C31Br,CC(=O)Nc1ccc(O)cc1,C15H12BrNO3,32,C7H5BrO
CC(=O)N(OC1C2C3=C4C5=C(OC6CN1C54N6)C32)c1ccc(O)cc1,CC(=O)Nc1ccc(O)cc1,C18H15N3O4,40,C10H8N2O2
CC(=O)Nc1ccc(O)cc1C12C=CC34CN1C(=C32)O4,CC(=O)Nc1ccc(O)cc1,C15H12N2O3,32,C7H5NO
CCC1(O)C(c2cc(O)ccc2NC(C)=O)C23OC4CC2C413,CC(=O)Nc1ccc(O)cc1,C17H19NO4,41,C9H12O2
CC(=O)Nc1ccc(O)c(C=C2C3CC45C6C7C48CCC7(C38)C265)c1,CC(=O)Nc1ccc(O)cc1,C21H19NO2,43,C13H12
CC(=O)Nc1ccc(O)c(C23CC45OCC(N2)OC43C5=O)c1,CC(=O)Nc1ccc(O)cc1,C15H14N2O5,36,C7H7NO3
CC(=O)Nc1ccc(O)cc1C12CC3NC3C3CC1CC32,CC(=O)Nc1ccc(O)cc1,C17H20N2O2,41,C9H13N
CC(=O)Nc1ccc(O)c(CCC2CC34NCC56CC53CC6C24)c1,CC(=O)Nc1ccc(O)cc1,C20H24N2O2,48,C12H17N
CC(=O)N(c1ccc(O)cc1)C12C3C45NC(ONO4)C4C5C5CC16C53C426,CC(=O)Nc1ccc(O)cc1,C19H17N3O4,43,C11H10N2O2
CC(=O)Nc1ccc(O)c(C23CC45C2=C2NC(C4O2)C35)c1,CC(=O)Nc1ccc(O)cc1,C16H14N2O3,35,C8H7NO
CC(=O)Nc1ccc(OC23CC(N2)C(=N)N=CO3)cc1,CC(=O)Nc1ccc(O)cc1,C13H14N4O3,34,C5H7N3O
CC(=O)Nc1ccc(OC23C=C4N2C4(C)C3Cl)cc1,CC(=O)Nc1ccc(O)cc1,C14H13ClN2O2,32,C6H6ClN
CC(=O)Nc1ccc(O)c(C2CC3CCC3(C(C)N)C2O)c1,CC(=O)Nc1ccc(O)cc1,C17H24N2O3,46,C9H17NO
CC(=O)N(c1ccc(O)cc1)C1(CCC(CO)NN)CC1,CC(=O)Nc1ccc(O)cc1,C15H23N3O3,44,C7H16N2O
CC(=O)N(c1ccc(O)cc1)C1C2OC34C5CC67C2C2C5(CCC163)C274,CC(=O)Nc1ccc(O)cc1,C21H19NO3,44,C13H12O
CC(=O)N(c1ccc(O)cc1)C(O)C1C2NC2C=CC2OC21,CC(=O)Nc1ccc(O)cc1,C16H18N2O4,40,C8H11NO2
CC(=O)N(c1ccc(O)cc1)C1CC23C4N(C)OC15C16C2C51C36N4O,CC(=O)Nc1ccc(O)cc1,C18H17N3O4,42,C10H10N2O2
CC(=O)Nc1ccc(O)c(C2C3C4CNC(OC5=NC5)(N4)C23)c1,CC(=O)Nc1ccc(O)cc1,C16H18N4O3,41,C8H11N3O
CC(=O)Nc1ccc(OOC2CCCC2O)cc1,CC(=O)Nc1ccc(O)cc1,C13H17NO4,35,C5H10O2
CC(=O)Nc1ccc(O)cc1C12COC(O1)C1C3C1C32,CC(=O)Nc1ccc(O)cc1,C15H15NO4,35,C7H8O2
CCC(C=N)c1cc(NC(C)=O)ccc1O,CC(=O)Nc1ccc(O)cc1,C12H16N2O2,32,C4H9N
CC(=O)Nc1ccc(OC23C#CC2(Cl)C(O)C3Cl)cc1,CC(=O)Nc1ccc(O)cc1,C14H11Cl2NO3,31,C6H4Cl2O
CC(=O)Nc1ccc(O)cc1C12CC3C1C1OC4(N)C5C14C352,CC(=O)Nc1ccc(O)cc1,C17H16N2O3,38,C9H9NO
O=C(CC1COC(OO)C(O)(CO)C1O)Nc1ccc(O)cc1,CC(=O)Nc1ccc(O)cc1,C14H19NO8,42,C6H12O6
CC(=O)N(COC1(C)OC1C)c1ccc(O)cc1,CC(=O)Nc1ccc(O)cc1,C13H17NO4,35,C5H10O2
COC1(OOc2ccc(NC(C)=O)cc2)C=C2C=C21,CC(=O)Nc1ccc(O)cc1,C14H13NO4,32,C6H6O2
CC(=O)Nc1ccc(O)c(C2C3NC4C5=C6C4C3(O5)C62)c1,CC(=O)Nc1ccc(O)cc1,C16H14N2O3,35,C8H7NO
O=C(CC1CC#COOC2CC3=CC12O3)Nc1ccc(O)cc1,CC(=O)Nc1ccc(O)cc1,C17H15NO5,38,C9H8O3
CC(=O)Nc1ccc(OC23OC4C5=CNCC26C3=C(O)C4(C)C56)cc1,CC(=O)Nc1ccc(O)cc1,C19H18N2O4,43,C11H11NO2
CC(=O)Nc1ccc(O)cc1C12CC34OC5(C(N1)C35)N4O2,CC(=O)Nc1ccc(O)cc1,C14H13N3O4,34,C6H6N2O2
CC(=O)Nc1ccc(OC2=C=C=C(F)CC(F)C2F)cc1,CC(=O)Nc1ccc(O)cc1,C15H12F3NO2,33,C7H5F3
CC(=O)Nc1ccc(ON(C)c2nccs2)cc1,CC(=O)Nc1ccc(O)cc1,C12H13N3O2S,31,C4H6N2S
CCC(CC)Oc1cc(O)ccc1NC(C)=O,CC(=O)Nc1ccc(O)cc1,C13H19NO3,36,C5H12O
O=C(CN1C2=NC3C2OCC2CC2C31)Nc1ccc(O)cc1,CC(=O)Nc1ccc(O)cc1,C16H17N3O3,39,C8H10N2O
CCCC(C)(CC)CC(=O)Nc1ccc(O)cc1,CC(=O)Nc1ccc(O)cc1,C15H23NO2,41,C7H16
CC1CCC(N)CC1(C)CC(=O)Nc1ccc(O)cc1,CC(=O)Nc1ccc(O)cc1,C16H24N2O2,44,C8H17N
C=C1NC2OC3C4(Cl)CC24C13Oc1ccc(NC(C)=O)cc1,CC(=O)Nc1ccc(O)cc1,C16H15ClN2O3,37,C8H8ClNO
CC(=O)N(c1ccc(O)cc1)C1CC2C3C4CCC25C(O4)C1C35,CC(=O)Nc1ccc(O)cc1,C19H21NO3,44,C11H14O
CC(=O)Nc1ccc(O)c(N2C3CC4CC5C(C)C5C(C3)C42)c1,CC(=O)Nc1ccc(O)cc1,C19H24N2O2,47,C11H17N
O=C(CC(CCO)C1CC1CO)Nc1ccc(O)cc1,CC(=O)Nc1ccc(O)cc1,C15H21NO4,41,C7H14O2
CCC1OC2C3C4(O)C1COC31C(C41)N2c1cc(O)ccc1NC(C)=O,CC(=O)Nc1ccc(O)cc1,C19H22N2O5,48,C11H15NO3
O=C(CC12C3OC1N1C3=CC12)Nc1ccc(O)cc1,CC(=O)Nc1ccc(O)cc1,C14H12N2O3,31,C6H5NO
CC(=O)Nc1ccc(O)c(C23CC4CC2=C2CC4C23)c1,CC(=O)Nc1ccc(O)cc1,C17H17NO2,37,C9H10
CCCC(C)C(CC)C(C)c1cc(NC(C)=O)ccc1O,CC(=O)Nc1ccc(O)cc1,C18H29NO2,50,C10H22
CC(=O)N(c1ccc(O)cc1)C1OC2C34CCC1OC1C=C(O3)C124,CC(=O)Nc1ccc(O)cc1,C18H17NO5,41,C10H10O3
C=NC1(N(C(C)=O)c2ccc(O)cc2)CC2=COC(O)C21,CC(=O)Nc1ccc(O)cc1,C15H16N2O4,37,C7H9NO2
CC(=O)Nc1ccc(OC2=CC3CC4OC5C4C235)cc1,CC(=O)Nc1ccc(O)cc1,C16H15NO3,35,C8H8O
O=C(CC(O)CN1OC2=CC3=CC3C1=C2)Nc1ccc(O)cc1,CC(=O)Nc1ccc(O)cc1,C17H16N2O4,39,C9H9NO2
CCCC(C)C(C)CCc1cc(NC(C)=O)ccc1O,CC(=O)Nc1ccc(O)cc1,C17H27NO2,47,C9H20
CC(=O)N(c1ccc(O)cc1)C1C2NN3C4OC35N3C6C(C263)C145,CC(=O)Nc1ccc(O)cc1,C16H14N4O3,37,C8H7N3O
CC(=O)Nc1ccc(O)c(C23C4=C2C2(C4)C(F)ONC32)c1,CC(=O)Nc1ccc(O)cc1,C15H13FN2O3,34,C7H6FNO
CC(=O)Nc1ccc(OC2=C3N4OC56C(CN45)C6C(O)CC23O)cc1,CC(=O)Nc1ccc(O)cc1,C17H17N3O5,42,C9H10N2O3
CC(=O)Nc1ccc(O)cc1C(C)CCC(OO)C12NC1C2N,CC(=O)Nc1ccc(O)cc1,C16H23N3O4,46,C8H16N2O2
CC(=O)Nc1ccc(OC2CONC2CCN)cc1,CC(=O)Nc1ccc(O)cc1,C13H19N3O3,38,C5H12N2O
CCC12COC1COCCC2c1cc(O)ccc1NC(C)=O,CC(=O)Nc1ccc(O)cc1,C17H23NO4,45,C9H16O2
CC(=O)N(c1ccc(O)cc1)C1C2C3C14OC1OC5CC2(C1O)C34CO5,CC(=O)Nc1ccc(O)cc1,C19H19NO6,45,C11H12O4
CC(=O)Nc1ccc(O)c(C=C(F)c2ccoc2)c1,CC(=O)Nc1ccc(O)cc1,C14H12FNO3,31,C6H5FO
CC(=O)Nc1ccc(O)cc1C=CSC1C=COC=N1,CC(=O)Nc1ccc(O)cc1,C14H14N2O3S,34,C6H7NOS
NC1C(O)CC1NCC(=O)Nc1ccc(O)cc1,CC(=O)Nc1ccc(O)cc1,C12H17N3O3,35,C4H10N2O
CC(=O)Nc1ccc(OC23C=C2C=CC3F)cc1,CC(=O)Nc1ccc(O)cc1,C14H12FNO2,30,C6H5F
CC(=O)Nc1ccc(O)c(C2C3C(O)CN4C2OCC42CC3C2)c1,CC(=O)Nc1ccc(O)cc1,C18H22N2O4,46,C10H15NO2
CC(=O)N(C1=CN(C(O)O)CO1)c1ccc(O)cc1,CC(=O)Nc1ccc(O)cc1,C12H14N2O5,33,C4H7NO3
C=CC12C(c3cc(NC(C)=O)ccc3O)C3C4C5N1CC45C32,CC(=O)Nc1ccc(O)cc1,C18H18N2O2,40,C10H11N
CC(=O)Nc1ccc(O)cc1C12CC3C4=C1ON(C3N4)C2C,CC(=O)Nc1ccc(O)cc1,C16H17N3O3,39,C8H10N2O
CC(=O)Nc1ccc(O)c(CCC(C)CON)c1,CC(=O)Nc1ccc(O)cc1,C13H20N2O3,38,C5H13NO
CC(=O)Nc1ccc(O)cc1-n1n2n1C13COC(C1)C23,CC(=O)Nc1ccc(O)cc1,C13H14N4O3,34,C5H7N3O
CC(=O)Nc1ccc(OC2(F)C3=C4C(C)C432)cc1,CC(=O)Nc1ccc(O)cc1,C14H12FNO2,30,C6H5F
CC(=O)N(C1=C2C34OC35CNC(O1)[SH2]254)c1ccc(O)cc1,CC(=O)Nc1ccc(O)cc1,C14H14N2O4S,35,C6H7NO2S
CCC(O)(Cc1cc(NC(C)=O)ccc1O)C1CCC1,CC(=O)Nc1ccc(O)cc1,C16H23NO3,43,C8H16O
CC(=O)Nc1ccc(O)c(C23OC45C6C7C6(OC74C2CO)C35)c1,CC(=O)Nc1ccc(O)cc1,C17H15NO5,38,C9H8O3
C=C1C#CC=C(Nc2cc(NC(C)=O)ccc2O)O1,CC(=O)Nc1ccc(O)cc1,C14H12N2O3,31,C6H5NO
CC(=O)Nc1ccc(O)cc1CCC1OC2CCC12,CC(=O)Nc1ccc(O)cc1,C15H19NO3,38,C7H12O
CC(=O)N(OC1CCC2C3NC1C23)c1ccc(O)cc1,CC(=O)Nc1ccc(O)cc1,C15H18N2O3,38,C7H11NO
CC(=O)Nc1ccc(O)cc1OCC(C)O,CC(=O)Nc1ccc(O)cc1,C11H15NO4,31,C3H8O2
O=C(CC12OC3C4C3C41O2)Nc1ccc(O)cc1,CC(=O)Nc1ccc(O)cc1,C13H11NO4,29,C5H4O2
C=C(COOCO)Oc1ccc(NC(C)=O)cc1,CC(=O)Nc1ccc(O)cc1,C12H15NO5,33,C4H8O3
CC(=O)Nc1ccc(O)cc1C12C3N4CC35N4C3(N)N4C51C432,CC(=O)Nc1ccc(O)cc1,C15H13N5O2,35,C7H6N4
CC(=O)Nc1ccc(O)cc1C1=COCOC(C)O1,CC(=O)Nc1ccc(O)cc1,C13H15NO5,34,C5H8O3
C=C1CCC(C(C)COCC(=O)Nc2ccc(O)cc2)N1,CC(=O)Nc1ccc(O)cc1,C16H22N2O3,43,C8H15NO
CC(=O)Nc1ccc(O)cc1CC1(O)C(F)C2(F)C3=C2C31F,CC(=O)Nc1ccc(O)cc1,C15H12F3NO3,34,C7H5F3O
CC(=O)Nc1ccc(O)cc1C1(O)C=C2C3NC4N5C2C45C31,CC(=O)Nc1ccc(O)cc1,C16H15N3O3,37,C8H8N2O
CC(=O)Nc1ccc(O)c(CCC2(C)OOO2)c1,CC(=O)Nc1ccc(O)cc1,C12H15NO5,33,C4H8O3
CC1=C2C3=C(CO1)C23COCC(=O)Nc1ccc(O)cc1,CC(=O)Nc1ccc(O)cc1,C16H15NO4,36,C8H8O2
CC(=O)Nc1ccc(O)c(-c2ccccc2Cl)c1,CC(=O)Nc1ccc(O)cc1,C14H12ClNO2,30,C6H5Cl
CC(=O)Nc1ccc(O)c(C23C4CC5CC52CC32C(O)C23OC43)c1,CC(=O)Nc1ccc(O)cc1,C19H19NO4,43,C11H12O2
CC(=O)Nc1ccc(O)cc1C1(O)CC(C(O)CO)C1OO,CC(=O)Nc1ccc(O)cc1,C14H19NO7,41,C6H12O5
CC(=O)N(c1ccc(O)cc1)C12OC3C4C35C(C)C(O)C41C52,CC(=O)Nc1ccc(O)cc1,C17H17NO4,39,C9H10O2
CCC12C3C4C35CC41OCOC5C2(O)Oc1ccc(NC(C)=O)cc1,CC(=O)Nc1ccc(O)cc1,C19H21NO5,46,C11H14O3
CC(=O)N(c1ccc(O)cc1)[SH]12=C3C(N1)C1C3C12,CC(=O)Nc1ccc(O)cc1,C13H14N2O2S,32,C5H7NS
CC(=O)Nc1ccc(O)c(C2(CO)CC34CN3NC43NC23)c1,CC(=O)Nc1ccc(O)cc1,C15H18N4O3,40,C7H11N3O
CC(=O)Nc1ccc(OCC2ON(C=O)CC2O)cc1,CC(=O)Nc1ccc(O)cc1,C13H16N2O5,36,C5H9NO3
CC(=O)N(c1ccc(O)cc1)C1C2=C3C4OC5C1OC41C3C251,CC(=O)Nc1ccc(O)cc1,C17H13NO4,35,C9H6O2
CNC1NC2OC3=C4CC4(c4cc(O)ccc4NC(C)=O)C4=C(NO1)C342,CC(=O)Nc1ccc(O)cc1,C18H18N4O4,44,C10H11N3O2
CC(=O)Nc1ccc(O)c(C(F)(F)CF)c1,CC(=O)Nc1ccc(O)cc1,C10H10F3NO2,26,C2H3F3
CC(=O)Nc1ccc(OC23CCC4CC56C7=C8OC7C45C2C836)cc1,CC(=O)Nc1ccc(O)cc1,C20H17NO3,41,C12H10O
CC(=O)Nc1ccc(O)cc1-c1cc(C=CCl)co1,CC(=O)Nc1ccc(O)cc1,C14H12ClNO3,31,C6H5ClO
C=C1CC2C3CC4(c5cc(NC(C)=O)ccc5O)OC3C3N1N3N1CC214,CC(=O)Nc1ccc(O)cc1,C19H20N4O3,46,C11H13N3O
CC(=O)Nc1ccc(O)c(C23OC4=NC45OC54C(CC24)O3)c1,CC(=O)Nc1ccc(O)cc1,C15H12N2O5,34,C7H5NO3
CC(=O)Nc1ccc(O)c(C23C4C5OC6C7CC5(O)C2C64C3(O)O7)c1,CC(=O)Nc1ccc(O)cc1,C18H17NO6,42,C10H10O4
CC(=O)Nc1ccc(O)c(C2C(N)CC3C4CC45NC46OC27N(C34)C567)c1,CC(=O)Nc1ccc(O)cc1,C19H20N4O3,46,C11H13N3O
O=C(CC1=NC23CC45C1C4N2N53)Nc1ccc(O)cc1,CC(=O)Nc1ccc(O)cc1,C14H12N4O2,32,C6H5N3
CC(=O)Nc1ccc(O)cc1C12CCNCC13OC1C4C3N2C14C,CC(=O)Nc1ccc(O)cc1,C18H21N3O3,45,C10H14N2O
CCC1(CC(=O)Nc2ccc(O)cc2)NC2=COC(O)CC1O2,CC(=O)Nc1ccc(O)cc1,C16H20N2O5,43,C8H13NO3
CC(=O)Nc1ccc(O)cc1C12C(O)ON3C4C5NC5C5=C6NC51C3C642,CC(=O)Nc1ccc(O)cc1,C18H16N4O4,42,C10H9N3O2
CC(=O)N(c1ccc(O)cc1)C1C2CC3N4C(N)=CC2C32C3C4C132,CC(=O)Nc1ccc(O)cc1,C19H19N3O2,43,C11H12N2
CC(=O)Nc1ccc(O)c(C23C4C5C6C7C2C62C(O)C56C3C76C42)c1,CC(=O)Nc1ccc(O)cc1,C20H17NO3,41,C12H10O
CC(=O)Nc1ccc(O)c(C2CC3C(C)C4OC5CC53N24)c1,CC(=O)Nc1ccc(O)cc1,C17H20N2O3,42,C9H13NO
CC(=O)Nc1ccc(O)c(C(F)(F)C(F)(F)F)c1,CC(=O)Nc1ccc(O)cc1,C10H8F5NO2,26,C2HF5
CC(=O)Nc1ccc(O)c(OC(O)C23CC2C2=CNC(C)C23C)c1,CC(=O)Nc1ccc(O)cc1,C18H22N2O4,46,C10H15NO2
C=Nc1ocnccoc1N(C(C)=O)c1ccc(O)cc1,CC(=O)Nc1ccc(O)cc1,C14H13N3O4,34,C6H6N2O2
COC1C2=CNC2CC2=NC(=C2Oc2ccc(NC(C)=O)cc2)C1CO,CC(=O)Nc1ccc(O)cc1,C19H21N3O4,47,C11H14N2O2
CC(=O)Nc1ccc(O)c(C23CC2N(N)C24CC5C(OC52)C34)c1,CC(=O)Nc1ccc(O)cc1,C17H19N3O3,42,C9H12N2O
CC(=O)Nc1ccc(O)cc1C1OC2N3C4C5C1C51C4C231,CC(=O)Nc1ccc(O)cc1,C16H14N2O3,35,C8H7NO
CC(=O)Nc1ccc(O)c(OC23C4C5C6C(Br)C62C543)c1,CC(=O)Nc1ccc(O)cc1,C15H12BrNO3,32,C7H5BrO
CC(=O)Nc1ccc(O)cc1C1CC(N)N1CN,CC(=O)Nc1ccc(O)cc1,C12H18N4O2,36,C4H11N3
CC(=O)Nc1ccc(O)cc1N1C2C3CC(O)C2C2C4NN5C3C45C21,CC(=O)Nc1ccc(O)cc1,C18H20N4O3,45,C10H13N3O
CC(=O)N(c1ccc(O)cc1)C12CC3(C)CCC3C3C=C(O1)C32,CC(=O)Nc1ccc(O)cc1,C19H21NO3,44,C11H14O
CC(=O)N(C1=NC23C=CC(CC2)(C3)O1)c1ccc(O)cc1,CC(=O)Nc1ccc(O)cc1,C16H16N2O3,37,C8H9NO
CC(=O)N(c1ccc(O)cc1)C12NC13C1COC3(F)C=C12,CC(=O)Nc1ccc(O)cc1,C15H13FN2O3,34,C7H6FNO
CC(=O)N(C1=C2C3=C4C(=O)CC2(O3)C41C)c1ccc(O)cc1,CC(=O)Nc1ccc(O)cc1,C17H13NO4,35,C9H6O2
CC(=O)Nc1ccc(O)cc1C12C3=C4C5N6OOC(C31)C4(C)NC562,CC(=O)Nc1ccc(O)cc1,C17H15N3O4,39,C9H8N2O2
CC(=O)Nc1ccc(O)c(C23C4CC56CCOCC7C28C52CC4C32C768)c1,CC(=O)Nc1ccc(O)cc1,C22H21NO3,47,C14H14O
CC(=O)Nc1ccc(O)cc1C12CC3C4C5N6C3OC1CCC5(OO2)C46,CC(=O)Nc1ccc(O)cc1,C19H20N2O5,46,C11H13NO3
CC(=O)N(c1ccc(O)cc1)C1CC(O)C12OC1=C2C2=CCCC2O1,CC(=O)Nc1ccc(O)cc1,C19H19NO5,44,C11H12O3
CC(=O)N(C1=CC=C(Cl)C1=CCl)c1ccc(O)cc1,CC(=O)Nc1ccc(O)cc1,C14H11Cl2NO2,30,C6H4Cl2
CC(=O)Nc1ccc(O)cc1C12NCC13C(N)CC23C,CC(=O)Nc1ccc(O)cc1,C15H19N3O2,39,C7H12N2
CC(=O)N(c1ccc(O)cc1)C(F)C(F)F,CC(=O)Nc1ccc(O)cc1,C10H10F3NO2,26,C2H3F3
C=C1OC2C1C1C3=CC1OC2(Oc1cc(NC(C)=O)ccc1O)C3,CC(=O)Nc1ccc(O)cc1,C18H17NO5,41,C10H10O3
C=C1C=CC=C1c1cc(NC(C)=O)ccc1O,CC(=O)Nc1ccc(O)cc1,C14H13NO2,30,C6H6
CC(=O)Nc1ccc(O)c(C2N3CC4C56OC5C6C243)c1,CC(=O)Nc1ccc(O)cc1,C15H14N2O3,34,C7H7NO
CC(=O)Nc1ccc(O)cc1C1OC2=C(O)C13C2CC3(C)N,CC(=O)Nc1ccc(O)cc1,C16H18N2O4,40,C8H11NO2
CC(=O)Nc1ccc(O)cc1C(S)C1(N)COC2=C3C1C31OOC21,CC(=O)Nc1ccc(O)cc1,C16H16N2O5S,40,C8H9NO3S
CC(=O)Nc1ccc(O)cc1C(O)(O)C12NC13N1C4C2C413,CC(=O)Nc1ccc(O)cc1,C14H13N3O4,34,C6H6N2O2
CC(=O)N(NC1OCOC2C=CNC1C2)c1ccc(O)cc1,CC(=O)Nc1ccc(O)cc1,C15H19N3O4,41,C7H12N2O2
CC(=O)Nc1ccc(OC23C4CN(N5COC5)C(O4)C24CCC43C)cc1,CC(=O)Nc1ccc(O)cc1,C19H23N3O4,49,C11H16N2O2
CC(=O)Nc1ccc(OC2(C)C(C)=NCCC2C)cc1,CC(=O)Nc1ccc(O)cc1,C16H22N2O2,42,C8H15N
O=C(CN1C2CC3OCC2NC31)Nc1ccc(O)cc1,CC(=O)Nc1ccc(O)cc1,C14H17N3O3,37,C6H10N2O
CC(=O)N(c1ccc(O)cc1)C1C2C(=CF)N3CC213,CC(=O)Nc1ccc(O)cc1,C14H13FN2O2,32,C6H6FN
CC(=O)Nc1ccc(O)c(C2NCC3OC3OO2)c1,CC(=O)Nc1ccc(O)cc1,C12H14N2O5,33,C4H7NO3
C=C1C=COC(c2cc(NC(C)=O)ccc2O)=CN1,CC(=O)Nc1ccc(O)cc1,C14H14N2O3,33,C6H7NO
O=C(CC1CC(OCO)N1)Nc1ccc(O)cc1,CC(=O)Nc1ccc(O)cc1,C12H16N2O4,34,C4H9NO2
CC(=O)Nc1ccc(O)cc1C1C2C3C4C56NC1(C2C)C45CN36,CC(=O)Nc1ccc(O)cc1,C18H19N3O2,42,C10H12N2
CC(=O)Nc1ccc(OC(F)NC2C#CC=C2)cc1,CC(=O)Nc1ccc(O)cc1,C14H13FN2O2,32,C6H6FN
CC(=O)N(c1ccc(O)cc1)C1C2C(CO)C3NC=CC(N3)C3C2C31,CC(=O)Nc1ccc(O)cc1,C19H23N3O3,48,C11H16N2O
CC(=O)Nc1ccc(O)c(C2OC=NC3=CC2CCO3)c1,CC(=O)Nc1ccc(O)cc1,C15H16N2O4,37,C7H9NO2
CC(=O)Nc1ccc(O)cc1C1OCC2C3=CC21C1OC31,CC(=O)Nc1ccc(O)cc1,C16H15NO4,36,C8H8O2
CC(=O)Nc1ccc(OC2(CO)COC3=CC4=C3C2CC4)cc1,CC(=O)Nc1ccc(O)cc1,C18H19NO4,42,C10H12O2
CC(=O)Nc1ccc(O)c(C23CC24N2COC56C7CC(C35)C7C264)c1,CC(=O)Nc1ccc(O)cc1,C19H18N2O3,42,C11H11NO
CC(=O)Nc1ccc(O)cc1C1C2CNC34CC3(C3CC2C3)C1C4C,CC(=O)Nc1ccc(O)cc1,C21H26N2O2,51,C13H19N
CC(=O)Nc1ccc(O)cc1C1(F)C2CN=C3C(C2F)C31F,CC(=O)Nc1ccc(O)cc1,C15H13F3N2O2,35,C7H6F3N
CC(=O)N(c1ccc(O)cc1)C12C3=CC4C(CC1C3)C42,CC(=O)Nc1ccc(O)cc1,C17H17NO2,37,C9H10
CC(=O)Nc1ccc(OC2N3CCC34CN24)cc1,CC(=O)Nc1ccc(O)cc1,C13H15N3O2,33,C5H8N2
CC(=O)Nc1ccc(O)cc1C12C3=C4CN5OCC6C7NN4C(C36)(C71)C52,CC(=O)Nc1ccc(O)cc1,C19H18N4O3,44,C11H11N3O
O=C(CC1N=C2C3(Cl)C(Cl)CC213)Nc1ccc(O)cc1,CC(=O)Nc1ccc(O)cc1,C14H12Cl2N2O2,32,C6H5Cl2N
CC(=O)Nc1ccc(O)cc1C1C=C2C3=COOC1CC31OC21,CC(=O)Nc1ccc(O)cc1,C17H15NO5,38,C9H8O3
CC(=O)Nc1ccc(O)cc1C(F)(F)C(F)(F)F,CC(=O)Nc1ccc(O)cc1,C10H8F5NO2,26,C2HF5
COC1OC2(c3cc(NC(C)=O)ccc3O)C=C3C(CO)C4C2C314,CC(=O)Nc1ccc(O)cc1,C18H19NO5,43,C10H12O3
CC(=O)Nc1ccc(O[SH]23=C4C5CC42N53)cc1,CC(=O)Nc1ccc(O)cc1,C12H12N2O2S,29,C4H5NS
O=C(CC12CCC3N4C1=C1CCC13C42)Nc1ccc(O)cc1,CC(=O)Nc1ccc(O)cc1,C18H18N2O2,40,C10H11N
CC(=O)N(c1ccc(O)cc1)C12C3CC45CC36C1N4C62C5O,CC(=O)Nc1ccc(O)cc1,C17H16N2O3,38,C9H9NO
CC(=O)Nc1ccc(O)c(C2CC=NC3=NC3C2)c1,CC(=O)Nc1ccc(O)cc1,C14H15N3O2,34,C6H8N2
CC(=O)Nc1ccc(OCSC2CCOO2)cc1,CC(=O)Nc1ccc(O)cc1,C12H15NO4S,33,C4H8O2S
CC(=O)Nc1ccc(O)c(CC2(C)CCC2)c1,CC(=O)Nc1ccc(O)cc1,C14H19NO2,36,C6H12
CC(=O)Nc1ccc(OC2(Cl)CC34OC(=C23)C4Cl)cc1,CC(=O)Nc1ccc(O)cc1,C14H11Cl2NO3,31,C6H4Cl2O
CC(=O)Nc1ccc(O)cc1C12C3NC4(C3C)C1C42,CC(=O)Nc1ccc(O)cc1,C15H16N2O2,35,C7H9N
CC(=O)Nc1ccc(O)cc1C1=C2ON3C24CC12OC(O)C32C4C,CC(=O)Nc1ccc(O)cc1,C17H16N2O5,40,C9H9NO3
CC(=O)Nc1ccc(O)cc1C1CC2CCCC3C2CC13,CC(=O)Nc1ccc(O)cc1,C18H23NO2,44,C10H16
CC(=O)Nc1ccc(O)cc1C1C2C3CC4C(C3)N3C4C1C23,CC(=O)Nc1ccc(O)cc1,C18H20N2O2,42,C10H13N
O=C(CC1=CC12C1C3C45CC(CO)N1C34C25)Nc1ccc(O)cc1,CC(=O)Nc1ccc(O)cc1,C19H18N2O3,42,C11H11NO
CC(=O)Nc1ccc(O)cc1C1CC2OC3C4CC5(C1)OCC5CC243,CC(=O)Nc1ccc(O)cc1,C20H23NO4,48,C12H16O2
CC(=O)Nc1ccc(O)c(OC23OC4C5C46C4CC52C3C46)c1,CC(=O)Nc1ccc(O)cc1,C17H15NO4,37,C9H8O2
CC(=O)Nc1ccc(O)cc1CCC12CCC(C1=N)C13NC(O1)C3C2,CC(=O)Nc1ccc(O)cc1,C19H23N3O3,48,C11H16N2O
CC(=O)Nc1ccc(O)cc1C12CC13CC1C(C3)N12,CC(=O)Nc1ccc(O)cc1,C15H16N2O2,35,C7H9N
C=CC1(Oc2ccc(NC(C)=O)cc2)COO1,CC(=O)Nc1ccc(O)cc1,C12H13NO4,30,C4H6O2
CC(=O)Nc1ccc(O)cc1C12CC3C4C3N3CC1(OCC2CN)C43,CC(=O)Nc1ccc(O)cc1,C19H23N3O3,48,C11H16N2O
C=C1NC1N(O)C1(CC(=O)Nc2ccc(O)cc2)C2C3CC4C3C2C41,CC(=O)Nc1ccc(O)cc1,C19H21N3O3,46,C11H14N2O
CC(=O)N(c1ccc(O)cc1)C1C=C2C3CCCC4C(CC23)N4OCC1,CC(=O)Nc1ccc(O)cc1,C21H26N2O3,52,C13H19NO
CCCC(NC)c1cc(NC(C)=O)ccc1O,CC(=O)Nc1ccc(O)cc1,C13H20N2O2,37,C5H13N
CC(=O)Nc1ccc(OC#CC2(F)C=C2CCl)cc1,CC(=O)Nc1ccc(O)cc1,C14H11ClFNO2,30,C6H4ClF
NC1OC23OC1(CC(=O)Nc1ccc(O)cc1)[SH3]2C3O,CC(=O)Nc1ccc(O)cc1,C12H16N2O5S,36,C4H9NO3S
O=C(CNC1=CN=N1)Nc1ccc(O)cc1,CC(=O)Nc1ccc(O)cc1,C10H10N4O2,26,C2H3N3
CC(=O)Nc1ccc(O)c(C23CC45NC2C2OCC(NN3)C43C2C53)c1,CC(=O)Nc1ccc(O)cc1,C18H20N4O3,45,C10H13N3O
CC(=O)Nc1ccc(O)c(C2C(C)=C3NN4CC32C4O)c1,CC(=O)Nc1ccc(O)cc1,C15H17N3O3,38,C7H10N2O
N=CC12C3C=C4OC35C(N)OC1(CC(=O)Nc1ccc(O)cc1)C452,CC(=O)Nc1ccc(O)cc1,C17H15N3O4,39,C9H8N2O2
CC(=O)Nc1ccc(O)c(C(O)C2OC3CCC4C2C25CC32C(O)C45)c1,CC(=O)Nc1ccc(O)cc1,C20H23NO5,49,C12H16O3
CC(=O)Nc1ccc(O)cc1C1OC23NC(O)C4C5C1C=CC21C5C41O3,CC(=O)Nc1ccc(O)cc1,C19H18N2O5,44,C11H11NO3
CC(=O)Nc1ccc(OC2C=CCC34OCCCC3C2OO4)cc1,CC(=O)Nc1ccc(O)cc1,C18H21NO5,45,C10H14O3
CCC1NCC(CCO)NCC=C1c1cc(O)ccc1NC(C)=O,CC(=O)Nc1ccc(O)cc1,C18H27N3O3,51,C10H20N2O
CC(=O)Nc1ccc(O)c(C2C3C4CC4C4C2C34)c1,CC(=O)Nc1ccc(O)cc1,C16H17NO2,36,C8H10
COC(O)(CO)C1OC1c1cc(O)ccc1NC(C)=O,CC(=O)Nc1ccc(O)cc1,C13H17NO6,37,C5H10O4
CC(=O)Nc1ccc(O)cc1C12CC3COOC4CC4(C1)C2N3,CC(=O)Nc1ccc(O)cc1,C17H20N2O4,43,C9H13NO2
CC(=O)Nc1ccc(O)c(C23C4CC25C3CC5(O)CO4)c1,CC(=O)Nc1ccc(O)cc1,C16H17NO4,38,C8H10O2
CC(=O)Nc1ccc(O)cc1C1CC23COC(=CC(O1)O2)S3,CC(=O)Nc1ccc(O)cc1,C15H15NO5S,37,C7H8O3S
CC(=O)N(C1=CC23C4CC5C2C2=CC15C2C43)c1ccc(O)cc1,CC(=O)Nc1ccc(O)cc1,C20H17NO2,40,C12H10
CC(=O)N(c1ccc(O)cc1)C1(O)C2CN3C4C5OC51C2C43Cl,CC(=O)Nc1ccc(O)cc1,C16H15ClN2O4,38,C8H8ClNO2
CC(=O)Nc1ccc(OCC2(O)OC3CC32)cc1,CC(=O)Nc1ccc(O)cc1,C13H15NO4,33,C5H8O2
COC12OC34C5=C6CCC3C1C5N4C62c1cc(O)ccc1NC(C)=O,CC(=O)Nc1ccc(O)cc1,C19H18N2O4,43,C11H11NO2
CCC1(c2cc(NC(C)=O)ccc2O)CCNCC1C,CC(=O)Nc1ccc(O)cc1,C16H24N2O2,44,C8H17N
CC(=O)Nc1ccc(O)cc1N1CCCOCCC1=CO,CC(=O)Nc1ccc(O)cc1,C15H20N2O4,41,C7H13NO2
CC(=O)Nc1ccc(O)c(C2=CC34CC35CC(O4)C25)c1,CC(=O)Nc1ccc(O)cc1,C16H15NO3,35,C8H8O
O=C(CC1=CC1CCOOCC1=CC1)Nc1ccc(O)cc1,CC(=O)Nc1ccc(O)cc1,C17H19NO4,41,C9H12O2
CC(=O)Nc1ccc(ON2CC3C=CSC2=CO3)cc1,CC(=O)Nc1ccc(O)cc1,C14H14N2O3S,34,C6H7NOS
CC(=O)Nc1ccc(O)c(C2=CC34C2C3C4(Cl)Cl)c1,CC(=O)Nc1ccc(O)cc1,C14H11Cl2NO2,30,C6H4Cl2
CC(=O)N(c1ccc(O)cc1)C12CCC3CC(CC=C1C3C)N2,CC(=O)Nc1ccc(O)cc1,C19H24N2O2,47,C11H17N
CC(=O)Nc1ccc(OC23CCC(N)C4C=C2C43)cc1,CC(=O)Nc1ccc(O)cc1,C16H18N2O2,38,C8H11N
CC(=O)Nc1ccc(O)cc1CC12C(O)C34CC5C(C53)N1CCOC42,CC(=O)Nc1ccc(O)cc1,C19H22N2O4,47,C11H15NO2
CC(=O)Nc1ccc(O)cc1C(O)(O)C1(C)C2=C3C(CCC31)C2,CC(=O)Nc1ccc(O)cc1,C18H21NO4,44,C10H14O2
CC(=O)Nc1ccc(O)cc1N1C(O)C2(C)CNC12,CC(=O)Nc1ccc(O)cc1,C13H17N3O3,36,C5H10N2O
CCCCC(C)CC(N(C(C)=O)c1ccc(O)cc1)C(C)(C)C,CC(=O)Nc1ccc(O)cc1,C20H33NO2,56,C12H26
C=C(N=COC)c1cc(O)ccc1NC(C)=O,CC(=O)Nc1ccc(O)cc1,C12H14N2O3,31,C4H7NO
C=CC1N=C2N3C4(Oc5ccc(NC(C)=O)cc5)N2C134,CC(=O)Nc1ccc(O)cc1,C14H12N4O2,32,C6H5N3
CCC(C)C(C)=CCc1cc(NC(C)=O)ccc1O,CC(=O)Nc1ccc(O)cc1,C16H23NO2,42,C8H16
CC(=O)Nc1ccc(O)c(N2C3=CC2ON3)c1,CC(=O)Nc1ccc(O)cc1,C11H11N3O3,28,C3H4N2O
CCC1C2NC(C1C(N)CO)C2N(C(C)=O)c1ccc(O)cc1,CC(=O)Nc1ccc(O)cc1,C17H25N3O3,48,C9H18N2O
O=C(C[SH]1(=O)CC12CCO2)Nc1ccc(O)cc1,CC(=O)Nc1ccc(O)cc1,C12H15NO4S,33,C4H8O2S
CC(=O)Nc1ccc(O)c(C2C3=C4OC25C2C3OC43C5N23)c1,CC(=O)Nc1ccc(O)cc1,C16H12N2O4,34,C8H5NO2
CC(=O)Nc1ccc(O)cc1C1C2=C(C)C3(CC3Cl)C21,CC(=O)Nc1ccc(O)cc1,C16H16ClNO2,36,C8H9Cl
CC(=O)Nc1ccc(O)cc1-c1ocnc1OC=N,CC(=O)Nc1ccc(O)cc1,C12H11N3O4,30,C4H4N2O2
O=C(CC1=CC(O)CC12OC1CC2O1)Nc1ccc(O)cc1,CC(=O)Nc1ccc(O)cc1,C16H17NO5,39,C8H10O3
C=C1C(Cc2cc(NC(C)=O)ccc2O)=C2OC(F)=C12,CC(=O)Nc1ccc(O)cc1,C15H12FNO3,32,C7H5FO
CC(=O)N(c1ccc(O)cc1)C12OC34C5CC1C1=CC6C1C3C62C54,CC(=O)Nc1ccc(O)cc1,C20H17NO3,41,C12H10O
CCC(C)Oc1cc(NC(C)=O)ccc1O,CC(=O)Nc1ccc(O)cc1,C12H17NO3,33,C4H10O
CC(=O)N(c1ccc(O)cc1)c1cccnc1,CC(=O)Nc1ccc(O)cc1,C13H12N2O2,29,C5H5N
CC(=O)N(C(=CN)NN)c1ccc(O)cc1,CC(=O)Nc1ccc(O)cc1,C10H14N4O2,30,C2H7N3
CC(=O)Nc1ccc(OC2CC3C=C2C=C3C)cc1,CC(=O)Nc1ccc(O)cc1,C16H17NO2,36,C8H10
CC(=O)Nc1ccc(O)cc1C1=C2C34C=CC56OC7CC5(C6C1)C3C274,CC(=O)Nc1ccc(O)cc1,C21H17NO3,42,C13H10O
CC(=O)N(OCCCC1CCN=CO1)c1ccc(O)cc1,CC(=O)Nc1ccc(O)cc1,C15H20N2O4,41,C7H13NO2
CC(=O)Nc1ccc(O)cc1C12C3N4CC15C(O)CCCCC1C35C142,CC(=O)Nc1ccc(O)cc1,C20H22N2O3,47,C12H15NO
CC(=O)Nc1ccc(O)cc1C12C=C3CC(C1)N3C2,CC(=O)Nc1ccc(O)cc1,C15H16N2O2,35,C7H9N
O=C(CC1CC2=COC3C1C3C1(CO1)C2)Nc1ccc(O)cc1,CC(=O)Nc1ccc(O)cc1,C18H19NO4,42,C10H12O2
CC(=O)Nc1ccc(O)cc1C1(N)NNC2C3=CCC1CC(O)C1C3C21,CC(=O)Nc1ccc(O)cc1,C19H24N4O3,50,C11H17N3O
O=C(CC1(CF)C2OC3=C4C(N34)C21F)Nc1ccc(O)cc1,CC(=O)Nc1ccc(O)cc1,C15H12F2N2O3,34,C7H5F2NO
CC(=O)N(c1ccc(O)cc1)C(F)(F)OF,CC(=O)Nc1ccc(O)cc1,C9H8F3NO3,24,CHF3O
CC(=O)Nc1ccc(O)c(C2(O)CNCC3CC2O3)c1,CC(=O)Nc1ccc(O)cc1,C14H18N2O4,38,C6H11NO2
CC(=O)N(C1=CCC23CC2C1C3O)c1ccc(O)cc1,CC(=O)Nc1ccc(O)cc1,C16H17NO3,37,C8H10O
CCCCC(NC)C(C)c1cc(NC(C)=O)ccc1O,CC(=O)Nc1ccc(O)cc1,C16H26N2O2,46,C8H19N
CCC1C2N=CC3CC=C4C2C4C(c2cc(NC(C)=O)ccc2O)C31O,CC(=O)Nc1ccc(O)cc1,C21H24N2O3,50,C13H17NO
CC(=O)Nc1ccc(O)cc1C1C2=CC2C2C(=O)c3[nH]n1c32,CC(=O)Nc1ccc(O)cc1,C16H13N3O3,35,C8H6N2O
CC(=O)Nc1ccc(O)c(N2C3NC=C4OCC4C32O)c1,CC(=O)Nc1ccc(O)cc1,C14H15N3O4,36,C6H8N2O2
CC(=O)N(c1ccc(O)cc1)C1CC23NC4C(C5=C1CN52)C43,CC(=O)Nc1ccc(O)cc1,C17H17N3O2,39,C9H10N2
CC(=O)Nc1ccc(O)c(C2C3CN4CC5C6=C3N6C524)c1,CC(=O)Nc1ccc(O)cc1,C16H15N3O2,36,C8H8N2
NC12C(O)C3C4C1C1C(CC(=O)Nc5ccc(O)cc5)C2C2=NC(C2)C134,CC(=O)Nc1ccc(O)cc1,C20H21N3O3,47,C12H14N2O
CC(=O)Nc1ccc(O)c(OCC2CC3c4on3c4N2N)c1,CC(=O)Nc1ccc(O)cc1,C14H16N4O4,38,C6H9N3O2
CC(=O)N(c1ccc(O)cc1)C12C3C14N=C1C(O)(CC(O)CCC132)NO4,CC(=O)Nc1ccc(O)cc1,C18H19N3O5,45,C10H12N2O3
CC(=O)Nc1ccc(OC2C34OC56OC23C23CC2C53N64)cc1,CC(=O)Nc1ccc(O)cc1,C16H12N2O4,34,C8H5NO2
O=C(CC1=Cn2[nH]n2C1)Nc1ccc(O)cc1,CC(=O)Nc1ccc(O)cc1,C11H12N4O2,29,C3H5N3
O=C(CNn1ccnc1)Nc1ccc(O)cc1,CC(=O)Nc1ccc(O)cc1,C11H12N4O2,29,C3H5N3
CC(=O)Nc1ccc(O)cc1C1CC(O)C2C(C)C(C)C3=CC312,CC(=O)Nc1ccc(O)cc1,C19H23NO3,46,C11H16O
CC(=O)N(c1ccc(O)cc1)C1OC23C=CC2C13,CC(=O)Nc1ccc(O)cc1,C14H13NO3,31,C6H6O
CC(=O)N(CC12CN=C1C1C(F)C12)c1ccc(O)cc1,CC(=O)Nc1ccc(O)cc1,C15H15FN2O2,35,C7H8FN
CC(=O)Nc1ccc(O)cc1C12C3CNOC14C1CCC25CC32OC24N15,CC(=O)Nc1ccc(O)cc1,C19H19N3O4,45,C11H12N2O2
CCCC(C)CCC1=C(Oc2ccc(NC(C)=O)cc2)C1,CC(=O)Nc1ccc(O)cc1,C18H25NO2,46,C10H18
CC(=O)Nc1ccc(O)c(C2C3C4CC5C6N7N5C37C426)c1,CC(=O)Nc1ccc(O)cc1,C16H15N3O2,36,C8H8N2
CC(=O)Nc1ccc(O)c(C23NON4C2COC2C5C6CC3(C65)C24)c1,CC(=O)Nc1ccc(O)cc1,C18H19N3O4,44,C10H12N2O2
CC(=O)Nc1ccc(O)c(ON(CC(O)C(C)C)C2(C)C=C2)c1,CC(=O)Nc1ccc(O)cc1,C17H24N2O4,47,C9H17NO2
CC(=O)Nc1ccc(O)c(N2C34CC56CC5C(O)C25C(CN3)C645)c1,CC(=O)Nc1ccc(O)cc1,C18H19N3O3,43,C10H12N2O
CC(=O)Nc1ccc(O)cc1OC1=C2C3C45NC=CN4C13C25,CC(=O)Nc1ccc(O)cc1,C16H13N3O3,35,C8H6N2O
CC(=O)Nc1ccc(O)c(C23NC(C=CO2)SC2OCOC23)c1,CC(=O)Nc1ccc(O)cc1,C15H16N2O5S,39,C7H9NO3S
CC(=O)Nc1ccc(O)c(CC2(N)C(O)OC3C4NC3C42)c1,CC(=O)Nc1ccc(O)cc1,C15H19N3O4,41,C7H12N2O2
CC(=O)Nc1ccc(O)cc1C1C2CCCCCC1CC2,CC(=O)Nc1ccc(O)cc1,C18H25NO2,46,C10H18
CC(=O)N(c1ccc(O)cc1)C12CC(O)C3CC45CC3C4(N1)C25,CC(=O)Nc1ccc(O)cc1,C18H20N2O3,43,C10H13NO
C=CN1C2CC3(O)C24CN4C13CC(=O)Nc1ccc(O)cc1,CC(=O)Nc1ccc(O)cc1,C16H17N3O3,39,C8H10N2O
CC(=O)Nc1ccc(O)c(OC2C=CC=C2)c1,CC(=O)Nc1ccc(O)cc1,C13H13NO3,30,C5H6O
COCCOc1cc(O)ccc1NC(C)=O,CC(=O)Nc1ccc(O)cc1,C11H15NO4,31,C3H8O2
CC(=O)Nc1ccc(O)c(C23C(Cl)C4CC45C2C53)c1,CC(=O)Nc1ccc(O)cc1,C15H14ClNO2,33,C7H7Cl
O=C(CN1C2=CC3C(=C2)OC31)Nc1ccc(O)cc1,CC(=O)Nc1ccc(O)cc1,C14H12N2O3,31,C6H5NO
O=C(COC1C2=NC3CC231)Nc1ccc(O)cc1,CC(=O)Nc1ccc(O)cc1,C13H12N2O3,30,C5H5NO
CC(=O)Nc1ccc(O)cc1C1C2CC34C(C5=CC513)C24O,CC(=O)Nc1ccc(O)cc1,C17H15NO3,36,C9H8O
CNC(C(CO)CC(=O)Nc1ccc(O)cc1)N(C)C1(O)C=C1,CC(=O)Nc1ccc(O)cc1,C16H23N3O4,46,C8H16N2O2
CC(=O)Nc1ccc(O)cc1C12CN(OCO)C3C4=C1C2C43,CC(=O)Nc1ccc(O)cc1,C16H16N2O4,38,C8H9NO2
O=C(CC12C3CC4C15NOC5N3C42O)Nc1ccc(O)cc1,CC(=O)Nc1ccc(O)cc1,C15H15N3O4,37,C7H8N2O2
C=CCC(C)C(C)(NC)c1cc(O)ccc1NC(C)=O,CC(=O)Nc1ccc(O)cc1,C16H24N2O2,44,C8H17N
CC(=O)Nc1ccc(O)cc1C12ON3CC1CC32,CC(=O)Nc1ccc(O)cc1,C13H14N2O3,32,C5H7NO
CC(=O)Nc1ccc(O)cc1C1C2=C3COC(C3C)C(OO2)C1C,CC(=O)Nc1ccc(O)cc1,C18H21NO5,45,C10H14O3
CC(=O)N(OC12CC3C4C(O)C(C)C1C=CC342)c1ccc(O)cc1,CC(=O)Nc1ccc(O)cc1,C19H21NO4,45,C11H14O2
CC(=O)Nc1ccc(OC2C3CC4CC5CC3C452)cc1,CC(=O)Nc1ccc(O)cc1,C17H19NO2,39,C9H12
CC(=O)Nc1ccc(O)cc1C1C2=CON(CC2)C1C,CC(=O)Nc1ccc(O)cc1,C15H18N2O3,38,C7H11NO
CC(=O)Nc1ccc(OC23CC4NC2N43)cc1,CC(=O)Nc1ccc(O)cc1,C12H13N3O2,30,C4H6N2
CC(=O)N(c1ccc(O)cc1)C12C3C=COC1C2C3=NF,CC(=O)Nc1ccc(O)cc1,C15H13FN2O3,34,C7H6FNO
CC(=O)Nc1ccc(O)cc1C1CC2CCCC2OC1(C)CNO,CC(=O)Nc1ccc(O)cc1,C18H26N2O4,50,C10H19NO2
CC(=O)Nc1ccc(O)c(C23CC4=C5C6NC2(C45)C63)c1,CC(=O)Nc1ccc(O)cc1,C16H14N2O2,34,C8H7N
C=CNCC(C)c1cc(NC(C)=O)ccc1O,CC(=O)Nc1ccc(O)cc1,C13H18N2O2,35,C5H11N
C=NCC=COCN(C(C)=O)c1ccc(O)cc1,CC(=O)Nc1ccc(O)cc1,C13H16N2O3,34,C5H9NO
CC(=O)Nc1ccc(O)c(C2(F)CC3=C4C(F)C(F)(O2)C34)c1,CC(=O)Nc1ccc(O)cc1,C15H12F3NO3,34,C7H5F3O
C=C(C)N1C2CC2CC12CCC2c1cc(O)ccc1NC(C)=O,CC(=O)Nc1ccc(O)cc1,C19H24N2O2,47,C11H17N
CC(=O)Nc1ccc(O)cc1C(C)ON1CC1,CC(=O)Nc1ccc(O)cc1,C12H16N2O3,33,C4H9NO
CCNC(c1cc(NC(C)=O)ccc1O)C(C)OC1CN1,CC(=O)Nc1ccc(O)cc1,C15H23N3O3,44,C7H16N2O
CC(=O)Nc1ccc(O)c(C23C4=COCC5C=C2C3C45)c1,CC(=O)Nc1ccc(O)cc1,C17H15NO3,36,C9H8O
CC(=O)Nc1ccc(O)cc1CC(CO)C1CCC1,CC(=O)Nc1ccc(O)cc1,C15H21NO3,40,C7H14O
CC(=O)N(c1ccc(O)cc1)C12OC13N(C)C(O)CC1N2C2=CC213,CC(=O)Nc1ccc(O)cc1,C17H17N3O4,41,C9H10N2O2
O=C(CC(Cl)C12C3C4C1C3C42Cl)Nc1ccc(O)cc1,CC(=O)Nc1ccc(O)cc1,C15H13Cl2NO2,33,C7H6Cl2
CC(=O)Nc1ccc(O)c(C23CCC4C(C2)C4C(C)C3)c1,CC(=O)Nc1ccc(O)cc1,C18H23NO2,44,C10H16
CC(=O)Nc1ccc(O)c(C2C(Br)C3=C(C=N)C32)c1,CC(=O)Nc1ccc(O)cc1,C14H13BrN2O2,32,C6H6BrN
CC(=O)Nc1ccc(O)c(C23C4C5C6C7CC74CC52ON63)c1,CC(=O)Nc1ccc(O)cc1,C17H16N2O3,38,C9H9NO
CCC1OCOC1c1cc(NC(C)=O)ccc1O,CC(=O)Nc1ccc(O)cc1,C13H17NO4,35,C5H10O2
CC(=O)Nc1ccc(OOCC(C)CO)cc1,CC(=O)Nc1ccc(O)cc1,C12H17NO4,34,C4H10O2
CC(=O)Nc1ccc(O)cc1C12N3CCOC4CC15C16NC3(O4)C1C625,CC(=O)Nc1ccc(O)cc1,C18H17N3O4,42,C10H10N2O2
CC(=O)Nc1ccc(O)cc1C1C2OCC34C(CO)C(CC23)C14,CC(=O)Nc1ccc(O)cc1,C18H21NO4,44,C10H14O2
CC(=O)Nc1ccc(O)c(C23C=C4OC5C(C2)ONC5C4C3)c1,CC(=O)Nc1ccc(O)cc1,C17H18N2O4,41,C9H11NO2
CC(=O)Nc1ccc(O)cc1C1CCCC1O,CC(=O)Nc1ccc(O)cc1,C13H17NO3,34,C5H10O
CC(=O)Nc1ccc(OC23C=C4C(C2)C2C5C26C4C536)cc1,CC(=O)Nc1ccc(O)cc1,C18H15NO2,36,C10H8
CC(=O)Nc1ccc(OC23N4NC5(C)OC26OC4C563)cc1,CC(=O)Nc1ccc(O)cc1,C14H13N3O4,34,C6H6N2O2
C=C(c1cc(NC(C)=O)ccc1O)C1OCO1,CC(=O)Nc1ccc(O)cc1,C12H13NO4,30,C4H6O2
COCOC=NCc1cc(NC(C)=O)ccc1O,CC(=O)Nc1ccc(O)cc1,C12H16N2O4,34,C4H9NO2
O=C(CC(=CO)CCO)Nc1ccc(O)cc1,CC(=O)Nc1ccc(O)cc1,C12H15NO4,32,C4H8O2
CCC(C)C(OC)c1cc(O)ccc1NC(C)=O,CC(=O)Nc1ccc(O)cc1,C14H21NO3,39,C6H14O
CC(=O)Nc1ccc(O)cc1C1(C)C2C(N)C(CNO)C21,CC(=O)Nc1ccc(O)cc1,C15H21N3O3,42,C7H14N2O
CC(=O)Nc1ccc(O)c(N(Br)C2(O)C3=C4C3C43CC32)c1,CC(=O)Nc1ccc(O)cc1,C15H13BrN2O3,34,C7H6BrNO
CC(=O)Nc1ccc(O)cc1C12C3C(O)C45N3CC(C)C43C(C13)N25,CC(=O)Nc1ccc(O)cc1,C18H19N3O3,43,C10H12N2O
O=C(CC12C=C1C2(Cl)CC=NCl)Nc1ccc(O)cc1,CC(=O)Nc1ccc(O)cc1,C14H12Cl2N2O2,32,C6H5Cl2N
CCCC(c1cc(O)ccc1NC(C)=O)C(C)C,CC(=O)Nc1ccc(O)cc1,C15H23NO2,41,C7H16
CC(=O)Nc1ccc(O)c(C2ONCNC23CC3)c1,CC(=O)Nc1ccc(O)cc1,C13H17N3O3,36,C5H10N2O
CC(=O)Nc1ccc(O)cc1C1NC2=NCC21S,CC(=O)Nc1ccc(O)cc1,C12H13N3O2S,31,C4H6N2S
C=CC(O)(CC)c1cc(O)ccc1NC(C)=O,CC(=O)Nc1ccc(O)cc1,C13H17NO3,34,C5H10O
CC(=O)N(c1ccc(O)cc1)C1(O)C2C3CCC(O)C4(C2N)C3C41,CC(=O)Nc1ccc(O)cc1,C18H22N2O4,46,C10H15NO2
CC(=O)Nc1ccc(O)c(C2CC3(F)C4C5C4C53O2)c1,CC(=O)Nc1ccc(O)cc1,C15H14FNO3,34,C7H7FO
CC(=O)Nc1ccc(O)cc1C12NC(COO)C(C)C3CC=C4C1CC432,CC(=O)Nc1ccc(O)cc1,C20H24N2O4,50,C12H17NO2
C=C(c1cc(O)ccc1NC(C)=O)C(C)CC(NC)NC,CC(=O)Nc1ccc(O)cc1,C16H25N3O2,46,C8H18N2
CCOC(=NSC)OCC(=O)Nc1ccc(O)cc1,CC(=O)Nc1ccc(O)cc1,C12H16N2O4S,35,C4H9NO2S
CC(=O)Nc1ccc(O)cc1C1CN2CC2CC1C,CC(=O)Nc1ccc(O)cc1,C15H20N2O2,39,C7H13N
O=C(CC12C3CC4ON(O)CC3C13C4C23)Nc1ccc(O)cc1,CC(=O)Nc1ccc(O)cc1,C17H18N2O4,41,C9H11NO2
CCCCCC(c1cc(NC(C)=O)ccc1O)C1CC1,CC(=O)Nc1ccc(O)cc1,C17H25NO2,45,C9H18
CNC=CN(O)Oc1ccc(NC(C)=O)cc1,CC(=O)Nc1ccc(O)cc1,C11H15N3O3,32,C3H8N2O
CCN(c1cc(NC(C)=O)ccc1O)C(OC)C1CN1,CC(=O)Nc1ccc(O)cc1,C14H21N3O3,41,C6H14N2O
CCC1(c2cc(O)ccc2NC(C)=O)CCOC(C)C1,CC(=O)Nc1ccc(O)cc1,C16H23NO3,43,C8H16O
CC(=O)Nc1ccc(O)cc1C12N=C(S)C1C1COCN1O2,CC(=O)Nc1ccc(O)cc1,C14H15N3O4S,37,C6H8N2O2S
C=CC12OC3C(c4cc(NC(C)=O)ccc4O)=C4C3C1OC42,CC(=O)Nc1ccc(O)cc1,C17H15NO4,37,C9H8O2
CC(=O)Nc1ccc(OC(F)(F)C(F)(F)F)cc1,CC(=O)Nc1ccc(O)cc1,C10H8F5NO2,26,C2HF5
CCC1C(O)CCC23C4OC(C42)C13c1cc(NC(C)=O)ccc1O,CC(=O)Nc1ccc(O)cc1,C19H23NO4,47,C11H16O2
CC(=O)Nc1ccc(OOC2NC34C5=NC26C5C2(C)CC35C2C645)cc1,CC(=O)Nc1ccc(O)cc1,C19H17N3O3,42,C11H10N2O
NC1C(CCC(=O)Nc2ccc(O)cc2)CC2CC21,CC(=O)Nc1ccc(O)cc1,C15H20N2O2,39,C7H13N
CC(=O)N(c1ccc(O)cc1)C12CN3N4C5CNC46C34C5(N1)C264,CC(=O)Nc1ccc(O)cc1,C16H15N5O2,38,C8H8N4
CC(=O)Nc1ccc(O)c(CC(C)N2C=C3C(C(C)C45CC4N5)C32)c1,CC(=O)Nc1ccc(O)cc1,C20H25N3O2,50,C12H18N2
CC(=O)Nc1ccc(On2n3cnn23)cc1,CC(=O)Nc1ccc(O)cc1,C9H9N5O2,25,CH2N4
C=CC1C(c2cc(NC(C)=O)ccc2O)C2C3NN1C32,CC(=O)Nc1ccc(O)cc1,C15H17N3O2,37,C7H10N2
COC12OC(c3cc(NC(C)=O)ccc3O)C3C4=C1C15CC31C42O5,CC(=O)Nc1ccc(O)cc1,C18H15NO5,39,C10H8O3
CC(=O)Nc1ccc(OC2CC3C4=C5C3CC45C2O)cc1,CC(=O)Nc1ccc(O)cc1,C17H17NO3,38,C9H10O
CCC(O)C1C2CC3(CC(=O)Nc4ccc(O)cc4)CC=CC213,CC(=O)Nc1ccc(O)cc1,C19H23NO3,46,C11H16O
CC(=O)Nc1ccc(O)c(C2COC3CC45OC26OC2C3CC4N2N56)c1,CC(=O)Nc1ccc(O)cc1,C18H19N3O5,45,C10H12N2O3
CC(=O)Nc1ccc(O)c(CC(C)CCNO)c1,CC(=O)Nc1ccc(O)cc1,C13H20N2O3,38,C5H13NO
COC12OC3C4C3C13C4C31C(c3cc(O)ccc3NC(C)=O)CC21,CC(=O)Nc1ccc(O)cc1,C19H19NO4,43,C11H12O2
O=C(CC1C2CC(NO)CC12)Nc1ccc(O)cc1,CC(=O)Nc1ccc(O)cc1,C14H18N2O3,37,C6H11NO
CC(=O)Nc1ccc(O)cc1C1=C2C=CC(O)C2C1Cl,CC(=O)Nc1ccc(O)cc1,C15H14ClNO3,34,C7H7ClO
CC(=O)Nc1ccc(O)c(C(F)(F)C23C=C4OC2C4C3F)c1,CC(=O)Nc1ccc(O)cc1,C15H12F3NO3,34,C7H5F3O
C=C1CC2OC3=C(C1CC(=O)Nc1ccc(O)cc1)C32,CC(=O)Nc1ccc(O)cc1,C16H15NO3,35,C8H8O
CC(=O)Nc1ccc(O)c(N2C3CCC45C6(N)C7=C(O3)C6C43C7C235)c1,CC(=O)Nc1ccc(O)cc1,C19H17N3O3,42,C11H10N2O
CC(=O)N(C1=NC23C4C25COC5(C)C143)c1ccc(O)cc1,CC(=O)Nc1ccc(O)cc1,C16H14N2O3,35,C8H7NO
CC(=O)Nc1ccc(OCCNC2CCC2CO)cc1,CC(=O)Nc1ccc(O)cc1,C15H22N2O3,42,C7H15NO
CC(=O)Nc1ccc(O)c(C=C2C=C2C=CF)c1,CC(=O)Nc1ccc(O)cc1,C14H12FNO2,30,C6H5F
CC(=O)Nc1ccc(O)c(C2C3C4(F)OC5=CC4C523)c1,CC(=O)Nc1ccc(O)cc1,C15H12FNO3,32,C7H5FO
O=C(CC1(C(F)Cl)C2C3=CC321)Nc1ccc(O)cc1,CC(=O)Nc1ccc(O)cc1,C14H11ClFNO2,30,C6H4ClF
CC(=O)Nc1ccc(O)cc1C(O)C(C)C,CC(=O)Nc1ccc(O)cc1,C12H17NO3,33,C4H10O
O=C(CC1N2C3C4N3C43C4OC15C4C253)Nc1ccc(O)cc1,CC(=O)Nc1ccc(O)cc1,C16H13N3O3,35,C8H6N2O
CC(=O)Nc1ccc(O)cc1C1C23C=C=NOC4(CC14O2)O3,CC(=O)Nc1ccc(O)cc1,C15H12N2O5,34,C7H5NO3
CC(=O)Nc1ccc(O)cc1C1CC2C1C=CN2N,CC(=O)Nc1ccc(O)cc1,C14H17N3O2,36,C6H10N2
CC(=O)Nc1ccc(O)c(C2C3COC24NC25N6C3C23C6C42C(N)C235)c1,CC(=O)Nc1ccc(O)cc1,C19H18N4O3,44,C11H11N3O
CC(=O)Nc1ccc(O)c(C23OCOC4C=CNCCC2C43)c1,CC(=O)Nc1ccc(O)cc1,C17H20N2O4,43,C9H13NO2
CC(=O)Nc1ccc(O)c(C=C2CNC(C)CCCCC2ON)c1,CC(=O)Nc1ccc(O)cc1,C18H27N3O3,51,C10H20N2O
CC(=O)Nc1ccc(O)cc1OC12CNC3=C4OCC(C1)C34C2,CC(=O)Nc1ccc(O)cc1,C17H18N2O4,41,C9H11NO2
CC(=O)Nc1ccc(O)cc1C1C(N)C2CN2C1CO,CC(=O)Nc1ccc(O)cc1,C14H19N3O3,39,C6H12N2O
CC(=O)Nc1ccc(O)cc1C1=CNC23CC4(F)OC4C2C13,CC(=O)Nc1ccc(O)cc1,C16H15FN2O3,37,C8H8FNO
COCCC(O)c1cc(O)ccc1NC(C)=O,CC(=O)Nc1ccc(O)cc1,C12H17NO4,34,C4H10O2
CC(=O)N(c1ccc(O)cc1)C1(C(O)(F)F)C2=CC3C24N(F)CC341,CC(=O)Nc1ccc(O)cc1,C16H13F3N2O3,37,C8H6F3NO
CC(=O)N(c1ccc(O)cc1)N1OCC(O)(O)C2C3CC4(CC24)C12OC32,CC(=O)Nc1ccc(O)cc1,C18H20N2O6,46,C10H13NO4
CC(=O)N(c1ccc(O)cc1)N1C(N)(O)C2C3C4C5=CCC1(O)C51C2C431,CC(=O)Nc1ccc(O)cc1,C19H19N3O4,45,C11H12N2O2
CC(=O)Nc1ccc(O)c(C=C2CN=CO2)c1,CC(=O)Nc1ccc(O)cc1,C12H12N2O3,29,C4H5NO
CC(=O)Nc1ccc(O)c(-c2ncc3cc2C=C3)c1,CC(=O)Nc1ccc(O)cc1,C15H12N2O2,31,C7H5N
CC(=O)Nc1ccc(OOCC(O)CC2NC3COC32C)cc1,CC(=O)Nc1ccc(O)cc1,C16H22N2O5,45,C8H15NO3
CNCCCC1CC=C1c1cc(NC(C)=O)ccc1O,CC(=O)Nc1ccc(O)cc1,C16H22N2O2,42,C8H15N
CC(=O)Nc1ccc(O)c(C23CCCC2O3)c1,CC(=O)Nc1ccc(O)cc1,C13H15NO3,32,C5H8O
CC(=O)Nc1ccc(O)c(C23C4CC2C3C2COC24)c1,CC(=O)Nc1ccc(O)cc1,C16H17NO3,37,C8H10O
CC(=O)Nc1ccc(O)cc1C(O)C(CN)CC1NC2CC2CO1,CC(=O)Nc1ccc(O)cc1,C17H25N3O4,49,C9H18N2O2
CC(=O)Nc1ccc(OC(N)C2CC3CC3C2)cc1,CC(=O)Nc1ccc(O)cc1,C15H20N2O2,39,C7H13N
CNC1CN2C#CC3(N(C(C)=O)c4ccc(O)cc4)C14OC243,CC(=O)Nc1ccc(O)cc1,C16H15N3O3,37,C8H8N2O
CC(=O)Nc1ccc(O)cc1C1C2C3CN4CN2C314,CC(=O)Nc1ccc(O)cc1,C14H15N3O2,34,C6H8N2
CC(=O)Nc1ccc(O)c(C(C)C2(Cl)C3=CC24CC34)c1,CC(=O)Nc1ccc(O)cc1,C16H16ClNO2,36,C8H9Cl
CC(=O)Nc1ccc(O)c(SC23NNC4C=C2C3C4(O)O)c1,CC(=O)Nc1ccc(O)cc1,C14H15N3O4S,37,C6H8N2O2S
CC(=O)Nc1ccc(O)cc1C12CC3=CC(C1)OC32,CC(=O)Nc1ccc(O)cc1,C15H15NO3,34,C7H8O
CC(=O)Nc1ccc(O[SH2]23CC=CC(O2)O3)cc1,CC(=O)Nc1ccc(O)cc1,C12H15NO4S,33,C4H8O2S
CC(=O)Nc1ccc(O)c(C(C(C)N)C(C)N)c1,CC(=O)Nc1ccc(O)cc1,C13H21N3O2,39,C5H14N2
COCC(O)(C(O)=Cc1cc(NC(C)=O)ccc1O)C(O)O,CC(=O)Nc1ccc(O)cc1,C14H19NO7,41,C6H12O5
CC(=O)Nc1ccc(O)c(C2(F)CC#CC3C(F)C32F)c1,CC(=O)Nc1ccc(O)cc1,C15H12F3NO2,33,C7H5F3
CC(=O)Nc1ccc(O)c(C2C3C4C5OOC6(O)CC2(C)C56C34)c1,CC(=O)Nc1ccc(O)cc1,C18H19NO5,43,C10H12O3
CC(=O)N(c1ccc(O)cc1)C12COCC(C1)C(O)N2O,CC(=O)Nc1ccc(O)cc1,C14H18N2O5,39,C6H11NO3
CC(=O)N(c1ccc(O)cc1)C12CC3(NC31)O2,CC(=O)Nc1ccc(O)cc1,C12H12N2O3,29,C4H5NO
CC(=O)N(c1ccc(O)cc1)C12C#CC1(Cl)C(Cl)C2,CC(=O)Nc1ccc(O)cc1,C14H11Cl2NO2,30,C6H4Cl2
CC(=O)Nc1ccc(O)c(C23C4C(S)N5C4N2OC53)c1,CC(=O)Nc1ccc(O)cc1,C13H13N3O3S,33,C5H6N2OS
CC1(F)C2(F)C3C24N=C(OCC(=O)Nc2ccc(O)cc2)C314,CC(=O)Nc1ccc(O)cc1,C15H12F2N2O3,34,C7H5F2NO
CC(=O)Nc1ccc(O)c(C23C4=C5C6C2C(N)(O)C(CCOC563)OO4)c1,CC(=O)Nc1ccc(O)cc1,C18H18N2O6,44,C10H11NO4
CC(=O)Nc1ccc(O)c(C2C3C24CC32C3(OC(C)O)CC432)c1,CC(=O)Nc1ccc(O)cc1,C18H19NO4,42,C10H12O2
CC(=O)Nc1ccc(O)c(C23OC2C2(O)N(C)C=C4C3N42)c1,CC(=O)Nc1ccc(O)cc1,C15H15N3O4,37,C7H8N2O2
CC(=O)Nc1ccc(O)cc1C(C)NC1(C)CC(C)CN1,CC(=O)Nc1ccc(O)cc1,C16H25N3O2,46,C8H18N2
C#CC1C2C(NC)ON3C(c4cc(NC(C)=O)ccc4O)C123,CC(=O)Nc1ccc(O)cc1,C16H17N3O3,39,C8H10N2O
CC(=O)Nc1ccc(OC23CC4C5NC42OC(C)CCC53)cc1,CC(=O)Nc1ccc(O)cc1,C18H22N2O3,45,C10H15NO
CC(=O)Nc1ccc(O)cc1OC1(O)CC23C45C1C21C42C5C321,CC(=O)Nc1ccc(O)cc1,C17H13NO4,35,C9H6O2
CC(=O)Nc1ccc(O)cc1C1C2C34CN5C(=C53)OC124,CC(=O)Nc1ccc(O)cc1,C15H12N2O3,32,C7H5NO
CC(=O)Nc1ccc(O)cc1COC1(O)CCC1C,CC(=O)Nc1ccc(O)cc1,C14H19NO4,38,C6H12O2
COC=COCOc1ccc(NC(C)=O)cc1,CC(=O)Nc1ccc(O)cc1,C12H15NO4,32,C4H8O2
CC(=O)N(c1ccc(O)cc1)c1ncn2c3n(c12)CC=3,CC(=O)Nc1ccc(O)cc1,C14H12N4O2,32,C6H5N3
CC(=O)Nc1ccc(OC2(O)C=C3C4CC4C3C2)cc1,CC(=O)Nc1ccc(O)cc1,C16H17NO3,37,C8H10O
CC(=O)Nc1ccc(O)c(NC2CC3C(CO)C23)c1,CC(=O)Nc1ccc(O)cc1,C14H18N2O3,37,C6H11NO
C=C1CCCCONCCC1Oc1ccc(NC(C)=O)cc1,CC(=O)Nc1ccc(O)cc1,C17H24N2O3,46,C9H17NO
CC(=O)N(c1ccc(O)cc1)C1(O)C2(CCC2O)N2C34OC3C241,CC(=O)Nc1ccc(O)cc1,C16H16N2O5,39,C8H9NO3
CC(=O)Nc1ccc(O)c(C2C34OCNC56NC5C(C6CO3)C24C)c1,CC(=O)Nc1ccc(O)cc1,C18H21N3O4,46,C10H14N2O2
CC(=O)Nc1ccc(O)cc1C1=CC=NCO1,CC(=O)Nc1ccc(O)cc1,C12H12N2O3,29,C4H5NO
CC(=O)Nc1ccc(O)cc1C12C3CC4CC#CC56C3C1(C4)C5C62,CC(=O)Nc1ccc(O)cc1,C21H19NO2,43,C13H12
O=C(CC1CNCC23SC14C(C(O)C2O)C34)Nc1ccc(O)cc1,CC(=O)Nc1ccc(O)cc1,C17H20N2O4S,44,C9H13NO2S
CC(=O)N(c1ccc(O)cc1)C12C3C4C56C7C8C1(C)COC41C87C5N2C361,CC(=O)Nc1ccc(O)cc1,C21H18N2O3,44,C13H11NO
CC(=O)Nc1ccc(O)cc1N1CC23OCC45C2N4C#CC3N5CCO1,CC(=O)Nc1ccc(O)cc1,C18H18N4O4,44,C10H11N3O2
C=NC1=C2C3CC(Cc4cc(NC(C)=O)ccc4O)C123,CC(=O)Nc1ccc(O)cc1,C16H16N2O2,36,C8H9N
CC1=C2CC3C(O)C(CC(=O)Nc4ccc(O)cc4)(C1)C14CC23C1CN4,CC(=O)Nc1ccc(O)cc1,C21H24N2O3,50,C13H17NO
CC(=O)Nc1ccc(O)c(C2=C3C=NC(S)(C2)C32C=N2)c1,CC(=O)Nc1ccc(O)cc1,C15H13N3O2S,34,C7H6N2S
CC(=O)Nc1ccc(O)c(C23CC45C=C2N4C3=CC5)c1,CC(=O)Nc1ccc(O)cc1,C16H14N2O2,34,C8H7N
CC(=O)Nc1ccc(O)c(C2CCN=CCCO2)c1,CC(=O)Nc1ccc(O)cc1,C14H18N2O3,37,C6H11NO
CC(=O)Nc1ccc(O)c(C23C4N2OC3C23C5C=C5CC25C3N45)c1,CC(=O)Nc1ccc(O)cc1,C18H15N3O3,39,C10H8N2O
CC(=O)N(c1ccc(O)cc1)C12CCC(CO1)NCON2,CC(=O)Nc1ccc(O)cc1,C14H19N3O4,40,C6H12N2O2
CC(=O)Nc1ccc(O)c(C23C4=C2C2OC(CN)C(C(C)C43)C2(N)O)c1,CC(=O)Nc1ccc(O)cc1,C19H23N3O4,49,C11H16N2O2
CC1C2C=C3CC2CC3C1CCC(=O)Nc1ccc(O)cc1,CC(=O)Nc1ccc(O)cc1,C19H23NO2,45,C11H16
CC(=O)Nc1ccc(OC=Cc2ncco2)cc1,CC(=O)Nc1ccc(O)cc1,C13H12N2O3,30,C5H5NO
O=C(CC1C2C3N4C56CN2C2C34C25OC16)Nc1ccc(O)cc1,CC(=O)Nc1ccc(O)cc1,C17H15N3O3,38,C9H8N2O
CC(=O)Nc1ccc(ON2C3=CC3C3CC4CN(C)C32C4F)cc1,CC(=O)Nc1ccc(O)cc1,C18H20FN3O2,44,C10H13FN2
CC12CCC3CC4(CC(=O)Nc5ccc(O)cc5)C5C(C5N14)C32,CC(=O)Nc1ccc(O)cc1,C19H22N2O2,45,C11H15N
CC(=O)Nc1ccc(O)c(C2C3C4=CCN(CCN4)C32)c1,CC(=O)Nc1ccc(O)cc1,C16H19N3O2,40,C8H12N2
CC(=O)Nc1ccc(O)cc1C12C3C4C5C6NCOC(N31)C54C62,CC(=O)Nc1ccc(O)cc1,C17H17N3O3,40,C9H10N2O
CC(=O)Nc1ccc(O)c(CC2CCC(C)CC2)c1,CC(=O)Nc1ccc(O)cc1,C16H23NO2,42,C8H16
CC(=O)Nc1ccc(O)c(C2(F)C3=C4C2C43CF)c1,CC(=O)Nc1ccc(O)cc1,C14H11F2NO2,30,C6H4F2
CC(=O)Nc1ccc(O)c(OCN=C2CCNC=CCO2)c1,CC(=O)Nc1ccc(O)cc1,C15H19N3O4,41,C7H12N2O2
CC(=O)Nc1ccc(O)c(C23C4C5CC26CC2C67C5C7C243)c1,CC(=O)Nc1ccc(O)cc1,C19H17NO2,39,C11H10
CC(=O)Nc1ccc(O)cc1C(O)C12C3C4=COC3C3(O)C1CN(C4)C32,CC(=O)Nc1ccc(O)cc1,C19H20N2O5,46,C11H13NO3
CC(=O)Nc1ccc(O)c(C2C(ON)C34C2C3N4C)c1,CC(=O)Nc1ccc(O)cc1,C14H17N3O3,37,C6H10N2O
CC(=O)Nc1ccc(OC2CC(CN)C=C3CN32)cc1,CC(=O)Nc1ccc(O)cc1,C15H19N3O2,39,C7H12N2
CC(=O)N(c1ccc(O)cc1)C12CC3C4OC56C(O1)C1C(N52)C12C(C46)N32,CC(=O)Nc1ccc(O)cc1,C19H17N3O4,43,C11H10N2O2
CC(O)CC1CCNCC(CC(=O)Nc2ccc(O)cc2)C1,CC(=O)Nc1ccc(O)cc1,C17H26N2O3,48,C9H19NO
CC(=O)Nc1ccc(O)c(C2=C3OC4C5=CN3C(C5)C3NC243)c1,CC(=O)Nc1ccc(O)cc1,C17H15N3O3,38,C9H8N2O
CC(=O)Nc1ccc(O)cc1C1C2C3C45CN2C42CN4N6C5C16OC342,CC(=O)Nc1ccc(O)cc1,C18H16N4O3,41,C10H9N3O
O=C(COCOOC(C1=CC1)C1C2OC3=C2C31)Nc1ccc(O)cc1,CC(=O)Nc1ccc(O)cc1,C18H17NO6,42,C10H10O4
CC(=O)Nc1ccc(O)c(N(O)SCO)c1,CC(=O)Nc1ccc(O)cc1,C9H12N2O4S,28,CH5NO2S
CC(=O)N(c1ccc(O)cc1)N1C2C=CN21,CC(=O)Nc1ccc(O)cc1,C11H11N3O2,27,C3H4N2
O=C(CC12C=C=C1C(Cl)C2Cl)Nc1ccc(O)cc1,CC(=O)Nc1ccc(O)cc1,C14H11Cl2NO2,30,C6H4Cl2
CC(=O)Nc1ccc(O)cc1C12CC34CC3(O1)N(N4)O2,CC(=O)Nc1ccc(O)cc1,C13H13N3O4,33,C5H6N2O2
CC(=O)Nc1ccc(O)cc1C12C3OC4CC5NC36C3N1C32N6C54,CC(=O)Nc1ccc(O)cc1,C17H16N4O3,40,C9H9N3O
O=C(CC12OC3C4C1OC34CCS2)Nc1ccc(O)cc1,CC(=O)Nc1ccc(O)cc1,C15H15NO4S,36,C7H8O2S
CC(N)CC(CC(=O)Nc1ccc(O)cc1)C(C)C,CC(=O)Nc1ccc(O)cc1,C15H24N2O2,43,C7H17N
CC(=O)Nc1ccc(O)cc1C1C(O)CC2(N)OC3=C4C35N1OC425,CC(=O)Nc1ccc(O)cc1,C16H15N3O5,39,C8H8N2O3
CCOC1=C2C=S3(=Cc4cc(NC(C)=O)ccc4O3)C2O1,CC(=O)Nc1ccc(O)cc1,C15H15NO4S,36,C7H8O2S
CC(=O)Nc1ccc(OC2C3C=CC4CCCC4(CC2(O)O)N3)cc1,CC(=O)Nc1ccc(O)cc1,C19H24N2O4,49,C11H17NO2
CC(=O)Nc1ccc(O)c(C2=[SH]3=C4C(C)C243)c1,CC(=O)Nc1ccc(O)cc1,C13H13NO2S,30,C5H6S
CC(=O)Nc1ccc(O)c(C(C)C2COC=COC2)c1,CC(=O)Nc1ccc(O)cc1,C15H19NO4,39,C7H12O2
C=CCC1(N(C(=C)O)c2cc(O)ccc2NC(C)=O)CC1=N,CC(=O)Nc1ccc(O)cc1,C16H19N3O3,41,C8H12N2O
C=C1C2C=CC12N(C(C)=O)c1ccc(O)cc1,CC(=O)Nc1ccc(O)cc1,C14H13NO2,30,C6H6
CC(=O)Nc1ccc(O)cc1C(=O)C(C)C=CN,CC(=O)Nc1ccc(O)cc1,C13H16N2O3,34,C5H9NO
CC(=O)Nc1ccc(O)c(OC23CC45CC2C4=CC5(C)OC3(N)O)c1,CC(=O)Nc1ccc(O)cc1,C18H20N2O5,45,C10H13NO3
CC(=O)Nc1ccc(O)cc1C12C3CC4C5OC1(C4O3)C52,CC(=O)Nc1ccc(O)cc1,C16H15NO4,36,C8H8O2
CC(=O)Nc1ccc(O)c(C2C3C45C6CC78C6C4(CN75)C238)c1,CC(=O)Nc1ccc(O)cc1,C18H16N2O2,38,C10H9N
CC(=O)Nc1ccc(O)cc1C12C3C4C3C13C1=CN(ON)C4(N)C1C32,CC(=O)Nc1ccc(O)cc1,C18H18N4O3,43,C10H11N3O
CNCCCC1(CN(C(C)=O)c2ccc(O)cc2)CNC1,CC(=O)Nc1ccc(O)cc1,C16H25N3O2,46,C8H18N2
CNC12C3ON1C32Oc1ccc(NC(C)=O)cc1,CC(=O)Nc1ccc(O)cc1,C12H13N3O3,31,C4H6N2O
C=C(c1cc(NC(C)=O)ccc1O)C(C)CC,CC(=O)Nc1ccc(O)cc1,C14H19NO2,36,C6H12
CC(=O)Nc1ccc(OOC23C=C=C4C25C2C(CO)(CNCC3)C425)cc1,CC(=O)Nc1ccc(O)cc1,C20H20N2O4,46,C12H13NO2
CCCC1=NC2=CC3OC(C(OCC(=O)Nc4ccc(O)cc4)O1)C23,CC(=O)Nc1ccc(O)cc1,C18H20N2O5,45,C10H13NO3
CC(=O)Nc1ccc(OC(C)C(C)O)cc1,CC(=O)Nc1ccc(O)cc1,C12H17NO3,33,C4H10O
CC(=O)N(c1ccc(O)cc1)N1C2C3C45OC46C1C5C236,CC(=O)Nc1ccc(O)cc1,C15H12N2O3,32,C7H5NO
CC(=O)Nc1ccc(O)c(C2C3CC4C5C(O)C35N42)c1,CC(=O)Nc1ccc(O)cc1,C15H16N2O3,36,C7H9NO
CC(=O)Nc1ccc(O)cc1C12C3=CNOC14OCC342,CC(=O)Nc1ccc(O)cc1,C14H12N2O4,32,C6H5NO2
CC(=O)Nc1ccc(O)c(C23C4=C5C(Cl)OC2C(Cl)C543)c1,CC(=O)Nc1ccc(O)cc1,C15H11Cl2NO3,32,C7H4Cl2O
CCC(C)(CC(C)C)Oc1ccc(NC(C)=O)cc1,CC(=O)Nc1ccc(O)cc1,C16H25NO2,44,C8H18
CC(=O)Nc1ccc(O)c(C2C3C4N(O)C234)c1,CC(=O)Nc1ccc(O)cc1,C12H12N2O3,29,C4H5NO
CC(=O)Nc1ccc(O)cc1C1(C)C2CC(C)CC1C2,CC(=O)Nc1ccc(O)cc1,C17H23NO2,43,C9H16
O=C(CC1ON2CC3C1C32)Nc1ccc(O)cc1,CC(=O)Nc1ccc(O)cc1,C13H14N2O3,32,C5H7NO
CC(=O)Nc1ccc(O)c(OC2N=[SH3]OC=C(C)O2)c1,CC(=O)Nc1ccc(O)cc1,C12H16N2O5S,36,C4H9NO3S
CC(=O)Nc1ccc(O)cc1C12C=C3C4C5CC46C5(C1)C326,CC(=O)Nc1ccc(O)cc1,C18H15NO2,36,C10H8
CNCC1(C(CC(=O)Nc2ccc(O)cc2)OO)CC1,CC(=O)Nc1ccc(O)cc1,C14H20N2O4,40,C6H13NO2
CC(=O)N(c1ccc(O)cc1)C12C3C4C35CCC3OC41CN3N52,CC(=O)Nc1ccc(O)cc1,C17H17N3O3,40,C9H10N2O
CC(=O)Nc1ccc(OC2C3CC4C5C6N4C2(C)C2=CC24C5C64O3)cc1,CC(=O)Nc1ccc(O)cc1,C21H20N2O3,46,C13H13NO
CC(=O)Nc1ccc(O)cc1C1C2C3=C4SC41C31CN21,CC(=O)Nc1ccc(O)cc1,C15H12N2O2S,32,C7H5NS
CC(=O)Nc1ccc(O)cc1C12C3CC1C1C45OC12N4C35,CC(=O)Nc1ccc(O)cc1,C16H14N2O3,35,C8H7NO
CC(=O)Nc1ccc(OC23CC4CC5(C2)N4N35)cc1,CC(=O)Nc1ccc(O)cc1,C14H15N3O2,34,C6H8N2
CC(=O)Nc1ccc(O)cc1C1C(C)CC(C)NC1C,CC(=O)Nc1ccc(O)cc1,C16H24N2O2,44,C8H17N
CC(=O)Nc1ccc(O)c(N=CCCO)c1,CC(=O)Nc1ccc(O)cc1,C11H14N2O3,30,C3H7NO
O=C(CNC12OC3SC4(OCC=CC4C31)O2)Nc1ccc(O)cc1,CC(=O)Nc1ccc(O)cc1,C16H16N2O5S,40,C8H9NO3S
CC(=O)Nc1ccc(O)c(C2=CC3(N)C45CC4OC4C5C243)c1,CC(=O)Nc1ccc(O)cc1,C17H16N2O3,38,C9H9NO
O=C(CC1(O)C2C=CCC13C=CC1NC2C1C3)Nc1ccc(O)cc1,CC(=O)Nc1ccc(O)cc1,C20H22N2O3,47,C12H15NO
CC(=O)N(c1ccc(O)cc1)C12CC13OOC=CC2CS3,CC(=O)Nc1ccc(O)cc1,C15H15NO4S,36,C7H8O2S
C=C1C2N(C)C3C4N2COCC3(N(C(C)=O)c2ccc(O)cc2)N14,CC(=O)Nc1ccc(O)cc1,C17H20N4O3,44,C9H13N3O
CC(=O)Nc1ccc(O)c(N(C)C23C(C)CCCOC2C2=CC23)c1,CC(=O)Nc1ccc(O)cc1,C19H24N2O3,48,C11H17NO
CC(=O)N(c1ccc(O)cc1)N1C2(S)ON3C4C3C412,CC(=O)Nc1ccc(O)cc1,C12H11N3O3S,30,C4H4N2OS
CC(=O)Nc1ccc(OC23N=C4C5CC56N(NN26)N43)cc1,CC(=O)Nc1ccc(O)cc1,C13H12N6O2,33,C5H5N5
CC(=O)Nc1ccc(O)c(C23OC4=[SH3]C25C(=CC(N)C43)C5CO)c1,CC(=O)Nc1ccc(O)cc1,C17H20N2O4S,44,C9H13NO2S
CC(=O)Nc1ccc(O)c(C2CCOOC3C(C)C23)c1,CC(=O)Nc1ccc(O)cc1,C15H19NO4,39,C7H12O2
CC(=O)Nc1ccc(O)c(C2C3=C4C3CC42Cl)c1,CC(=O)Nc1ccc(O)cc1,C14H12ClNO2,30,C6H5Cl
CC(=O)Nc1ccc(O)cc1NC12C3=C4C5=C1N2C(CC43)N5,CC(=O)Nc1ccc(O)cc1,C16H14N4O2,36,C8H7N3
CC(=O)Nc1ccc(OC23OC2CC3CO)cc1,CC(=O)Nc1ccc(O)cc1,C13H15NO4,33,C5H8O2
CCCN(ON)C(C)C1C2CC1(c1cc(NC(C)=O)ccc1O)C2,CC(=O)Nc1ccc(O)cc1,C18H27N3O3,51,C10H20N2O
CC(=O)Nc1ccc(O)c(N=C(C)C=C2CNCOC2=N)c1,CC(=O)Nc1ccc(O)cc1,C15H18N4O3,40,C7H11N3O
CC(=O)Nc1ccc(O)cc1OC12OC34OC5C1C1CCC6(C(C13)N56)C24,CC(=O)Nc1ccc(O)cc1,C19H18N2O5,44,C11H11NO3
CC(=O)Nc1ccc(O)cc1OC1CCCC(C)C1C,CC(=O)Nc1ccc(O)cc1,C16H23NO3,43,C8H16O
CC(=O)Nc1ccc(O)c(C2=CC34OC3OC23CCC4N3)c1,CC(=O)Nc1ccc(O)cc1,C16H16N2O4,38,C8H9NO2
CC(=O)Nc1ccc(O)cc1OCCC(C)C,CC(=O)Nc1ccc(O)cc1,C13H19NO3,36,C5H12O
CC(=O)Nc1ccc(O)cc1C1=CC23C4CC2C2=C(N4)C123,CC(=O)Nc1ccc(O)cc1,C17H14N2O2,35,C9H7N
CC(=O)Nc1ccc(O)cc1N(N)CC1CC(C)C1CO,CC(=O)Nc1ccc(O)cc1,C15H23N3O3,44,C7H16N2O
O=C(Cc1cnc2ncccn12)Nc1ccc(O)cc1,CC(=O)Nc1ccc(O)cc1,C14H12N4O2,32,C6H5N3
CC(=O)Nc1ccc(O)cc1C1COC2C3CC24NC4N(COC3=O)S1,CC(=O)Nc1ccc(O)cc1,C17H19N3O5S,45,C9H12N2O3S
CC(=O)Nc1ccc(O)c(COCNCC=N)c1,CC(=O)Nc1ccc(O)cc1,C12H17N3O3,35,C4H10N2O
CC(=O)Nc1ccc(O)c(C2CC=C(C)CCC2C)c1,CC(=O)Nc1ccc(O)cc1,C17H23NO2,43,C9H16
CC(=O)Nc1ccc(O)c(C2=C3C=C4CNOC(CSC42)C3)c1,CC(=O)Nc1ccc(O)cc1,C17H18N2O3S,41,C9H11NOS
CC(=O)N(c1ccc(O)cc1)C12SC3C(C)C(O)OC1=CNC21CC31,CC(=O)Nc1ccc(O)cc1,C18H20N2O4S,45,C10H13NO2S
CC(=O)Nc1ccc(O)cc1N1C2CN2C2C34OOC1C21C3=CC41,CC(=O)Nc1ccc(O)cc1,C17H15N3O4,39,C9H8N2O2
CC(=O)N(c1ccc(O)cc1)C1OCOO1,CC(=O)Nc1ccc(O)cc1,C10H11NO5,27,C2H4O3
CC(CCO)NCC(=O)Nc1ccc(O)cc1,CC(=O)Nc1ccc(O)cc1,C12H18N2O3,35,C4H11NO
CC(=O)Nc1ccc(OC23C4C5=C(O)C26C2CC4C(C5)C3(O)N26)cc1,CC(=O)Nc1ccc(O)cc1,C19H18N2O4,43,C11H11NO2
CC(=O)Nc1ccc(O)c(C23CN4CC2C3(OC=N)O4)c1,CC(=O)Nc1ccc(O)cc1,C14H15N3O4,36,C6H8N2O2
CC(CN)N=NCC(=O)Nc1ccc(O)cc1,CC(=O)Nc1ccc(O)cc1,C11H16N4O2,33,C3H9N3
CCCCC1CC1c1cc(NC(C)=O)ccc1O,CC(=O)Nc1ccc(O)cc1,C15H21NO2,39,C7H14
CC(=O)Nc1ccc(O)c(N(N)CC2N=CCC34OC2C2C3C24)c1,CC(=O)Nc1ccc(O)cc1,C17H20N4O3,44,C9H13N3O
CCNC1(Oc2ccc(NC(C)=O)cc2)CC2CC21,CC(=O)Nc1ccc(O)cc1,C15H20N2O2,39,C7H13N
C=C1OC23C(C)C2CCC1C3c1cc(O)ccc1NC(C)=O,CC(=O)Nc1ccc(O)cc1,C18H21NO3,43,C10H14O
CC(=O)N(c1ccc(O)cc1)C12OCC3C4C5C(C1NN42)C35N,CC(=O)Nc1ccc(O)cc1,C16H18N4O3,41,C8H11N3O
CC(=O)Nc1ccc(O)c(C=C2OCCOC2NO)c1,CC(=O)Nc1ccc(O)cc1,C13H16N2O5,36,C5H9NO3
CC(=O)Nc1ccc(OC#CC23C4C5CN2C543)cc1,CC(=O)Nc1ccc(O)cc1,C15H12N2O2,31,C7H5N
CC(=O)Nc1ccc(O)c(CN2CN(C)C2)c1,CC(=O)Nc1ccc(O)cc1,C12H17N3O2,34,C4H10N2
CCN(O)C1C2CC2CC2=C(Oc3ccc(NC(C)=O)cc3)C1(C)O2,CC(=O)Nc1ccc(O)cc1,C19H24N2O4,49,C11H17NO2
C=Cc1ccn(N(C(C)=O)c2ccc(O)cc2)c1,CC(=O)Nc1ccc(O)cc1,C14H14N2O2,32,C6H7N
CC(=O)Nc1ccc(O)c(C(OC=N)=C2C3=CC2C(F)C3)c1,CC(=O)Nc1ccc(O)cc1,C16H15FN2O3,37,C8H8FNO
CC(=O)Nc1ccc(O)cc1C1C(=O)C23COCC4CC12C43,CC(=O)Nc1ccc(O)cc1,C17H17NO4,39,C9H10O2
CNC(C)CC(C)(C)Cc1cc(NC(C)=O)ccc1O,CC(=O)Nc1ccc(O)cc1,C16H26N2O2,46,C8H19N
CC(=O)Nc1ccc(O)cc1C1CC2(C)C(C)N1C2C,CC(=O)Nc1ccc(O)cc1,C16H22N2O2,42,C8H15N
CC(=O)Nc1ccc(O)c(C23CC4OC56CC4CCC52CC(N6)N3)c1,CC(=O)Nc1ccc(O)cc1,C19H23N3O3,48,C11H16N2O
CCC(O)CC(C)CC(=O)Nc1ccc(O)cc1,CC(=O)Nc1ccc(O)cc1,C14H21NO3,39,C6H14O
O=C(CC12OC3CCC14C(Cl)=C3NC24)Nc1ccc(O)cc1,CC(=O)Nc1ccc(O)cc1,C16H15ClN2O3,37,C8H8ClNO
C=C1C(F)=C=C(F)CC1(F)c1cc(NC(C)=O)ccc1O,CC(=O)Nc1ccc(O)cc1,C15H12F3NO2,33,C7H5F3
CC(=O)N(OC1C2=C3C4C25NC1CNOC345)c1ccc(O)cc1,CC(=O)Nc1ccc(O)cc1,C16H15N3O4,38,C8H8N2O2
CC(=O)Nc1ccc(O)cc1C12C3C14OOC32C(Cl)C4S,CC(=O)Nc1ccc(O)cc1,C14H12ClNO4S,33,C6H5ClO2S
COC1C2CCC23C24COC2C34C1(O)c1cc(O)ccc1NC(C)=O,CC(=O)Nc1ccc(O)cc1,C19H21NO5,46,C11H14O3
CC(=O)Nc1ccc(OC2=NNC3SC3C2)cc1,CC(=O)Nc1ccc(O)cc1,C12H13N3O2S,31,C4H6N2S
CC(=O)Nc1ccc(OC2CC3(O)OCC4C(CN43)N2)cc1,CC(=O)Nc1ccc(O)cc1,C15H19N3O4,41,C7H12N2O2
CC(=O)N(CCC(O)(OO)C1CO1)c1ccc(O)cc1,CC(=O)Nc1ccc(O)cc1,C13H17NO6,37,C5H10O4
CC(=O)Nc1ccc(O)c(CC23COC4CC5C2(OS)C52C3C42NO)c1,CC(=O)Nc1ccc(O)cc1,C18H20N2O5S,46,C10H13NO3S
CC(=O)Nc1ccc(OC23NC4C5(F)CC26C4(OF)C536)cc1,CC(=O)Nc1ccc(O)cc1,C15H12F2N2O3,34,C7H5F2NO
CC(=O)N(OC1C2=C3CC3C3NC4(OC4C13)C2C)c1ccc(O)cc1,CC(=O)Nc1ccc(O)cc1,C19H20N2O4,45,C11H13NO2
CC(=O)N(c1ccc(O)cc1)C12ONC3(CO)C4(O)C1C31C(S)C241,CC(=O)Nc1ccc(O)cc1,C16H16N2O5S,40,C8H9NO3S
CC(=O)Nc1ccc(O)cc1C12C3C4CC5(O)C3CNC13C1C(O4)C53N12,CC(=O)Nc1ccc(O)cc1,C19H19N3O4,45,C11H12N2O2
O=C(CCCCC1OC2C3CC3C13C(O)C23)Nc1ccc(O)cc1,CC(=O)Nc1ccc(O)cc1,C19H23NO4,47,C11H16O2
O=C(CC1=NC2=C3C4CC34C1S2)Nc1ccc(O)cc1,CC(=O)Nc1ccc(O)cc1,C15H12N2O2S,32,C7H5NS
CC(=O)N(c1ccc(O)cc1)C1C2OCC3C4C5NC6C37CC21C46OC57,CC(=O)Nc1ccc(O)cc1,C20H20N2O4,46,C12H13NO2
CC(=O)Nc1ccc(O)c(OC2CC3C2CC32C3(O)C=C[SH]2(=C=O)N3)c1,CC(=O)Nc1ccc(O)cc1,C18H20N2O5S,46,C10H13NO3S
CC(=O)Nc1ccc(O)cc1C12C3CC45C(F)NC3(OC41)C52,CC(=O)Nc1ccc(O)cc1,C16H15FN2O3,37,C8H8FNO
CC(=O)N(c1ccc(O)cc1)C12OC1(O)[SH4]2,CC(=O)Nc1ccc(O)cc1,C10H13NO4S,29,C2H6O2S
CC(=O)Nc1ccc(OC23C4C(NN42)C24C5CC52C(C)C34COO)cc1,CC(=O)Nc1ccc(O)cc1,C19H21N3O4,47,C11H14N2O2
CCCC1C(N(C(C)=O)c2ccc(O)cc2)C2C34N5C13C254,CC(=O)Nc1ccc(O)cc1,C17H18N2O2,39,C9H11N
CC(=O)Nc1ccc(OC23NNC45C6=COC7CCC2C3(C64)N75)cc1,CC(=O)Nc1ccc(O)cc1,C18H18N4O3,43,C10H11N3O
CCNC(N)Cc1cc(NC(C)=O)ccc1O,CC(=O)Nc1ccc(O)cc1,C12H19N3O2,36,C4H12N2
CC(=O)Nc1ccc(OC23C4OC5C6=CCCC27C5C4N3C67)cc1,CC(=O)Nc1ccc(O)cc1,C19H18N2O3,42,C11H11NO
CC(=O)N(CC1(S)C2OC3=CN1C32)c1ccc(O)cc1,CC(=O)Nc1ccc(O)cc1,C14H14N2O3S,34,C6H7NOS
CC(=O)Nc1ccc(O)cc1C12CC34CC3CCC(O1)C24O,CC(=O)Nc1ccc(O)cc1,C17H19NO4,41,C9H12O2
CC(=O)Nc1ccc(O)cc1C1C2C3OC(S)N4C5N6C7C(C2C154)C376,CC(=O)Nc1ccc(O)cc1,C18H17N3O3S,42,C10H10N2OS
CC(=O)Nc1ccc(OC23NC2=CC2C3C3CN23)cc1,CC(=O)Nc1ccc(O)cc1,C15H15N3O2,35,C7H8N2
CC(=O)Nc1ccc(O)c(C23C(OO)C4CNC45C4C6OC42C6N53)c1,CC(=O)Nc1ccc(O)cc1,C17H17N3O5,42,C9H10N2O3
CC(=O)Nc1ccc(O)c(OC2CN3CN4C2=C34)c1,CC(=O)Nc1ccc(O)cc1,C13H13N3O3,32,C5H6N2O
CC(=O)Nc1ccc(O)cc1C12OC3C45C6N7C1NNC4C25C367,CC(=O)Nc1ccc(O)cc1,C16H14N4O3,37,C8H7N3O
CC(=O)N(c1ccc(O)cc1)C1C2C3OC321,CC(=O)Nc1ccc(O)cc1,C12H11NO3,27,C4H4O
CC(=O)Nc1ccc(O)cc1C1=C2OC3(CO1)C2C(N)C3(O)S,CC(=O)Nc1ccc(O)cc1,C15H16N2O5S,39,C7H9NO3S
CC(=O)Nc1ccc(O)c(C23C=C2C2COOC(C)C3CO2)c1,CC(=O)Nc1ccc(O)cc1,C17H19NO5,42,C9H12O3
CC(=O)Nc1ccc2cc1S13(C=C1)(C=N3)O2,CC(=O)Nc1ccc(O)cc1,C11H10N2O2S,26,C3H3NS
CC(=O)Nc1ccc(O)cc1C1C2C3CC4C3C35OC3C3C16C23C456,CC(=O)Nc1ccc(O)cc1,C20H17NO3,41,C12H10O
CC(=O)N(CSN(CO)C(C)O)c1ccc(O)cc1,CC(=O)Nc1ccc(O)cc1,C12H18N2O4S,37,C4H11NO2S
CC(=O)Nc1ccc(OS234=CN2C3=C4)cc1,CC(=O)Nc1ccc(O)cc1,C11H10N2O2S,26,C3H3NS
CC(=O)Nc1ccc(O)cc1C1CCCC1C,CC(=O)Nc1ccc(O)cc1,C14H19NO2,36,C6H12
CC(=O)Nc1ccc(O)c(C2C=NC23C2CCC24C(Cl)OC43)c1,CC(=O)Nc1ccc(O)cc1,C17H17ClN2O3,40,C9H10ClNO
CCC1CC(c2cc(NC(C)=O)ccc2O)C(C)C1O,CC(=O)Nc1ccc(O)cc1,C16H23NO3,43,C8H16O
CC(=O)Nc1ccc(O)c(C23C45CC(F)(C(O)F)C26C(F)N4C536)c1,CC(=O)Nc1ccc(O)cc1,C16H13F3N2O3,37,C8H6F3NO
O=C(CC1=C2C(O1)C1OC3CC1C23)Nc1ccc(O)cc1,CC(=O)Nc1ccc(O)cc1,C16H15NO4,36,C8H8O2
CC(=O)N(c1ccc(O)cc1)C12CC34CN=C5C1=CN(C53)C42,CC(=O)Nc1ccc(O)cc1,C17H15N3O2,37,C9H8N2
O=C(CN1CC2CC3C45C6C4(C4=CCN2C4O1)C365)Nc1ccc(O)cc1,CC(=O)Nc1ccc(O)cc1,C20H19N3O3,45,C12H12N2O
CC(=O)Nc1ccc(OC2OC2NCSCCO)cc1,CC(=O)Nc1ccc(O)cc1,C13H18N2O4S,38,C5H11NO2S
CC(=O)Nc1ccc(OC2OC3=CC4(O2)SC3C4Cl)cc1,CC(=O)Nc1ccc(O)cc1,C14H12ClNO4S,33,C6H5ClO2S
CC(=O)Nc1ccc(O)c(OC2C3=CC4=C3C(C(C)O)OC42)c1,CC(=O)Nc1ccc(O)cc1,C17H17NO5,40,C9H10O3
CC(=O)Nc1ccc(OC2C3=CC4C=C(COC42)O3)cc1,CC(=O)Nc1ccc(O)cc1,C16H15NO4,36,C8H8O2
CC(=O)Nc1ccc(O)c(CC2(F)C3C4=CC2(F)C43F)c1,CC(=O)Nc1ccc(O)cc1,C15H12F3NO2,33,C7H5F3
CC(=O)Nc1ccc(O)cc1C12OC34CC15OC1C2C(CC35)N14,CC(=O)Nc1ccc(O)cc1,C17H16N2O4,39,C9H9NO2
CC(=O)Nc1ccc(O)cc1C1C2C=NOC21,CC(=O)Nc1ccc(O)cc1,C12H12N2O3,29,C4H5NO
CC(=O)Nc1ccc(O)c(C23CNC4OC5OC6C5N5C7C45C6C72C3)c1,CC(=O)Nc1ccc(O)cc1,C19H19N3O4,45,C11H12N2O2
CC(=O)N(c1ccc(O)cc1)N1[SH3]=C2COC1COO2,CC(=O)Nc1ccc(O)cc1,C12H16N2O5S,36,C4H9NO3S
CC(=O)Nc1ccc(O)cc1C12CC13N1C2N13,CC(=O)Nc1ccc(O)cc1,C12H11N3O2,28,C4H4N2
O=C(CC12CC34NC(C(O1)S3)C24)Nc1ccc(O)cc1,CC(=O)Nc1ccc(O)cc1,C14H14N2O3S,34,C6H7NOS
CC(=O)Nc1ccc(O)c(C2=C3OC(NC4C#CC=C4)C32)c1,CC(=O)Nc1ccc(O)cc1,C17H14N2O3,36,C9H7NO
CC(=O)Nc1ccc(O)cc1C12C3=CC4CC1(O3)C1(C#CN4)CC12,CC(=O)Nc1ccc(O)cc1,C19H16N2O3,40,C11H9NO
C=CCC(CO)CNCCOc1ccc(NC(C)=O)cc1,CC(=O)Nc1ccc(O)cc1,C16H24N2O3,45,C8H17NO
CC(=O)N(c1ccc(O)cc1)C12OC3=CC4C3C4C1C1CC2(C)OO1,CC(=O)Nc1ccc(O)cc1,C19H19NO5,44,C11H12O3
CC(=O)Nc1ccc(O)c(C23CCC(O)CC(N)C4(C)c5[nH]n2c5C43)c1,CC(=O)Nc1ccc(O)cc1,C19H24N4O3,50,C11H17N3O
CC(=O)Nc1ccc(O)c(C2C3OC45C3C4(F)C25)c1,CC(=O)Nc1ccc(O)cc1,C14H12FNO3,31,C6H5FO
CC(=O)Nc1ccc(O)cc1C12OC34C(O)C5C6C17C5C63C247,CC(=O)Nc1ccc(O)cc1,C17H13NO4,35,C9H6O2
CC(=O)Nc1ccc(O)cc1N1C2=C3C(C)C321,CC(=O)Nc1ccc(O)cc1,C13H12N2O2,29,C5H5N
C=CSC12CC(O)C3(O)C1=CC(c1cc(O)ccc1NC(C)=O)N3C2,CC(=O)Nc1ccc(O)cc1,C18H20N2O4S,45,C10H13NO2S
CC(=O)Nc1ccc(O)c(C2C3NN2C2(CS)OC3C23CO3)c1,CC(=O)Nc1ccc(O)cc1,C15H17N3O4S,40,C7H10N2O2S
CC(=O)Nc1ccc(O)c(NCC2(N)CCC2)c1,CC(=O)Nc1ccc(O)cc1,C13H19N3O2,37,C5H12N2
CC(=O)Nc1ccc(O)cc1C12C3OC4=C5N(O3)N1C2C5(O)C4,CC(=O)Nc1ccc(O)cc1,C15H13N3O5,36,C7H6N2O3
CCC1(OC)OC=C1c1cc(O)ccc1NC(C)=O,CC(=O)Nc1ccc(O)cc1,C14H17NO4,36,C6H10O2
C=NC1N2NC12C=COc1cc(NC(C)=O)ccc1O,CC(=O)Nc1ccc(O)cc1,C13H14N4O3,34,C5H7N3O
O=C(Cc1ccc(F)cc1)Nc1ccc(O)cc1,CC(=O)Nc1ccc(O)cc1,C14H12FNO2,30,C6H5F
CC(=O)Nc1ccc(O)c(C23OC4N5C=CC5(O2)OC43C)c1,CC(=O)Nc1ccc(O)cc1,C15H14N2O5,36,C7H7NO3
CCC(C)(CN)c1cc(NC(C)=O)ccc1O,CC(=O)Nc1ccc(O)cc1,C13H20N2O2,37,C5H13N
O=C(Cc1occ2cccnc12)Nc1ccc(O)cc1,CC(=O)Nc1ccc(O)cc1,C15H12N2O3,32,C7H5NO
O=C(CC1C23C=C4C(CCl)(O2)C413)Nc1ccc(O)cc1,CC(=O)Nc1ccc(O)cc1,C15H12ClNO3,32,C7H5ClO
CC(=O)N(CC1CNOCCCC1N)c1ccc(O)cc1,CC(=O)Nc1ccc(O)cc1,C15H23N3O3,44,C7H16N2O
CC(=O)Nc1ccc(O)cc1C(C)CCNO,CC(=O)Nc1ccc(O)cc1,C12H18N2O3,35,C4H11NO
CC(=O)Nc1ccc(O)cc1CN1CC2=C3OCC1OC21N=C31,CC(=O)Nc1ccc(O)cc1,C16H15N3O4,38,C8H8N2O2
CC(=O)N(c1ccc(O)cc1)C1(C)C2(C)CC13C1C2C13,CC(=O)Nc1ccc(O)cc1,C17H19NO2,39,C9H12
O=C(CC12C3=CC1OC1C2C31Cl)Nc1ccc(O)cc1,CC(=O)Nc1ccc(O)cc1,C15H12ClNO3,32,C7H5ClO
CC(=O)Nc1ccc(O)cc1OC12C3C4N1C1C56CN(C43O)C15C26,CC(=O)Nc1ccc(O)cc1,C17H15N3O4,39,C9H8N2O2
CCN1OC1(C)c1cc(O)ccc1NC(C)=O,CC(=O)Nc1ccc(O)cc1,C12H16N2O3,33,C4H9NO
NC12CN3C(CC(=O)Nc4ccc(O)cc4)=CC4CCC1C2C43,CC(=O)Nc1ccc(O)cc1,C18H21N3O2,44,C10H14N2
CC(=O)Nc1ccc(O)c(C23OC45CCC6OC(C2C4C6C=O)C53)c1,CC(=O)Nc1ccc(O)cc1,C19H19NO5,44,C11H12O3
CC(=O)Nc1ccc(O)c(C23COC4C2C2CCC45C4=C(C2C=C4)C53)c1,CC(=O)Nc1ccc(O)cc1,C22H21NO3,47,C14H14O
CC(=O)Nc1ccc(O)cc1C12CC3CC4CC1(C(O)N2)C(C3)O4,CC(=O)Nc1ccc(O)cc1,C18H22N2O4,46,C10H15NO2
CC(=O)Nc1ccc(O)c(C23CN4C2=CC3(C)C4C(S)OO)c1,CC(=O)Nc1ccc(O)cc1,C16H18N2O4S,41,C8H11NO2S
CC(=O)Nc1ccc(O)cc1C(F)C(F)F,CC(=O)Nc1ccc(O)cc1,C10H10F3NO2,26,C2H3F3
CC(=O)Nc1ccc(O)cc1C1CC=C=CC(=CN)OC1,CC(=O)Nc1ccc(O)cc1,C16H18N2O3,39,C8H11NO
O=C(CC12CC13C1NCC45C2=C4C153)Nc1ccc(O)cc1,CC(=O)Nc1ccc(O)cc1,C17H14N2O2,35,C9H7N
Cc1ncc2nc(CC(=O)Nc3ccc(O)cc3)cnc2n1,CC(=O)Nc1ccc(O)cc1,C15H13N5O2,35,C7H6N4
CC(=O)N(Cn1c#cn1N)c1ccc(O)cc1,CC(=O)Nc1ccc(O)cc1,C11H12N4O2,29,C3H5N3
CNCN1CNC1Oc1ccc(NC(C)=O)cc1,CC(=O)Nc1ccc(O)cc1,C12H18N4O2,36,C4H11N3
CC(=O)Nc1ccc(O)cc1C12C3=CCC4C3C1C2C4C1NO1,CC(=O)Nc1ccc(O)cc1,C18H18N2O3,41,C10H11NO
CC(=O)Nc1ccc(O)c(OC23C4CCC56CN7C8C72C85C63C4)c1,CC(=O)Nc1ccc(O)cc1,C19H18N2O3,42,C11H11NO
O=C(CCC(O)CO)Nc1ccc(O)cc1,CC(=O)Nc1ccc(O)cc1,C11H15NO4,31,C3H8O2
CC(=O)N(c1ccc(O)cc1)C1NC2=C1C2OC1CC=CN(O)C1,CC(=O)Nc1ccc(O)cc1,C17H19N3O4,43,C9H12N2O2
CC(=O)Nc1ccc(O)cc1C12C3C4NN5C6CC41C(=CC352)OCCN6,CC(=O)Nc1ccc(O)cc1,C19H20N4O3,46,C11H13N3O
CNC12CC3C(=CC3C1CC(=O)Nc1ccc(O)cc1)C2(C)CC1CO1,CC(=O)Nc1ccc(O)cc1,C21H26N2O3,52,C13H19NO
CC(=O)Nc1ccc(O)c(C2C34CC(O)C56C7N(O3)C5C27N46)c1,CC(=O)Nc1ccc(O)cc1,C16H15N3O4,38,C8H8N2O2
CC(=O)Nc1ccc(OC2=C3C45CC67N(C(O)=CC(O)N6C347)C5C2)cc1,CC(=O)Nc1ccc(O)cc1,C19H17N3O4,43,C11H10N2O2
CC(=O)Nc1ccc(O)c(C2=C3C4C2NC2OC32C4Br)c1,CC(=O)Nc1ccc(O)cc1,C15H13BrN2O3,34,C7H6BrNO
CC=CC(CCOCC)c1cc(NC(C)=O)ccc1O,CC(=O)Nc1ccc(O)cc1,C16H23NO3,43,C8H16O
CC(=O)Nc1ccc(O)c(C2=C3C4C5C6OC2C42CC4C7C3C5(C62)N47)c1,CC(=O)Nc1ccc(O)cc1,C21H18N2O3,44,C13H11NO
CC(=O)Nc1ccc(O)cc1C1C2CC3OC4=C(O2)C31O4,CC(=O)Nc1ccc(O)cc1,C15H13NO5,34,C7H6O3
CC(=O)Nc1ccc(OO[SH2]23C4CC(O)C2C3CN4)cc1,CC(=O)Nc1ccc(O)cc1,C14H20N2O4S,41,C6H13NO2S
CC(=O)Nc1ccc(O)c(C23C4ONC2C32C3OC3C2O4)c1,CC(=O)Nc1ccc(O)cc1,C15H14N2O5,36,C7H7NO3
C=NC1(c2cc(O)ccc2NC(C)=O)N=CO1,CC(=O)Nc1ccc(O)cc1,C11H11N3O3,28,C3H4N2O
CC(=O)Nc1ccc(O)cc1C1CN2C3(C)CC24NC1C34,CC(=O)Nc1ccc(O)cc1,C16H19N3O2,40,C8H12N2
CC(=O)N(C1=CC2(CN2)C(Cl)C=C1)c1ccc(O)cc1,CC(=O)Nc1ccc(O)cc1,C15H15ClN2O2,35,C7H8ClN
O=C(CC12C(O)C3C4CC31C42)Nc1ccc(O)cc1,CC(=O)Nc1ccc(O)cc1,C15H15NO3,34,C7H8O
CC(=O)Nc1ccc(O)c(C2=CC3OC4(ON34)C2C)c1,CC(=O)Nc1ccc(O)cc1,C14H14N2O4,34,C6H7NO2
CC(=O)Nc1ccc(O)c(C23C4CC56CCN(CC=CC(=N5)O4)C2C63)c1,CC(=O)Nc1ccc(O)cc1,C20H21N3O3,47,C12H14N2O
COC1CCOC2(N(C(C)=O)c3ccc(O)cc3)CCC12,CC(=O)Nc1ccc(O)cc1,C16H21NO4,42,C8H14O2
O=C(CC12C=C3C4CC1C4CC21C2NN1C32)Nc1ccc(O)cc1,CC(=O)Nc1ccc(O)cc1,C19H19N3O2,43,C11H12N2
O=C(CN1CC23C4C5C6OC6OCCC1C42N53)Nc1ccc(O)cc1,CC(=O)Nc1ccc(O)cc1,C18H19N3O4,44,C10H12N2O2
CC(=O)N(c1ccc(O)cc1)C1(C)C=NC(C)O1,CC(=O)Nc1ccc(O)cc1,C13H16N2O3,34,C5H9NO
O=C(CC1CC12OC2O)Nc1ccc(O)cc1,CC(=O)Nc1ccc(O)cc1,C12H13NO4,30,C4H6O2
CCC1CC2(CCC(=O)Nc3ccc(O)cc3)CNC1O2,CC(=O)Nc1ccc(O)cc1,C16H22N2O3,43,C8H15NO
CC(=O)N(OC1OC2(S)CC23CC(=O)CN13)c1ccc(O)cc1,CC(=O)Nc1ccc(O)cc1,C15H16N2O5S,39,C7H9NO3S
CC(=O)Nc1ccc(O)c(C2N3CNC2(O)C2=C=C23)c1,CC(=O)Nc1ccc(O)cc1,C14H13N3O3,33,C6H6N2O
CC(=O)Nc1ccc(O)cc1C12CC13OC=C1OC3C12,CC(=O)Nc1ccc(O)cc1,C15H13NO4,33,C7H6O2
O=C(CC1C=COOC2(C1)CC1OC3=C1C32)Nc1ccc(O)cc1,CC(=O)Nc1ccc(O)cc1,C18H17NO5,41,C10H10O3
CC(=O)Nc1ccc(O)cc1C1=COCO1,CC(=O)Nc1ccc(O)cc1,C11H11NO4,27,C3H4O2
CC(=O)N(C1=CN2C3C4OC56C3N5C2C146)c1ccc(O)cc1,CC(=O)Nc1ccc(O)cc1,C16H13N3O3,35,C8H6N2O
O=C(CC=CCC12COOOC3C(C1)C32)Nc1ccc(O)cc1,CC(=O)Nc1ccc(O)cc1,C17H19NO5,42,C9H12O3
CCC(CCCNC)N(C(C)=O)c1ccc(O)cc1,CC(=O)Nc1ccc(O)cc1,C15H24N2O2,43,C7H17N
CC(=O)N(OC1(C)CC2=CN(CNC2)C1O)c1ccc(O)cc1,CC(=O)Nc1ccc(O)cc1,C16H21N3O4,44,C8H14N2O2
CC(=O)Nc1ccc(O)c(C2CC34C5C6C7NC38N5C3OC(O)(C763)C248)c1,CC(=O)Nc1ccc(O)cc1,C19H17N3O4,43,C11H10N2O2
C=CC1(NF)C2OC2C2=CC21c1cc(NC(C)=O)ccc1O,CC(=O)Nc1ccc(O)cc1,C16H15FN2O3,37,C8H8FNO
O=C(CC12C3C45CC6C7NC4(N61)C35N72)Nc1ccc(O)cc1,CC(=O)Nc1ccc(O)cc1,C16H14N4O2,36,C8H7N3
CCC1(N)OC23OC(CC4=C2C4c2cc(O)ccc2NC(C)=O)C13,CC(=O)Nc1ccc(O)cc1,C18H20N2O4,44,C10H13NO2
CC(=O)Nc1ccc(O)c(C2(N)OCC3C4OC5C6CC2C6C4N35)c1,CC(=O)Nc1ccc(O)cc1,C18H21N3O4,46,C10H14N2O2
CC(=O)Nc1ccc(O[SH]234C=C2N2C3N24)cc1,CC(=O)Nc1ccc(O)cc1,C11H11N3O2S,28,C3H4N2S
COC(O)C=Cc1cc(NC(C)=O)ccc1O,CC(=O)Nc1ccc(O)cc1,C12H15NO4,32,C4H8O2
O=C(CC1C2CC3N4C1C1=NC5(NC135)C24)Nc1ccc(O)cc1,CC(=O)Nc1ccc(O)cc1,C17H16N4O2,39,C9H9N3
CC(=O)Nc1ccc(O)cc1C1C2C3C4=C5N6CNC16C32C45C,CC(=O)Nc1ccc(O)cc1,C18H17N3O2,40,C10H10N2
CC(=O)N(c1ccc(O)cc1)C1(O)COC2=CC3C4=C5C23C451,CC(=O)Nc1ccc(O)cc1,C17H13NO4,35,C9H6O2
CC1C2NC(CC(=O)Nc3ccc(O)cc3)NC3C4=CN1C3C42,CC(=O)Nc1ccc(O)cc1,C17H20N4O2,43,C9H13N3
CC(=O)Nc1ccc(O)cc1C12C3ONC45CC3C36C[SH]147C1C3(N62)C157,CC(=O)Nc1ccc(O)cc1,C18H17N3O3S,42,C10H10N2OS
CCC(Nc1cc(NC(C)=O)ccc1O)ON1CCC1,CC(=O)Nc1ccc(O)cc1,C14H21N3O3,41,C6H14N2O
C=CC(CC)OC1CC2C=CC21CC(=O)Nc1ccc(O)cc1,CC(=O)Nc1ccc(O)cc1,C19H23NO3,46,C11H16O
CC(=O)Nc1ccc(O)c(CC2C3C45C6C7NC8ON9C7C4C5(C86)C239)c1,CC(=O)Nc1ccc(O)cc1,C20H19N3O3,45,C12H12N2O
CC(=O)Nc1ccc(O)c(C2C3C4=S256OC35N6N4)c1,CC(=O)Nc1ccc(O)cc1,C12H11N3O3S,30,C4H4N2OS
CC(=O)Nc1ccc(O)cc1C12C3CC1C1C2N1O3,CC(=O)Nc1ccc(O)cc1,C14H14N2O3,33,C6H7NO
O=C(CN1C2C=NC1C2)Nc1ccc(O)cc1,CC(=O)Nc1ccc(O)cc1,C12H13N3O2,30,C4H6N2
CC(=O)Nc1ccc(OCC=COc2c3coc2O3)cc1,CC(=O)Nc1ccc(O)cc1,C15H13NO5,34,C7H6O3
C=CC(COC=N)Oc1ccc(NC(C)=O)cc1,CC(=O)Nc1ccc(O)cc1,C13H16N2O3,34,C5H9NO
CC(=O)N(c1ccc(O)cc1)C1C23C=CC45C6C2C4C13C65,CC(=O)Nc1ccc(O)cc1,C18H15NO2,36,C10H8
CC(=O)N(c1ccc(O)cc1)C1C2=C3ON3C3COC2NC31,CC(=O)Nc1ccc(O)cc1,C15H15N3O4,37,C7H8N2O2
O=C(CC12CC=CC3(CC3C1)C2)Nc1ccc(O)cc1,CC(=O)Nc1ccc(O)cc1,C17H19NO2,39,C9H12
CC(=O)Nc1ccc(O)cc1C1CNC(C)OOC=NC2=CC3C(C1)C23,CC(=O)Nc1ccc(O)cc1,C19H23N3O4,49,C11H16N2O2
C=C1CC2=C1C(c1cc(NC(C)=O)ccc1O)c1cocc12,CC(=O)Nc1ccc(O)cc1,C18H15NO3,37,C10H8O
CCC(CC)C1OC1c1cc(O)ccc1NC(C)=O,CC(=O)Nc1ccc(O)cc1,C15H21NO3,40,C7H14O
CC(=O)Nc1ccc(OOC(CO)C23OC4C5C6=C(C5C62)N43)cc1,CC(=O)Nc1ccc(O)cc1,C17H16N2O5,40,C9H9NO3
CC(=O)N(CN1C=C2C=C2C1)c1ccc(O)cc1,CC(=O)Nc1ccc(O)cc1,C14H14N2O2,32,C6H7N
CC(=O)Nc1ccc(O)c(C2(C)COC3OC4C56NC3C23CN5C463)c1,CC(=O)Nc1ccc(O)cc1,C18H19N3O4,44,C10H12N2O2
CC(=O)Nc1ccc(O)cc1C1CC2CC1OC2C,CC(=O)Nc1ccc(O)cc1,C15H19NO3,38,C7H12O
CC(=O)Nc1ccc(OC2CC3C4=CCC2(Cl)C43)cc1,CC(=O)Nc1ccc(O)cc1,C16H16ClNO2,36,C8H9Cl
CC(=O)Nc1ccc(O)cc1C12COC34C(=C5OC51)C3OC=CC42,CC(=O)Nc1ccc(O)cc1,C18H15NO5,39,C10H8O3
O=C(CC12CC3=C4C5C(OC=C(N6OCN56)N41)C32)Nc1ccc(O)cc1,CC(=O)Nc1ccc(O)cc1,C18H16N4O4,42,C10H9N3O2
C=S1=C=C(N(C(C)=O)c2ccc(O)cc2)N=1,CC(=O)Nc1ccc(O)cc1,C11H10N2O2S,26,C3H3NS
CC(=O)Nc1ccc(O)cc1C12CC34C5CCC6OC6(C3OO)C14C2O5,CC(=O)Nc1ccc(O)cc1,C19H19NO6,45,C11H12O4
COC1CCC2CC(CC(=O)Nc3ccc(O)cc3)NC21C,CC(=O)Nc1ccc(O)cc1,C17H24N2O3,46,C9H17NO
CC(=O)N(c1ccc(O)cc1)C1C=CC2=C1C(F)O2,CC(=O)Nc1ccc(O)cc1,C14H12FNO3,31,C6H5FO
CCC1C23C4=C5C6C2NC6C1(C5N(C(C)=O)c1ccc(O)cc1)N43,CC(=O)Nc1ccc(O)cc1,C19H19N3O2,43,C11H12N2
CC(=O)Nc1ccc(O)c(C2OCCC3(N)COC23)c1,CC(=O)Nc1ccc(O)cc1,C14H18N2O4,38,C6H11NO2
CC(=O)Nc1ccc(O)c(OC2=NC(=O)C23CC3)c1,CC(=O)Nc1ccc(O)cc1,C13H12N2O4,31,C5H5NO2
CC(=O)Nc1ccc(O)c(N2CC3=C4COC5C32C52OC2(OCN)C4)c1,CC(=O)Nc1ccc(O)cc1,C18H19N3O5,45,C10H12N2O3
CC(=O)Nc1ccc(O)cc1OC1ONCC(C)C=CCC1C,CC(=O)Nc1ccc(O)cc1,C17H24N2O4,47,C9H17NO2
CC(=O)N(c1ccc(O)cc1)C1C2C3=C(C32)C1(F)C(F)F,CC(=O)Nc1ccc(O)cc1,C15H12F3NO2,33,C7H5F3
CC(=O)N(c1ccc(O)cc1)N1C2C3C1C2C12CC31N2,CC(=O)Nc1ccc(O)cc1,C15H15N3O2,35,C7H8N2
CC(=O)Nc1ccc(O)cc1C12C3NC14CN2C4C3=O,CC(=O)Nc1ccc(O)cc1,C14H13N3O3,33,C6H6N2O
CC(=O)Nc1ccc(O)cc1N1CCC2C=CNOC13COC23,CC(=O)Nc1ccc(O)cc1,C16H19N3O4,42,C8H12N2O2
CC(=O)N(c1ccc(O)cc1)N1C2C=C3C4C5C6OC6C31C45C(O)O2,CC(=O)Nc1ccc(O)cc1,C18H16N2O5,41,C10H9NO3
CC(=O)Nc1ccc(OC23C4CC5C6C78C9CC2%10C5(N)OC47C6%10C938)cc1,CC(=O)Nc1ccc(O)cc1,C21H18N2O3,44,C13H11NO
C=C1OC23C4=NC5(C4)C2C(N(C(C)=O)c2ccc(O)cc2)N5C13,CC(=O)Nc1ccc(O)cc1,C17H15N3O3,38,C9H8N2O
C=C1C(=CCl)C1(C=O)c1cc(NC(C)=O)ccc1O,CC(=O)Nc1ccc(O)cc1,C14H12ClNO3,31,C6H5ClO
CC(=O)Nc1ccc(O)cc1C12CCN3C(=C31)O2,CC(=O)Nc1ccc(O)cc1,C13H12N2O3,30,C5H5NO
CC(=O)Nc1ccc(O)cc1C1OCOO1,CC(=O)Nc1ccc(O)cc1,C10H11NO5,27,C2H4O3
CC(=O)Nc1ccc(O)c(C2CC3=C4CC(O)C3C42)c1,CC(=O)Nc1ccc(O)cc1,C16H17NO3,37,C8H10O
COCC(c1cc(O)ccc1NC(C)=O)C(C=O)COOO,CC(=O)Nc1ccc(O)cc1,C14H19NO7,41,C6H12O5
CC(=O)Nc1ccc(O)cc1C1=CC12C1CN(Br)C12,CC(=O)Nc1ccc(O)cc1,C14H13BrN2O2,32,C6H6BrN
CC(=O)N(c1ccc(O)cc1)C1CCCO1,CC(=O)Nc1ccc(O)cc1,C12H15NO3,31,C4H8O
CCCCC(C)CN(C(C)=O)c1ccc(O)cc1,CC(=O)Nc1ccc(O)cc1,C15H23NO2,41,C7H16
CC(=O)Nc1ccc(OC2=CC(O)(O)OC2)cc1,CC(=O)Nc1ccc(O)cc1,C12H13NO5,31,C4H6O3
C=CN1CC1(Cc1cc(NC(C)=O)ccc1O)C(C)C,CC(=O)Nc1ccc(O)cc1,C16H22N2O2,42,C8H15N
CC(=O)Nc1ccc(O)cc1C1=C2COC1C2,CC(=O)Nc1ccc(O)cc1,C13H13NO3,30,C5H6O
CC(=O)N(c1ccc(O)cc1)C1C2C3C4N5C(C)N6C7OCC2(C175)C346,CC(=O)Nc1ccc(O)cc1,C19H19N3O3,44,C11H12N2O
O=C(Cc1cc2c(o1)C(Br)=CC2)Nc1ccc(O)cc1,CC(=O)Nc1ccc(O)cc1,C15H12BrNO3,32,C7H5BrO
CC(=O)Nc1ccc(O)c(C2=C3OC4N(CO)C45C=CC32ON5)c1,CC(=O)Nc1ccc(O)cc1,C16H15N3O5,39,C8H8N2O3
CC1CC2(OCC(=O)Nc3ccc(O)cc3)C(F)C34C=C3N2C14,CC(=O)Nc1ccc(O)cc1,C17H17FN2O3,40,C9H10FNO
CC12CC3=C=C3C(C1)NCC2CC(=O)Nc1ccc(O)cc1,CC(=O)Nc1ccc(O)cc1,C18H20N2O2,42,C10H13N
CC(=O)Nc1ccc(O)c(N2C34CC5C3(C)C4C(O)C34COC3C524)c1,CC(=O)Nc1ccc(O)cc1,C19H20N2O4,45,C11H13NO2
CCC(COC1CC=C1CO)(c1cc(NC(C)=O)ccc1O)C(C)C#N,CC(=O)Nc1ccc(O)cc1,C20H26N2O4,52,C12H19NO2
CC(=O)Nc1ccc(O)cc1C12CC(C)C1COC2N,CC(=O)Nc1ccc(O)cc1,C15H20N2O3,40,C7H13NO
CC(=O)Nc1ccc(O)cc1C1=CC2CC(F)C(=N2)C1,CC(=O)Nc1ccc(O)cc1,C15H15FN2O2,35,C7H8FN
CCC12COC1C1C3C4C(CC4(C)C2c2cc(O)ccc2NC(C)=O)N31,CC(=O)Nc1ccc(O)cc1,C21H26N2O3,52,C13H19NO
CCCCCC(CC)c1cc(O)ccc1NC(C)=O,CC(=O)Nc1ccc(O)cc1,C16H25NO2,44,C8H18
CC(=O)Nc1ccc(O)c(C2C3=CC(=CCl)N32)c1,CC(=O)Nc1ccc(O)cc1,C13H11ClN2O2,29,C5H4ClN
O=C(CN1C2C(C3CO3)N21)Nc1ccc(O)cc1,CC(=O)Nc1ccc(O)cc1,C12H13N3O3,31,C4H6N2O
CC(=O)Nc1ccc(ON2C3NCC32C2C=C2)cc1,CC(=O)Nc1ccc(O)cc1,C14H15N3O2,34,C6H8N2
CC(=O)Nc1ccc(O)cc1C1(O)C2CNNCC21,CC(=O)Nc1ccc(O)cc1,C13H17N3O3,36,C5H10N2O
CCOCCC(CC(C)=N)N(C(C)=O)c1ccc(O)cc1,CC(=O)Nc1ccc(O)cc1,C16H24N2O3,45,C8H17NO
O=C(COC1CCC2C3C1C1N2CC31O)Nc1ccc(O)cc1,CC(=O)Nc1ccc(O)cc1,C17H20N2O4,43,C9H13NO2
O=C(CC(O)[SH]12=C3CN1C1(CO2)C2OC4C(C32)C41)Nc1ccc(O)cc1,CC(=O)Nc1ccc(O)cc1,C18H20N2O5S,46,C10H13NO3S
CCC(C)CCC(=O)Nc1ccc(O)cc1,CC(=O)Nc1ccc(O)cc1,C13H19NO2,35,C5H12
O=C(CC1C(Cl)C2C1C1=C3OC312)Nc1ccc(O)cc1,CC(=O)Nc1ccc(O)cc1,C15H12ClNO3,32,C7H5ClO
CC(=O)Nc1ccc(O)c(CC2C(C)CC2O)c1,CC(=O)Nc1ccc(O)cc1,C14H19NO3,37,C6H12O
O=C(CC1=CC2OC23CC13F)Nc1ccc(O)cc1,CC(=O)Nc1ccc(O)cc1,C14H12FNO3,31,C6H5FO
CC(=O)Nc1ccc(O)cc1CC(C)C1CC2NOC1NC2O,CC(=O)Nc1ccc(O)cc1,C16H23N3O4,46,C8H16N2O2
CCNC(C)(CC)Cc1cc(NC(C)=O)ccc1O,CC(=O)Nc1ccc(O)cc1,C15H24N2O2,43,C7H17N
CCCC1(CC)C(C)C1c1cc(O)ccc1NC(C)=O,CC(=O)Nc1ccc(O)cc1,C17H25NO2,45,C9H18
CC(=O)Nc1ccc(OC23COC4=CC5N2C5(F)C43)cc1,CC(=O)Nc1ccc(O)cc1,C15H13FN2O3,34,C7H6FNO
COCC1C(CC(=O)Nc2ccc(O)cc2)=C2C3N2C13SO,CC(=O)Nc1ccc(O)cc1,C15H16N2O4S,38,C7H9NO2S
CC(=O)Nc1ccc(O)c(C2C3CC4C5C3C36C7=CC2N3C6C745)c1,CC(=O)Nc1ccc(O)cc1,C20H18N2O2,42,C12H11N
CCCC1(N(C(C)=O)c2ccc(O)cc2)CCCCN1,CC(=O)Nc1ccc(O)cc1,C16H24N2O2,44,C8H17N
CC1CCC(C(O)CC(=O)Nc2ccc(O)cc2)C1,CC(=O)Nc1ccc(O)cc1,C15H21NO3,40,C7H14O
CC(=O)Nc1ccc(O)c(C(F)(F)C(F)(F)C(F)(F)C(F)(F)F)c1,CC(=O)Nc1ccc(O)cc1,C12H8F9NO2,32,C4HF9
C=NC1=C(OC)OC(C)(Oc2ccc(NC(C)=O)cc2)C1=C,CC(=O)Nc1ccc(O)cc1,C16H18N2O4,40,C8H11NO2
CC(=O)Nc1ccc(O)cc1OC(F)(F)F,CC(=O)Nc1ccc(O)cc1,C9H8F3NO3,24,CHF3O
CC(=O)Nc1ccc(O)cc1C12C=CC3CCC31N2F,CC(=O)Nc1ccc(O)cc1,C15H15FN2O2,35,C7H8FN
CNC(CC12C3C4=NCC5(O)C(C4C31)C52)Oc1ccc(NC(C)=O)cc1,CC(=O)Nc1ccc(O)cc1,C20H23N3O3,49,C12H16N2O
CC(=O)Nc1ccc(O)c(C2C3=CC(=O)C4(O3)C3OC(C)(CC23)N4C)c1,CC(=O)Nc1ccc(O)cc1,C19H20N2O5,46,C11H13NO3
CC(=O)N(c1ccc(O)cc1)C1C2C34C=CC12OC3CC(O)C(O)NO4,CC(=O)Nc1ccc(O)cc1,C18H20N2O6,46,C10H13NO4
CC(=O)Nc1ccc(OC23C#CC4(OCC2C)OC2OC243)cc1,CC(=O)Nc1ccc(O)cc1,C17H15NO5,38,C9H8O3
CC(=O)Nc1ccc(O)cc1C1OC1C1CCC2C3CN2C2C(C1)CC32,CC(=O)Nc1ccc(O)cc1,C21H26N2O3,52,C13H19NO
CC(=O)Nc1ccc(O)c(N2C3C4OC5C6OCC52C3C46)c1,CC(=O)Nc1ccc(O)cc1,C16H16N2O4,38,C8H9NO2
CC(=O)Nc1ccc(O)c(C(C)(N)CN(C)C)c1,CC(=O)Nc1ccc(O)cc1,C13H21N3O2,39,C5H14N2
O=C(CC1NC2C3NN2C12CC32)Nc1ccc(O)cc1,CC(=O)Nc1ccc(O)cc1,C14H16N4O2,36,C6H9N3
C=CC(Oc1ccc(NC(C)=O)cc1)C1CCCC1C,CC(=O)Nc1ccc(O)cc1,C17H23NO2,43,C9H16
CC(=O)Nc1ccc(OC2(C)COCC2CCN)cc1,CC(=O)Nc1ccc(O)cc1,C15H22N2O3,42,C7H15NO
CC(=O)Nc1ccc(O)cc1C12C=C3CC4N5N4C4(CC314)N52,CC(=O)Nc1ccc(O)cc1,C16H14N4O2,36,C8H7N3
CCC(C)C(CC)CCN(C(C)=O)c1ccc(O)cc1,CC(=O)Nc1ccc(O)cc1,C17H27NO2,47,C9H20
CC(=O)N(c1ccc(O)cc1)C1(C)C23OCC4C56C(O)C2C(N)(O3)C5C461,CC(=O)Nc1ccc(O)cc1,C19H20N2O5,46,C11H13NO3
CC(=O)Nc1ccc(O)c(C2(O)CC2CO)c1,CC(=O)Nc1ccc(O)cc1,C12H15NO4,32,C4H8O2
CC(=O)Nc1ccc(O)cc1C1C(CN)CC1ON,CC(=O)Nc1ccc(O)cc1,C13H19N3O3,38,C5H12N2O
CC(=O)Nc1ccc(O)cc1C12C3=C4C5ON6C7CC1C52C7(C3)N46,CC(=O)Nc1ccc(O)cc1,C18H15N3O3,39,C10H8N2O
CC(=O)Nc1ccc(O)c(C23C4OC56CC7=C4C52C7C3O6)c1,CC(=O)Nc1ccc(O)cc1,C17H13NO4,35,C9H6O2
O=C(CNC12CSC1C#CO2)Nc1ccc(O)cc1,CC(=O)Nc1ccc(O)cc1,C13H12N2O3S,31,C5H5NOS
CC(=O)N(c1ccc(O)cc1)C(C)ON(CCO)OC1C=C1,CC(=O)Nc1ccc(O)cc1,C15H20N2O5,42,C7H13NO3
CC(=O)Nc1ccc(OC23C4=C5CC5=C5C4C2(C)C53)cc1,CC(=O)Nc1ccc(O)cc1,C18H15NO2,36,C10H8
CC(=O)Nc1ccc(OC2(N)C(CO)CC(=N)C2C)cc1,CC(=O)Nc1ccc(O)cc1,C15H21N3O3,42,C7H14N2O
CC(=O)N(c1ccc(O)cc1)C12C3C4C5NN4C1(C3O)C52,CC(=O)Nc1ccc(O)cc1,C15H15N3O3,36,C7H8N2O
CC(=O)Nc1ccc(O)cc1C1=CC2(OC=CO2)OC=C1,CC(=O)Nc1ccc(O)cc1,C15H13NO5,34,C7H6O3
CC(=O)Nc1ccc(OC23C4=C5C2C2C56CC3CC426)cc1,CC(=O)Nc1ccc(O)cc1,C18H15NO2,36,C10H8
CC(=O)Nc1ccc(O)c(C23C4=C5CCC46C2C63C2CC5(C)C=CO2)c1,CC(=O)Nc1ccc(O)cc1,C22H21NO3,47,C14H14O
C=C1OC[SH3](Oc2ccc(NC(C)=O)cc2)O1,CC(=O)Nc1ccc(O)cc1,C11H15NO4S,32,C3H8O2S
CC(=O)Nc1ccc(O)cc1C(C)C1=CC(O)C(CC(N)O)CN1,CC(=O)Nc1ccc(O)cc1,C17H25N3O4,49,C9H18N2O2
CC(=O)Nc1ccc(O)cc1C12NC3CCC3C1N2,CC(=O)Nc1ccc(O)cc1,C14H17N3O2,36,C6H10N2
NCCC1(CC(=O)Nc2ccc(O)cc2)C=CCCC1,CC(=O)Nc1ccc(O)cc1,C16H22N2O2,42,C8H15N
CC(=O)Nc1ccc(OC23C4CC(O)C(=N)N2C43)cc1,CC(=O)Nc1ccc(O)cc1,C14H15N3O3,35,C6H8N2O
C=CNCNCNCC(=O)Nc1ccc(O)cc1,CC(=O)Nc1ccc(O)cc1,C12H18N4O2,36,C4H11N3
CC(=O)Nc1ccc(O)cc1C1CNC2CCCC21,CC(=O)Nc1ccc(O)cc1,C15H20N2O2,39,C7H13N
CC(=O)Nc1ccc(O)cc1C12C(O)N3OC4OC5CC31C542,CC(=O)Nc1ccc(O)cc1,C15H14N2O5,36,C7H7NO3
CC(=O)Nc1ccc(O)c(NC2=NN=N2)c1,CC(=O)Nc1ccc(O)cc1,C9H9N5O2,25,CH2N4
CCC(C)CCCc1cc(O)ccc1NC(C)=O,CC(=O)Nc1ccc(O)cc1,C15H23NO2,41,C7H16
CC(=O)Nc1ccc(O)cc1C12CC3OC1C32,CC(=O)Nc1ccc(O)cc1,C13H13NO3,30,C5H6O
CC(=O)N(c1ccc(O)cc1)C12C3CC(C4CC41C)C2C3C,CC(=O)Nc1ccc(O)cc1,C19H23NO2,45,C11H16
CCOC(=N)OCC(=O)Nc1ccc(O)cc1,CC(=O)Nc1ccc(O)cc1,C11H14N2O4,31,C3H7NO2
CC(=O)N(c1ccc(O)cc1)N(O)C12CC34C5OC31N5C42,CC(=O)Nc1ccc(O)cc1,C14H13N3O4,34,C6H6N2O2
CC(=O)Nc1ccc(O)c(C23CCC(C4OOC25N=C45)C3CO)c1,CC(=O)Nc1ccc(O)cc1,C17H18N2O5,42,C9H11NO3
CC(=O)Nc1ccc(O)cc1C12C3=C4C1N=CC1OCC3NC1C21CN41,CC(=O)Nc1ccc(O)cc1,C19H18N4O3,44,C11H11N3O
CC(=O)Nc1ccc(O)cc1C12NC1C2C1CC#CC1C=O,CC(=O)Nc1ccc(O)cc1,C17H16N2O3,38,C9H9NO
CC(=O)N(c1ccc(O)cc1)C1CC(C)=C2OOC13OC1(O)CNC23C1,CC(=O)Nc1ccc(O)cc1,C18H20N2O6,46,C10H13NO4
O=C(CC12OC3=NC1C3=CC2(F)CF)Nc1ccc(O)cc1,CC(=O)Nc1ccc(O)cc1,C15H12F2N2O3,34,C7H5F2NO
CC(=O)Nc1ccc(O)c(OC(O)C(C)C23CC4(C5OC52)C2C3C24)c1,CC(=O)Nc1ccc(O)cc1,C19H21NO5,46,C11H14O3
CC(=O)Nc1ccc(O)cc1OC12CC1C1=CC(CCC1)C2C,CC(=O)Nc1ccc(O)cc1,C19H23NO3,46,C11H16O
CC(=O)Nc1ccc(O)c(C2=C=CC(O)=C2O)c1,CC(=O)Nc1ccc(O)cc1,C13H11NO4,29,C5H4O2
CC(=O)N(C1=C(O)C2=NC23CC13)c1ccc(O)cc1,CC(=O)Nc1ccc(O)cc1,C14H12N2O3,31,C6H5NO
CC(=O)Nc1ccc(O)cc1C1C2CCOC21,CC(=O)Nc1ccc(O)cc1,C13H15NO3,32,C5H8O
CC(=O)N(c1ccc(O)cc1)N1C2C3CN4CC5(CCN3)C1C245,CC(=O)Nc1ccc(O)cc1,C17H20N4O2,43,C9H13N3
CC(=O)Nc1ccc(OC23CC(C)C4(C=C4)C4CNCC4(C2)C3O)cc1,CC(=O)Nc1ccc(O)cc1,C21H26N2O3,52,C13H19NO
CC(=O)Nc1ccc(O[SH3]2OC3OC4CN3C2O4)cc1,CC(=O)Nc1ccc(O)cc1,C12H16N2O5S,36,C4H9NO3S
CC(=O)N(c1ccc(O)cc1)C1(O)C2C3C4C25CC(O)C2CONC21C345,CC(=O)Nc1ccc(O)cc1,C19H20N2O5,46,C11H13NO3
CC(=O)Nc1ccc(OC2(C)OC=CO2)cc1,CC(=O)Nc1ccc(O)cc1,C12H13NO4,30,C4H6O2
CC(=O)Nc1ccc(O)c(C23C45CC6C7(CC(O)O4)C62C573)c1,CC(=O)Nc1ccc(O)cc1,C17H15NO4,37,C9H8O2
CC(O)OOC(CC=O)CC(=O)Nc1ccc(O)cc1,CC(=O)Nc1ccc(O)cc1,C13H17NO6,37,C5H10O4
CC(=O)Nc1ccc(O)cc1C1CC23COC4(CCC2C14)COO3,CC(=O)Nc1ccc(O)cc1,C18H21NO5,45,C10H14O3
CC(=O)Nc1ccc(O)c(C2(N)OCCN2C)c1,CC(=O)Nc1ccc(O)cc1,C12H17N3O3,35,C4H10N2O
CC(=O)Nc1ccc(OC2(F)C3=C(CSC24CO4)O3)cc1,CC(=O)Nc1ccc(O)cc1,C14H12FNO4S,33,C6H5FO2S
CCC1(c2cc(O)ccc2NC(C)=O)OC2C3CC4(C=CC3C14O)C2O,CC(=O)Nc1ccc(O)cc1,C20H23NO5,49,C12H16O3
CC(=O)Nc1ccc(O)cc1C12OC=CC1=CCO2,CC(=O)Nc1ccc(O)cc1,C14H13NO4,32,C6H6O2
CC(=O)Nc1ccc(OC=C2N=C(C)SC(=O)N2)cc1,CC(=O)Nc1ccc(O)cc1,C13H13N3O3S,33,C5H6N2OS
CC(=O)Nc1ccc(O)cc1C12C3NC4CC3C1C42F,CC(=O)Nc1ccc(O)cc1,C15H15FN2O2,35,C7H8FN
CC(=O)Nc1ccc(OC23C4C5C=C6C7C64NC24C7(O5)C34C)cc1,CC(=O)Nc1ccc(O)cc1,C19H16N2O3,40,C11H9NO
CC(=O)Nc1ccc(O)c(C2C3OC34C3OC24C24NC3C2O4)c1,CC(=O)Nc1ccc(O)cc1,C16H14N2O5,37,C8H7NO3
O=C(Cc1ccsc1)Nc1ccc(O)cc1,CC(=O)Nc1ccc(O)cc1,C12H11NO2S,27,C4H4S
CC(=O)Nc1ccc(O)c(C23NCC2(N)OCC(C)C3C)c1,CC(=O)Nc1ccc(O)cc1,C16H23N3O3,45,C8H16N2O
CC(=O)Nc1ccc(OC23CC45OC6C(C4C2C5C)C63)cc1,CC(=O)Nc1ccc(O)cc1,C18H19NO3,41,C10H12O
C=C(Oc1ccc(NC(C)=O)cc1)C1=C2CC3CCCCC21ONN3,CC(=O)Nc1ccc(O)cc1,C19H23N3O3,48,C11H16N2O
CC(=O)Nc1ccc(OC2C3C4OC56C4C25C(Cl)N36)cc1,CC(=O)Nc1ccc(O)cc1,C15H13ClN2O3,34,C7H6ClNO
CC(=O)Nc1ccc(O)cc1C(=N)C1C2NN21,CC(=O)Nc1ccc(O)cc1,C11H12N4O2,29,C3H5N3
CC(=O)N(C1=CC1C(N)CC(C)C)c1ccc(O)cc1,CC(=O)Nc1ccc(O)cc1,C16H22N2O2,42,C8H15N
CC(=O)Nc1ccc(O)cc1CNC1N2C3CC4C5NC46C(C52)C16O3,CC(=O)Nc1ccc(O)cc1,C18H20N4O3,45,C10H13N3O
CC(=O)Nc1ccc(OC=CC(CCO)CCO)cc1,CC(=O)Nc1ccc(O)cc1,C15H21NO4,41,C7H14O2
CC(=O)Nc1ccc(O)c(C(CCN)(CCCO)C2CO2)c1,CC(=O)Nc1ccc(O)cc1,C16H24N2O4,46,C8H17NO2
CC(=O)N(c1ccc(O)cc1)C(CCO)C1CNC1,CC(=O)Nc1ccc(O)cc1,C14H20N2O3,39,C6H13NO
CC=CC(N)c1cc(NC(C)=O)ccc1O,CC(=O)Nc1ccc(O)cc1,C12H16N2O2,32,C4H9N
C=Cc1coc(-c2cc(O)ccc2NC(C)=O)n1,CC(=O)Nc1ccc(O)cc1,C13H12N2O3,30,C5H5NO
O=C(CCn1c2cnc1=2)Nc1ccc(O)cc1,CC(=O)Nc1ccc(O)cc1,C12H11N3O2,28,C4H4N2
CC(=O)Nc1ccc(OC(C)C(O)O)cc1,CC(=O)Nc1ccc(O)cc1,C11H15NO4,31,C3H8O2
C=C(C)C(Nc1cc(NC(C)=O)ccc1O)C12CNC13C=CC32,CC(=O)Nc1ccc(O)cc1,C18H21N3O2,44,C10H14N2
CC(=O)Nc1ccc(O)cc1C12C34C=C5C6N(C(N)O)C3C41C562,CC(=O)Nc1ccc(O)cc1,C17H15N3O3,38,C9H8N2O
CC(=O)Nc1ccc(O)cc1C12NC(N)(O)C3C4C1(O)C342,CC(=O)Nc1ccc(O)cc1,C14H15N3O4,36,C6H8N2O2
CC(=O)Nc1ccc(OC23C4=C2C(C4F)C3F)cc1,CC(=O)Nc1ccc(O)cc1,C14H11F2NO2,30,C6H4F2
C=CC1(Oc2ccc(NC(C)=O)cc2)N=CS1,CC(=O)Nc1ccc(O)cc1,C12H12N2O2S,29,C4H5NS
O=C(CC1C2C3OOC45ON4C1C3C25)Nc1ccc(O)cc1,CC(=O)Nc1ccc(O)cc1,C15H14N2O5,36,C7H7NO3
CC(=O)Nc1ccc(O)c(C2CN3C45NCC6(O2)C2CCC36C24N5)c1,CC(=O)Nc1ccc(O)cc1,C18H20N4O3,45,C10H13N3O
CC(=O)Nc1ccc(O)c(C2=CC3C4C(=O)C56C3C45ON26)c1,CC(=O)Nc1ccc(O)cc1,C16H12N2O4,34,C8H5NO2
CC(C)(CCO)CC(=O)Nc1ccc(O)cc1,CC(=O)Nc1ccc(O)cc1,C13H19NO3,36,C5H12O
CC(=O)Nc1ccc(O)c(OC2C3CC32)c1,CC(=O)Nc1ccc(O)cc1,C12H13NO3,29,C4H6O
CC(=O)N(c1ccc(O)cc1)C12C=CC3CN1C1C=CC1C2O3,CC(=O)Nc1ccc(O)cc1,C18H18N2O3,41,C10H11NO
C=C(C)CCNOc1cc(O)ccc1NC(C)=O,CC(=O)Nc1ccc(O)cc1,C13H18N2O3,36,C5H11NO
CC(=O)Nc1ccc(OCCC(O)C(O)C2CC2)cc1,CC(=O)Nc1ccc(O)cc1,C15H21NO4,41,C7H14O2
CC(=O)Nc1ccc(OC(F)(F)OF)cc1,CC(=O)Nc1ccc(O)cc1,C9H8F3NO3,24,CHF3O
CC(=O)Nc1ccc(O)c(N2OC(C(C)O)C34OCC3C43C4CC423)c1,CC(=O)Nc1ccc(O)cc1,C18H20N2O5,45,C10H13NO3
CC(=O)Nc1ccc(O)c(C23C4C5C2C3C4C5(Cl)Cl)c1,CC(=O)Nc1ccc(O)cc1,C15H13Cl2NO2,33,C7H6Cl2
C=C1C2=C=N[SH2]12c1cc(O)ccc1NC(C)=O,CC(=O)Nc1ccc(O)cc1,C12H12N2O2S,29,C4H5NS
CC(=O)Nc1ccc(O)cc1OCC(CCO)CC(C#N)CCN,CC(=O)Nc1ccc(O)cc1,C17H25N3O4,49,C9H18N2O2
COC(O)=NCC(=O)Nc1ccc(O)cc1,CC(=O)Nc1ccc(O)cc1,C10H12N2O4,28,C2H5NO2
CC(=O)Nc1ccc(OC23C4=C5NC2C5(O)C42CC3N2)cc1,CC(=O)Nc1ccc(O)cc1,C16H15N3O3,37,C8H8N2O
CC(=O)Nc1ccc(O)cc1C1=CC2OC3(CCN23)O1,CC(=O)Nc1ccc(O)cc1,C14H14N2O4,34,C6H7NO2
CC(=O)Nc1ccc(OC2CC34C2C2CC35C3C2=C2C3C4C25)cc1,CC(=O)Nc1ccc(O)cc1,C21H19NO2,43,C13H12
O=C(CC12C=C(O)C3NC1C1=C4C(N2)OC42NC132)Nc1ccc(O)cc1,CC(=O)Nc1ccc(O)cc1,C18H16N4O4,42,C10H9N3O2
CC(=O)N(c1ccc(O)cc1)C1C(Cl)C2=C3CC21C3C,CC(=O)Nc1ccc(O)cc1,C16H16ClNO2,36,C8H9Cl
CC(=O)Nc1ccc(O)c(C23CC4CC=CCN5CC2C3C45)c1,CC(=O)Nc1ccc(O)cc1,C19H22N2O2,45,C11H15N
CCC1(OC)C(C)OC2(c3cc(NC(C)=O)ccc3O)C3C4C3C13C4N23,CC(=O)Nc1ccc(O)cc1,C20H24N2O4,50,C12H17NO2
CCOC(C)NC(=O)c1cc(NC(C)=O)ccc1O,CC(=O)Nc1ccc(O)cc1,C13H18N2O4,37,C5H11NO2
C=NC1=NC(c2cc(O)ccc2NC(C)=O)OC=CS1,CC(=O)Nc1ccc(O)cc1,C13H13N3O3S,33,C5H6N2OS
CC(=O)Nc1ccc(O)cc1C12NC(N)CC3C1CC32,CC(=O)Nc1ccc(O)cc1,C15H19N3O2,39,C7H12N2
C=COC(CCO)C(C)(C)c1cc(NC(C)=O)ccc1O,CC(=O)Nc1ccc(O)cc1,C16H23NO4,44,C8H16O2
CC(=O)Nc1ccc(O)cc1C(O)CC(C)O,CC(=O)Nc1ccc(O)cc1,C12H17NO4,34,C4H10O2
O=C(CC(O)C(O)C1CO1)Nc1ccc(O)cc1,CC(=O)Nc1ccc(O)cc1,C12H15NO5,33,C4H8O3
CC(=O)Nc1ccc(OC23C4=C5OC(O)C26CCNC(O6)C4OC53)cc1,CC(=O)Nc1ccc(O)cc1,C18H18N2O6,44,C10H11NO4
CC(=O)Nc1ccc(OC23CC2OC(CO)O3)cc1,CC(=O)Nc1ccc(O)cc1,C13H15NO5,34,C5H8O3
CC(=O)Nc1ccc(O)c(C2C3OC4C5(F)C3C245)c1,CC(=O)Nc1ccc(O)cc1,C14H12FNO3,31,C6H5FO
C=NC1(CC(=O)Nc2ccc(O)cc2)C=CS1,CC(=O)Nc1ccc(O)cc1,C12H12N2O2S,29,C4H5NS
CC(=O)Nc1ccc(O)c(C23C4CC5(C6ONC7C58CC72C8C6O)C43)c1,CC(=O)Nc1ccc(O)cc1,C20H20N2O4,46,C12H13NO2
CC(=O)Nc1ccc(OOCN[SH]23(C)CC2O3)cc1,CC(=O)Nc1ccc(O)cc1,C12H18N2O4S,37,C4H11NO2S
CC(=O)Nc1ccc(O)c(NCC23C=C2C2C(C)C23)c1,CC(=O)Nc1ccc(O)cc1,C16H18N2O2,38,C8H11N
CC(=O)Nc1ccc(O)cc1C=Cn1n2[nH]n12,CC(=O)Nc1ccc(O)cc1,C10H11N5O2,28,C2H4N4
CC1(CC(=O)Nc2ccc(O)cc2)OC23CSC4C2C43O1,CC(=O)Nc1ccc(O)cc1,C15H15NO4S,36,C7H8O2S
CC(=O)Nc1ccc(O)cc1CCC12CC3=C1OOC(C2)O3,CC(=O)Nc1ccc(O)cc1,C16H17NO5,39,C8H10O3
CC(=O)N(OC12C[SH3]3NC1C3C2O)c1ccc(O)cc1,CC(=O)Nc1ccc(O)cc1,C13H18N2O4S,38,C5H11NO2S
CC(=O)Nc1ccc(O)cc1C1(O)CC23C4N5CC42C2CC53OOCC21,CC(=O)Nc1ccc(O)cc1,C19H20N2O5,46,C11H13NO3
O=C(CC12NC34CC5C6=C7C(C1C65N3)C(O)C742)Nc1ccc(O)cc1,CC(=O)Nc1ccc(O)cc1,C19H17N3O3,42,C11H10N2O
CCC(CC)(NC)c1cc(NC(C)=O)ccc1O,CC(=O)Nc1ccc(O)cc1,C14H22N2O2,40,C6H15N
CC(=O)Nc1ccc(OC2NN2C#N)cc1,CC(=O)Nc1ccc(O)cc1,C10H10N4O2,26,C2H3N3
CC(=O)Nc1ccc(O)c(C(F)CC2C3=C4C3N42)c1,CC(=O)Nc1ccc(O)cc1,C14H13FN2O2,32,C6H6FN
O=C(CNC1C2CC3=CC34N(CCN14)C2O)Nc1ccc(O)cc1,CC(=O)Nc1ccc(O)cc1,C17H20N4O3,44,C9H13N3O
CC(=O)Nc1ccc(O)cc1C1=NC(S)=C1,CC(=O)Nc1ccc(O)cc1,C11H10N2O2S,26,C3H3NS
CC(=O)N(c1ccc(O)cc1)C12N=C3CC4=CC1(C4)N=C2C3,CC(=O)Nc1ccc(O)cc1,C17H15N3O2,37,C9H8N2
CC(=O)Nc1ccc(O)cc1C1CC2=CC3OC45OC4C5C1C23,CC(=O)Nc1ccc(O)cc1,C18H17NO4,40,C10H10O2
CC(=O)Nc1ccc(O)cc1C12CC3=NC(=N)C1(O3)C1OC1O2,CC(=O)Nc1ccc(O)cc1,C15H13N3O5,36,C7H6N2O3
C=C1C(=CBr)C1=Cc1cc(O)ccc1NC(C)=O,CC(=O)Nc1ccc(O)cc1,C14H12BrNO2,30,C6H5Br
CC(=O)Nc1ccc(O)c(C2C(O)C3(O)NCCC23)c1,CC(=O)Nc1ccc(O)cc1,C14H18N2O4,38,C6H11NO2
CC1CC2(CC(=O)Nc3ccc(O)cc3)C3OC#CC12NC1NC13,CC(=O)Nc1ccc(O)cc1,C18H19N3O3,43,C10H12N2O
CC(=O)Nc1ccc(O)cc1C1=CNC(N)CC2CC12,CC(=O)Nc1ccc(O)cc1,C15H19N3O2,39,C7H12N2
CCCCC(CC(C)C)C(C)(C)c1cc(O)ccc1NC(C)=O,CC(=O)Nc1ccc(O)cc1,C20H33NO2,56,C12H26
CC(=O)Nc1ccc(O)cc1C1(C)C2C3CCN1C3C1OC2C2C3NC312,CC(=O)Nc1ccc(O)cc1,C20H23N3O3,49,C12H16N2O
CCC(C)(CC1CC1)N(C(C)=O)c1ccc(O)cc1,CC(=O)Nc1ccc(O)cc1,C16H23NO2,42,C8H16
CC(=O)Nc1ccc(OON(Br)C23CC45CC46C2C356)cc1,CC(=O)Nc1ccc(O)cc1,C15H13BrN2O3,34,C7H6BrNO
CC(=O)Nc1ccc(O)cc1C1OC2C1C1NC3ON2C31,CC(=O)Nc1ccc(O)cc1,C14H15N3O4,36,C6H8N2O2
O=[SH3]C=C(O)CC(=O)Nc1ccc(O)cc1,CC(=O)Nc1ccc(O)cc1,C10H13NO4S,29,C2H6O2S
